tree
version=v4
num_class=1
num_tree_per_iteration=1
label_index=0
max_feature_idx=186
objective=regression
feature_names=KMID KLEN KMID2 KUP KUP2 KLOW KLOW2 KSFT KSFT2 OPEN0 HIGH0 LOW0 VWAP0 RANK5 RANK10 RANK20 RANK30 RANK60 RSV5 RSV10 RSV20 RSV30 RSV60 IMAX5 IMAX10 IMAX20 IMAX30 IMAX60 IMIN5 IMIN10 IMIN20 IMIN30 IMIN60 IMXD5 IMXD10 IMXD20 IMXD30 IMXD60 CNTP5 CNTP10 CNTP20 CNTP30 CNTP60 CNTN5 CNTN10 CNTN20 CNTN30 CNTN60 CNTD5 CNTD10 CNTD20 CNTD30 CNTD60 SUMP5 SUMP10 SUMP20 SUMP30 SUMP60 SUMN5 SUMN10 SUMN20 SUMN30 SUMN60 SUMD5 SUMD10 SUMD20 SUMD30 SUMD60 VSUMP5 VSUMP10 VSUMP20 VSUMP30 VSUMP60 VSUMN5 VSUMN10 VSUMN20 VSUMN30 VSUMN60 VSUMD5 VSUMD10 VSUMD20 VSUMD30 VSUMD60 CORR5 CORR10 CORR20 CORR30 CORR60 CORD5 CORD10 CORD20 CORD30 CORD60 high_low_spread open_close_spread high_close_spread low_close_spread ROC5 ROC10 ROC20 ROC30 ROC60 MA5 MA10 MA20 MA30 MA60 STD5 STD10 STD20 STD30 STD60 BETA5 BETA10 BETA20 BETA30 BETA60 RSQR5 RSQR10 RSQR20 RSQR30 RSQR60 RESI5 RESI10 RESI20 RESI30 RESI60 MAX5 MAX10 MAX20 MAX30 MAX60 MIN5 MIN10 MIN20 MIN30 MIN60 QTLU5 QTLU10 QTLU20 QTLU30 QTLU60 QTLD5 QTLD10 QTLD20 QTLD30 QTLD60 VMA5 VMA10 VMA20 VMA30 VMA60 VSTD5 VSTD10 VSTD20 VSTD30 VSTD60 WVMA5 WVMA10 WVMA20 WVMA30 WVMA60 sma_5 sma_20 ema_12 ema_26 rsi macd macd_signal volume_change obv volume_ma_5 volume_ma_20 volume_ratio kdj_k kdj_d kdj_j boll_mid boll_std atr_14 ema_60 volatility_10 volatility_20 return_1 return_5 return_10 industry_id
feature_infos=[-0.09270833432674408:0.14769648015499115] [0:0.16689465939998627] [-1:1] [0:0.074450083076953888] [0:1] [0:0.068399451673030853] [0:1] [-0.093487396836280823:0.14769648015499115] [-1:1] [0.8713105320930481:1.1021814346313477] [1:1.1107715368270874] [0.8713105320930481:1] [0.0054868613369762897:0.65536397695541382] [0.20000000298023224:1] [0.10000000149011612:1] [0.05000000074505806:1] [0.033333335071802139:1] [0.01666666753590107:1] [0:1] [0:1] [0:1] [0:1] [0:1] [0:0.80000001192092896] [0:0.89999997615814209] [0:0.94999998807907104] [0:0.96666663885116577] [0:0.98333334922790527] [0:0.80000001192092896] [0:0.89999997615814209] [0:0.94999998807907104] [0:0.96666663885116577] [0:0.98333334922790527] [-0.80000001192092896:0.80000001192092896] [-0.89999997615814209:0.89999997615814209] [-0.94999998807907104:0.94999998807907104] [-0.96666663885116577:0.96666663885116577] [-0.98333334922790527:0.98333334922790527] [0:1] [0:1] [0.20000000298023224:0.85000002384185791] [0.20000000298023224:0.76666665077209473] [0.25:0.66666668653488159] [0:1] [0:1] [0.10000000149011612:0.80000001192092896] [0.20000000298023224:0.76666665077209473] [0.30000001192092896:0.68333333730697632] [-1:1] [-1:1] [-0.60000002384185791:0.75] [-0.53333336114883423:0.56666666269302368] [-0.4166666567325592:0.34999999403953552] [0:1] [0:1] [0.12949639558792114:0.94339621067047119] [0.17784257233142853:0.89274305105209351] [0:0.82704156637191772] [0:1] [0:1] [0.056603774428367615:0.87050360441207886] [0.10725694894790649:0.82215744256973267] [0:0.77547305822372437] [-1:1] [-1:1] [-0.74100720882415771:0.88679248094558716] [-0.64431488513946533:0.78548610210418701] [-0.55094611644744873:0.65408313274383545] [0:1] [0:0.9245874285697937] [0:0.86385297775268555] [0:0.82940495014190674] [0:0.7503696084022522] [0:1] [0:0.92991089820861816] [0:0.81021523475646973] [0:0.73066061735153198] [0:0.67062902450561523] [-1:1] [-0.85982179641723633:0.84917479753494263] [-0.62043040990829468:0.72770595550537109] [-0.46132129430770874:0.65880990028381348] [-0.34125810861587524:0.50073921680450439] [-0.99598664045333862:0.9991193413734436] [-0.97030353546142578:0.97786885499954224] [-0.94447463750839233:0.95777267217636108] [-0.872772216796875:0.96046149730682373] [-0.72653436660766602:0.95006603002548218] [-0.99414330720901489:0.99899536371231079] [-0.9381374716758728:0.99184566736221313] [-0.86797672510147095:0.92249447107315063] [-0.79345244169235229:0.86964809894561768] [-0.63117575645446777:0.80469071865081787] [0:414.04647827148438] [-410.18719482421875:208.82110595703125] [0:215.6695556640625] [-414.04647827148438:0] [0.69333332777023315:1.174134373664856] [0.60448640584945679:1.3458836078643799] [0.57192176580429077:1.8252607583999634] [0.47652855515480042:1.4006479978561401] [0:1.5514174699783325] [0.85048466920852661:1.0778050422668457] [0.76862746477127075:1.134588360786438] [0.70241087675094604:1.3370869159698486] [0.64842915534973145:1.4678881168365479] [0.5378875732421875:1.3108958005905151] [0.00069080479443073273:0.1005287766456604] [0.0017650547670200467:0.13617357611656189] [0.0041934801265597343:0.24901646375656128] [0.00567659642547369:0.28915688395500183] [0.0089300395920872688:0.27395176887512207] [-0.042115382850170135:0.070818915963172913] [-0.036826446652412415:0.043801035732030869] [-0.041651707142591476:0.027798226103186607] [-0.028173821046948433:0.01989898644387722] [-0.011543875560164452:0.012354263104498386] [0:0.99667775630950928] [0:0.96267437934875488] [3.64063652114055e-07:0.95524924993515015] [2.3778205099356242e-11:0.93437987565994263] [6.9767153165756213e-10:0.96550887823104858] [-0.065485231578350067:0.046959459781646729] [-0.12779033184051514:0.12120601534843445] [-0.17217768728733063:0.17786753177642822] [-0.18166327476501465:0.2239089161157608] [-0.48140576481819153:0.27858078479766846] [1:1.2395753860473633] [1:1.4054503440856934] [1:1.894347071647644] [1:2.048234224319458] [1:2.048234224319458] [0.67921566963195801:1] [0.59604912996292114:1] [0.56041425466537476:1] [0.45798319578170776:1] [0.30715733766555786:1] [0.92656248807907104:1.1384615898132324] [0.84264212846755981:1.2510899305343628] [0.74150943756103516:1.6511632204055786] [0.69612157344818115:1.7486987113952637] [0.63595390319824219:1.6090830564498901] [0.76260095834732056:1.0530179738998413] [0.6668204665184021:1.0791821479797363] [0.59268003702163696:1.1557692289352417] [0.54974615573883057:1.1937315464019775] [0.36435815691947937:1.1953846216201782] [0:2.8014218807220459] [0:2.9414057731628418] [0:3.2207605838775635] [0:3.6951804161071777] [0:5.409698486328125] [0:1.540283203125] [0:1.8408873081207275] [0:2.0457453727722168] [0:2.8127596378326416] [0:4.0334563255310059] [0:2.1852092742919922] [0:2.9260592460632324] [0:3.5938563346862793] [0:3.9469375610351562] [0:4.3509979248046875] [7.0116100311279297:8149.32275390625] [6.9800543785095215:8006.736328125] [7.0032815933227539:8040.18115234375] [7.0719170570373535:7997.73779296875] [14.341361999511719:94.649757385253906] [-196.51142883300781:439.3079833984375] [-187.84236145019531:376.67828369140625] [-0.65216702222824097:5.0594182014465332] [-906323648:54971310080] [0:4754347520] [0:3858592000] [0:2.8755285739898682] [1.7715308666229248:99.199996948242188] [2.5181527137756348:98.056396484375] [-34.629234313964844:140.78431701660156] [7.2335605621337891:8757.052734375] [-661.247314453125:-0.050905741751194] [0.11319412291049957:300.099365234375] [6.9756584167480469:7896.97607421875] [0.0021675429306924343:0.084880366921424866] [0.0039244960062205791:0.06955987960100174] [-0.10068259388208389:0.10107526928186417] [-0.14830875396728516:0.44230768084526062] [-0.25699371099472046:0.654296875] -1:4:0:6:10:5:1:3:9:7
tree_sizes=2486 3109 1993 2550 3015 2456 2286 2656 3032 2388 1723 1727 2393 1445 1994 3945 3133 3036 2106 2378 1633 1619 2005 1448 2085 2299 1357 2378 1730 2005 1543 1188 2677 1731 1266 3039 2361 1731 2836 1081 1841 1730 2842 1834 2654 1902 1640 1540 2195 1634 3951 1453 3509 1347 3954 2469 2094 1353 1175 1546 1619 3479 2007 1535 1832 3683 1746 2857 1353 1360 4490 2661 3955 1545 1552 1361 2770 1452 1960 1270 1366 1265 1914 3306 1726 1068 1543 2362 2656 1915 1654 2944 1171 1466 1660 2582 2218 2780 1182 1265 2122 2012 1175 1456 1462 2282 2478 2666 2285 2286 1285 2295 2205 1830 2390 2226 1727 2379 2033 1382 1274 2479 2024 2019 1364 2220 2131 2300 2114 1635 1741 1273 1093 1359 1825 1269 1279 1563 1731 3865 1362 2383 1848 2129 2201 4134 1744 2477 2209 1923 3312 1541 2111 2025 1744 1465 1665 1960 1828 1863 2601 3432 1182 1866 1846 2696 2793 1679 2877 1186 2325 2143 3172 2854 1556 2483 2115 1953 1172 1275 1757 1936 1364 2781 1941 1459 1842 2294 2209 3437 1832 2306 1840 1394 1662 1844 2037 1364 2312 3786

Tree=0
num_leaves=25
num_cat=1
split_feature=127 185 101 32 5 177 186 161 87 120 175 124 169 171 155 70 70 136 52 171 5 158 145 57
split_gain=0.0865976 0.045374 0.0762415 0.0374866 0.033443 0.0301828 0.0299214 0.0465964 0.0470086 0.0353024 0.0305627 0.0331982 0.0289445 0.0264484 0.0257436 0.0210811 0.0207903 0.0194188 0.0176259 0.0240072 0.016502 0.0152843 0.0133569 0.0085027
threshold=1.0521521568298342 0.15776924788951877 0.69093787670135509 0.97499999403953563 0.0090501722879707831 150.00759124755862 0 1.7905160784721377 0.75752288103103649 0.20949058234691623 69.128284454345717 -0.016213862225413319 -0.27309764921665186 232031072.00000003 0.36016982793807989 0.47817324101924902 0.53402599692344677 0.82108792662620556 -0.10833333432674407 103848660.00000001 0.0062942602671682843 1.0128245353698733 0.98392498493194591 0.42888469994068151
decision_type=2 2 2 2 2 2 1 2 2 2 2 2 2 2 2 2 2 2 2 2 2 2 2 2
left_child=1 2 -1 6 5 -2 7 10 21 18 11 -4 -6 -12 -14 20 22 -17 23 -20 -11 -9 -7 -8
right_child=4 -3 3 -5 12 16 9 8 -10 15 13 -13 14 -15 -16 17 -18 -19 19 -21 -22 -23 -24 -25
leaf_value=0.0014011963371498629 0.00027381579739160577 -0.0014237204620663308 -0.00091736890925622674 -0.0015530303588545135 -0.0025439046035311617 -4.1691340137582275e-05 -0.00056843122321653477 -0.00025483471653630707 0.0020001928765590636 9.7827953652089843e-05 -0.00034464888570195663 0.00024288087538448555 -0.0018794071380854069 -0.0015751693159512692 -0.00044205941246423742 -0.0011841524002224172 -0.0017828057144220954 -0.00011442370701867234 -0.00028168675282971346 -0.00094428190338347474 0.0010683504277354829 0.00075818542070395451 -0.0011289437607044312 -0.0012113995799206063
leaf_weight=73 68 77 72 53 50 56 93 76 51 170 248 429 59 53 66 50 54 280 698 170 59 73 57 115
leaf_count=73 68 77 72 53 50 56 93 76 51 170 248 429 59 53 66 50 54 280 698 170 59 73 57 115
internal_value=-0.000324605 -0.00022654 -0.000193177 -0.000236444 -0.00100388 -0.000614198 -0.000209983 3.45828e-06 0.00068995 -0.000343211 -0.000163107 7.61384e-05 -0.00152718 -0.000561319 -0.00112049 -2.07206e-05 -0.000975785 -0.000276504 -0.000510521 -0.000411458 0.000347875 0.000241477 -0.000590128 -0.000923919
internal_weight=3250 2840 2763 2690 410 235 2637 1002 200 1635 802 501 175 301 125 559 167 330 1076 868 229 149 113 208
internal_count=3250 2840 2763 2690 410 235 2637 1002 200 1635 802 501 175 301 125 559 167 330 1076 868 229 149 113 208
cat_boundaries=0 1
cat_threshold=530
is_linear=0
shrinkage=1


Tree=1
num_leaves=32
num_cat=0
split_feature=121 123 145 7 116 93 108 39 70 111 108 100 99 102 124 70 82 113 29 56 126 135 184 135 119 158 121 12 111 7 121
split_gain=0.0828372 0.0658269 0.0667126 0.0564272 0.055131 0.0522404 0.0333679 0.0451185 0.0329346 0.03907 0.0295738 0.0282711 0.0229354 0.0377588 0.0641448 0.0246038 0.0306413 0.0228622 0.0210708 0.0208842 0.0191218 0.0180491 0.0167192 0.016622 0.0165981 0.0131557 0.0123311 0.0128321 0.0115529 0.0097472 0.00951359
threshold=0.44018782675266271 -0.0063850656151771537 0.7513311803340913 0.017515057697892192 0.0022206380963325505 15.315514087677004 0.060236200690269477 0.55000001192092907 0.50799348950386058 0.05618595331907273 0.037951646372675903 0.91133436560630809 0.83610031008720409 0.96419051289558422 0.047916896641254432 0.56704288721084606 -0.021126855164766308 0.0041580772958695897 0.35000000894069677 0.55476176738739025 0.007074180059134961 0.92277354001998912 0.010752886999398472 0.94699844717979442 0.12308349460363389 1.1158832311630251 0.12658948451280597 0.034755449742078788 0.047068519517779357 0.0060788544360548267 0.13396535813808444
decision_type=2 2 2 2 2 2 2 2 2 2 2 2 2 2 2 2 2 2 2 2 2 2 2 2 2 2 2 2 2 2 2
left_child=1 3 -3 6 18 12 7 17 26 19 11 -9 -4 14 -14 16 -15 23 29 -10 -19 -13 -20 24 -1 -17 28 -28 -7 -2 -25
right_child=4 2 5 -5 -6 8 -8 10 9 -11 -12 21 13 15 -16 25 -18 20 22 -21 -22 -23 -24 30 -26 -27 27 -29 -30 -31 -32
leaf_value=-0.00045711281521520998 0.00047112604389117372 0.001833458556120604 -0.0005896027060161642 -0.0020181912269865007 0.0019173378959142914 0.00013342221623483615 -0.0015564733033719604 -0.00081265035395447808 -0.00089216025181842638 -0.0017120622356172584 0.0013234340536751245 0.0011893331566848336 0.0022687883580962583 -0.00015671394738759933 -0.00010365083820553472 -0.001143727066440848 0.00036461228727144713 -0.0018635599403787639 0.00050531860768907272 0.00032302849492680256 -0.0005943304084062781 -0.00011649041312259876 -0.00074606477431313819 -0.00090495397764676639 0.00074540276647894644 -2.4333391569220935e-05 -0.00020444493581589225 0.00080676558900992881 -0.00091074354406575565 0.0014094182727858425 -0.00015562124836051997
leaf_weight=55 62 54 91 53 84 52 51 65 79 83 57 51 58 395 56 52 984 50 56 64 73 55 51 105 60 53 59 67 54 50 71
leaf_count=55 62 54 91 53 84 52 51 65 79 83 57 51 58 395 56 52 984 50 56 64 73 55 51 105 60 53 59 67 54 50 71
internal_value=4.10909e-05 -3.98508e-05 9.77247e-05 -0.000445754 0.000828335 5.40686e-05 -0.000325495 -0.000227707 -0.000419561 -0.00084915 0.000337116 8.34354e-06 0.000182501 0.00022647 0.00110338 0.000159106 0.000215284 -0.000538769 0.000410636 -0.0003483 -0.00111028 0.000511783 -9.11352e-05 -0.000297204 0.000170287 -0.0005787 -1.08256e-06 0.000333262 -0.000398511 0.000890007 -0.000602666
internal_weight=3250 2947 2201 746 303 2147 693 642 458 226 228 171 1689 1598 114 1484 1379 414 219 143 123 106 107 291 115 105 232 126 106 112 176
internal_count=3250 2947 2201 746 303 2147 693 642 458 226 228 171 1689 1598 114 1484 1379 414 219 143 123 106 107 291 115 105 232 126 106 112 176
is_linear=0
shrinkage=0.05


Tree=2
num_leaves=20
num_cat=0
split_feature=121 98 115 181 146 179 116 164 85 125 75 85 108 108 153 57 157 12 181
split_gain=0.0747605 0.0625314 0.0783376 0.0629675 0.0508123 0.042905 0.0460832 0.0439524 0.0403268 0.0399589 0.0344495 0.0252868 0.0191011 0.0185787 0.0179011 0.0171282 0.0155636 0.0147314 0.0117177
threshold=0.44018782675266271 0.86157459020614635 0.01075577223673463 0.044223900884389884 0.8443528711795808 13.688658714294435 -0.0024649063125252719 405.42126464843756 0.75560221076011669 0.062056973576545722 0.49190273880958563 0.8448186218738557 0.020931894890964035 0.011384766548871996 0.29075343906879431 0.58486357331275951 0.96048259735107433 0.15537299960851672 0.0091243418864905852
decision_type=2 2 2 2 2 2 2 2 2 2 2 2 2 2 2 2 2 2 2
left_child=1 8 3 5 -2 6 16 -7 -1 11 18 -8 13 -6 -15 -12 17 -3 -9
right_child=4 2 -4 -5 12 7 9 10 -10 -11 15 -13 -14 14 -16 -17 -18 -19 -20
leaf_value=-0.00014141726754202794 0.0022434118262899573 -0.0015887625643289556 0.0018602588886486564 -0.0014291221751801251 0.00016514169728907291 -0.0017235274271418652 0.00011953421416828627 5.3053876738778265e-06 -0.0020159985640930246 0.0013293156544613659 0.00020369677739910078 0.0010046683358386338 -0.00016393388197780281 0.0018926657934207468 0.00058547744114713916 -0.00076542741220551901 6.1448948997023866e-05 -0.00048123041948475815 -0.00078420407405612965
leaf_weight=52 50 51 56 78 72 51 1591 59 64 77 370 85 76 50 55 52 57 73 231
leaf_count=52 50 51 56 78 72 51 1591 59 64 77 370 85 76 50 55 52 57 73 231
internal_value=3.90364e-05 -3.78582e-05 8.7635e-06 -2.86e-05 0.000786919 1.19045e-05 0.000137166 -0.0003056 -0.00117567 0.000215592 -0.000204034 0.000164425 0.000499074 0.000783756 0.00120795 8.42786e-05 -0.000622398 -0.000936748 -0.00062358
internal_weight=3250 2947 2831 2775 303 2697 1934 763 116 1753 712 1676 253 177 105 422 181 124 290
internal_count=3250 2947 2831 2775 303 2697 1934 763 116 1753 712 1676 253 177 105 422 181 124 290
is_linear=0
shrinkage=0.05


Tree=3
num_leaves=26
num_cat=0
split_feature=123 181 145 121 37 146 5 179 10 121 120 131 119 176 7 81 75 125 57 173 148 128 181 36 126
split_gain=0.069481 0.10969 0.0636148 0.0561044 0.0849933 0.0576299 0.0402955 0.0321111 0.0325169 0.0320636 0.0292803 0.0292824 0.0417958 0.0272147 0.0249788 0.0225007 0.0213406 0.0177472 0.0134913 0.0125126 0.0115278 0.0109352 0.0108052 0.00993486 0.0079452
threshold=-0.0039573800750076762 0.043485060334205634 0.7513311803340913 0.51662769913673412 0.39166666567325598 0.73769405484199535 0.020076656714081768 15.68425226211548 1.0195218324661257 0.13952367752790454 0.28901930153369909 1.1942534446716311 0.18298471719026568 86.417190551757827 0.010207763873040678 -0.0292362542822957 0.49190273880958563 0.011426503770053388 0.55964618921279918 1.1845096349716189 0.97618433833122265 1.0551344156265261 0.020441262982785705 0.21666666865348819 0.0028426460921764378
decision_type=2 2 2 2 2 2 2 2 2 2 2 2 2 2 2 2 2 2 2 2 2 2 2 2 2
left_child=1 10 -2 5 -5 -4 7 8 9 -7 11 14 -13 -10 17 -12 23 19 -17 21 -18 -1 -19 -9 -21
right_child=2 -3 3 4 -6 6 -8 16 13 -11 15 12 -14 -15 -16 18 20 22 -20 24 -22 -23 -24 -25 -26
leaf_value=-0.00019266652745518698 0.0018871382923087501 -0.0019539966329118574 -0.0015283765442695263 0.00020929518601880536 0.0027704010237939655 -5.5697641467470483e-05 -0.0012745276601053776 -0.001042000251872667 0.00047267452368248352 0.00043792044600270575 0.0012713637623855229 -0.00015936268377117816 -0.0019830567188508117 0.0017878733464848189 -0.00098789777449909653 0.00046386782248321524 0.00056673032187831045 9.4524681917391713e-05 -0.00054910987188729152 -0.00098212088897036256 -0.00014144864182490696 0.00050955164679416837 0.0010358764648252098 -0.00027294608499847959 -0.00016150054771397093
leaf_weight=198 54 92 54 92 50 663 50 83 118 653 54 70 57 59 76 84 80 70 54 65 204 77 54 85 54
leaf_count=198 54 92 54 92 50 663 50 83 118 653 54 70 57 59 76 84 80 70 54 65 204 77 54 85 54
internal_value=3.70846e-05 -0.000308446 0.000191765 0.000149981 0.00111109 8.33735e-05 0.000127 0.000163029 0.000274812 0.000189236 -0.000142629 -0.000288748 -0.000977871 0.000911074 -0.00014141 0.000406076 -0.000206203 -1.72149e-05 6.74852e-05 -0.000181399 5.80384e-05 3.95456e-06 0.000504468 -0.000652895 -0.000609739
internal_weight=3250 1005 2245 2191 142 2049 1995 1945 1493 1316 913 721 127 177 594 192 452 518 138 394 284 275 124 168 119
internal_count=3250 1005 2245 2191 142 2049 1995 1945 1493 1316 913 721 127 177 594 192 452 518 138 394 284 275 124 168 119
is_linear=0
shrinkage=0.05


Tree=4
num_leaves=31
num_cat=1
split_feature=127 123 1 94 146 170 159 118 32 72 32 6 181 170 92 1 154 77 75 186 101 133 184 110 182 12 118 123 91 88
split_gain=0.0632743 0.0409479 0.0726145 0.04546 0.0721953 0.0730208 0.0317291 0.030911 0.0278198 0.0259538 0.0252397 0.0423016 0.0298694 0.0282295 0.024407 0.0242216 0.0325128 0.0204036 0.0201076 0.0210831 0.0271672 0.0241011 0.0189782 0.0166683 0.0159797 0.0145568 0.0128794 0.0124155 0.00718643 0.00781792
threshold=1.0521521568298342 0.0092252134345471876 0.049301804974675185 -1.502818167209625 0.8443528711795808 1386156864.0000002 0.86455988883972179 0.015251823700964453 0.95833331346511852 0.47153042256832128 0.45833332836627966 0.14248576760292056 0.032305017113685615 2558509440.0000005 0.20310846716165545 0.035381583496928222 0.20348115265369418 0.48780006170272833 0.42614959180355078 0 0.82172247767448436 0.88864052295684826 0.052500151097774513 0.037643218412995345 0.0289298240095377 0.090071927756071105 0.1877098083496094 0.01125522004440427 0.40537741780281072 0.67209085822105419
decision_type=2 2 2 2 2 2 2 2 2 2 2 2 2 2 2 2 2 2 2 1 2 2 2 2 2 2 2 2 2 2
left_child=1 2 8 7 5 -5 -2 -3 9 14 11 -8 -13 25 -1 17 -17 -9 -11 21 -21 -20 -18 -19 27 -12 -24 -6 29 -29
right_child=6 3 -4 4 24 -7 10 15 -10 18 13 12 -14 -15 -16 16 22 23 19 20 -22 -23 26 -25 -26 -27 -28 28 -30 -31
leaf_value=0.00016103588523313221 -0.0017256608703173698 0.00088640174217289322 -0.0018302178036214577 0.00053522911842045337 0.00088957752227239938 0.0030231959792824154 0.00038262076181637357 0.0011185333433266871 -0.001008965130407183 -0.00075173616707850731 -0.00099021880818969199 -0.00052778660319745545 -0.0019946419765978162 0.0010526543138457427 -0.0011238402199437371 0.00043225240309160046 -0.00020045029991188476 -0.00048209263491116872 0.0014617896594572813 -0.0010914970337930405 8.4901983710353117e-05 0.00031107959396257842 -0.0017961489757997732 0.00062568377214089292 0.0012060024646634703 0.00015019199063610888 -0.00068817471533461853 2.699335018405691e-06 -0.00028168803045721075 0.00070382782172545739
leaf_weight=66 50 94 54 58 60 60 57 56 62 62 51 72 67 51 84 78 79 80 50 52 873 506 51 59 50 62 54 100 86 66
leaf_count=66 50 94 54 58 60 60 57 56 62 62 51 72 67 51 84 78 79 80 50 52 873 506 51 59 50 62 54 100 86 66
internal_value=3.52303e-05 0.000119056 -2.42742e-05 0.000370543 0.000726265 0.0018003 -0.000545413 6.06582e-05 3.12932e-05 6.93889e-05 -0.000381489 -0.00076445 -0.00123483 7.61958e-05 -0.000558495 -0.000109188 -0.000423225 0.000312748 0.000130428 0.000167358 1.85685e-05 0.000407236 -0.000785873 -1.18854e-05 0.000376166 -0.000364507 -0.00122633 0.00024318 8.92754e-05 0.000281461
internal_weight=3250 2840 1809 1031 480 118 410 551 1755 1693 360 196 139 164 150 457 262 195 1543 1481 925 556 184 139 362 113 105 312 252 166
internal_count=3250 2840 1809 1031 480 118 410 551 1755 1693 360 196 139 164 150 457 262 195 1543 1481 925 556 184 139 362 113 105 312 252 166
cat_boundaries=0 1
cat_threshold=592
is_linear=0
shrinkage=0.05


Tree=5
num_leaves=25
num_cat=0
split_feature=185 121 116 116 110 136 181 86 102 120 1 6 128 119 92 141 120 61 133 137 108 176 101 26
split_gain=0.0982966 0.0670868 0.0567815 0.0547093 0.0548368 0.0542792 0.0360079 0.0509954 0.0349936 0.0334507 0.0377001 0.0269572 0.0258238 0.0253403 0.018855 0.0213915 0.018725 0.0181783 0.0171732 0.0168916 0.01535 0.0136339 0.00994687 0.0121971
threshold=0.17533604055643084 0.38059557974338537 0.0041084245312958964 -0.0021528785582631822 0.099075112491846098 0.73501527309417736 0.034370021894574172 0.63900187611579906 0.96419051289558422 0.27437169849872595 0.033531671389937408 0.21778655797243121 1.0654795169830324 0.24433610588312152 0.43305103480815893 0.98960930109024059 0.18881986290216449 0.36922812461853033 0.97868913412094127 1.0141000747680666 0.018445699475705627 96.899799346923842 1.0875949859619143 0.28333334624767309
decision_type=2 2 2 2 2 2 2 2 2 2 2 2 2 2 2 2 2 2 2 2 2 2 2 2
left_child=1 3 12 9 5 6 7 11 17 10 18 -5 19 -2 16 -16 -10 -7 20 21 -1 22 23 -3
right_child=13 2 -4 4 -6 8 -8 -9 14 -11 -12 -13 -14 -15 15 -17 -18 -19 -20 -21 -22 -23 -24 -25
leaf_value=-0.0007727853680280089 -0.0007085542053010571 -0.00047848099989789911 0.0021859920257702469 -0.001687213662381541 0.0012225355108967052 0.00032244723936310037 -0.0016583434800850228 0.0008844950910824375 -4.749068837186257e-06 0.00028033131492969618 -0.0019948387937953767 -0.00020439088081520125 -0.00053752194038562235 -0.0021635398313631874 0.00011875939076342764 -0.00055042450474011568 0.00038809312277486097 0.0016707178915385157 -0.0013249024464000417 0.0013999130823112165 0.00022404559139219712 0.0011774225534351831 0.00083666608272434334 0.0003605049815225491
leaf_weight=82 63 59 50 58 95 50 70 59 869 79 60 65 62 57 227 252 466 50 56 52 73 52 66 163
leaf_count=82 63 59 50 58 95 50 70 59 869 79 60 65 62 57 227 252 466 50 56 52 73 52 66 163
internal_value=4.56461e-06 5.86604e-05 0.000586799 -4.32859e-05 4.67635e-05 -4.80541e-06 -0.000694614 -0.000323948 8.60157e-05 -0.000625005 -0.000888922 -0.000903608 0.000410676 -0.00139967 3.58191e-05 -0.000233296 0.000132378 0.000996583 -0.000574444 0.000560646 -0.00030331 0.000432288 0.00029775 0.000137531
internal_weight=3235 3115 504 2611 2261 2166 252 182 1914 350 271 123 454 120 1814 479 1335 100 211 392 155 340 288 222
internal_count=3235 3115 504 2611 2261 2166 252 182 1914 350 271 123 454 120 1814 479 1335 100 211 392 155 340 288 222
is_linear=0
shrinkage=0.05


Tree=6
num_leaves=23
num_cat=0
split_feature=185 178 116 110 100 146 74 75 101 170 152 173 101 152 177 55 107 1 115 22 147 124
split_gain=0.0887126 0.0445949 0.0429744 0.0448104 0.0409854 0.0374259 0.0661277 0.0346825 0.0334889 0.0267559 0.0253519 0.0246037 0.0240885 0.0213688 0.0211118 0.0239767 0.0198688 0.0178016 0.0156158 0.0125365 0.0111573 0.0102523
threshold=0.17533604055643084 -10.31029176712036 -0.0029920894885435696 0.089074753224849715 0.80600067973136913 0.83867374062538158 0.47727230191230779 0.44491098821163183 0.88779023289680492 4514851584.000001 0.25025281310081487 1.0410549044609072 0.95693629980087291 0.17788494378328326 362.67933654785162 0.61861899495124828 0.014455033466219904 0.040635583922266967 0.0041245599277317533 0.08327676355838777 0.77422991394996654 0.01708305906504393
decision_type=2 2 2 2 2 2 2 2 2 2 2 2 2 2 2 2 2 2 2 2 2 2
left_child=1 7 13 4 -4 6 -6 20 11 14 -2 -7 -10 -3 15 -9 -8 18 19 -16 -1 -15
right_child=10 2 3 -5 5 8 16 9 12 -11 -12 -13 -14 21 17 -17 -18 -19 -20 -21 -22 -23
leaf_value=-0.00058876542856498969 -0.0021750151233943908 -0.0013757469958786065 -0.00082251877038490631 0.0015068171798858594 0.0018939559008695828 0.00013147813982302507 0.00078556962096172362 -0.0014836520555357258 0.00064193247984291367 -0.001202704117839368 -0.00070488227748959943 -0.00079931289480161631 0.00014789136099022099 0.00031340983459139589 -0.00051936288330513736 2.8089652510566848e-05 -0.0004418662573751884 0.00083404795775756865 -0.00063668395087806062 0.00013969657079232004 -0.0015526260113356153 -0.00068019657931290569
leaf_weight=73 51 56 90 70 93 151 64 51 355 52 69 134 809 54 82 54 68 66 91 601 51 50
leaf_count=73 51 56 90 70 93 151 64 51 355 52 69 134 809 54 82 54 68 66 91 601 51 50
internal_value=4.33638e-06 5.57274e-05 0.000197576 0.000266136 0.000216903 0.000272785 0.000872744 -0.000196588 0.000179624 -9.85067e-05 -0.00132969 -0.000306157 0.000298565 -0.000588297 -3.77467e-05 -0.000706185 0.000153254 4.58081e-05 -2.14061e-05 6.05708e-05 -0.000985192 -0.000164286
internal_weight=3235 3115 1994 1834 1764 1674 225 1121 1449 997 120 285 1164 160 945 105 132 840 774 683 124 104
internal_count=3235 3115 1994 1834 1764 1674 225 1121 1449 997 120 285 1164 160 945 105 132 840 774 683 124 104
is_linear=0
shrinkage=0.05


Tree=7
num_leaves=27
num_cat=1
split_feature=108 121 116 116 110 146 115 120 1 142 158 153 167 158 30 176 133 83 128 85 86 186 89 171 129 71
split_gain=0.0801965 0.0658895 0.0584706 0.0424536 0.055128 0.0729921 0.039681 0.0288963 0.029077 0.0276833 0.030985 0.0241737 0.0198248 0.0174284 0.0173823 0.0152323 0.015095 0.0162089 0.0142588 0.0156756 0.0213956 0.0174028 0.0195733 0.00894441 0.00664835 0.00608378
threshold=0.06646317616105081 0.38059557974338537 0.0041646482422947892 -0.0021528785582631822 0.11029977723956109 0.75876814126968395 0.0075265136547386655 0.27437169849872595 0.033531671389937408 0.94996836781501781 1.0852519869804385 0.42489460110664373 11.629141330718996 1.0995653271675112 0.17500000447034839 97.526451110839858 0.97868913412094127 0.39245520532131201 1.0654795169830324 0.020244126208126548 0.6634848713874818 0 0.49746976792812353 82856516.000000015 1.0340429544448855 0.51243647933006298
decision_type=2 2 2 2 2 2 2 2 2 2 2 2 2 2 2 2 2 2 2 2 2 1 2 2 2 2
left_child=1 3 18 7 5 6 23 8 16 10 -7 -2 13 -11 -14 -12 17 -1 19 24 21 22 -21 -5 -3 -23
right_child=11 2 -4 4 -6 9 -8 -9 -10 12 15 -13 14 -15 -16 -17 -18 -19 -20 20 -22 25 -24 -25 -26 -27
leaf_value=0.00033361717150910409 -0.0021671681264415384 -0.00043146176841201301 0.0021946725004818291 -0.0011790978140197696 0.0015487271618973143 0.0017207952764001677 -8.070728428469135e-06 0.00027805651235799424 -0.0017697079352281615 -7.3103099180297433e-05 -0.00024036805334617386 -0.00061237753927707677 -0.00085698183025478532 0.0002495134418221973 0.00023896878028951832 0.00087731258611677707 -0.001233862151457288 -0.00070487134383126569 -0.00033895625855275913 0.0022024109598714858 -0.00024010069866883845 0.00018366071577558573 0.00081688219059007953 -0.0021248464676318691 0.00036106401396947068 0.00087144395505425103
leaf_weight=64 50 51 50 50 58 50 58 79 61 1004 70 50 114 718 53 54 56 91 58 50 51 87 52 50 55 51
leaf_count=64 50 51 50 50 58 50 58 79 61 1004 70 50 114 718 53 54 56 91 58 50 51 87 52 50 55 51
internal_value=4.11956e-06 4.85818e-05 0.00057169 -5.18629e-05 2.69742e-05 -1.27654e-05 -0.00104851 -0.000563743 -0.000808236 6.65601e-05 0.000670051 -0.00138977 1.09712e-05 6.14141e-05 -0.000509165 0.000246364 -0.000530275 -0.000276076 0.00039334 0.000500326 0.00068995 0.000887586 0.00136249 -0.00165197 -2.02456e-05 0.000408258
internal_weight=3235 3135 505 2630 2279 2221 158 351 272 2063 174 100 1889 1722 167 124 211 155 455 397 291 240 102 100 106 138
internal_count=3235 3135 505 2630 2279 2221 158 351 272 2063 174 100 1889 1722 167 124 211 155 455 397 291 240 102 100 106 138
cat_boundaries=0 1
cat_threshold=592
is_linear=0
shrinkage=0.05


Tree=8
num_leaves=31
num_cat=1
split_feature=185 85 120 116 185 67 136 186 87 179 29 148 37 182 180 106 75 84 173 111 86 32 92 25 144 161 3 132 68 51
split_gain=0.074332 0.0430258 0.0323649 0.0406525 0.0330085 0.0429684 0.0370688 0.0314147 0.0530627 0.0335366 0.0399701 0.0307919 0.0325585 0.0305772 0.0237526 0.0222097 0.0173152 0.0218536 0.0157527 0.0150823 0.0150199 0.015687 0.0148195 0.0145388 0.0143704 0.0140744 0.0156401 0.0130643 0.00890345 0.00852432
threshold=0.17533604055643084 0.75129404664039623 0.18881986290216449 -0.0028113655280321832 0.070080902427434935 0.22095134854316714 0.81509003043174755 0 0.80222147703170787 10.669905185699465 0.15000000223517421 1.2359991669654848 -0.67500001192092884 0.034562528133392341 116.98149490356447 0.86743709444999706 0.52770602703094494 0.622847080230713 1.4813802242279055 0.051960757002234466 0.25197726488113409 0.17500000447034839 0.37999917566776281 0.62500000000000011 0.92982608079910289 1.1960819363594057 0.0070391565095633277 0.96141609549522411 0.52870306372642528 1.0000000180025095e-35
decision_type=2 2 2 2 2 2 2 1 2 2 2 2 2 2 2 2 2 2 2 2 2 2 2 2 2 2 2 2 2 2
left_child=2 -2 3 11 13 6 -6 8 9 10 19 12 -1 16 -12 -9 20 22 24 -5 25 29 28 -23 -17 -4 -27 -26 -18 -22
right_child=1 -3 4 7 5 -7 -8 15 -10 -11 14 -13 -14 -15 -16 18 17 -19 -20 -21 21 23 -24 -25 27 26 -28 -29 -30 -31
leaf_value=-0.00055483322508903781 -9.6977358305593952e-05 -0.0020173738928445217 -0.00030073052304942395 7.7207696694410463e-05 -0.00064813144169473908 0.0021128273723126554 0.0010944142180960626 -0.00098717919915200926 0.0016255479800523832 -0.00092359951847945066 0.00029651589858341608 0.0003289330996340141 -0.002086653384052355 -0.00081645649169283729 0.0011705328687581442 0.00054315390757336802 0.00034255441832679065 0.0014179905363692212 -0.00094347519545820283 -0.00081553148987684719 -0.0010144721495547152 0.00049155284456598271 -0.00026464479637797921 -0.00034124021178061028 -0.00054791998741832409 0.00028916663151064243 0.0013151762194376297 -2.9950766566949992e-05 0.0010816357164756107 -0.0001853491851380245
leaf_weight=97 50 70 60 101 51 51 76 77 65 68 271 50 54 76 109 90 137 56 53 89 62 114 75 97 148 130 52 686 58 62
leaf_count=97 50 70 60 101 51 51 76 77 65 68 271 50 54 76 109 90 137 56 53 89 62 114 75 97 148 130 52 686 58 62
internal_value=3.91358e-06 -0.00121721 5.09552e-05 -7.29354e-05 0.000260616 0.000886938 0.000394652 4.12288e-06 0.000260891 0.000125948 0.000251157 -0.000746525 -0.00110264 0.00014674 0.000547221 -0.000168018 0.000227806 0.000519092 -0.000105178 -0.00034097 6.32319e-05 -0.000153589 0.000332654 0.000108705 -5.70936e-05 0.000363376 0.000582312 -0.000121869 0.000562384 -0.000599911
internal_weight=3235 120 3115 1958 1157 178 127 1757 703 638 570 201 151 979 380 1054 903 326 977 190 577 335 270 211 924 242 182 834 195 124
internal_count=3235 120 3115 1958 1157 178 127 1757 703 638 570 201 151 979 380 1054 903 326 977 190 577 335 270 211 924 242 182 834 195 124
cat_boundaries=0 1
cat_threshold=530
is_linear=0
shrinkage=0.05


Tree=9
num_leaves=24
num_cat=1
split_feature=185 121 116 116 110 146 21 38 7 155 143 152 128 160 5 137 167 120 160 176 186 114 57
split_gain=0.0670846 0.0527612 0.0440246 0.0399761 0.0444958 0.0576821 0.0393725 0.028631 0.0265442 0.0246052 0.0299002 0.0232388 0.0204794 0.0198446 0.0168301 0.0148993 0.0144638 0.0132125 0.011557 0.0114787 0.010657 0.0168519 0.00744274
threshold=0.17533604055643084 0.38059557974338537 0.0041084245312958964 -0.0021528785582631822 0.099075112491846098 0.75876814126968395 0.8470962941646577 0.70000001788139354 -0.011148652993142603 0.31040140986442571 0.96594962477684032 0.25025281310081487 1.0654795169830324 1.7560650110244753 0.018087024800479416 1.0141000747680666 11.629141330718996 0.29231773316860205 1.2490279078483584 96.899799346923842 0 0.00083342741709202539 0.43411044776439672
decision_type=2 2 2 2 2 2 2 2 2 2 2 2 2 2 2 2 2 2 2 2 1 2 2
left_child=1 3 12 9 5 6 -5 14 -9 10 -1 -2 15 -10 16 19 -7 18 -11 20 21 -3 -22
right_child=11 2 -4 4 -6 7 -8 8 13 17 -12 -13 -14 -15 -16 -17 -18 -19 -20 -21 22 -23 -24
leaf_value=-0.0020273943327475878 -0.001965679183751276 0.0013196330521168421 0.0019249128862284125 -0.0019391002122401482 0.0010940980735674537 2.6912254809581789e-05 -0.00011698547937807495 0.0013568618710832522 0.00040627090013176125 2.569176956660465e-05 -0.00047817484666666131 -0.00055814712465254831 -0.00048270639719351404 -0.00051325783322066806 -0.00091073942741125161 0.0012834655301188693 -0.00052267043883085808 0.00049897762015461923 -0.00080453566470168887 0.0010584057162094933 0.00048871061242710496 8.5027508636920774e-05 -0.00021919339372787717
leaf_weight=51 51 52 50 63 95 1390 56 62 338 77 80 69 62 71 55 52 131 50 92 52 53 59 124
leaf_count=51 51 52 50 63 95 1390 56 62 338 77 80 69 62 71 55 52 131 50 92 52 53 59 124
internal_value=3.7179e-06 4.84074e-05 0.000516775 -4.20012e-05 3.49739e-05 -1.14789e-05 -0.00108163 5.07334e-05 0.000392789 -0.000539261 -0.00108131 -0.00115635 0.000361693 0.000246646 -5.14927e-05 0.000495246 -2.0422e-05 -0.000215023 -0.000426266 0.000374695 0.000251247 0.000608575 -6.83593e-06
internal_weight=3235 3115 504 2611 2261 2166 119 2047 471 350 131 120 454 409 1576 392 1521 219 169 340 288 111 177
internal_count=3235 3115 504 2611 2261 2166 119 2047 471 350 131 120 454 409 1576 392 1521 219 169 340 288 111 177
cat_boundaries=0 1
cat_threshold=592
is_linear=0
shrinkage=0.05


Tree=10
num_leaves=17
num_cat=0
split_feature=108 17 57 121 116 136 37 34 5 120 105 144 133 90 101 22
split_gain=0.0504222 0.0370141 0.0316501 0.0357656 0.0445328 0.0364676 0.0631555 0.0436961 0.021589 0.0205166 0.0182843 0.0424716 0.0158528 0.0119567 0.0117908 0.00945613
threshold=0.068814069032669081 0.054166667163372047 0.68000537157058727 0.43743620812892919 0.0022206380963325505 0.7244798243045808 0.7916666865348817 -1.0000000180025095e-35 0.019624382257461551 0.030861070379614833 0.88901138305664074 0.90667030215263378 0.93373358249664318 -0.1205441541969776 1.1458654403686526 0.34015022218227392
decision_type=2 2 2 2 2 2 2 2 2 2 2 2 2 2 2 2
left_child=1 13 3 5 12 6 7 -3 10 -9 -7 -12 -5 -1 -15 -14
right_child=-2 2 -4 4 -6 8 -8 9 -10 -11 11 -13 15 14 -16 -17
leaf_value=-0.00018898371020571047 -0.0012257584506262314 0.00014891338083543814 0.0010931397957110805 -0.00055300768130933339 0.0016461354830036208 -0.00087435383689948008 0.00090035780228520578 -0.00062356997597089506 -0.0009244383697634851 -0.0018661194310815787 0.0008016435510596596 8.4477426963183695e-06 0.00084894491342960726 -0.00047293706804339307 -0.0015293078963233191 0.00011015657239682935
leaf_weight=70 85 60 71 53 70 52 56 50 58 99 184 2038 77 50 56 99
leaf_count=70 85 60 71 53 70 52 56 50 58 99 184 2038 77 50 56 99
internal_value=-2.4112e-05 8.38559e-06 5.01762e-05 2.46063e-05 0.000542456 -3.50152e-05 -0.000590828 -0.00099038 2.81454e-05 -0.00144916 5.24417e-05 7.41309e-05 0.000205087 -0.000696119 -0.00103102 0.000433376
internal_weight=3228 3143 2967 2896 299 2597 265 209 2332 149 2274 2222 229 176 106 176
internal_count=3228 3143 2967 2896 299 2597 265 209 2332 149 2274 2222 229 176 106 176
is_linear=0
shrinkage=0.05


Tree=11
num_leaves=17
num_cat=0
split_feature=185 85 184 124 17 121 116 120 132 133 57 123 3 91 168 92
split_gain=0.050195 0.0414003 0.035808 0.0329253 0.0334139 0.0280935 0.0296306 0.028238 0.0337988 0.0270234 0.0246429 0.0245047 0.0140132 0.0115966 0.010818 0.0102879
threshold=0.15776924788951877 0.7256072759628297 0.12361689656972887 0.059377079829573638 0.054166667163372047 0.43743620812892919 0.0022206380963325505 0.18881986290216449 0.90426456928253185 0.88704693317413341 0.58925530314445507 -0.00055798608809709538 0.0087438072077929991 0.1917400807142258 -13.574225425720213 0.10554534196853639
decision_type=2 2 2 2 2 2 2 2 2 2 2 2 2 2 2 2
left_child=2 -2 3 4 13 7 12 8 -6 -9 -11 -10 15 14 -1 -7
right_child=1 -3 -4 -5 5 6 -8 9 11 10 -12 -13 -14 -15 -16 -17
leaf_value=-0.00087404300133481206 0.00013480239980502652 -0.0016498527303199463 0.0012714438788991953 -0.0012167367492590779 -0.0013482617254003007 0.0010764557651390195 0.0015000267196521764 0.0013040136632149701 -0.00030207197932626039 0.00028219669681090858 -0.00043097702544724748 9.7961264105177269e-05 -0.00045511744795546227 -0.0012433163895496234 7.3085611802525818e-05 0.00022210353785531448
leaf_weight=57 53 84 56 55 54 51 62 55 677 711 146 881 52 56 64 114
leaf_count=57 53 84 56 55 54 51 62 55 677 711 146 881 52 56 64 114
internal_value=-2.29064e-05 -0.000959439 1.86028e-05 -4.51389e-06 1.78594e-05 5.99321e-05 0.000536038 7.30387e-06 -0.000118489 0.000229649 0.000160699 -7.58658e-05 0.000260613 -0.000648411 -0.000373082 0.000486176
internal_weight=3228 137 3091 3035 2980 2803 279 2524 1612 912 857 1558 217 177 121 165
internal_count=3228 137 3091 3035 2980 2803 279 2524 1612 912 857 1558 217 177 121 165
is_linear=0
shrinkage=0.05


Tree=12
num_leaves=24
num_cat=1
split_feature=185 57 121 116 186 0 87 126 185 121 181 121 107 143 153 124 127 144 136 82 4 133 141
split_gain=0.045301 0.0318514 0.0315354 0.0411754 0.0306205 0.0400204 0.0280213 0.028082 0.0395343 0.0289854 0.0311317 0.0288883 0.0262539 0.025641 0.0154957 0.0131584 0.0233974 0.012934 0.0257417 0.0121245 0.00895096 0.0079201 0.00346505
threshold=0.15776924788951877 0.68000537157058727 0.44018782675266271 0.0022206380963325505 0 0.022696273401379589 0.6981109380722047 -0.0053941917140036813 0.021494884975254539 0.00091543034068308781 0.038808895274996764 0.13136288523674014 0.048215618357062347 0.93671900033950817 0.36746580898761755 0.01211313344538212 1.0127913355827334 0.91673180460929882 0.80361276865005504 0.014268119819462301 0.12430286779999734 0.96867239475250255 1.0566475987434389
decision_type=2 2 2 2 1 2 2 2 2 2 2 2 2 2 2 2 2 2 2 2 2 2 2
left_child=1 2 4 19 5 14 7 8 11 -9 -11 -6 -2 -8 15 21 -17 -15 -19 20 -4 -1 -22
right_child=12 -3 3 -5 6 -7 13 9 -10 10 -12 -13 -14 17 -16 16 -18 18 -20 -21 22 -23 -24
leaf_value=-0.00078871223594205735 -0.0014612668235453644 0.0011488767759922174 0.00098232210437708997 0.001595677538112236 -0.00051022951725209268 0.0016872953813290223 -0.0013515612503591304 -0.001025286993350495 -0.0013629346413162914 9.3824004036041102e-05 0.0013451331523985854 0.00013644078188236898 -4.0085531138586549e-05 0.00037584500620141626 0.00073942376320380442 -0.00036704697499603589 0.001126319107339334 -0.0014825196340098046 -0.00020386901668373596 -0.00032620317106193399 -0.00013168087140365972 1.7986412748196644e-05 0.00044596184511815578
leaf_weight=64 84 61 50 65 327 50 75 55 77 1127 52 366 53 55 85 54 51 50 185 80 50 58 54
leaf_count=64 84 61 50 65 327 50 75 55 77 1127 52 366 53 55 85 54 51 50 185 80 50 58 54
internal_value=-2.17611e-05 1.76726e-05 -5.10077e-06 0.000482397 -5.84739e-05 0.000363987 -0.000124042 -5.11766e-05 -0.000288122 9.66741e-05 0.000149013 -0.000168698 -0.000911467 -0.0005275 0.000163585 -5.2038e-05 0.000358302 -0.00031438 -0.000475922 0.000173153 0.000432558 -0.0004052 0.000168249
internal_weight=3228 3091 3030 299 2731 362 2369 2004 770 1234 1179 693 137 365 312 227 105 290 235 234 154 122 104
internal_count=3228 3091 3030 299 2731 362 2369 2004 770 1234 1179 693 137 365 312 227 105 290 235 234 154 122 104
cat_boundaries=0 1
cat_threshold=514
is_linear=0
shrinkage=0.05


Tree=13
num_leaves=14
num_cat=0
split_feature=185 85 184 181 57 121 102 146 17 99 132 90 107
split_gain=0.0408842 0.0369316 0.0308852 0.0294363 0.0316318 0.0312649 0.0343268 0.0290653 0.0252831 0.0226943 0.0106921 0.0102935 0.00689701
threshold=0.15776924788951877 0.7256072759628297 0.12361689656972887 0.045368930324912078 0.68000537157058727 0.43743620812892919 0.95458224415779125 0.87756693363189708 0.054166667163372047 1.1174747347831728 0.95801734924316417 -0.1205441541969776 0.0085832420736551302
decision_type=2 2 2 2 2 2 2 2 2 2 2 2 2
left_child=2 -2 3 4 5 6 -1 -7 11 -10 -9 -8 -12
right_child=1 -3 -4 -5 -6 7 8 10 9 -11 12 -13 -14
leaf_value=-0.0012514875702050879 0.00016760720013649609 -0.0015179831084207677 0.0011803278468765453 -0.0010656259221832442 0.0012287326340502094 0.0015806803277228028 -0.00014631730108633818 -0.00035568686700902287 -2.1044013201638412e-05 0.000788271238852758 0.00014804249241375273 -0.00095779441071499607 0.00074480168668644622
leaf_weight=59 53 84 56 64 53 50 65 55 2307 90 101 98 93
leaf_count=59 53 84 56 64 53 50 65 55 2307 90 101 98 93
internal_value=-2.0673e-05 -0.000865893 1.6789e-05 -4.67991e-06 1.81745e-05 -3.81298e-06 -5.91128e-05 0.000480569 -3.16323e-05 9.34329e-06 0.000259663 -0.000634199 0.000434118
internal_weight=3228 137 3091 3035 2971 2918 2619 299 2560 2397 249 163 194
internal_count=3228 137 3091 3035 2971 2918 2619 299 2560 2397 249 163 194
is_linear=0
shrinkage=0.05


Tree=14
num_leaves=20
num_cat=0
split_feature=185 85 168 97 156 121 181 57 136 111 60 32 12 120 120 54 141 72 109
split_gain=0.0368979 0.0333308 0.0294101 0.0294357 0.0284072 0.0300791 0.0278492 0.0247054 0.0263315 0.0317379 0.0383618 0.019789 0.019593 0.0180169 0.0172466 0.00936859 0.0156205 0.00852142 0.00640029
threshold=0.15776924788951877 0.7256072759628297 -2.367993831634521 0.89271834492683422 0.26189264655113226 0.14411953091621402 0.045368930324912078 0.68000537157058727 0.6906777322292329 0.094788670539855971 0.52178224921226513 0.65833333134651195 0.0087505537085235136 0.02881405130028725 0.20798818767070773 0.38804763555526739 1.0841159820556643 0.50052663683891307 0.029868815094232563
decision_type=2 2 2 2 2 2 2 2 2 2 2 2 2 2 2 2 2 2 2
left_child=2 -2 4 -4 -1 12 7 8 -5 11 -11 -10 -6 -14 -15 18 -17 -18 -7
right_child=1 -3 3 6 5 15 -8 -9 9 10 -12 -13 13 14 -16 16 17 -19 -20
leaf_value=-0.0011851317954049017 0.00015922683331772756 -0.0014420839647452037 0.0012864468073958586 -0.00076280191644198373 0.00023036546411805915 0.00018971962458454075 -0.00098212874918168444 0.0011672959827712544 -1.1601588057309158e-05 6.5005754567253114e-05 0.0018722165435213934 0.00038568607735064352 -0.0001073875980412898 -0.0015035738037849104 -0.00042739935129247901 -0.0001006934525101219 0.0011636434793246971 0.00030018579668734984 -0.00060636719734996885
leaf_weight=76 53 84 51 90 67 50 61 53 1649 63 55 387 75 89 64 95 62 53 51
leaf_count=76 53 84 51 90 67 50 61 53 1649 63 55 387 75 89 64 95 62 53 51
internal_value=-1.96394e-05 -0.000822599 1.59496e-05 9.80117e-05 -0.000273915 -0.000159637 7.23076e-05 0.00010031 7.5109e-05 0.000110119 0.00090735 6.39143e-05 -0.000521326 -0.000742218 -0.00105341 0.000183444 0.000373761 0.000765702 -0.000212265
internal_weight=3228 137 3091 2409 682 606 2358 2297 2244 2154 118 2036 295 228 153 311 210 115 101
internal_count=3228 137 3091 2409 682 606 2358 2297 2244 2154 118 2036 295 228 153 311 210 115 101
is_linear=0
shrinkage=0.05


Tree=15
num_leaves=41
num_cat=0
split_feature=178 110 178 160 72 112 168 111 30 121 30 156 108 126 111 1 5 111 143 137 25 124 52 173 37 36 114 108 37 75 135 134 87 88 152 182 107 173 138 168
split_gain=0.0422778 0.0415589 0.0372641 0.034622 0.0328321 0.0350907 0.0241525 0.0485586 0.0238994 0.0397075 0.0376199 0.0271079 0.0259119 0.0248109 0.0297272 0.0293864 0.0274332 0.0239944 0.0234268 0.030959 0.0193177 0.018084 0.0169187 0.0167843 0.0342706 0.0166439 0.0158724 0.0147474 0.0146497 0.0116276 0.0107533 0.0103432 0.0100689 0.00913767 0.00856398 0.0100687 0.0084939 0.00639153 0.00625189 0.00487028
threshold=-10.08299398422241 0.043536050245165832 -16.677069664001461 1.2659164667129519 0.55865001678466808 0.022923603653907779 18.884884834289554 0.10654966533184053 0.37500000000000006 0.13952367752790454 0.17500000447034839 0.74030455946922313 0.023499529808759693 -0.049665244296193116 0.041299751028418548 0.028323111124336723 0.0061219686176627883 0.042227366939187057 0.92338198423385631 0.98714116215705883 0.52500000596046459 0.012637263629585506 -1.0000000180025095e-35 1.2520982027053835 0.39166666567325598 -0.58333334326744068 0.0066463509574532518 0.016012893058359626 0.65833333134651195 0.51264172792434703 0.95022797584533703 0.90261235833168041 0.27568714320659643 0.8273112177848817 0.24488326907157901 0.014564861543476583 0.0093222944997251051 0.91293370723724376 0.9993656873703004 6.9241404533386239
decision_type=2 2 2 2 2 2 2 2 2 2 2 2 2 2 2 2 2 2 2 2 2 2 2 2 2 2 2 2 2 2 2 2 2 2 2 2 2 2 2 2
left_child=1 23 6 -4 5 8 7 26 10 17 11 18 20 16 21 -16 -11 22 -2 -20 -12 -15 32 31 -25 -19 37 -13 -8 -27 -24 -1 -10 34 38 -36 -22 -3 -33 -40
right_child=4 2 3 -5 -6 -7 28 -9 9 13 12 27 -14 14 15 -17 -18 25 19 -21 36 -23 30 24 -26 29 -28 -29 -30 -31 -32 33 -34 -35 35 -37 -38 -39 39 -41
leaf_value=0.00072499862112404816 -0.00068471942569560081 -0.00044712550498926166 -0.0018245744417963207 -0.0003917879115072759 -0.0011354941927912967 0.0014189758612281787 -0.00037576273878750564 0.0011128155981996724 -0.00095086191668396149 0.00016279595070695256 0.0011058276895150462 -5.8646219395944534e-05 0.0015636247168103719 0.00010973671446117807 0.00012796782141384763 -0.001124999163771352 0.0016402841300556536 -0.00021551451324852033 0.0013401887310180883 0.00017526727305759764 0.00053632041420893404 0.001219502263973419 0.00088326653151526904 -0.0014182967197798307 0.00031580780835481297 -0.0016483216486420365 0.00017401966634664502 -0.001227391231699254 -0.0015582946430149605 -0.00071513655774408475 -0.00011926476010423223 0.00045424030716094421 3.4619644653643125e-06 -0.00047614925447246668 4.8882292884267963e-05 0.00085652973126603424 -0.00024386852528550664 -0.0012059801315315003 -3.8704195500568778e-05 -0.0005936091183114103
leaf_weight=59 67 55 98 74 52 52 55 67 59 70 78 53 73 100 109 82 57 73 64 524 66 58 53 58 56 63 61 55 50 71 54 50 52 77 86 70 74 56 176 51
leaf_count=59 67 55 98 74 52 52 55 67 59 70 78 53 73 100 109 82 57 73 64 524 66 58 53 58 56 63 61 55 50 71 54 50 52 77 86 70 74 56 176 51
internal_value=-3.25368e-05 -0.000268568 -0.000607239 -0.00120814 0.000104909 0.000137047 -0.000306787 -2.90918e-05 0.00010295 -8.61312e-05 0.000264584 8.01064e-05 0.000748282 0.000227511 9.75176e-06 -0.000409955 0.000825921 -0.000437411 0.000201124 0.000302061 0.000475254 0.000517119 -7.13211e-05 -1.27051e-05 -0.000566456 -0.000822954 -0.000473905 -0.00065384 -0.000938873 -0.00115387 0.000377316 9.82397e-05 -0.000503791 2.57323e-05 0.000114981 0.000411288 0.000123935 -0.000829971 -5.18917e-05 -0.000163374
internal_weight=3258 1199 516 172 2059 2007 344 239 1955 901 1054 763 291 476 349 191 127 425 655 588 218 158 218 683 114 207 172 108 105 134 107 569 111 510 433 156 140 111 277 227
internal_count=3258 1199 516 172 2059 2007 344 239 1955 901 1054 763 291 476 349 191 127 425 655 588 218 158 218 683 114 207 172 108 105 134 107 569 111 510 433 156 140 111 277 227
is_linear=0
shrinkage=0.05


Tree=16
num_leaves=32
num_cat=1
split_feature=121 111 173 99 42 116 145 146 137 7 21 114 130 135 91 56 148 31 126 132 57 186 87 31 99 120 166 126 5 90 111
split_gain=0.0389095 0.0386221 0.0400885 0.0527059 0.0511701 0.0334663 0.0329829 0.0355083 0.0332106 0.0330579 0.0320532 0.0335966 0.025383 0.0246758 0.0310047 0.0298732 0.0280972 0.0332892 0.0230971 0.0187081 0.0183919 0.0165835 0.0244089 0.0149833 0.0130939 0.0125637 0.0123452 0.00949604 0.00907808 0.00666881 0.00639871
threshold=0.43743620812892919 0.052965665236115463 1.2311043143272402 0.80927890539169323 0.52500000596046459 0.0022953372681513433 0.76502424478530895 0.73769405484199535 0.99239429831504833 0.019471053965389732 0.53957882523536693 0.0034283724380657081 1.136005759239197 0.90796080231666576 0.23253972083330157 0.58926531672477733 1.0362629890441897 0.050000002607703216 -0.03040019795298576 0.94981122016906749 0.57174676656723034 0 -0.047339729964733117 0.15000000596046451 1.0696583986282351 0.039644472301006324 53.831602096557624 0.024798671714961532 0.0043013254180550584 0.25180953741073614 0.040205249562859542
decision_type=2 2 2 2 2 2 2 2 2 2 2 2 2 2 2 2 2 2 2 2 2 1 2 2 2 2 2 2 2 2 2
left_child=1 13 6 -4 12 19 -3 -8 10 18 -9 -12 -5 14 -1 -16 17 -17 -10 -2 21 24 -23 -24 27 -25 29 30 -22 -21 -15
right_child=5 2 3 4 -6 -7 7 8 9 -11 11 -13 -14 20 15 16 -18 -19 -20 26 28 22 23 25 -26 -27 -28 -29 -30 -31 -32
leaf_value=-0.00035430453833715567 -0.00063278776261832493 0.00099238482340655043 -0.0022534362679603056 -0.0015693363777568772 0.00050734808231080771 0.0013723133121980758 -0.00138460734616577 -0.00039158422663224053 0.00022723093198222951 -0.0012283110341853405 0.0018168152781288236 0.00010700949543596445 -0.00032834760840112147 -4.0652964449478325e-05 0.0014330349174593317 0.0015495644513815506 -0.00049265434018332815 4.9127244077411622e-05 -0.00037049786347810809 0.00053716388990118682 -0.00019297525017883835 0.0013371722134179437 0.00080923166667039987 -0.00061807460290616133 -0.00086179726551765471 0.00018582080797875026 0.0010604915631384673 -0.0005520688784959076 -0.0010422154848814989 -0.00018499273166085143 0.00046748706079395358
leaf_weight=98 53 61 51 90 85 81 60 67 248 81 59 56 76 444 90 68 68 81 464 62 65 50 67 67 54 177 55 81 61 66 72
leaf_count=98 53 61 51 90 85 81 60 67 248 81 59 56 76 444 90 68 68 81 464 62 65 50 67 67 54 177 55 81 61 66 72
internal_value=-3.09099e-05 -8.76389e-05 -0.000277996 -0.000788064 -0.000490319 0.000495398 -0.000137448 -0.000204038 -0.000131387 -0.000271187 0.000477739 0.000984214 -0.00100117 8.48301e-05 0.000420001 0.000667174 0.000349535 0.000733891 -0.0001623 0.000194423 -3.44531e-05 3.64733e-05 0.000303387 0.000146938 -0.000114441 -3.4921e-05 0.000433998 -4.87578e-05 -0.000604115 0.000164802 3.02503e-05
internal_weight=3258 2941 1398 302 251 317 1096 1035 975 793 182 115 166 1543 405 307 217 149 712 236 1138 1012 361 311 651 244 183 597 126 128 516
internal_count=3258 2941 1398 302 251 317 1096 1035 975 793 182 115 166 1543 405 307 217 149 712 236 1138 1012 361 311 651 244 183 597 126 128 516
cat_boundaries=0 1
cat_threshold=1193
is_linear=0
shrinkage=0.05


Tree=17
num_leaves=31
num_cat=1
split_feature=178 170 76 157 86 158 0 102 5 110 154 111 57 84 86 139 134 173 126 121 176 126 186 112 109 19 3 1 158 56
split_gain=0.0365388 0.0369898 0.0291475 0.0301526 0.033754 0.0290477 0.032488 0.0380953 0.0308994 0.0249185 0.022971 0.0275515 0.0188776 0.0252473 0.0180375 0.016261 0.0159634 0.0209871 0.0152217 0.0151229 0.0150543 0.0148815 0.0140114 0.0111821 0.0098122 0.00965393 0.00754637 0.0103552 0.00623728 0.00537402
threshold=-10.08299398422241 4514851584.000001 0.40234807133674627 0.51124340295791637 0.35039210319519049 1.0995653271675112 0.024464489892125133 0.97927486896514904 0.017102792859077457 0.043536050245165832 0.21360946446657184 0.10757314413785936 0.59550318121910106 0.43503652513027197 0.16676431149244311 1.0003043413162234 0.89063557982444774 1.2634663581848147 0.074855457991361632 0.05707978084683419 86.039207458496108 0.001482532999943942 0 0.0052103123161941775 0.02231182157993317 0.22095695883035663 0.0073016935493797073 0.022952713072299961 1.1194425225257876 0.55606603622436535
decision_type=2 2 2 2 2 2 2 2 2 2 2 2 2 2 2 2 2 2 2 2 2 2 1 2 2 2 2 2 2 2
left_child=1 9 -2 4 -4 6 7 -5 14 16 -11 20 19 -14 15 -7 -1 26 22 -9 21 25 -16 -23 -17 -12 27 29 -28 -18
right_child=2 -3 3 5 -6 8 -8 12 -10 10 11 -13 13 -15 18 24 17 -19 -20 -21 -22 23 -24 -25 -26 -27 28 -29 -30 -31
leaf_value=0.00081285655795564418 -0.0010589518305490822 -0.0012944665327786079 -3.4579446209439388e-05 0.00096127031060556575 0.0013778933319437935 0.0012446148505778579 -0.00099183467601951058 -0.00037415187861452898 0.0014282947065242168 -0.001362675124720659 -0.00034491435554919695 0.00054955446689131647 -1.9171642550824546e-05 -0.0015036193985940407 0.00046389417617128379 0.00081320049858186409 0.00017262475189625521 -0.00076932979857453822 -0.00076479853678029037 0.00012123361573947422 -0.0013085176547368369 -0.00038316292757195543 -6.6357956891337639e-05 0.00048010462438253593 -0.00010664963184103398 -0.0012905299049056009 0.0001001393356664966 -0.00068741873074718322 0.00084294457372743642 -0.00028612218953813208
leaf_weight=58 53 79 75 90 97 69 94 220 56 61 53 74 61 54 199 50 266 88 50 514 51 103 308 59 69 55 65 53 50 84
leaf_count=58 53 79 75 90 97 69 94 220 56 61 53 74 61 54 199 50 266 88 50 514 51 103 308 59 69 55 65 53 50 84
internal_value=-2.93644e-05 -0.000248791 9.84126e-05 0.000128991 0.00076199 6.96259e-05 -0.000105598 -1.68796e-05 0.000295601 -0.000175034 -0.000459627 -0.000320169 -0.00012057 -0.000716217 0.000210459 0.000633934 2.04091e-05 -5.54357e-05 6.75263e-05 -2.72471e-05 -0.000520665 -0.000371849 0.00014961 -6.8763e-05 0.000279842 -0.000826478 6.58437e-05 -3.61024e-05 0.000423098 6.25255e-05
internal_weight=3258 1199 2059 2006 172 1834 1033 939 801 1120 456 395 849 115 745 188 664 606 557 734 321 270 507 162 119 108 518 403 115 350
internal_count=3258 1199 2059 2006 172 1834 1033 939 801 1120 456 395 849 115 745 188 664 606 557 734 321 270 507 162 119 108 518 403 115 350
cat_boundaries=0 1
cat_threshold=528
is_linear=0
shrinkage=0.05


Tree=18
num_leaves=21
num_cat=0
split_feature=141 121 104 160 160 179 177 125 107 123 120 11 101 111 180 179 115 137 110 37
split_gain=0.0362282 0.0457377 0.0331826 0.0317119 0.0681982 0.0270985 0.0536916 0.0274063 0.0242815 0.0211096 0.0316571 0.0301719 0.0180304 0.0188371 0.0177947 0.0303715 0.0289725 0.0144003 0.00977308 0.00610293
threshold=1.2603615522384646 0.44018782675266271 0.88624072074890148 1.2325974702835085 1.087850868701935 13.48286008834839 397.97607421875006 0.062056973576545722 0.046547643840312965 -0.0073007890023291102 0.31230209767818456 0.98291242122650158 0.79892346262931835 0.089652277529239668 247.81326293945315 7.0448458194732675 0.00085605573258362721 1.0055303573608401 0.045100478455424316 -0.20833333581686017
decision_type=2 2 2 2 2 2 2 2 2 2 2 2 2 2 2 2 2 2 2 2
left_child=1 2 8 4 -3 7 -7 9 -1 10 11 -4 -8 18 15 -11 -16 19 -14 -5
right_child=-2 3 5 17 -6 6 12 -9 -10 14 -12 -13 13 -15 16 -17 -18 -19 -20 -21
leaf_value=-0.0016464290774560403 -0.001234882631454594 4.7266427054637466e-05 -0.0015197163483747517 0.00016125222140384293 0.0023740491484791314 -0.0018008048424639532 -0.00089666169469159005 0.00087771419902576715 -0.00014596981905364934 7.4632580522254724e-05 0.00055800403444643991 -0.00028282308015817158 -8.1259181267672844e-05 0.00066829304497590585 9.0990842346474061e-05 -0.0010118808224459815 0.00094023796891124943 0.00076673324207117649 -0.00060789291736135188 -0.00061226320862724432
leaf_weight=56 61 64 59 51 62 54 76 99 52 948 91 300 478 74 296 69 152 57 108 51
leaf_count=56 61 64 59 51 62 54 76 99 52 948 91 300 478 74 296 69 152 57 108 51
internal_value=-2.78352e-05 -4.80427e-06 -6.3969e-05 0.000599713 0.00119219 -3.08442e-05 -0.000279026 6.65061e-05 -0.000923986 2.4569e-05 -0.00027496 -0.000486101 -0.000167374 -8.33949e-05 0.000116574 9.16332e-07 0.000379128 0.000130203 -0.000178318 -0.000225505
internal_weight=3258 3197 2912 285 126 2804 790 2014 108 1915 450 359 736 660 1465 1017 448 159 586 102
internal_count=3258 3197 2912 285 126 2804 790 2014 108 1915 450 359 736 660 1465 1017 448 159 586 102
is_linear=0
shrinkage=0.05


Tree=19
num_leaves=24
num_cat=0
split_feature=141 121 111 104 126 141 121 92 90 111 111 107 168 156 55 90 43 169 76 5 12 150 168
split_gain=0.032696 0.0412783 0.030381 0.0299473 0.0245255 0.0493931 0.0311422 0.0252066 0.0242098 0.0265692 0.0260095 0.0219141 0.0211036 0.0203482 0.0184921 0.0183344 0.0180613 0.0133475 0.011312 0.0106962 0.0106184 0.0105613 0.00900633
threshold=1.2603615522384646 0.44018782675266271 0.087267074733972563 0.88624072074890148 -0.0049823513254523269 0.9919646978378297 0.11691317334771158 0.64583784341812145 0.6682829260826112 0.10965326055884363 0.049003485590219505 0.046547643840312965 -1.549253463745117 1.1963024139404299 0.44814305007457739 0.25974547863006597 0.30000000447034841 0.0052591755520552405 0.50165775418281566 0.0045408105943351993 0.10814808309078218 1.064249634742737 -0.63171985745429982
decision_type=2 2 2 2 2 2 2 2 2 2 2 2 2 2 2 2 2 2 2 2 2 2 2
left_child=1 3 16 11 5 -5 15 8 9 12 20 -1 -6 14 -8 22 -3 -12 19 -18 -10 -17 -7
right_child=-2 2 -4 4 7 6 13 -9 10 -11 17 -13 -14 -15 -16 21 18 -19 -20 -21 -22 -23 -24
leaf_value=-0.0015641076193008174 -0.0011731385204704389 -0.00049070152398109296 0.0016889009020378582 -0.0012875382051366025 -0.00029924662525091764 -0.00041459207324219131 0.00031049576508717074 0.0009723643184100328 -0.00044161599736801941 0.0012225678177135294 -0.00047994112048763783 -0.00013867131335875736 0.00018126671245932604 0.0010577916700276547 -0.00033939392785814178 -0.0014289814129138409 0.00040711503836344214 -0.0015165281127303629 0.00011921300952963065 0.0014262122943239544 0.00041879294824019754 -0.00055835686045037087 0.00020168963328615064
leaf_weight=56 61 52 50 99 288 155 262 76 61 53 75 52 1106 55 188 55 52 53 80 51 87 95 96
leaf_count=56 61 52 50 99 288 155 262 76 61 53 75 52 1106 55 188 55 52 53 80 51 87 95 96
internal_value=-2.64434e-05 -4.56406e-06 0.000569728 -6.07705e-05 -2.9302e-05 -0.000227146 -0.000111275 8.12221e-05 4.19146e-05 0.000123769 -0.000387229 -0.000877786 8.19928e-05 0.000149945 3.89863e-05 -0.000440243 0.000331606 -0.000909153 0.000565267 0.000911717 6.41649e-05 -0.000877586 -0.000178883
internal_weight=3258 3197 285 2912 2804 1005 906 1799 1723 1447 276 108 1394 505 450 401 235 128 183 103 148 150 251
internal_count=3258 3197 285 2912 2804 1005 906 1799 1723 1447 276 108 1394 505 450 401 235 128 183 103 148 150 251
is_linear=0
shrinkage=0.05


Tree=20
num_leaves=16
num_cat=0
split_feature=123 102 112 160 3 27 102 12 181 116 9 178 134 26 109
split_gain=0.0386169 0.0371473 0.0267187 0.021927 0.0202607 0.0206908 0.0194033 0.0481004 0.0250813 0.0288262 0.0154491 0.0149108 0.0126992 0.010897 0.0144976
threshold=0.052881766110658653 0.95044416189193737 -0.0059376538265496484 1.1102010607719424 0.013876240234822037 0.87500000000000011 0.96419051289558422 0.18818035721778872 0.041735505685210235 0.0050351666286587724 0.96940624713897716 -10.31029176712036 0.96725678443908703 0.55000001192092907 0.028272924944758419
decision_type=2 2 2 2 2 2 2 2 2 2 2 2 2 2 2
left_child=1 -1 3 12 5 13 7 -4 9 10 -8 -12 -3 14 -5
right_child=-2 2 6 4 -6 -7 8 -9 -10 -11 11 -13 -14 -15 -16
leaf_value=-0.0010090207286032567 0.0012291668237986205 -0.0014438595933887852 -5.0764613270790972e-05 0.00025940279261578387 0.00079591284784506647 -0.001160330662646124 -0.00070772400090041068 0.0018633035890441255 -0.00078677665386389585 0.0010820052461765176 -9.8683045545635382e-05 0.00016791149878590892 -0.00043675505460080737 0.00058343606803100564 -0.00085853835268357337
leaf_weight=89 65 58 89 58 51 54 65 52 86 70 810 1488 68 50 58
leaf_count=89 65 58 89 58 51 54 65 52 86 70 810 1488 68 50 58
internal_value=2.28507e-05 -2.07314e-06 2.72426e-05 -0.000355384 -0.000102009 -0.000310163 8.4349e-05 0.000655133 5.23996e-05 8.20622e-05 5.24405e-05 7.39421e-05 -0.000900343 -3.36028e-05 -0.000299568
internal_weight=3211 3146 3057 397 271 220 2660 141 2519 2433 2363 2298 126 166 116
internal_count=3211 3146 3057 397 271 220 2660 141 2519 2433 2363 2298 126 166 116
is_linear=0
shrinkage=0.05


Tree=21
num_leaves=16
num_cat=0
split_feature=123 11 181 101 161 6 168 160 121 126 176 98 69 113 101
split_gain=0.0348517 0.042422 0.0277009 0.0432956 0.0357006 0.0231586 0.0217 0.028691 0.020405 0.0175605 0.0160655 0.014916 0.0244653 0.0174787 0.0131793
threshold=0.052881766110658653 0.94701281189918529 0.044223900884389884 0.71229180693626415 1.6843098402023318 0.29484389722347265 -5.0190279483795157 0.95122355222702037 0.14411953091621402 0.10370061174035074 27.950851440429691 0.91882938146591198 0.58311668038368236 0.0073582909535616645 1.2006087899208071
decision_type=2 2 2 2 2 2 2 2 2 2 2 2 2 2 2
left_child=1 -1 3 5 -4 -3 7 -5 14 11 -10 12 -8 -13 -9
right_child=-2 2 4 6 -6 -7 9 8 10 -11 -12 13 -14 -15 -16
leaf_value=-0.0012016674786637952 0.00116770847835981 0.0003261716261476977 -0.0014533684323708128 -0.0014043397377043641 0.00023210953094939327 0.001784339954610914 0.00013845795440899496 -0.00076295426194721797 -0.00051017947711475334 -0.00082055394260985954 0.00048254091059890823 0.00010685239082950762 0.0014843305954709649 -0.00042688503890531138 0.00017926145601086319
leaf_weight=72 65 56 70 52 57 53 104 144 57 53 143 2019 50 166 50
leaf_count=72 65 56 70 52 57 53 104 144 57 53 143 2019 50 166 50
internal_value=2.17082e-05 -1.96949e-06 2.61301e-05 5.72886e-05 -0.000696894 0.00103519 1.97301e-05 -0.000300459 -0.00015477 7.9431e-05 0.000199616 9.98239e-05 0.00057543 6.6303e-05 -0.000520115
internal_weight=3211 3146 3074 2947 127 109 2838 446 394 2392 200 2339 154 2185 194
internal_count=3211 3146 3074 2947 127 109 2838 446 394 2392 200 2339 154 2185 194
is_linear=0
shrinkage=0.05


Tree=22
num_leaves=20
num_cat=0
split_feature=125 124 137 116 84 20 143 169 137 114 30 98 157 90 100 136 35 161 132
split_gain=0.0327705 0.0336865 0.0250001 0.0450776 0.0197528 0.0259719 0.0361117 0.0201231 0.0262866 0.0186776 0.0227988 0.0230342 0.0227503 0.0200098 0.0172995 0.0169717 0.0160949 0.0152035 0.0143529
threshold=0.10254488885402681 0.053177660331130035 1.0069080591201784 0.0055532464757561692 -0.57762259244918812 0.60487204790115368 0.97718331217765819 -0.28600126504898066 1.0275709033012392 0.0082145142368972319 0.37500000000000006 0.91882938146591198 0.50540193915367138 0.70275795459747326 0.91684779524803173 0.7613813877105714 0.62500000000000011 1.1512048244476321 0.92490991950035106
decision_type=2 2 2 2 2 2 2 2 2 2 2 2 2 2 2 2 2 2 2
left_child=1 2 3 9 -4 6 -6 -7 16 10 11 -1 -12 -13 -8 -3 -9 -16 -14
right_child=-2 15 4 -5 5 7 14 8 -10 -11 12 13 18 -15 17 -17 -18 -19 -20
leaf_value=0.0010646772205965657 0.0011781726889118242 -0.001533249680092102 0.00059122239138189431 0.0016042921262994119 -0.0013030905459922369 -0.00058424605336715137 -0.00093403663006029101 0.00059580022350209493 0.0013552259603548684 -0.00058536945352036707 0.00095227390762864586 0.00031244237064456117 -0.00082755086590786139 -0.00039744994771210359 -0.00069088679650191741 -0.0002724535744554097 -0.00034601234663872069 -1.9121756192647598e-05 -6.1606329820066447e-05
leaf_weight=89 60 51 81 51 93 69 80 86 54 95 52 768 67 114 104 56 96 443 702
leaf_count=89 60 51 81 51 93 69 80 86 54 95 52 768 67 114 104 56 96 443 702
internal_value=2.06228e-05 -1.41878e-06 2.92321e-05 0.00013748 -0.000160446 -0.000219846 -0.000383658 0.000166855 0.000386457 9.78364e-05 0.000134055 0.000298046 -5.98968e-05 0.000220688 -0.000247282 -0.000873394 9.902e-05 -0.000146843 -0.00012834
internal_weight=3211 3151 3044 1938 1106 1025 720 305 236 1887 1792 971 821 882 627 107 182 547 769
internal_count=3211 3151 3044 1938 1106 1025 720 305 236 1887 1792 971 821 882 627 107 182 547 769
is_linear=0
shrinkage=0.05


Tree=23
num_leaves=14
num_cat=0
split_feature=123 11 181 101 161 144 87 180 179 163 179 158 179
split_gain=0.0306051 0.0373476 0.0240289 0.0384081 0.0322048 0.0224202 0.0172285 0.0135135 0.0320794 0.0210546 0.0257147 0.0205904 0.0189019
threshold=0.052881766110658653 0.94701281189918529 0.044223900884389884 0.71229180693626415 1.6843098402023318 0.88256940245628368 -0.40809316933155054 129.68857574462893 4.5070238113403329 201.89343261718753 5.2349238395690927 1.0995653271675112 13.48286008834839
decision_type=2 2 2 2 2 2 2 2 2 2 2 2 2
left_child=1 -1 3 5 -4 -3 -5 8 11 10 -9 -8 -11
right_child=-2 2 4 6 -6 -7 7 9 -10 12 -12 -13 -14
leaf_value=-0.0011282577830570518 0.0010935062709121178 0.0017246206954811126 -0.0013681145409438094 -0.00070592161406239032 0.00023271638655977881 0.00028891977445598237 -7.9626826472524424e-05 -2.6830533037851145e-05 0.0013180449319869217 0.00023193857463597899 -0.00092850977134398846 0.00040331251164536449 -0.00012918758417667468
leaf_weight=72 65 52 70 80 57 57 547 187 59 673 137 370 785
leaf_count=72 65 52 70 80 57 57 547 187 59 673 137 370 785
internal_value=1.95917e-05 -2.59666e-06 2.37689e-05 5.27888e-05 -0.000649631 0.000973841 1.74136e-05 3.83951e-05 0.000187945 -4.35133e-05 -0.000408096 0.000115234 3.75051e-05
internal_weight=3211 3146 3074 2947 127 109 2838 2758 976 1782 324 917 1458
internal_count=3211 3146 3074 2947 127 109 2838 2758 976 1782 324 917 1458
is_linear=0
shrinkage=0.05


Tree=24
num_leaves=21
num_cat=0
split_feature=125 7 121 141 177 107 160 155 115 90 18 182 136 85 72 161 110 164 72 152
split_gain=0.0293099 0.0312262 0.0234219 0.029643 0.0272167 0.0294699 0.0260385 0.0232182 0.0216758 0.0200764 0.018582 0.0252846 0.0231235 0.0172685 0.0158333 0.0151448 0.0142456 0.012696 0.0112561 0.0057487
threshold=0.10254488885402681 0.049788871780037887 0.030741137452423576 1.2603615522384646 150.00759124755862 0.017269773408770565 1.2268919944763186 0.43177101016044622 0.01075577223673463 0.69372919201850902 0.55663874745368969 0.020523997955024246 0.72295591235160839 0.48129031062126165 0.49055306613445288 1.341573238372803 0.045874310657382018 56.508516311645515 0.4940840899944306 0.18407054990530017
decision_type=2 2 2 2 2 2 2 2 2 2 2 2 2 2 2 2 2 2 2 2
left_child=1 2 4 8 7 14 -7 13 9 10 12 -12 -4 -1 -6 -16 18 -9 -11 -17
right_child=-2 -3 3 -5 5 6 -8 17 -10 16 11 -13 -14 -15 15 19 -18 -19 -20 -21
leaf_value=6.2314621473272001e-05 0.0011133392563109131 -0.0010783539007454899 -0.0010231350105540415 -0.0010020099452421923 -0.00088915532985331738 -0.00193802901559462 -0.00039539391793511514 0.0001596164908343261 0.0011338531140091957 -0.00073588540166383612 0.00010849549912246096 0.00059898072153278723 4.1721290598249195e-05 0.0012680103855560894 0.00069664823819479702 9.4248337205499414e-05 -0.00089256250708115805 -0.00091489047158069704 0.00013183730326410433 -0.00062128904258429429
leaf_weight=62 60 66 54 61 66 59 51 56 51 50 755 403 912 57 56 50 76 54 148 64
leaf_count=62 60 66 54 61 66 59 51 56 51 50 755 403 912 57 56 50 76 54 148 64
internal_value=1.86121e-05 -2.23326e-06 2.07891e-05 8.67293e-05 -0.000267054 -0.00054691 -0.00122281 0.000155784 0.000113848 9.21546e-05 0.000144117 0.000279191 -1.78048e-05 0.000639833 -0.000231873 2.33072e-05 -0.000310646 -0.000367869 -8.72846e-05 -0.000307457
internal_weight=3211 3151 3085 2510 575 346 110 229 2449 2398 2124 1158 966 119 236 170 274 110 198 114
internal_count=3211 3151 3085 2510 575 346 110 229 2449 2398 2124 1158 966 119 236 170 274 110 198 114
is_linear=0
shrinkage=0.05


Tree=25
num_leaves=23
num_cat=1
split_feature=126 115 182 39 177 3 121 86 107 162 141 172 161 39 77 90 92 111 111 85 186 141
split_gain=0.0450972 0.0480876 0.0392544 0.0238292 0.0338388 0.0577503 0.0256733 0.0263831 0.0255208 0.029649 0.0203266 0.016964 0.027531 0.0190552 0.0174883 0.0154498 0.0176935 0.0249327 0.0173686 0.0185095 0.0148727 0.012624
threshold=0.12401465699076654 0.01075577223673463 0.044450454413890846 0.55000001192092907 150.00759124755862 0.019639221951365474 0.046391518786549575 0.58407995104789745 0.026430510915815834 194.12387847900393 0.9348445236682893 108088004.00000001 1.4851278066635134 0.75000000000000011 0.5101943612098695 0.41844913363456732 0.25685068964958196 0.082316514104604735 0.050493245944380767 0.69873234629631054 0 1.113695025444031
decision_type=2 2 2 2 2 2 2 2 2 2 2 2 2 2 2 2 2 2 2 2 1 2
left_child=1 2 3 8 5 6 7 -5 15 -10 -8 13 -13 14 -6 16 17 -1 20 -20 -17 -18
right_child=-2 -3 -4 4 11 -7 10 -9 9 -11 -12 12 -14 -15 -16 18 21 -19 19 -21 -22 -23
leaf_value=0.00011814389265377076 -0.0011682317599826049 0.0014989614844726365 -0.0011656737451805185 9.1446953825652594e-05 0.00032785987359134467 0.0020544885688178948 -0.00071999863994278714 0.0016243342951383966 -7.2485795566248467e-05 -0.0015210592963822737 0.00028697252434985035 -0.0013590718547769438 0.00013408613991817799 -0.00072462882188399549 -0.00042219592474642315 0.00043918887994835108 -2.5606916847147884e-05 0.0010451987351622111 -0.00075762431162959055 2.6179802367359546e-05 -0.00022470078751027787 -0.00065165455470757912
leaf_weight=531 84 53 73 50 408 54 64 64 76 66 231 58 66 65 96 121 369 84 222 114 227 103
leaf_count=531 84 53 73 50 408 54 64 64 76 66 231 58 66 65 96 121 369 84 222 114 227 103
internal_value=-2.46431e-05 5.42309e-06 -1.97703e-05 7.48647e-06 0.000186714 0.000517674 0.000314769 0.000952015 -0.000100818 -0.000745766 6.8511e-05 -3.44031e-05 -0.000564326 8.10811e-05 0.000184992 -4.9106e-05 6.80421e-05 0.000244766 -0.000235276 -0.000491691 1.22979e-05 -0.000162223
internal_weight=3279 3195 3142 3069 1156 463 409 114 1913 142 295 693 124 569 504 1771 1087 615 684 336 348 472
internal_count=3279 3195 3142 3069 1156 463 409 114 1913 142 295 693 124 569 504 1771 1087 615 684 336 348 472
cat_boundaries=0 1
cat_threshold=592
is_linear=0
shrinkage=0.05


Tree=26
num_leaves=13
num_cat=0
split_feature=126 115 182 92 7 147 121 106 90 111 30 41
split_gain=0.0407027 0.043397 0.0354293 0.0235184 0.0368475 0.0285894 0.0222984 0.0428037 0.0188567 0.0236092 0.0208008 0.0100743
threshold=0.12401465699076654 0.01075577223673463 0.044450454413890846 0.64583784341812145 0.046776324510574348 0.98528218269348156 0.45753945410251623 0.94668564200401317 0.68173348903656017 0.049003485590219505 0.37500000000000006 0.41666667163372045
decision_type=2 2 2 2 2 2 2 2 2 2 2 2
left_child=1 2 3 4 6 -5 8 -8 10 -10 -1 -9
right_child=-2 -3 -4 5 -6 -7 7 11 9 -11 -12 -13
leaf_value=0.00015572137997641209 -0.0011098201798241851 0.0014240134175366312 -0.0011073900490547912 0.001607984937581932 -0.0012900337920915004 -4.8272666062388689e-06 0.0016910830275049774 -0.00041109607859869446 4.004977937173945e-05 -0.00086231711809602605 -0.00014043908565643652 0.00036749987707406065
leaf_weight=1203 84 53 73 50 56 61 55 63 143 147 1169 122
leaf_count=1203 84 53 73 50 56 61 55 63 143 147 1169 122
internal_value=-2.33782e-05 5.1855e-06 -1.87476e-05 7.14709e-06 -1.96654e-05 0.000721665 4.84891e-06 0.00046644 -3.67671e-05 -0.000417357 9.76371e-06 0.000102356
internal_weight=3279 3195 3142 3069 2958 111 2902 240 2662 290 2372 185
internal_count=3279 3195 3142 3069 2958 111 2902 240 2662 290 2372 185
is_linear=0
shrinkage=0.05


Tree=27
num_leaves=24
num_cat=0
split_feature=126 115 135 132 39 77 109 54 107 161 0 123 160 36 121 114 22 100 92 85 91 122 115
split_gain=0.0367342 0.0391658 0.028517 0.0352845 0.0273916 0.0414713 0.0396747 0.0249487 0.023429 0.0231327 0.0171094 0.0186638 0.0169102 0.0163983 0.0150184 0.0187888 0.0277677 0.0145723 0.0133124 0.0177043 0.0144121 0.0128138 0.00914607
threshold=0.12401465699076654 0.01075577223673463 0.79057151079177868 0.90602520108222973 0.55000001192092907 0.4851819127798081 0.04127964191138745 0.63013947010040294 0.028343720361590389 1.6646010279655459 0.012952552642673256 0.0079741058871150034 1.3374065160751345 0.84999999403953563 0.13952367752790454 0.0012052371166646483 0.7302248775959016 0.89809143543243419 0.42709559202194219 0.69873234629631054 0.60145002603530895 -0.00026679449365474278 0.0032504730625078086
decision_type=2 2 2 2 2 2 2 2 2 2 2 2 2 2 2 2 2 2 2 2 2 2 2
left_child=1 2 3 -1 8 6 7 -6 14 -5 11 22 -12 -9 18 16 -16 -17 19 -4 -20 -13 -7
right_child=-2 -3 4 9 5 10 -8 13 -10 -11 12 21 -14 -15 15 17 -18 -19 20 -21 -22 -23 -24
leaf_value=-0.0015138161148000231 -0.0010543291723782509 0.0013528127328685995 -0.00017354544288215054 -0.00079141039671491329 0.0014035937511362136 0.0001033378431977006 0.0017517920945849742 -0.00014801596752049058 -0.00084903778515581512 0.00035321783021178828 -0.00084068054410246481 0.0013137521202734206 0.00023647914896518442 0.00086226403757137359 0.00013538583905773959 -0.00099616268785380439 0.0013079300978411498 -7.9106237354529407e-05 -0.00085668577126282925 0.0007437612916340908 3.2731067000460588e-05 0.00027182330975645326 -0.00050303269228121883
leaf_weight=67 84 53 565 81 50 364 71 136 96 97 98 50 58 57 616 54 55 219 134 58 69 72 75
leaf_count=67 84 53 565 81 50 364 71 136 96 97 98 50 58 57 616 54 55 219 134 58 69 72 75
internal_value=-2.22093e-05 4.92622e-06 -1.78102e-05 -0.000535787 2.59952e-05 0.000232833 0.000712025 0.000408225 -8.82869e-05 -0.000167652 2.29784e-05 0.000151776 -0.000440198 0.000150357 -4.70258e-05 8.92127e-05 0.000231496 -0.000260502 -0.000202727 -8.81461e-05 -0.000554372 0.000698843 -2.56212e-07
internal_weight=3279 3195 3142 245 2897 1031 314 243 1866 178 717 561 156 193 1770 944 671 273 826 623 203 122 439
internal_count=3279 3195 3142 245 2897 1031 314 243 1866 178 717 561 156 193 1770 944 671 273 826 623 203 122 439
is_linear=0
shrinkage=0.05


Tree=28
num_leaves=17
num_cat=0
split_feature=144 115 182 80 77 100 101 145 3 182 76 111 121 116 70 178
split_gain=0.037902 0.0344911 0.0355041 0.0225545 0.044424 0.0331123 0.0466103 0.0266461 0.0308515 0.0275078 0.0171635 0.0157878 0.0141926 0.0174797 0.0134176 0.0131159
threshold=0.78125956654548656 0.009997861925512554 0.045220449566841132 -0.044371835887432091 0.48301935195922857 0.82958263158798229 0.73890239000320446 0.94415566325187694 0.020929177291691307 0.0289298240095377 0.57799765467643749 0.08775541186332704 0.13136288523674014 0.0030122991884127264 0.42191530764102941 -6.9318017959594718
decision_type=2 2 2 2 2 2 2 2 2 2 2 2 2 2 2 2
left_child=-1 2 3 4 -2 11 -7 8 -8 -9 12 15 14 -14 -6 -5
right_child=1 -3 -4 5 10 6 7 9 -10 -11 -12 -13 13 -15 -16 -17
leaf_value=-0.0012356562153731903 0.0013639217164477726 0.0011168043082173374 -0.0013045425676160827 -0.00079909863249797905 -0.00059230917939506376 0.001451058385338491 8.9319038336782997e-05 -0.00013579522020576649 0.0013574885004625406 -0.0010213838226933913 -0.00076007434240805364 -0.0012627814117688292 0.00015686328820689371 0.00084606743951191334 0.00011326850661122742 0.00024354386765000253
leaf_weight=63 76 68 53 70 96 52 617 1139 52 95 54 77 365 123 226 53
leaf_count=63 76 68 53 70 96 52 617 1139 52 95 54 77 365 123 226 53
internal_value=-2.10989e-05 2.69378e-06 -2.13721e-05 6.01373e-07 0.000204971 -8.85435e-05 -2.58557e-05 -6.62128e-05 0.000187891 -0.000203973 0.000103026 -0.000701316 0.000160566 0.000330577 -9.70901e-05 -0.00034983
internal_weight=3279 3216 3148 3095 940 2155 1955 1903 669 1234 864 200 810 488 322 123
internal_count=3279 3216 3148 3095 940 2155 1955 1903 669 1234 864 200 810 488 322 123
is_linear=0
shrinkage=0.05


Tree=29
num_leaves=20
num_cat=0
split_feature=144 115 7 39 107 177 182 170 171 178 155 106 171 77 158 109 39 35 29
split_gain=0.0342065 0.0311282 0.0325187 0.0244597 0.0354722 0.0313402 0.0376183 0.058444 0.0208276 0.0265275 0.0208032 0.0168072 0.0164299 0.0288823 0.0153056 0.0195827 0.0148167 0.0166003 0.0146685
threshold=0.78125956654548656 0.009997861925512554 0.049788871780037887 0.55000001192092907 0.029110853560268882 150.00759124755862 0.026132020168006424 2989347712.0000005 132833656.00000001 -17.094753265380856 0.30589693784713751 0.86205589771270763 129090856.00000001 0.47573423385620123 0.93890160322189342 0.042067157104611404 0.75000000000000011 0.82500001788139354 0.25000000745058065
decision_type=2 2 2 2 2 2 2 2 2 2 2 2 2 2 2 2 2 2 2
left_child=-1 2 3 4 11 6 12 -8 16 -10 -6 -2 13 -5 15 -13 17 -7 -16
right_child=1 -3 -4 5 10 8 7 -9 9 -11 -12 14 -14 -15 18 -17 -18 -19 -20
leaf_value=-0.0011738733824579017 -0.00093932851730362291 0.0010609640895649242 -0.0011448486097155154 0.0014712829334894196 -0.0017174314374250232 5.9380075720403998e-05 0.00037804172949543836 0.0025678824672359045 0.00010359034737960498 -0.0015093990978784859 -0.00033856947003356658 -9.4727579343450386e-05 -0.00054828151560127084 0.00014220007505108307 -0.00016722803700070524 -0.00082062672643752946 -0.00064435055105751691 0.00086711358883902092 0.00022504803053753991
leaf_weight=63 52 68 63 50 51 453 78 50 52 50 59 598 57 224 360 110 62 74 705
leaf_count=63 52 68 63 50 51 453 78 50 52 50 59 598 57 224 360 110 62 74 705
internal_value=-2.00439e-05 2.55909e-06 -2.03035e-05 2.66124e-06 -0.000105875 0.000185286 0.000505547 0.00123345 -2.74492e-05 -0.000687091 -0.00097786 -5.33175e-05 0.000224063 0.000384733 -2.73318e-05 -0.000207509 8.67841e-05 0.0001728 9.24477e-05
internal_weight=3279 3216 3148 3085 1935 1150 459 128 691 102 110 1825 331 274 1773 708 589 527 1065
internal_count=3279 3216 3148 3085 1935 1150 459 128 691 102 110 1825 331 274 1773 708 589 527 1065
is_linear=0
shrinkage=0.05


Tree=30
num_leaves=15
num_cat=0
split_feature=123 104 110 7 90 120 5 182 80 76 1 120 111 11
split_gain=0.0269602 0.0511376 0.0247797 0.0209813 0.0312827 0.0151807 0.0218849 0.0234856 0.017673 0.0225933 0.0170712 0.0166743 0.0160674 0.0112739
threshold=0.052881766110658653 0.88624072074890148 0.10620051249861719 0.036316592246294029 0.48237420618534094 0.19934344291687014 0.01478014560416341 0.034163800999522216 0.066667843610048308 0.46093915402889257 0.040206791833043105 0.15275551378726962 0.08404939249157907 0.97007262706756603
decision_type=2 2 2 2 2 2 2 2 2 2 2 2 2 2
left_child=1 -1 3 5 -5 8 7 10 9 -3 -7 -11 13 -10
right_child=-2 2 -4 4 -6 6 -8 -9 12 11 -12 -13 -14 -15
leaf_value=-0.0011514093706470714 0.0010235127229529936 0.00090259557751857719 0.00088302684456721182 -0.001590977384059407 0.00013579441669948951 0.00010765128444121752 0.00099396336151494325 -0.00086815876460730526 -0.00091293885686680827 3.8418552821894995e-05 0.00093772955366528462 -0.00051289046377097562 -0.0011725318271155452 -0.00013200336923097826
leaf_weight=97 63 69 80 51 54 820 75 58 53 1191 67 155 51 361
leaf_count=97 63 69 80 51 54 820 75 58 53 1191 67 155 51 361
internal_value=-7.31821e-07 -2.10107e-05 1.45318e-05 -8.58952e-06 -0.000702923 1.65502e-05 0.000171859 0.000106612 -6.7713e-05 2.01679e-05 0.000170352 -2.5068e-05 -0.000335136 -0.000231978
internal_weight=3245 3182 3085 3005 105 2900 1020 945 1880 1415 887 1346 465 414
internal_count=3245 3182 3085 3005 105 2900 1020 945 1880 1415 887 1346 465 414
is_linear=0
shrinkage=0.05


Tree=31
num_leaves=11
num_cat=1
split_feature=108 140 7 90 110 136 39 168 91 186
split_gain=0.0246994 0.0298387 0.0242864 0.0325455 0.0205017 0.0300023 0.0159164 0.0171543 0.021827 0.0201881
threshold=0.068814069032669081 0.90807822346687328 0.034283515065908439 0.4727704674005509 0.10620051249861719 0.6906777322292329 0.75000000000000011 -2.5229821205139156 0.41187427937984472 0
decision_type=2 2 2 2 2 2 2 2 2 1
left_child=1 -1 4 -4 5 -3 7 8 -7 -9
right_child=-2 2 3 -5 -6 6 -8 9 -10 -11
leaf_value=0.0010905578592428355 -0.00084177963593152962 -0.0008501381304301727 -0.0013971201024464213 9.1687197824572456e-05 0.00084167167197416641 -5.0517958942518807e-05 -0.00060302991636275189 0.00026604359698196916 -0.00091464054637232475 -4.8000217501547075e-05
leaf_weight=64 85 98 71 76 76 521 93 1174 85 902
leaf_count=64 85 98 71 76 76 521 93 1174 85 902
internal_value=-6.9523e-07 2.19289e-05 -1.61646e-07 -0.000627397 3.11044e-05 9.6623e-06 4.00264e-05 6.23248e-05 -0.000171723 0.000130645
internal_weight=3245 3160 3096 147 2949 2873 2775 2682 606 2076
internal_count=3245 3160 3096 147 2949 2873 2775 2682 606 2076
cat_boundaries=0 1
cat_threshold=593
is_linear=0
shrinkage=0.05


Tree=32
num_leaves=27
num_cat=1
split_feature=123 104 120 5 101 37 143 109 105 12 155 182 89 107 77 75 12 92 120 186 171 134 12 5 125 30
split_gain=0.0242651 0.0457759 0.0195058 0.0447693 0.0200401 0.0317855 0.0458511 0.0161506 0.0256235 0.020805 0.0279176 0.0223515 0.0184852 0.013274 0.0117867 0.0147722 0.0137428 0.0117558 0.0116703 0.0145702 0.00970398 0.00936389 0.0103129 0.00806918 0.00747925 0.00440701
threshold=0.052881766110658653 0.88624072074890148 0.19934344291687014 0.01478014560416341 0.88921609520912182 0.82499998807907116 0.95166718959808361 0.02477169688791037 0.95535787940025341 0.23806506395339969 0.22141487896442416 0.017025758512318138 0.6126469373703004 0.019530754536390308 0.51612788438797008 0.46966138482093817 0.08691448345780374 0.36114449799060827 0.16191853582859042 0 302245968.00000006 0.98747676610946666 0.043487595394253738 0.0055904989130795011 0.014405677560716869 0.47499999403953558
decision_type=2 2 2 2 2 2 2 2 2 2 2 2 2 2 2 2 2 2 2 1 2 2 2 2 2 2
left_child=1 -1 7 4 5 6 -4 8 -3 10 -9 -11 13 -13 15 23 -17 -8 19 -12 21 22 -6 -10 25 -16
right_child=-2 2 3 -5 20 -7 17 9 14 11 18 12 -14 -15 24 16 -18 -19 -20 -21 -22 -23 -24 -25 -26 -27
leaf_value=-0.0010893639387111612 0.00097107523368553279 0.00095809367221836759 -0.0017112405880914717 0.0012713356546712397 0.00069587299993240396 0.00087402971808378603 0.00038374729437772699 -0.0013159248642994606 -3.8475527531175894e-05 -0.00073551489262502982 0.00029471729487795528 0.0011224941955879331 -0.00025546817175804601 0.00010215175228522106 8.1202720256545879e-05 3.5278164624488564e-06 0.00052136056314470026 -0.00043614466642985473 -0.00090665313870727363 -0.0003097936340792657 -0.00040690327946900991 -0.00034051651706580414 0.000221345127299753 -0.00068610637340737557 -0.00083490887537381844 -0.00051864121808466732
leaf_weight=97 63 74 59 87 153 51 73 69 131 55 118 85 71 51 79 303 222 109 63 483 55 55 455 76 58 50
leaf_count=97 63 74 59 87 153 51 73 69 131 55 118 85 71 51 79 303 222 109 63 483 55 55 455 76 58 50
internal_value=-6.26872e-07 -1.98655e-05 1.37622e-05 0.000183013 8.9266e-05 -0.000259979 -0.000499956 -7.9632e-05 6.30249e-05 -0.000222002 -0.000358694 0.000160421 0.000398471 0.000739866 -9.04806e-06 8.14571e-05 0.000222497 -0.000107287 -0.000259222 -0.000191355 0.000231299 0.000284242 0.000340758 -0.000276253 -0.000363325 -0.000151295
internal_weight=3245 3182 3085 1097 1010 292 241 1988 993 995 733 262 207 136 919 732 525 182 664 601 718 663 608 207 187 129
internal_count=3245 3182 3085 1097 1010 292 241 1988 993 995 733 262 207 136 919 732 525 182 664 601 718 663 608 207 187 129
cat_boundaries=0 1
cat_threshold=513
is_linear=0
shrinkage=0.05


Tree=33
num_leaves=17
num_cat=0
split_feature=123 104 110 121 146 146 30 1 30 146 32 84 121 108 108 106
split_gain=0.0218993 0.0413126 0.0202051 0.0213289 0.0229199 0.0181335 0.0180482 0.0282329 0.0235422 0.0316861 0.0273824 0.0197462 0.0174391 0.0131977 0.0105028 0.00393056
threshold=0.052881766110658653 0.88624072074890148 0.10620051249861719 0.43743620812892919 0.74837079644203197 0.87756693363189708 0.37500000000000006 0.027913602069020275 0.12500000372529033 0.88131073117256176 0.62500000000000011 -0.2620949894189834 0.13952367752790454 0.019062560051679615 0.01386470999568701 1.0142112970352175
decision_type=2 2 2 2 2 2 2 2 2 2 2 2 2 2 2 2
left_child=1 -1 3 4 -3 -5 8 12 10 -10 -6 -9 -8 14 15 -7
right_child=-2 2 -4 5 6 13 7 11 9 -11 -12 -13 -14 -15 -16 -17
leaf_value=-0.0010348957371797483 0.00092252145672867467 -0.00081504047448489522 0.00079731393803285757 0.0011948209284527 -0.00023178059250515554 -0.00013771025491255467 -0.00022677157650859592 0.00027299963360330703 0.00099518788168400838 0.00012454502262374302 0.00041106850489571416 -0.00073539982778680348 0.00021426673627954781 -0.0003583965470020864 0.0009640802403502618 0.00046649785043543905
leaf_weight=97 63 95 80 57 628 57 473 59 144 381 225 274 426 73 62 51
leaf_count=97 63 95 80 57 628 57 473 59 144 381 225 274 426 73 62 51
internal_value=-5.97852e-07 -1.88746e-05 1.30716e-05 -7.80669e-06 -5.21685e-05 0.000392189 -2.44011e-05 -0.000163456 9.99208e-05 0.00036335 -6.22131e-05 -0.000556734 -1.77812e-05 0.000203917 0.000445382 0.00014761
internal_weight=3245 3182 3085 3005 2705 300 2610 1232 1378 525 853 333 899 243 170 108
internal_count=3245 3182 3085 3005 2705 300 2610 1232 1378 525 853 333 899 243 170 108
is_linear=0
shrinkage=0.05


Tree=34
num_leaves=12
num_cat=0
split_feature=108 140 7 90 110 136 12 136 108 75 114
split_gain=0.0198342 0.0283624 0.0215748 0.0315595 0.0175261 0.0381948 0.0292287 0.0129615 0.0150961 0.0153412 0.00735723
threshold=0.068814069032669081 0.90807822346687328 0.036316592246294029 0.4727704674005509 0.085665799677371993 0.6906777322292329 0.18366784602403644 0.98601162433624279 0.049108294770121581 0.44242639839649206 -0.0033521903678774829
decision_type=2 2 2 2 2 2 2 2 2 2 2
left_child=1 -1 4 -4 5 -3 -6 8 9 -7 -9
right_child=-2 2 3 -5 6 7 -8 10 -10 -11 -12
leaf_value=0.0010615633767883993 -0.00075427748064291395 -0.0011022172634287241 -0.0014859093951014014 9.9921095360473581e-05 -2.6995360118591412e-05 -0.00031107847548604263 0.0013309212653018507 -0.00085977930584997552 0.00090213253691520862 7.6894110864486522e-05 -7.6335409188498589e-05
leaf_weight=64 85 77 59 67 97 287 67 62 51 2271 58
leaf_count=64 85 77 59 67 97 287 67 62 51 2271 58
internal_value=-5.67961e-07 1.97059e-05 -1.83123e-06 -0.00064265 2.5355e-05 -4.00882e-06 0.000527763 2.69776e-05 5.03472e-05 3.33647e-05 -0.000481115
internal_weight=3245 3160 3096 126 2970 2806 164 2729 2609 2558 120
internal_count=3245 3160 3096 126 2970 2806 164 2729 2609 2558 120
is_linear=0
shrinkage=0.05


Tree=35
num_leaves=31
num_cat=0
split_feature=120 143 101 124 116 102 149 124 150 99 114 163 182 72 122 106 120 146 30 120 116 119 1 87 86 25 31 161 117 157
split_gain=0.0215113 0.0443888 0.0299699 0.0257971 0.0225938 0.0291516 0.0196333 0.0178173 0.016178 0.0246409 0.0200267 0.0198176 0.0240644 0.0171506 0.0155456 0.0181613 0.0208481 0.0164104 0.0199805 0.0160218 0.0154378 0.0140684 0.0260766 0.0137999 0.011186 0.00844937 0.00811592 0.00567993 0.00383487 0.00162901
threshold=0.18881986290216449 0.87379172444343578 0.67700499296188366 0.053177660331130035 -0.00033478050318080926 0.96419051289558422 0.78530064225196849 0.0042437887750566014 1.5027440190315249 1.0323897004127505 -0.0021269798744469877 62.242719650268562 0.025113248266279701 0.52107644081115734 0.016999916173517707 0.89427581429481517 0.52341148257255565 0.90194597840309154 0.17500000447034839 0.30395834147930151 0.0014482619008049371 0.16089414060115817 0.024578250013291839 0.15252687782049182 0.18494419753551486 0.27500000596046453 0.38333334028720861 1.756055533885956 0.35128946602344518 0.84972837567329418
decision_type=2 2 2 2 2 2 2 2 2 2 2 2 2 2 2 2 2 2 2 2 2 2 2 2 2 2 2 2 2 2
left_child=3 -2 -3 4 6 -6 7 -1 9 11 -11 12 -7 -13 15 19 17 18 -17 -4 -19 23 27 25 -10 -8 -26 -23 29 -25
right_child=1 2 14 -5 5 8 21 -9 24 10 -12 13 -14 -15 -16 16 -18 20 -20 -21 -22 22 -24 28 26 -27 -28 -29 -30 -31
leaf_value=-7.8028359698606138e-05 0.0015930834217355229 -0.0010731807345739353 0.00020523223046318824 -0.00090574975925846964 0.0010420067420288345 7.2810581457451919e-05 9.950411169260757e-05 -0.0012222823338360238 0.00021110105912621114 0.00022972711761082922 0.0014451895449181192 -1.3846898972565457e-05 0.0013441890802120193 -0.00062165246693327134 0.00096660571515323171 -4.0654087047187208e-05 -0.00051668566143857071 0.00023573646085760401 0.0010471512043354338 -0.00094021899874658439 -0.00050817405947932057 0.0001222528585918206 -0.0014122382614813332 -0.00020179848954103363 -0.00093756806912198153 0.00098537708292817969 -0.00014306313125416639 -0.0005395451607696219 8.0974952847548369e-05 -0.00060540849505923697
leaf_weight=53 52 52 53 95 71 125 57 95 51 91 54 566 53 146 56 64 95 595 124 72 79 89 54 50 90 51 50 51 69 50
leaf_count=53 52 52 53 95 71 125 57 95 51 91 54 566 53 146 56 64 95 595 124 72 79 89 54 50 90 51 50 51 69 50
internal_value=-4.65645e-07 0.000163143 0.000100658 -0.000101511 -6.16347e-05 5.69811e-05 -0.000310172 -0.000812516 -6.36107e-08 7.79615e-05 0.000682382 -2.05115e-05 0.000451367 -0.000138481 0.000154296 0.000112254 0.000186288 0.000263761 0.000676835 -0.000454548 0.000148542 -0.000152323 -0.000478851 7.63642e-05 -0.00042287 0.000517833 -0.000653816 -0.000118831 -0.000205758 -0.000403603
internal_weight=3253 1242 1190 2011 1916 1297 619 148 1226 1035 145 890 178 712 1138 1082 957 862 188 125 674 471 194 277 191 108 140 140 169 100
internal_count=3253 1242 1190 2011 1916 1297 619 148 1226 1035 145 890 178 712 1138 1082 957 862 188 125 674 471 194 277 191 108 140 140 169 100
is_linear=0
shrinkage=0.05


Tree=36
num_leaves=24
num_cat=0
split_feature=92 100 173 97 120 111 139 131 132 137 111 57 31 101 120 132 106 111 72 58 21 110 56
split_gain=0.0211395 0.0304622 0.0191345 0.0364803 0.0286964 0.028796 0.0579234 0.0300459 0.0245151 0.02373 0.0393201 0.0221356 0.0207943 0.0185862 0.0173669 0.0166648 0.0165204 0.0268277 0.0102561 0.0100978 0.0160634 0.0111158 0.0088846
threshold=0.66315379738807689 0.92006945610046398 1.2558980584144595 0.89878782629966747 0.44779141247272497 0.08775541186332704 0.98420026898384105 1.138469994068146 0.90202537178993236 0.99640506505966198 0.092316173017025008 0.46190677583217626 0.083333335816860213 0.81384822726249706 0.05155973136425019 0.95024794340133678 1.1367335319519045 0.099019650369882597 0.50635552406311046 0.13523674011230472 0.58068135380744945 0.030128665268421177 0.57666149735450756
decision_type=2 2 2 2 2 2 2 2 2 2 2 2 2 2 2 2 2 2 2 2 2 2 2
left_child=2 -2 3 -1 5 7 -7 12 -5 10 19 -9 -4 15 -14 -11 17 -15 -17 21 -21 -10 -16
right_child=1 -3 4 8 -6 6 -8 11 9 13 -12 -13 14 16 22 18 -18 -19 -20 20 -22 -23 -24
leaf_value=0.0013117384082976392 0.00157138789038393 -0.00016537843458354473 0.0006780450636684459 -0.0010438629122088768 0.00086630024548047045 -0.0021821776250425472 0.00014007742935791612 -0.00025877110545505428 0.00020714412608118868 0.0001135145562895215 0.0013591953233863491 -0.001575411619580399 -0.00085574068370091567 -2.0022105368812029e-06 0.00042134384383327129 -0.00030776155750760972 -0.00074765151566160576 0.0011221725948813732 -0.0011787490644362859 -0.0001044155607709452 0.00060280578133339695 -0.00063719153541670593 -0.00029341444669733069
leaf_weight=55 51 50 94 54 51 58 50 71 85 74 78 58 71 1513 89 58 70 55 81 138 192 72 85
leaf_count=55 51 50 94 54 51 58 50 71 85 74 78 58 71 1513 89 58 70 55 81 138 192 72 85
internal_value=-4.42364e-07 0.000711603 -2.32585e-05 3.81302e-05 -0.000270478 -0.00037113 -0.00110706 -0.0002013 9.77054e-06 3.33203e-05 0.000316949 -0.000850749 4.58349e-05 -5.32546e-05 -0.000196727 -0.000492623 3.87945e-06 3.74299e-05 -0.000815315 0.000150018 0.000307059 -0.000180067 7.21803e-05
internal_weight=3253 101 3152 2525 627 576 108 468 2470 2416 565 129 339 1851 245 213 1638 1568 139 487 330 157 174
internal_count=3253 101 3152 2525 627 576 108 468 2470 2416 565 129 339 1851 245 213 1638 1568 139 487 330 157 174
is_linear=0
shrinkage=0.05


Tree=37
num_leaves=17
num_cat=0
split_feature=92 141 2 183 108 170 158 85 70 137 107 1 161 103 55 77
split_gain=0.0190784 0.0287994 0.0178606 0.0513004 0.021885 0.0196097 0.0157937 0.0222102 0.0325412 0.0229822 0.0176358 0.0170863 0.0151883 0.0146621 0.0114308 0.0108363
threshold=0.66315379738807689 0.97507271170616161 0.85136240720748912 0.056539529934525497 0.022460223175585273 11111211520.000002 1.1020811200141909 0.85497534275054943 0.55721583962440502 0.99593389034271251 0.025050991214811805 0.04491995461285115 1.4133033752441408 0.9628179967403413 0.64223912358284008 0.52472519874572765
decision_type=2 2 2 2 2 2 2 2 2 2 2 2 2 2 2 2
left_child=2 -2 3 5 -4 6 7 8 9 -1 13 -10 -12 -8 -14 -15
right_child=1 -3 4 -5 -6 -7 10 -9 11 -11 12 -13 14 15 -16 -17
leaf_value=0.00034200578666059305 0.0015120126769247958 -0.00017668756772764029 -4.0623029143503515e-05 0.0015165938958869613 -0.0013066370338122597 -0.00097768191470026561 0.00081051830367211185 0.00074950100921366723 -0.00046415955607136269 -0.0001634251531436816 -0.00090296938806995572 -0.0015796777873594481 0.00053821644007193603 0.00020790905756788597 -0.00045880608151241306 -0.00040501643567570028
leaf_weight=276 51 50 81 55 59 53 94 73 105 1215 69 51 57 827 58 79
leaf_count=276 51 50 81 55 59 53 94 73 105 1215 69 51 57 827 58 79
internal_value=-4.20246e-07 0.000676022 -2.20956e-05 3.56465e-06 -0.000574158 -2.45776e-05 -7.18278e-06 -0.000103927 -0.000141754 -6.98645e-05 0.000133358 -0.000828848 -0.000316507 0.000216133 3.53703e-05 0.000154464
internal_weight=3253 101 3152 3012 140 2957 2904 1720 1647 1491 1184 156 184 1000 115 906
internal_count=3253 101 3152 3012 140 2957 2904 1720 1647 1491 1184 156 184 1000 115 906
is_linear=0
shrinkage=0.05


Tree=38
num_leaves=29
num_cat=0
split_feature=120 143 12 168 101 121 124 90 161 77 121 89 92 80 102 158 11 122 106 120 52 146 161 116 12 1 132 12
split_gain=0.0186055 0.0393165 0.0265553 0.0316896 0.0259836 0.0243307 0.0279781 0.0221894 0.0244218 0.0207913 0.0195144 0.0191938 0.0160289 0.0143246 0.0172594 0.0160873 0.0151226 0.0128245 0.0161805 0.018785 0.0149181 0.0140703 0.0198457 0.0134362 0.0113052 0.00969211 0.00858367 0.00677558
threshold=0.18881986290216449 0.87379172444343578 0.23806506395339969 0.8566223978996278 0.67700499296188366 0.50257670879364025 0.040022695437073715 0.1579604968428612 1.424241900444031 0.52736422419548046 0.16673838347196582 0.58767259120941173 0.39186273515224462 0.11017802357673646 0.98206132650375377 1.186714291572571 0.97899934649467479 0.016999916173517707 0.89427581429481517 0.52341148257255565 0.091666668653488173 0.90194597840309154 1.4600154161453249 0.0014482619008049371 0.091170590370893492 0.015796453692018989 0.95707562565803539 0.36545528471469885
decision_type=2 2 2 2 2 2 2 2 2 2 2 2 2 2 2 2 2 2 2 2 2 2 2 2 2 2 2 2
left_child=2 -2 5 7 -3 6 9 -4 27 13 -5 -8 -10 14 24 26 -16 18 20 21 -6 22 -20 -23 -1 -11 -15 -9
right_child=1 4 3 10 17 -7 11 8 12 25 -12 -13 -14 15 16 -17 -18 -19 19 -21 -22 23 -24 -25 -26 -27 -28 -29
leaf_value=0.00098388903531867393 0.0014975204304321849 -0.0010000361225908048 0.00069703619282603655 0.0015176637596844311 -0.0010566208170968349 0.00070438384160903913 -0.0014934560464072849 -0.00044011006844812077 -0.00043319525868921983 -0.00039197847676665076 0.00021544708162728771 -0.00022909023234835612 0.00062646602149851434 -0.0014086276865855325 -0.00074442699068723338 4.7390618103394367e-05 -5.6512120338006436e-05 0.00088069555162551948 0.0012976037436081764 -0.00049269575506370635 4.6075526740462244e-05 0.00022278680902428365 0.00023495025823156202 -0.0004712229992187128 3.6544706927088558e-05 -0.0013497305719065481 -0.00048669960199143082 -0.0012282056885305793
leaf_weight=62 52 52 85 66 54 72 71 60 61 56 51 52 86 50 88 69 867 56 70 95 71 595 118 79 64 50 51 50
leaf_count=62 52 52 85 66 54 72 71 60 61 56 51 52 86 50 88 69 867 56 70 95 71 595 118 79 64 50 51 50
internal_value=-3.99233e-07 0.000151758 -9.43722e-05 0.00023973 9.29519e-05 -0.000193182 -0.000236847 -3.26797e-06 -0.000234886 -0.000171397 0.000950031 -0.000958927 0.000186743 -0.000114427 -4.73317e-05 -0.000541077 -0.000119901 0.000142895 0.000104709 0.000174589 -0.000430289 0.00024813 0.000630619 0.000141441 0.000502698 -0.000843748 -0.0009431 -0.000798335
internal_weight=3253 1242 2011 459 1190 1552 1480 342 257 1357 117 123 147 1251 1081 170 955 1138 1082 957 125 862 188 674 126 106 101 110
internal_count=3253 1242 2011 459 1190 1552 1480 342 257 1357 117 123 147 1251 1081 170 955 1138 1082 957 125 862 188 674 126 106 101 110
is_linear=0
shrinkage=0.05


Tree=39
num_leaves=10
num_cat=0
split_feature=169 72 112 102 138 139 133 170 146
split_gain=0.0175474 0.0172999 0.0307891 0.0271964 0.0300916 0.0142764 0.0269029 0.0311342 0.0181761
threshold=1.2510936260223391 0.55865001678466808 0.02870348654687405 0.95458224415779125 0.97045487165451061 0.95033204555511486 0.88339036703109752 1657806592.0000002 0.74837079644203197
decision_type=2 2 2 2 2 2 2 2 2
left_child=1 2 3 -1 -5 -6 7 -7 -8
right_child=-2 -3 -4 4 5 6 8 -9 -10
leaf_value=-0.00096619421771417056 0.00065508238654876205 -0.00088411811346049321 0.0011896980797761025 0.00090338493255228639 -0.00086761160334572192 -0.0001217606478442984 -0.00080007490561491499 0.0014836922466721653 -2.5582271568012283e-05
leaf_weight=75 99 57 53 89 50 58 78 63 2631
leaf_count=75 99 57 53 89 50 58 78 63 2631
internal_value=-3.79272e-07 -2.09534e-05 -5.0669e-06 -2.58693e-05 -2.11574e-06 -3.00982e-05 -1.53012e-05 0.000714136 -4.78822e-05
internal_weight=3253 3154 3097 3044 2969 2880 2830 121 2709
internal_count=3253 3154 3097 3044 2969 2880 2830 121 2709
is_linear=0
shrinkage=0.05


Tree=40
num_leaves=18
num_cat=1
split_feature=3 126 1 166 121 62 186 110 12 90 124 123 135 126 158 119 109
split_gain=0.0181297 0.0292717 0.021678 0.02699 0.0196424 0.0163306 0.0153978 0.0346224 0.0147446 0.0168363 0.0146098 0.0127465 0.0195646 0.0166919 0.00981629 0.00940017 0.00706125
threshold=0.03262907266616822 0.12923173606395724 0.060781519860029228 63.97370910644532 0.38059557974338537 0.32568065822124487 0 0.026753116399049762 0.14301332831382754 0.20549915730953219 0.051897101104259498 0.012659770902246239 0.89822575449943554 -0.076446775346994386 1.0928208827972414 0.14875187724828723 0.018649608828127388
decision_type=2 2 2 2 2 2 1 2 2 2 2 2 2 2 2 2 2
left_child=1 2 4 -4 5 -1 7 -6 -9 -10 11 13 -13 -7 16 -16 -8
right_child=-2 -3 3 -5 6 10 14 8 9 -11 -12 12 -14 -15 15 -17 -18
leaf_value=0.00073748606426472015 0.00092980667288065889 -0.0011330961110908933 -0.0013067414489757671 0.00015876310514469975 0.0017719728302051643 0.00062928804045077422 5.473139175083689e-05 0.00098414689341981749 0.00066006802690725852 -0.00053509688929325957 -0.00088867837688527424 0.00051539371129462222 -0.00010183091494341155 -0.0001318534774154419 -5.7707871116387352e-05 0.00083110392638213347 -0.00063414163957913267
leaf_weight=66 50 59 70 57 51 75 93 53 52 68 52 235 283 1819 60 59 62
leaf_count=66 50 59 70 57 51 75 93 53 52 68 52 235 283 1819 60 59 62
internal_value=-1.49676e-05 -2.96654e-05 -9.0307e-06 -0.000648995 1.78106e-05 -3.86888e-05 0.000304846 0.000600288 0.000289576 -1.71921e-05 -5.94792e-05 -4.16026e-05 0.000178184 -0.000101713 3.99503e-05 0.000382964 -0.000220818
internal_weight=3264 3214 3155 127 3028 2530 498 224 173 120 2464 2412 518 1894 274 119 155
internal_count=3264 3214 3155 127 3028 2530 498 224 173 120 2464 2412 518 1894 274 119 155
cat_boundaries=0 1
cat_threshold=592
is_linear=0
shrinkage=0.05


Tree=41
num_leaves=17
num_cat=0
split_feature=3 126 1 96 183 23 179 10 3 157 166 111 89 156 71 119
split_gain=0.016362 0.0266218 0.0186984 0.0262255 0.0158344 0.0129057 0.0170632 0.0195504 0.0195249 0.0192667 0.0192431 0.0170558 0.0138896 0.0145337 0.0124916 0.00644838
threshold=0.03262907266616822 0.11608133465051652 0.060781519860029228 -6.0164785385131827 0.04171526990830899 0.5000000149011613 14.446410179138185 1.0185846090316775 0.012741187587380411 1.4442155957221987 53.472267150878913 0.089652277529239668 -0.65230453014373768 0.30126322805881506 0.53898397088050853 0.25104290246963507
decision_type=2 2 2 2 2 2 2 2 2 2 2 2 2 2 2 2
left_child=1 2 4 -4 5 12 7 9 11 -7 -9 -8 -1 15 -15 -14
right_child=-2 -3 3 -5 -6 6 8 10 -10 -11 -12 -13 13 14 -16 -17
leaf_value=0.00048900319564716872 0.00088331632988411014 -0.00085272244496177585 4.4100531935299168e-05 -0.0014895132621750235 0.00084609176469313215 3.1704528323487091e-05 -0.00022845024234781258 -9.7421381393197326e-05 -0.001048296885187084 0.00092632520260779608 0.00090914083379777888 0.00078348291896803031 -0.00033567216841514264 -0.00011006749949404794 0.00058712539938663702 -0.00094649142311027396
leaf_weight=95 50 95 63 50 57 812 209 67 57 65 163 52 133 1164 68 64
leaf_count=95 50 95 63 50 57 812 209 67 57 65 163 52 133 1164 68 64
internal_value=-1.42192e-05 -2.81821e-05 -3.06786e-06 -0.00063449 2.06682e-05 4.71395e-06 0.000112884 0.000205617 -0.000209931 9.80105e-05 0.000615925 -2.6839e-05 -9.64295e-05 -0.000135349 -7.15861e-05 -0.000534111
internal_weight=3264 3214 3119 113 3006 2949 1425 1107 318 877 230 261 1524 1429 1232 197
internal_count=3264 3214 3119 113 3006 2949 1425 1107 318 877 230 261 1524 1429 1232 197
is_linear=0
shrinkage=0.05


Tree=42
num_leaves=29
num_cat=1
split_feature=178 162 89 0 102 52 62 115 17 54 70 120 70 62 97 88 186 32 101 158 68 116 173 134 93 101 90 83
split_gain=0.01491 0.034379 0.026702 0.0167847 0.0409799 0.025665 0.0185571 0.0199837 0.0222267 0.021929 0.0200186 0.0141746 0.0136546 0.0203894 0.0202255 0.0163761 0.0140343 0.0202351 0.0140133 0.0114114 0.0110617 0.0109112 0.0106845 0.0102893 0.00901624 0.00857768 0.00769518 0.00949334
threshold=-9.9801459312438947 245.27997589111331 0.43040919303894049 0.024464489892125133 0.96208077669143688 0.10833333432674409 0.34297455847263342 0.0033102686284109954 0.9624999761581422 0.51412612199783336 0.52209421992301952 0.0014647474163211884 0.50799348950386058 0.37866879999637609 0.94316986203193676 0.85850590467453014 0 0.19166667014360431 0.85778847336769115 0.97108840942382824 0.54663988947868358 0.0014482619008049371 1.0003408789634707 0.87933167815208446 7.374744415283204 0.88506934046745311 -0.26213485002517695 0.1211148612201214
decision_type=2 2 2 2 2 2 2 2 2 2 2 2 2 2 2 2 1 2 2 2 2 2 2 2 2 2 2 2
left_child=1 2 -1 4 -2 24 -6 8 11 -9 -10 -8 15 -14 -15 16 17 -3 -18 -13 25 22 -20 -16 -5 -11 -25 -28
right_child=3 12 -4 5 6 -7 7 9 10 20 -12 19 13 14 23 -17 18 -19 21 -21 -22 -23 -24 26 -26 -27 27 -29
leaf_value=-0.0018231534147721854 0.0014154184447854 0.0014583353061050945 -0.00020486645959317683 -0.00030335852635014521 0.00093255316620104818 -0.00114248590872866 -0.00059419914649856188 0.00031669195442244767 0.0015336914352956229 -0.0012813506337099373 0.00023137701693687836 -5.8922934546014762e-05 0.00065111432028330731 -0.0012944727661615273 0.00029088979118428206 -0.00052528404879960866 -0.00066913400339123255 8.1646923743911818e-05 -0.0001552523981846493 0.00024661931444701872 -0.00012032662311867171 0.00073388063954526854 0.00049707506957602575 0.00018936269843834453 0.00049138541247228831 -0.0004288716730370652 -0.00088620278566714722 -0.00026445599040756458
leaf_weight=52 59 51 50 86 61 69 78 85 50 72 72 584 54 53 71 94 58 56 213 641 64 69 89 51 61 50 94 177
leaf_count=52 59 51 50 86 61 69 78 85 50 72 72 584 54 53 71 94 58 56 213 641 64 69 89 51 61 50 94 177
internal_value=-1.35082e-05 -0.000150751 -0.00102988 6.97022e-05 0.000119262 -0.000346972 7.57376e-05 4.49206e-05 0.000119767 -0.000348645 0.000765112 5.93434e-05 -7.13969e-05 -0.000266496 -0.000377597 8.34437e-05 0.000190198 0.000674763 5.23893e-05 0.000100957 -0.000652697 0.0001666 3.69898e-05 -0.000253947 2.64332e-05 -0.000931974 -0.000374082 -0.000480117
internal_weight=3264 1232 102 2032 1816 216 1757 1696 1425 271 122 1303 1130 500 446 630 536 107 429 1225 186 371 302 393 147 122 322 271
internal_count=3264 1232 102 2032 1816 216 1757 1696 1425 271 122 1303 1130 500 446 630 536 107 429 1225 186 371 302 393 147 122 322 271
cat_boundaries=0 1
cat_threshold=576
is_linear=0
shrinkage=0.05


Tree=43
num_leaves=18
num_cat=1
split_feature=117 55 168 47 121 107 160 141 111 154 111 72 179 144 186 159 23
split_gain=0.0153586 0.018267 0.0250615 0.015932 0.0147888 0.0401551 0.0316874 0.0213321 0.0192084 0.0320454 0.0219612 0.0218517 0.0167471 0.0151499 0.0112955 0.0130842 0.00746462
threshold=0.89913097023963939 0.74933841824531566 2.6175065040588383 0.35833333432674414 0.018945604562759403 0.018568757921457294 1.2211373448371889 1.2603615522384646 0.10654966533184053 0.356052115559578 0.10105700418353082 0.50609257817268383 14.786090373992922 0.94511008262634288 0 1.2377843856811526 0.30000000447034841
decision_type=2 2 2 2 2 2 2 2 2 2 2 2 2 2 1 2 2
left_child=1 3 -3 -1 5 13 -7 8 10 -10 12 -11 -6 -5 16 -16 -15
right_child=-2 2 -4 4 7 6 -8 -9 9 11 -12 -13 -14 14 15 -17 -18
leaf_value=0.00084542422609283012 0.00060042085590821719 0.00023654539450434272 -0.0011092483523374209 0.00073323687742742017 0.0001107713277664744 -0.0019781689808479751 -0.00029506245957926355 -0.00094931709569540221 0.0015513957330999389 0.00083894554698863951 -0.0010177541306891763 -0.00053375958623291808 -0.00020209515494929668 -0.00096948607529806659 -0.00024802129261187539 0.00072374608880009276 -0.00016354607024537872
leaf_weight=54 99 57 88 57 1687 54 58 55 55 53 51 64 573 56 86 58 59
leaf_count=54 99 57 88 57 1687 54 58 55 55 53 51 64 573 56 86 58 59
internal_value=-1.28328e-05 -3.20152e-05 -0.000580212 -5.69446e-06 -2.11902e-05 -0.000293068 -0.00110656 2.46584e-05 4.62326e-05 0.00055599 8.29305e-06 8.80641e-05 3.14472e-05 -4.74207e-06 -0.000167154 0.000134074 -0.000511524
internal_weight=3264 3165 145 3020 2966 428 112 2538 2483 172 2311 117 2260 316 259 144 115
internal_count=3264 3165 145 3020 2966 428 112 2538 2483 172 2311 117 2260 316 259 144 115
cat_boundaries=0 1
cat_threshold=1049
is_linear=0
shrinkage=0.05


Tree=44
num_leaves=27
num_cat=0
split_feature=91 7 173 99 12 125 116 115 56 84 106 121 136 90 111 21 140 135 90 110 144 111 166 87 96 160
split_gain=0.0140054 0.0198375 0.0148492 0.0202238 0.0215911 0.0263503 0.0263446 0.0174357 0.0266347 0.0174126 0.0156217 0.0166144 0.0195203 0.0193273 0.025492 0.0279377 0.0171038 0.0185241 0.0148595 0.0146201 0.0144445 0.0179536 0.016449 0.0122916 0.0111884 0.0106367
threshold=0.76129642128944408 0.056480046361684806 1.2236948013305666 0.80927890539169323 0.14591199159622195 0.059426477178931243 0.0012881222646683457 0.00028426955395843839 0.47722405195236212 0.79520592093467724 1.1367335319519045 0.035133570432662971 0.75124210119247448 0.50741562247276317 0.095867410302162184 0.42498780786991125 0.97174578905105602 0.87460583448410045 0.63748058676719677 0.047136707231402404 0.95524364709854137 0.030280944891273979 57.463399887084968 0.63357591629028331 -0.65758380293846119 1.3527834415435793
decision_type=2 2 2 2 2 2 2 2 2 2 2 2 2 2 2 2 2 2 2 2 2 2 2 2 2 2
left_child=1 2 10 -4 7 6 24 8 -5 -8 11 12 -1 14 19 -16 18 -18 -15 -13 22 -22 -14 25 -6 -9
right_child=-2 -3 3 4 5 -7 9 23 -10 -11 -12 13 20 16 15 -17 17 -19 -20 -21 21 -23 -24 -25 -26 -27
leaf_value=-0.0011247154125594535 0.00078635045388687611 -0.00096703670768130744 -0.0011298782373143528 -0.0002604078785298778 0.00085937395492243971 0.0012159029113827276 -0.0011156055278500872 0.00062795860705090745 -0.0015571285549826413 0.00010657664177272762 -0.00065568566958398541 0.00025273725575610076 0.0010507300900416358 0.0010545140494733066 0.00028957310881429129 0.001695350984033818 -0.00068384545356063131 -8.9704241411846565e-06 -0.00010852315815435233 -0.00019563860982371912 0.00022623421172856644 -0.00058836490850315906 -7.097429639383496e-05 -0.00066325319904253467 6.7624933546453361e-06 -0.00032429744323427955
leaf_weight=50 54 55 55 99 71 50 68 69 66 51 76 947 51 53 86 60 156 292 57 225 108 181 91 58 84 51
leaf_count=50 54 55 55 99 71 50 68 69 66 51 76 947 51 53 86 60 156 292 57 225 108 181 91 58 84 51
internal_value=-1.21912e-05 -2.56246e-05 -9.2133e-06 -0.000208338 -0.000132349 0.000160349 -3.22707e-05 -0.000408833 -0.000779096 -0.000591813 4.98775e-05 7.26279e-05 -0.000189538 0.000139846 0.00024427 0.00086729 -0.000106803 -0.000243972 0.000451849 0.000166658 -8.10491e-05 -0.000283947 0.000331891 -6.56107e-05 0.000397314 0.00022325
internal_weight=3264 3210 3155 722 667 324 274 343 165 119 2433 2357 481 1876 1318 146 558 448 110 1172 431 289 142 178 155 120
internal_count=3264 3210 3155 722 667 324 274 343 165 119 2433 2357 481 1876 1318 146 558 448 110 1172 431 289 142 178 155 120
is_linear=0
shrinkage=0.05


Tree=45
num_leaves=19
num_cat=0
split_feature=121 37 170 92 181 156 92 111 124 135 132 158 100 116 57 12 160 107
split_gain=0.0267377 0.0338858 0.02021 0.016945 0.0303558 0.0279657 0.0211501 0.0217118 0.0197292 0.0290186 0.013764 0.0133324 0.0119934 0.0198682 0.0114 0.0108771 0.0103999 0.0103221
threshold=0.44018782675266271 0.59166666865348827 10834402304.000002 0.59895783662796032 0.014474365394562485 0.44215014576911932 0.49094097316265112 0.048213629052042968 0.053177660331130035 0.70685815811157238 0.95801734924316417 0.93890160322189342 0.80600067973136913 0.0017649180372245612 0.54158508777618419 0.15652414411306384 1.29646772146225 0.0085832420736551302
decision_type=2 2 2 2 2 2 2 2 2 2 2 2 2 2 2 2 2 2
left_child=2 10 3 6 -5 -6 8 14 9 -1 -2 -9 16 -14 -8 -13 -11 -12
right_child=1 -3 -4 4 5 -7 7 11 -10 12 17 15 13 -15 -16 -17 -18 -19
leaf_value=0.0011490836851643744 -0.00046125758423780404 0.001239397306813367 -0.00098085362830207189 -0.00041705200195652788 0.0017388838904232465 0.00012158051193602239 -0.00036555528664344774 -0.0013794541724068538 -0.00072069801339684817 -0.0010655611839611083 -6.60925526019474e-06 -2.7264242745615298e-05 -7.8251570566009268e-05 0.00029210731763394166 0.00058991025343183782 -0.0009836252422497512 -8.9178888423096706e-05 0.00081873383274743924
leaf_weight=54 75 90 59 65 55 52 74 66 98 50 84 61 1662 463 54 58 60 69
leaf_count=54 75 90 59 65 55 52 74 66 98 50 84 61 1662 463 54 58 60 69
internal_value=-1.75739e-05 0.00041789 -6.48196e-05 -4.60014e-05 0.000435188 0.000952905 -7.6655e-05 -0.00046311 -2.59804e-05 3.76291e-06 9.36103e-05 -0.000809499 -2.39093e-05 2.4431e-06 3.75317e-05 -0.00049339 -0.000532989 0.000365604
internal_weight=3249 318 2931 2872 172 107 2700 313 2387 2289 228 185 2235 2125 128 119 110 153
internal_count=3249 318 2931 2872 172 107 2700 313 2387 2289 228 185 2235 2125 128 119 110 153
is_linear=0
shrinkage=0.05


Tree=46
num_leaves=16
num_cat=0
split_feature=121 116 170 145 0 84 126 144 156 7 132 60 182 178 88
split_gain=0.0241308 0.031459 0.0182395 0.0155831 0.0224518 0.0137129 0.0137295 0.0269734 0.0150263 0.0138191 0.0130203 0.0123116 0.0105931 0.0104985 0.00700068
threshold=0.44018782675266271 0.0022953372681513433 10834402304.000002 0.7513311803340913 0.051384894177317626 -0.50887277722358693 -0.0045615886338055125 0.97361281514167797 1.0392227768898012 -0.024869788438081738 0.94981122016906749 0.36962068080902105 0.015925872139632705 -3.3505227565765376 0.43257889151573187
decision_type=2 2 2 2 2 2 2 2 2 2 2 2 2 2 2
left_child=2 10 3 -1 5 12 7 13 -9 -8 -2 -11 -5 -7 -12
right_child=1 -3 -4 4 -6 6 9 8 -10 11 14 -13 -14 -15 -16
leaf_value=0.00075362503509192422 -0.00056194368479985069 0.0012693383769753078 -0.00093181094932133111 2.9225429110132002e-05 -0.0010704033855560098 -0.00053412682638474243 0.00061417778842143083 -0.00019074640080960092 0.00048306684780072832 -0.00019027507502269119 1.6801955847928024e-06 9.0323442896872344e-05 0.00079510398631626512 -0.0013894999881916381 0.00061691553201718378
leaf_weight=60 55 78 59 99 54 111 90 599 96 653 91 974 83 53 94
leaf_count=60 55 78 59 99 54 111 90 599 96 653 91 974 83 53 94
internal_value=-1.66952e-05 0.000396995 -6.15786e-05 -4.37013e-05 -6.0714e-05 -4.09448e-05 -7.05795e-05 -0.000233777 -9.76729e-05 1.10666e-05 0.000113484 -2.22954e-05 0.0003785 -0.000810558 0.000314286
internal_weight=3249 318 2931 2872 2812 2758 2576 859 695 1717 240 1627 182 164 185
internal_count=3249 318 2931 2872 2812 2758 2576 859 695 1717 240 1627 182 164 185
is_linear=0
shrinkage=0.05


Tree=47
num_leaves=15
num_cat=0
split_feature=121 37 170 92 181 166 145 7 171 92 126 77 100 68
split_gain=0.021778 0.0285481 0.0164612 0.0157423 0.018765 0.0149049 0.0308252 0.028159 0.0128763 0.0115076 0.0148819 0.0106895 0.00776781 0.00438356
threshold=0.44018782675266271 0.59166666865348827 10834402304.000002 0.63222000002861034 0.014474365394562485 75.056812286376967 0.75805273652076732 0.041148822754621513 98095164.000000015 0.49094097316265112 -0.0053941917140036813 0.50480401515960704 1.0645008683204653 0.53208735585212719
decision_type=2 2 2 2 2 2 2 2 2 2 2 2 2 2
left_child=2 8 3 5 -5 6 -1 9 12 11 -11 -8 13 -2
right_child=1 -3 -4 4 -6 -7 7 -9 -10 10 -12 -13 -14 -15
leaf_value=0.0011829033200629058 0.00087349414620634721 0.0011311803877924831 -0.00088522036264401913 -0.0002218993701093246 0.0010316624280474369 -0.00076626961477764739 7.616589661263223e-05 -0.0010670515938450674 -0.00054221514751514439 -0.00077585284299606558 -6.7802477414022959e-05 -0.00015396465198889856 -0.00016712464561702259 0.00024211672508889543
leaf_weight=50 54 90 59 51 72 74 1464 69 61 116 206 770 57 56
leaf_count=50 54 90 59 51 72 74 1464 69 61 116 206 770 57 56
internal_value=-1.58604e-05 0.000377145 -5.84997e-05 -4.15162e-05 0.000511893 -6.62777e-05 -4.69135e-05 -7.03386e-05 7.95e-05 -4.3432e-05 -0.000322877 -3.15394e-06 0.000306594 0.000552066
internal_weight=3249 318 2931 2872 123 2749 2675 2625 228 2556 322 2234 167 110
internal_count=3249 318 2931 2872 123 2749 2675 2625 228 2556 322 2234 167 110
is_linear=0
shrinkage=0.05


Tree=48
num_leaves=22
num_cat=0
split_feature=121 5 170 122 3 84 181 158 160 114 17 60 111 67 152 116 29 36 182 5 175
split_gain=0.0196547 0.0274316 0.0148562 0.0145543 0.0139791 0.0134186 0.0135164 0.0298612 0.039587 0.0309291 0.0151284 0.0348745 0.0187857 0.0156969 0.0169726 0.016425 0.0127266 0.0126878 0.00951635 0.00569694 0.00601887
threshold=0.44018782675266271 0.010065762791782619 10834402304.000002 -0.024297249503433701 0.010252656415104868 -0.50887277722358693 0.032021377235651023 0.77259755134582531 1.3410008549690249 0.0066463509574532518 0.97083333134651195 0.37156042456626898 0.03691487945616246 0.15425028651952746 0.15855991095304492 0.0030529096256941561 1.0000000180025095e-35 0.65000000596046459 0.015925872139632705 0.0039159378502517947 48.277441024780281
decision_type=2 2 2 2 2 2 2 2 2 2 2 2 2 2 2 2 2 2 2 2 2
left_child=2 4 3 -1 19 18 10 -8 9 -9 13 17 -13 15 -15 -7 -10 -12 -5 -2 -21
right_child=1 -3 -4 5 -6 6 7 8 16 -11 11 12 -14 14 -16 -17 -18 -19 -20 20 -22
leaf_value=0.00078144568885689749 3.6476712133056328e-05 0.0012744778911180149 -0.00084095936139327301 2.931475676017028e-05 -0.00059907825263919978 -6.3298089645631782e-05 0.000765689167789841 -0.0015352282256436301 -0.00051219353116438036 -0.00013273569232599887 0.00046844329946197391 0.00036829695838969199 0.0017389059062115849 0.00019890131154043472 -0.00061710947438399217 0.00069985458733729487 0.00041715654470833889 -0.00028390723828638305 0.0007552272044504426 0.00019024085396757495 0.00095098867526618189
leaf_weight=53 96 65 59 99 53 1493 51 114 61 60 82 50 50 86 246 74 93 177 83 52 52
leaf_count=53 96 65 59 99 53 1493 51 114 61 60 82 50 50 86 246 74 93 177 83 52 52
internal_value=-1.50674e-05 0.000358288 -5.55747e-05 -3.94404e-05 0.000122903 -5.48739e-05 -8.35326e-05 -0.000359837 -0.000534843 -0.00105161 -3.71556e-05 0.000260504 0.0010536 -9.34272e-05 -0.000405733 -2.7259e-05 4.90374e-05 -4.57113e-05 0.000360363 0.000314228 0.000570615
internal_weight=3249 318 2931 2872 253 2819 2637 379 328 174 2258 359 100 1899 332 1567 154 259 182 200 104
internal_count=3249 318 2931 2872 253 2819 2637 379 328 174 2258 359 100 1899 332 1567 154 259 182 200 104
is_linear=0
shrinkage=0.05


Tree=49
num_leaves=16
num_cat=0
split_feature=181 125 121 116 87 87 55 25 110 39 52 12 146 132 107
split_gain=0.0186333 0.0267391 0.0159614 0.029543 0.0128757 0.0136232 0.0209825 0.015222 0.0149494 0.0173925 0.0145757 0.0133422 0.013136 0.0104982 0.00569034
threshold=0.048932086676359184 0.097098249942064299 0.44018782675266271 0.0022206380963325505 -0.43663604557514185 -0.17070767283439633 0.56531977653503429 0.17500000447034839 0.087928391993045821 0.75000000000000011 0.12500000372529033 0.16170742362737658 0.74837079644203197 0.95801734924316417 0.0074371439404785642
decision_type=2 2 2 2 2 2 2 2 2 2 2 2 2 2 2
left_child=1 2 4 13 -1 6 7 -6 9 12 -11 -10 -7 -4 -15
right_child=-2 -3 3 -5 5 8 -8 -9 11 10 -12 -13 -14 14 -16
leaf_value=-0.00083046792259175656 -0.00071185162001144225 0.0010698986426397258 -0.00050524656535051162 0.0011995381875454475 0.00062657700048995531 -0.00070056227630583374 0.0012589964900944323 -0.00051963725112727846 -1.4052410516029102e-05 -0.00011403111375151569 -0.0012927171282677188 0.0010650708334937751 -4.068620073980537e-05 -1.3322005401682369e-05 0.00057218338080527651
leaf_weight=52 93 58 62 74 56 78 50 60 61 51 54 54 2279 90 77
leaf_count=52 93 58 62 74 56 78 50 60 61 51 54 54 2279 90 77
internal_value=-1.4314e-05 6.2408e-06 -1.36727e-05 0.000331022 -5.10404e-05 -3.62645e-05 0.00040277 3.37076e-05 -6.45454e-05 -9.05727e-05 -0.000720212 0.000492666 -6.25234e-05 5.03662e-05 0.000256642
internal_weight=3249 3156 3098 303 2795 2743 166 116 2577 2462 105 115 2357 229 167
internal_count=3249 3156 3098 303 2795 2743 166 116 2577 2462 105 115 2357 229 167
is_linear=0
shrinkage=0.05


Tree=50
num_leaves=41
num_cat=1
split_feature=182 30 30 88 186 30 124 161 155 27 7 117 86 37 174 109 136 40 83 92 111 124 166 71 90 50 158 92 156 180 164 2 155 36 131 178 163 128 109 30
split_gain=0.02065 0.0299461 0.0180651 0.030114 0.0311426 0.0477827 0.0357618 0.0319565 0.0232898 0.0205092 0.0247368 0.0199136 0.018543 0.0160992 0.0146199 0.0156439 0.0143565 0.0262547 0.0140044 0.0155265 0.0133832 0.0124469 0.0143506 0.0123788 0.0135671 0.0122232 0.0108725 0.0115387 0.0131385 0.0112995 0.0108485 0.0138137 0.0107753 0.0104892 0.00901748 0.00800441 0.00792089 0.00782436 0.00633158 0.00473794
threshold=0.044450454413890846 1.0000000180025095e-35 0.37500000000000006 -0.6363910138607024 0 0.17500000447034839 0.0051633175462484368 1.2172569632530215 0.27715677022933966 0.22500000149011615 0.01677856128662825 0.40354478359222418 0.23919419944286349 -0.32500000298023218 60.12800598144532 0.018221604637801651 0.79367354512214672 0.62500000000000011 0.73864835500717174 0.30059525370597845 0.089652277529239668 -0.011662554461508988 42.104808807373054 0.5075540840625764 0.64122450351715099 -0.22500000149011609 0.97108840942382824 0.2731227725744248 0.42663133144378668 450.39375305175787 180.59516143798831 0.19065794348716739 0.29878276586532598 0.58333334326744091 1.1046465039253237 -9.2703590393066388 375.95904541015631 1.0483805537223818 0.029383591376245025 0.62500000000000011
decision_type=2 2 2 2 1 2 2 2 2 2 2 2 2 2 2 2 2 2 2 2 2 2 2 2 2 2 2 2 2 2 2 2 2 2 2 2 2 2 2 2
left_child=2 -2 3 -1 5 7 -7 8 -5 13 21 20 14 25 15 -6 23 33 19 -12 -9 22 -11 -14 -25 37 27 28 -23 -29 31 -28 -27 -18 35 -16 -32 -4 39 -34
right_child=1 -3 9 4 12 6 -8 11 -10 10 18 -13 16 -15 34 -17 17 -19 -20 -21 -22 26 -24 24 -26 32 30 29 -30 -31 36 -33 38 -35 -36 -37 -38 -39 -40 -41
leaf_value=-0.00072077909705847948 0.00028976255541732698 -0.0012023560254885704 -0.00021339094499934518 0.00027563618594717422 0.00023622970975338832 0.0004796262314844439 0.0019432226335505598 -8.1029292394000531e-05 0.0017345793114395302 0.00022567113599507142 -0.00026817991626712512 0.00057285016677765686 -0.0011694559484790518 -0.0010473730886779345 -0.0001515495727319637 0.0012545622587794875 1.0117943157124992e-05 0.00098575150536894178 4.6008212136845996e-05 -0.0014784556422009186 -0.00099699897703249009 -0.00012163428777164561 -0.00096638193422490185 0.0001987907505930967 -0.00087340046798892548 -0.0006080790273043648 0.00099919078071754232 -0.00060159968774280311 0.00091256739921975944 0.00026170357647924131 -0.00039816516446972307 0.00010977678360567163 -0.00039745492977090181 -0.00057598210293620541 -0.00051833356940603279 0.00066528565273028242 0.00030645382949131617 -0.0010277469359705441 0.00059075642423302838 0.00024402835665063728
leaf_weight=95 57 82 54 59 88 85 82 197 51 50 53 99 53 76 61 66 287 59 68 53 50 68 51 70 51 61 116 106 56 59 51 70 53 104 56 59 183 65 58 63
leaf_count=95 57 82 54 59 88 85 82 197 51 50 53 99 53 76 61 66 287 59 68 53 50 68 51 70 51 61 116 106 56 59 51 70 53 104 56 59 183 65 58 63
internal_value=5.6699e-06 -0.00059048 3.25218e-05 0.000143771 0.000195853 0.000467201 0.00119828 0.000209705 0.000952055 -9.90266e-05 2.68533e-05 -2.63022e-05 1.36118e-05 -0.000387087 0.000316879 0.000672658 -0.000146552 2.58011e-06 -0.000514041 -0.000873318 -0.000266448 0.000143045 -0.000376257 -0.000532237 -0.000253125 -0.00024533 0.000217022 -1.90187e-05 0.000345425 -0.000292903 0.000379441 0.000664465 -3.62565e-05 -0.000145776 5.57187e-06 0.000250061 0.000152883 -0.000658207 0.00016421 -4.90631e-05
internal_weight=3225 139 3086 1672 1577 623 167 456 110 1414 984 346 954 430 330 154 624 450 174 106 247 810 101 174 121 354 709 289 124 165 420 186 235 391 176 120 234 119 174 116
internal_count=3225 139 3086 1672 1577 623 167 456 110 1414 984 346 954 430 330 154 624 450 174 106 247 810 101 174 121 354 709 289 124 165 420 186 235 391 176 120 234 119 174 116
cat_boundaries=0 1
cat_threshold=528
is_linear=0
shrinkage=0.05


Tree=51
num_leaves=14
num_cat=0
split_feature=109 112 142 142 12 7 53 173 110 154 109 154 105
split_gain=0.0177966 0.0160827 0.0175293 0.0174461 0.0351694 0.0222417 0.0218765 0.0152309 0.0137654 0.0183885 0.015376 0.0188258 0.0182661
threshold=0.11010024324059488 0.02870348654687405 0.92053171992301952 0.95080071687698375 0.20752143859863284 0.034283515065908439 0.79095324873924266 1.1873595714569094 0.085665799677371993 0.56682422757148754 0.024300784803926948 0.27158465981483465 0.95535787940025341
decision_type=2 2 2 2 2 2 2 2 2 2 2 2 2
left_child=1 2 -1 4 6 8 -4 -8 10 -10 12 -12 -5
right_child=-2 -3 3 5 -6 -7 7 -9 9 -11 11 -13 -14
leaf_value=-0.00082139051306830157 -0.00091211443558187548 0.00079881565048708588 0.00077771641593025033 0.0010278597866429254 0.0012863531936091023 -0.00099137852319695972 0.00017250348545905366 -0.0010494715792090431 0.00098564355537608304 -0.00023964747111313045 -0.00054790574945205966 -5.162139023655413e-05 6.3110650141837661e-05
leaf_weight=63 52 65 58 51 80 57 51 51 79 50 234 1042 1292
leaf_count=63 52 65 58 51 80 57 51 51 79 50 234 1042 1292
internal_value=5.38641e-06 2.04227e-05 4.14353e-06 2.12235e-05 0.000430377 -1.37842e-05 2.38862e-06 -0.000438484 6.49339e-06 0.000510725 -1.83427e-05 -0.000142633 9.97467e-05
internal_weight=3225 3173 3108 3045 240 2805 160 102 2748 129 2619 1276 1343
internal_count=3225 3173 3108 3045 240 2805 160 102 2748 129 2619 1276 1343
is_linear=0
shrinkage=0.05


Tree=52
num_leaves=36
num_cat=1
split_feature=182 161 30 30 186 124 32 87 182 1 119 92 27 36 160 116 172 171 135 152 125 161 136 91 119 70 87 30 77 162 122 27 146 109 35
split_gain=0.018197 0.0283376 0.0160542 0.0251771 0.0363 0.0385988 0.023708 0.0211593 0.0195523 0.0269061 0.0236931 0.0238916 0.0215289 0.0185124 0.0191022 0.0235468 0.0421835 0.0181266 0.0136604 0.0134433 0.0128769 0.0120504 0.0113337 0.0151123 0.0112947 0.0109487 0.00988961 0.00830937 0.00764177 0.00756297 0.00750581 0.00732874 0.00698895 0.00654677 0.00642673
threshold=0.044450454413890846 1.6298939585685732 0.37500000000000006 0.17500000447034839 0 0.0051633175462484368 0.65833333134651195 0.097595337778329863 0.034983638674020774 0.034765820950269706 0.27743627130985266 0.30277152359485632 0.22500000149011615 0.28333334624767309 1.2456236481666567 0.0016224915161728861 115270344.00000001 321905808.00000006 0.87582984566688549 0.18934599310159686 0.026331068016588691 1.1771280169487002 0.8657803237438203 0.46192593872547155 0.05199085362255574 0.53150194883346569 0.32014288008213049 0.47499999403953558 0.52236840128898632 405.10409545898443 -0.00056288347695954133 0.32500000298023229 0.95779940485954296 0.019203698262572292 0.42499999701976782
decision_type=2 2 2 2 1 2 2 2 2 2 2 2 2 2 2 2 2 2 2 2 2 2 2 2 2 2 2 2 2 2 2 2 2 2 2
left_child=2 -2 3 6 5 -5 13 -8 9 12 11 -11 25 19 15 26 -17 18 -16 -1 22 33 -6 34 29 27 -15 -4 -29 -23 -21 -26 -9 -14 -24
right_child=1 -3 8 4 20 -7 7 32 -10 10 -12 -13 21 14 17 16 -18 -19 -20 30 -22 24 23 -25 31 -27 -28 28 -30 -31 -32 -33 -34 -35 -36
leaf_value=-0.00093330274206101713 -0.0011858434311132161 0.00025277886163733413 -0.00078957822719790533 0.00035189458195669979 0.00083746543712164348 0.0018362645232051231 0.0013864821271329444 0.00062753490522065821 0.00073351703874376497 0.00043454263839521451 -0.0015318643089829078 -0.00087180344590229825 -8.5337463293827208e-06 0.00019090586242584876 -0.00055064860479796284 0.0013931852087900589 -0.00025724033844198857 0.00063900719865391008 2.9264139670380648e-05 0.00032200935683795252 -0.00045599902664492488 -0.00039493440740074763 0.00071394685709562442 -0.00063435511762673872 0.00074424769277251217 -0.00098410408955432703 -0.00064724353402485389 4.0643620775075221e-05 -0.00057872467628270114 0.00026585233801956174 -0.0005359807125527228 0.00023273624813383931 -7.4220643826142956e-05 -0.00073505230886216299 -4.0054760938801342e-05
leaf_weight=99 78 61 56 94 66 82 51 59 68 60 57 84 68 92 233 98 64 59 180 50 79 111 65 53 86 58 57 194 67 71 52 377 89 57 50
leaf_count=99 78 61 56 94 66 82 51 59 68 60 57 84 68 92 233 98 64 59 180 50 79 111 65 53 86 58 57 194 67 71 52 377 89 57 50
internal_value=5.11709e-06 -0.000554506 3.03237e-05 0.000135199 0.000436981 0.000987375 1.04557e-05 0.000508188 -9.36872e-05 -0.000135478 -0.000669031 -0.000327493 -4.18146e-05 -9.02037e-05 1.9677e-05 0.00032392 0.000741165 -0.000180788 -0.000297902 -0.000518246 9.29777e-05 0.000109489 0.000282289 6.41844e-05 0.000196565 -0.000352491 -0.000129728 -0.000236928 -0.000118351 -0.000137155 -0.000115397 0.000327747 0.000205533 -0.000339826 0.00038612
internal_weight=3225 139 3086 1672 489 176 1183 199 1414 1346 201 144 1145 984 783 311 162 472 413 201 313 770 234 168 645 375 149 317 261 182 102 463 148 125 115
internal_count=3225 139 3086 1672 489 176 1183 199 1414 1346 201 144 1145 984 783 311 162 472 413 201 313 770 234 168 645 375 149 317 261 182 102 463 148 125 115
cat_boundaries=0 1
cat_threshold=528
is_linear=0
shrinkage=0.05


Tree=53
num_leaves=13
num_cat=0
split_feature=182 69 92 167 11 110 84 133 136 4 122 121
split_gain=0.0164228 0.0272656 0.0153846 0.0300247 0.0203958 0.0182773 0.017365 0.0159046 0.0402948 0.0123413 0.0145708 0.0140153
threshold=0.044450454413890846 0.46978332102298742 0.64583784341812145 1.4823283553123476 0.94344139099121105 0.085665799677371993 0.41024143993854528 0.8470822572708131 0.69473630189895641 0.57170650362968456 -0.0049812041688710442 0.39500422775745397
decision_type=2 2 2 2 2 2 2 2 2 2 2 2
left_child=2 -2 4 -4 -1 7 -7 -6 -9 11 -11 -10
right_child=1 -3 3 -5 5 6 -8 8 9 10 -12 -13
leaf_value=-0.00093814368677028279 0.0001991565261512244 -0.001202304882058848 -0.00026574092525889976 0.0013674427768273745 0.00083216790262667932 -0.00013033438411366659 0.001054656443101308 -0.0012301096140142919 -7.8570143067087557e-05 0.001100325254359632 0.00015707436662652612 0.00024980882261065138
leaf_weight=56 67 72 53 60 56 50 81 67 1999 50 226 388
leaf_count=56 67 72 53 60 56 50 81 67 1999 50 226 388
internal_value=4.86123e-06 -0.00052678 2.88075e-05 0.000601436 7.0426e-06 2.51881e-05 0.00060237 -1.95146e-06 -1.90616e-05 1.14079e-05 0.000327953 -2.51931e-05
internal_weight=3225 139 3086 113 2973 2917 131 2786 2730 2663 276 2387
internal_count=3225 139 3086 113 2973 2917 131 2786 2730 2663 276 2387
is_linear=0
shrinkage=0.05


Tree=54
num_leaves=41
num_cat=1
split_feature=182 56 30 30 186 72 32 87 120 1 160 36 161 135 135 160 12 7 85 160 116 122 27 85 170 47 121 161 135 10 110 48 153 146 117 173 113 110 91 158
split_gain=0.0148215 0.0259502 0.0144112 0.0223509 0.0319703 0.0354988 0.021472 0.0194579 0.0177857 0.0180369 0.0246632 0.0163412 0.0176398 0.0202881 0.0173019 0.0206757 0.0143255 0.0159563 0.0131464 0.0127469 0.012717 0.0125212 0.0121057 0.0124242 0.011778 0.012412 0.0115925 0.0117274 0.0113134 0.0109998 0.0100851 0.00997836 0.00973027 0.00902132 0.00846618 0.00668969 0.00654125 0.00653077 0.00648203 0.00352267
threshold=0.044450454413890846 0.64895102381706249 0.37500000000000006 0.17500000447034839 0 0.51426413655281078 0.65833333134651195 0.26785965263843542 0.20798818767070773 0.035051373764872558 1.1054420471191408 0.28333334624767309 1.1479986906051638 0.87582984566688549 0.79514300823211681 1.183643698692322 0.22923170030117038 -0.0061440458521246901 0.25844512879848486 1.036377549171448 0.0039930227212607869 0.0046651216689497241 0.22500000149011615 0.68205660581588756 3396555776.0000005 0.4916666597127915 0.049174344167113311 1.8727425336837771 0.89261677861213695 1.0087876915931704 0.019235832616686824 0.30000000447034841 0.31364008784294134 0.95779940485954296 0.36361035704612737 1.1436809897422793 0.0015131714753806593 0.039300460368394859 0.27151572704315191 0.97108840942382824
decision_type=2 2 2 2 1 2 2 2 2 2 2 2 2 2 2 2 2 2 2 2 2 2 2 2 2 2 2 2 2 2 2 2 2 2 2 2 2 2 2 2
left_child=2 -2 3 6 5 28 11 -8 9 16 -11 21 13 -13 20 -16 22 -18 34 -20 -14 31 30 35 25 37 -6 29 -5 36 -4 -1 -19 -9 39 -24 -28 -21 -32 -10
right_child=1 -3 8 4 26 -7 7 33 18 10 -12 12 14 -15 15 -17 17 32 19 24 -22 -23 23 -25 -26 -27 27 -29 -30 -31 38 -33 -34 -35 -36 -37 -38 -39 -40 -41
leaf_value=-0.00056057623160271836 -0.0010125036349584182 0.00041102968930499637 8.0097478959942239e-05 8.785134459979036e-06 -0.00053385835594478212 0.0019676714820040311 0.0010554549619829392 0.0005416318848865296 -0.00025129472738990444 -0.0015748167678355932 -0.0002365911717980022 0.0013349969629951591 -9.562582199298329e-05 -6.8536018919145976e-05 0.00060968614321494003 -0.00011999161029213888 0.0010258661121970007 -0.00050980081318162515 -0.00029660423580963881 0.00031793884647681885 -0.0010809286920861764 -0.0011745582907460631 0.00018796011468761469 -0.00075772785933447286 0.0011642330465152695 0.00073590380218645029 0.00049292127246539726 -0.00032802461714912971 0.00099871309837369529 0.00087181666618036345 -0.00050745246308762145 0.00029102673705772692 0.00040298013058209559 -0.00035138541906264674 -0.00073620093211339515 -0.00028208078447360178 -0.00030403086114293891 -0.00044471035283864834 -0.0011794221058220569 0.00034222607384435831
leaf_weight=98 89 50 50 62 60 60 85 52 50 54 95 51 65 52 126 423 51 56 64 61 66 50 238 57 52 98 52 67 54 83 107 53 61 62 53 111 51 52 54 50
leaf_count=98 89 50 50 62 60 60 85 52 50 54 95 51 65 52 126 423 51 56 64 61 66 50 238 57 52 98 52 67 54 83 107 53 61 62 53 111 51 52 54 50
internal_value=4.61817e-06 -0.000500441 2.73671e-05 0.000126731 0.00041107 0.00092761 9.19752e-06 0.000482878 -9.01267e-05 -0.000217251 -0.000721586 -8.65975e-05 1.66386e-05 0.000626417 -7.5725e-05 4.74754e-05 -0.000121524 0.00028781 0.000157236 0.000336224 -0.000592038 -0.000488756 -0.000232979 -7.33176e-05 0.000490221 0.000324113 8.81671e-05 0.000239168 0.000469614 0.000443479 -0.000540196 -0.000261669 -3.39065e-05 5.59558e-05 -0.000225308 3.84629e-05 9.83139e-05 -3.30148e-05 -0.000732834 4.54657e-05
internal_weight=3225 139 3086 1672 489 176 1183 199 1414 934 149 984 783 103 680 549 785 168 480 327 131 201 617 406 263 211 313 253 116 186 211 151 117 114 153 349 103 113 161 100
internal_count=3225 139 3086 1672 489 176 1183 199 1414 934 149 984 783 103 680 549 785 168 480 327 131 201 617 406 263 211 313 253 116 186 211 151 117 114 153 349 103 113 161 100
cat_boundaries=0 1
cat_threshold=528
is_linear=0
shrinkage=0.05


Tree=55
num_leaves=25
num_cat=0
split_feature=178 170 170 182 153 126 109 174 128 113 170 127 168 179 118 6 181 158 140 57 173 88 109 182
split_gain=0.0170668 0.0357783 0.0237383 0.0444065 0.0419854 0.0223127 0.0234948 0.0225107 0.0201256 0.0180858 0.0176259 0.0228894 0.0172176 0.0149863 0.0168112 0.0129321 0.00970331 0.0199643 0.0103573 0.0117102 0.0107838 0.00763819 0.00763711 0.00763345
threshold=-10.08299398422241 4514851584.000001 4951758080.000001 0.022544475272297863 0.31905485689640051 0.076210658997297301 0.047445906326174743 57.184614181518562 1.0863156914711001 0.011785193346440794 3092086656.0000005 1.0308077335357668 5.6200134754180917 10.37033271789551 0.37764443457126623 0.22756041586399081 0.031793111935257919 0.9781128764152528 0.96439373493194591 0.59310692548751842 1.3371818065643313 0.82512345910072338 0.062419889494776733 0.014205278828740122
decision_type=2 2 2 2 2 2 2 2 2 2 2 2 2 2 2 2 2 2 2 2 2 2 2 2
left_child=1 10 5 -4 -5 6 8 15 12 -7 16 -12 13 14 -2 -8 18 -18 -1 20 21 -20 -19 -15
right_child=2 -3 3 4 -6 9 7 -9 -10 -11 11 -13 -14 23 -16 -17 17 22 19 -21 -22 -23 -24 -25
leaf_value=0.00052779411341203199 -0.00011501084840387366 -0.0012091329256072641 -0.00022706369640792748 0.0020962343705491549 0.00023035027179662792 -0.00011234298425127539 -0.00034335311658931179 0.0014492916752045094 -0.00075204504408045783 -0.0013430077882766651 -8.8061977393885007e-05 0.0012033875681387645 0.00085309369997748252 0.00014805647695902735 0.0003379663737523872 0.00078285525261890154 -0.0013068619884403956 -0.00054325092667782237 5.1559788648192716e-05 -0.00086353044260669353 -0.00072653630480393379 -0.00041508283841505461 0.00032204478515732084 0.001001665205483071
leaf_weight=63 1041 75 95 64 57 72 52 57 81 51 84 58 65 50 255 50 53 51 532 52 60 105 51 55
leaf_count=63 1041 75 95 64 57 72 52 57 81 51 84 58 65 50 255 50 53 51 532 52 60 105 51 55
internal_value=-1.14917e-06 -0.000152221 8.63173e-05 0.000582027 0.00121726 2.77752e-05 7.46676e-05 0.000653447 1.5181e-05 -0.000622619 -8.07435e-05 0.000439431 5.75721e-05 2.06635e-05 -2.58834e-05 0.00020871 -0.000157129 -0.000519646 -8.79293e-05 -0.000139719 -8.57189e-05 -2.53593e-05 -0.000110603 0.000595185
internal_weight=3229 1184 2045 216 121 1829 1706 159 1547 123 1109 142 1466 1401 1296 102 967 155 812 749 697 637 102 105
internal_count=3229 1184 2045 216 121 1829 1706 159 1547 123 1109 142 1466 1401 1296 102 967 155 812 749 697 637 102 105
is_linear=0
shrinkage=0.05


Tree=56
num_leaves=21
num_cat=0
split_feature=117 39 70 178 170 144 170 100 116 93 37 50 170 127 152 160 173 72 108 53
split_gain=0.0158621 0.021216 0.0161023 0.014964 0.0274378 0.0204216 0.031841 0.0186838 0.0159949 0.0174378 0.0218031 0.0160141 0.0128999 0.0171422 0.0119275 0.0111635 0.00845911 0.00839795 0.00795701 0.00521397
threshold=0.92381414771080028 0.75000000000000011 0.51098072528839122 -10.08299398422241 4514851584.000001 0.88507005572319042 1289395776.0000002 0.80600067973136913 -0.002885764697566628 7.9463391304016122 0.27500000596046453 0.27500000596046453 3092086656.0000005 1.0308077335357668 0.17788494378328326 0.88646724820137035 1.494818449020386 0.51395961642265331 0.040441520512104041 0.68023669719696056
decision_type=2 2 2 2 2 2 2 2 2 2 2 2 2 2 2 2 2 2 2 2
left_child=1 3 -3 4 12 6 -5 -7 14 11 -11 -10 15 -14 -9 -1 18 -4 -17 -16
right_child=-2 2 17 5 -6 7 -8 8 9 10 -12 -13 13 -15 19 16 -18 -19 -20 -21
leaf_value=-0.00085327730967737114 0.0007975341026007091 0.00013576341560110451 -0.00050497644699680684 -0.00019414812845606057 -0.0011560168263742762 -0.00075650914168100053 0.001299692975394031 -0.0010019054178243365 1.202664024022181e-05 -3.9638116010648545e-05 0.00095527745789549673 0.00067326721316085883 -9.0539394628132955e-05 0.0010412433930532803 0.00028129609198549588 -0.00010878034614549063 -0.00072967601934215056 -0.0014213798789132854 0.00044212596822035266 -0.00044078215491026639
leaf_weight=52 61 50 50 62 62 69 84 54 1219 95 131 99 81 57 50 731 50 50 72 50
leaf_count=52 61 50 50 62 62 69 84 54 1219 95 131 99 81 57 50 731 50 50 72 50
internal_value=-1.09172e-06 -1.64693e-05 -0.000596864 1.23774e-05 -0.000134114 9.69944e-05 0.000665322 5.00358e-05 8.28106e-05 0.000131276 0.000537061 6.16949e-05 -7.33676e-05 0.000376936 -0.000403099 -0.000142033 -9.86743e-05 -0.000963178 -5.9384e-05 -7.9743e-05
internal_weight=3229 3168 150 3018 1105 1913 146 1767 1698 1544 226 1318 1043 138 154 905 853 100 803 100
internal_count=3229 3168 150 3018 1105 1913 146 1767 1698 1544 226 1318 1043 138 154 905 853 100 803 100
is_linear=0
shrinkage=0.05


Tree=57
num_leaves=13
num_cat=0
split_feature=72 112 104 102 92 124 9 82 1 141 110 132
split_gain=0.0153485 0.0251247 0.0221759 0.0174196 0.0329307 0.0298413 0.0139728 0.0105553 0.0102369 0.0102079 0.014222 0.00927165
threshold=0.55865001678466808 0.02870348654687405 0.88624072074890148 0.97106772661209118 0.32022376358509069 0.042978366836905486 0.96940624713897716 -0.089556351304054246 0.018684874288737777 1.2603615522384646 0.089074753224849715 0.91762652993202221
decision_type=2 2 2 2 2 2 2 2 2 2 2 2
left_child=1 2 -1 4 11 -6 -5 8 -8 10 -9 -4
right_child=-2 -3 3 6 5 -7 7 9 -10 -11 -12 -13
leaf_value=-0.00092409090452747486 -0.00070795435528270907 0.0010750720085872508 -0.00077155515744100115 -0.00076960164496100688 0.0014228052292232765 8.0492380097771157e-05 -2.9126454189411435e-05 6.3657282663767684e-06 -0.0010134271071774493 -0.00069188842596486222 0.0006330650491671553 0.00016817594256487078
leaf_weight=64 75 55 52 61 94 74 56 2451 50 50 94 53
leaf_count=64 75 55 52 61 94 74 56 2451 50 50 94 53
internal_value=-1.03713e-06 1.57729e-05 -3.02719e-06 1.63956e-05 0.000397409 0.000831548 -2.12643e-05 -4.3637e-06 -0.000493419 1.56131e-05 2.9513e-05 -0.000297215
internal_weight=3229 3154 3099 3035 273 168 2762 2701 106 2595 2545 105
internal_count=3229 3154 3099 3035 273 168 2762 2701 106 2595 2545 105
is_linear=0
shrinkage=0.05


Tree=58
num_leaves=11
num_cat=0
split_feature=114 112 142 102 155 7 7 75 96 83
split_gain=0.0144453 0.0201379 0.0191924 0.018596 0.0259874 0.0160373 0.0142347 0.0103064 0.0104064 0.00973032
threshold=0.014019430615007879 0.030116983689367775 0.92360034584999096 0.96419051289558422 0.22488037496805194 0.036316592246294029 0.030031889677047733 0.43386471271514898 -0.089898314327001558 0.87905284762382518
decision_type=2 2 2 2 2 2 2 2 2 2
left_child=1 2 -1 4 -4 6 7 9 -9 -5
right_child=-2 -3 3 5 -6 -7 -8 8 -10 -11
leaf_value=-0.00075371841225402823 -0.00081964271590069721 0.00098854239913634965 0.0014779270230564198 -0.0005191283392388409 7.8722277306185701e-05 -0.00088966254523827461 0.00079417934331494115 -9.8084485005200225e-06 0.00038055317350169744 0.00020607992584469712
leaf_weight=83 53 52 51 174 95 51 56 2367 184 63
leaf_count=83 53 52 51 174 95 51 56 2367 184 63
internal_value=-9.85274e-07 1.26762e-05 -3.56741e-06 1.6907e-05 0.000567486 -1.08597e-05 4.89941e-06 -1.09541e-05 1.83478e-05 -0.000326351
internal_weight=3229 3176 3124 3041 146 2895 2844 2788 2551 237
internal_count=3229 3176 3124 3041 146 2895 2844 2788 2551 237
is_linear=0
shrinkage=0.05


Tree=59
num_leaves=15
num_cat=0
split_feature=72 123 104 102 92 124 0 77 10 100 115 101 161 132
split_gain=0.0138378 0.0176697 0.0172621 0.0147571 0.0210153 0.0245167 0.012764 0.00977441 0.0143258 0.0111716 0.0240025 0.0118336 0.00744812 0.00738294
threshold=0.55865001678466808 0.048637006431818015 0.87967461347579967 0.97106772661209118 0.32022376358509069 0.042978366836905486 0.03127222694456578 0.52410688996315014 1.0156013369560244 0.82805266976356517 0.0052503913175314674 0.72344014048576366 1.344171464443207 0.91762652993202221
decision_type=2 2 2 2 2 2 2 2 2 2 2 2 2 2
left_child=1 2 -1 4 13 -6 7 9 12 10 -5 -11 -9 -4
right_child=-2 -3 3 6 5 -7 -8 8 -10 11 -12 -13 -14 -15
leaf_value=-0.00084072184642233576 -0.00067216234025545426 0.00089526434239814998 -0.00061905407609838927 -0.0012299375562078139 0.0012598989728797713 6.3086518275667919e-05 -0.00072259902736977754 0.00021180994661055874 -0.001016678670882511 0.00079266061948146671 3.7795796409280097e-05 4.3324286650254945e-05 -0.00034110041362547068 0.00022762075717693345
leaf_weight=60 75 56 52 54 92 80 63 104 53 54 121 2167 147 51
leaf_count=60 75 56 52 54 92 80 63 104 53 54 121 2167 147 51
internal_value=-9.36011e-07 1.50253e-05 -8.86057e-07 1.57006e-05 0.000365002 0.000703242 -1.90652e-05 -2.64942e-06 -0.000269729 3.12371e-05 -0.00035339 6.15432e-05 -0.000112006 -0.000199827
internal_weight=3229 3154 3098 3038 275 172 2763 2700 304 2396 175 2221 251 103
internal_count=3229 3154 3098 3038 275 172 2763 2700 304 2396 175 2221 251 103
is_linear=0
shrinkage=0.05


Tree=60
num_leaves=16
num_cat=0
split_feature=112 99 153 160 110 181 136 169 158 70 151 157 29 75 150
split_gain=0.0201172 0.0247402 0.0272223 0.0206503 0.0135843 0.0292928 0.0169292 0.013403 0.0186719 0.0134072 0.0121825 0.013615 0.0109 0.0103977 0.0072723
threshold=0.03166440129280091 0.83610031008720409 0.36746580898761755 1.2184064388275149 0.086850229650735869 0.031793111935257919 0.70095807313919078 1.0428531765937807 1.4026962518692019 0.5692536234855653 0.47643245756626135 0.83250740170478832 0.35000000894069677 0.6574818789958955 0.52918925881385814
decision_type=2 2 2 2 2 2 2 2 2 2 2 2 2 2 2
left_child=1 2 3 -1 6 -6 -3 9 -9 10 11 -8 14 -12 -11
right_child=-2 4 -4 -5 5 -7 7 8 -10 12 13 -13 -14 -15 -16
leaf_value=-0.0016518716611632256 0.0009855984897334494 -0.00065780995826068475 0.0001832988307929865 -0.00040153121384112938 0.0014201551385317895 -0.00027482119068736208 -1.3401401025475935e-05 0.0012503457356965206 -0.00010290223258925834 0.00033786577328819001 -4.6681841556063458e-06 0.0011476981270414613 -0.0007942541790576038 0.00067321511155725986 -0.00047185061926871574
leaf_weight=61 51 94 82 72 52 50 50 52 50 57 2290 51 91 58 54
leaf_count=61 51 94 82 72 52 50 50 52 50 57 2290 51 91 58 54
internal_value=4.62675e-07 -1.54166e-05 -0.000533228 -0.000974996 2.2335e-05 0.000589284 2.02279e-06 2.45525e-05 0.000586989 2.91217e-06 3.52057e-05 0.000572896 -0.000388607 1.20768e-05 -5.60503e-05
internal_weight=3215 3164 215 133 2949 102 2847 2753 102 2651 2449 101 202 2348 111
internal_count=3215 3164 215 133 2949 102 2847 2753 102 2651 2449 101 202 2348 111
is_linear=0
shrinkage=0.05


Tree=61
num_leaves=36
num_cat=0
split_feature=125 181 119 84 128 20 37 80 77 169 130 84 172 172 89 88 5 150 75 97 116 170 131 182 182 172 146 84 108 153 181 89 124 119 57
split_gain=0.0183374 0.0141037 0.0264178 0.0323595 0.020585 0.0223116 0.0179456 0.0113066 0.0168611 0.013838 0.0108914 0.0127514 0.0141347 0.0122203 0.0243505 0.0162433 0.0296438 0.0134953 0.00994219 0.00951157 0.00884007 0.00876974 0.010426 0.0116875 0.00793541 0.00949471 0.00757969 0.00753 0.00749848 0.00673236 0.00858444 0.00669768 0.00635493 0.00465815 0.00358753
threshold=0.106543205678463 0.032021377235651023 0.23310767114162448 0.50817635655403148 1.0316294431686404 0.69366717338562023 0.37500000000000006 -0.044371835887432091 0.48693931102752691 1.0428531765937807 1.0767820477485659 0.25586597621440893 29624299.000000004 108088004.00000001 0.5530763864517213 0.78442525863647472 0.0089712236076593416 1.1624635457992556 0.502895087003708 0.95783993601799022 0.0021942304447293286 1594139712.0000002 1.163486182689667 0.019084291532635692 0.015656470321118835 38434518.000000007 0.95937833189964306 0.53700268268585216 0.019724749028682712 0.28506033122539526 0.013555327430367472 0.20680052787065509 0.0058763911947608003 0.14188919216394427 0.42594841122627264
decision_type=2 2 2 2 2 2 2 2 2 2 2 2 2 2 2 2 2 2 2 2 2 2 2 2 2 2 2 2 2 2 2 2 2 2 2
left_child=1 7 4 -4 -3 6 18 8 28 10 13 24 32 15 31 17 -17 -9 -6 -10 -5 22 23 -21 34 -26 -24 -14 -1 30 -23 -15 -13 -31 -12
right_child=-2 2 3 20 5 -7 -8 9 19 -11 11 12 27 14 -16 16 -18 -19 -20 21 -22 29 26 -25 25 -27 -28 -29 -30 33 -32 -33 -34 -35 -36
leaf_value=0.0011355088559988266 0.00092278121056843488 -0.00084262890490143557 -0.0015792561089827879 0.00016188618520214786 0.00076429118017236211 0.001077619715190316 -0.00062651786056215847 -0.00015920460856085853 0.00072094476810369615 0.00054843016615210979 -0.00062477065142817222 -0.00054307050531398574 -0.00062804212599682321 0.00053822525204360813 -0.00098998072498943665 0.00014360984135195019 0.0013716207326187062 0.00041158484701561747 -0.0001683148303224395 0.00014958569251491915 -0.0007145769996842479 -2.9149382267040018e-05 0.00091144840295713124 -0.00065658940605187264 0.00062717478998054407 -0.00016060439428857334 0.000209227622044056 6.0974483039049504e-05 0.00031088239458553933 -0.0002395115069409188 -0.0009258318312926608 -0.00018218746108793901 -0.0012800886115342267 0.00038570332092190671 -7.4806697122529965e-05
leaf_weight=60 53 56 70 66 65 58 78 525 56 95 52 59 63 52 84 237 62 129 51 228 51 51 65 56 76 77 94 107 51 65 56 85 58 55 69
leaf_count=60 53 56 70 66 65 58 78 525 56 95 52 59 63 52 84 237 62 129 51 228 51 51 65 56 76 77 94 107 51 65 56 85 58 55 69
internal_value=4.3954e-07 -1.50203e-05 -0.000260133 -0.000728914 2.44844e-05 0.000217176 -4.00697e-05 3.0473e-05 0.000182699 -3.91516e-05 -7.13246e-05 -0.000252548 -0.000485466 1.52738e-05 -0.000319713 9.2957e-05 0.000398248 -4.66177e-05 0.000354266 9.49493e-05 -0.000220162 4.26273e-05 0.000172118 -9.37841e-06 -8.58026e-06 0.000230711 0.000496299 -0.000194367 0.000756626 -0.000210078 -0.000498441 9.12539e-05 -0.00090843 4.70453e-05 -0.000311155
internal_weight=3215 3162 495 187 308 252 194 2667 837 1830 1735 561 287 1174 221 953 299 654 116 726 117 670 443 284 274 153 159 170 111 227 107 137 117 120 121
internal_count=3215 3162 495 187 308 252 194 2667 837 1830 1735 561 287 1174 221 953 299 654 116 726 117 670 443 284 274 153 159 170 111 227 107 137 117 120 121
is_linear=0
shrinkage=0.05


Tree=62
num_leaves=20
num_cat=0
split_feature=117 181 119 176 120 126 39 110 42 146 149 121 177 28 120 120 135 119 0
split_gain=0.0145509 0.0128104 0.0285959 0.0370169 0.0327604 0.0338148 0.0293733 0.0172944 0.0184984 0.0167149 0.0400514 0.0211957 0.0166676 0.0145009 0.0134809 0.0137254 0.0147839 0.0116814 0.00802031
threshold=0.92381414771080028 0.032021377235651023 0.23310767114162448 79.445976257324233 0.18038757145404818 0.021296738646924499 0.55000001192092907 0.085665799677371993 0.60833334922790538 0.8443528711795808 0.6125905215740205 0.29917386174201971 178.8078308105469 0.30000000447034841 0.50665587186813366 0.18881986290216449 0.87317740917205822 0.06497263535857202 0.0054380684159696111
decision_type=2 2 2 2 2 2 2 2 2 2 2 2 2 2 2 2 2 2 2
left_child=1 7 4 13 6 -6 12 8 9 10 -1 17 -3 -4 15 16 -11 -12 -17
right_child=-2 2 3 -5 5 -7 -8 -9 -10 14 11 -13 -14 -15 -16 18 -18 -19 -20
leaf_value=0.0014945548286454547 0.00081425774325099252 0.00071442501411573699 0.00018764709546101384 -0.0018931837815325708 -8.889973191630647e-05 0.0017156051208730789 -0.0009768338086927229 0.00070890960074733477 -0.00089960849509225233 -0.00054458102860758411 -0.00063890977562550697 0.0010117091153733781 -0.00038469007892725886 -0.00081584903610847602 -0.00061802837272397892 0.00031998467983962968 -2.9994236856942911e-05 0.00014480983384949884 -1.9002708049749947e-05
leaf_weight=63 54 70 72 50 54 50 93 91 55 158 74 50 68 72 91 423 1197 133 297
leaf_count=63 54 70 72 50 54 50 93 91 55 158 74 50 68 72 91 423 1197 133 297
internal_value=4.17565e-07 -1.34854e-05 -0.000238005 -0.000721081 4.17461e-05 0.000778651 -0.00029002 3.16403e-05 7.3855e-06 2.74517e-05 0.000364759 8.78048e-05 0.000172832 -0.000314101 -2.23812e-05 3.74111e-06 -8.99977e-05 -0.00013536 0.000180152
internal_weight=3215 3161 529 194 335 104 231 2632 2541 2486 320 257 138 144 2166 2075 1355 207 720
internal_count=3215 3161 529 194 335 104 231 2632 2541 2486 320 257 138 144 2166 2075 1355 207 720
is_linear=0
shrinkage=0.05


Tree=63
num_leaves=15
num_cat=0
split_feature=112 99 153 89 110 181 136 169 158 70 29 120 119 118
split_gain=0.0175807 0.0212802 0.0234834 0.0195236 0.0117956 0.0239955 0.0149509 0.0107972 0.0167901 0.0121899 0.0161871 0.0120213 0.0110093 0.0104391
threshold=0.03166440129280091 0.83610031008720409 0.36746580898761755 0.48884627223014837 0.086850229650735869 0.031793111935257919 0.70095807313919078 1.0428531765937807 1.4026962518692019 0.57691636681556713 0.35000000894069677 0.50665587186813366 0.58419182896614086 0.11006632819771768
decision_type=2 2 2 2 2 2 2 2 2 2 2 2 2 2
left_child=1 2 3 -1 6 -6 -3 9 -9 11 -11 12 -8 -13
right_child=-2 4 -4 -5 5 -7 7 8 -10 10 -12 13 -14 -15
leaf_value=-0.0016153532897858116 0.00092133533862401177 -0.00061844570842135621 0.00017081667298576001 -0.00038837509104292601 0.0013008728025082608 -0.00023320865853474973 3.3227898748540812e-05 0.0011566600543749072 -0.00012658604698663112 7.370418429167735e-06 -0.001028112462685945 -0.0010040729809107315 0.00061268743053968886 -3.4767393257514743e-05
leaf_weight=56 51 94 82 77 52 50 2299 52 50 90 65 51 85 61
leaf_count=56 51 94 82 77 52 50 2299 52 50 90 65 51 85 61
internal_value=3.96686e-07 -1.44478e-05 -0.000494687 -0.000904997 2.05646e-05 0.000548872 1.63681e-06 2.28093e-05 0.000527618 3.38622e-06 -0.000426864 3.01045e-05 5.38882e-05 -0.000476148
internal_weight=3215 3164 215 133 2949 102 2847 2753 102 2651 155 2496 2384 112
internal_count=3215 3164 215 133 2949 102 2847 2753 102 2651 155 2496 2384 112
is_linear=0
shrinkage=0.05


Tree=64
num_leaves=18
num_cat=0
split_feature=112 146 115 105 21 125 62 24 84 95 70 170 96 146 178 157 108
split_gain=0.0158666 0.0198103 0.0246801 0.0137632 0.0126402 0.0256728 0.0191763 0.0171938 0.0141434 0.0137918 0.0134803 0.0131837 0.0114219 0.0102347 0.00866926 0.00544718 0.00400523
threshold=0.03166440129280091 0.71807658672332775 0.008146727457642557 0.88037684559822094 0.65631884336471569 0.067266650497913374 0.41048996150493627 1.0000000180025095e-35 -0.5933111011981963 0.11389954015612604 0.49976435303688055 682611136.00000012 -0.57801684737205494 0.95937833189964306 -3.956945419311523 0.94342598319053661 0.018776636570692066
decision_type=2 2 2 2 2 2 2 2 2 2 2 2 2 2 2 2 2
left_child=1 2 -1 -3 6 7 14 -6 15 -9 13 -12 -11 -10 16 -8 -5
right_child=-2 3 -4 4 5 -7 8 9 10 12 11 -13 -14 -15 -16 -17 -18
leaf_value=-0.0014784952529760846 0.00087526855698111011 -0.00057917619814512979 2.3363630427442237e-05 -0.00057558584987418729 0.00097223907666788869 0.0012730791475041772 0.00019197380259962908 -0.00049566388267769735 0.00032481034483543113 4.2090436655979324e-05 -0.00043032602765875211 -2.6617523911064528e-06 0.00051614406816218939 -3.2008017599854241e-05 -0.00098773588861281419 0.00086856716355877155 5.7283012894913558e-05
leaf_weight=51 51 96 59 50 55 50 60 99 311 705 330 397 155 568 69 59 50
leaf_count=51 51 96 59 50 55 50 60 99 311 705 330 397 155 568 69 59 50
internal_value=3.76852e-07 -1.37254e-05 -0.000672953 1.00189e-05 2.91408e-05 0.000167042 -4.83283e-05 0.000112503 1.46959e-06 6.31964e-05 -3.75024e-05 -0.000196787 0.00012753 9.42383e-05 -0.000556621 0.000527428 -0.000259151
internal_weight=3215 3164 110 3054 2958 1064 1894 1014 1725 959 1606 727 860 879 169 119 100
internal_count=3215 3164 110 3054 2958 1064 1894 1014 1725 959 1606 727 860 879 169 119 100
is_linear=0
shrinkage=0.05


Tree=65
num_leaves=38
num_cat=1
split_feature=117 32 158 186 122 83 84 12 5 53 22 115 153 1 170 170 19 70 21 158 161 119 167 107 140 121 168 171 70 11 148 97 90 131 110 148 70
split_gain=0.0138423 0.0177061 0.015357 0.0237093 0.0209929 0.0206442 0.0153346 0.0197813 0.0156418 0.0174452 0.016908 0.0160702 0.0149176 0.0193611 0.0386087 0.0166807 0.0150794 0.0138206 0.0130912 0.0203922 0.0208897 0.0253573 0.0173013 0.0165777 0.0132231 0.0121515 0.0126679 0.0114521 0.0109872 0.0104246 0.0114489 0.0111102 0.00936686 0.00741939 0.00710788 0.00694885 0.00410783
threshold=0.89913097023963939 0.45833332836627966 1.1056732535362246 0 0.010530484840273859 0.40982183814048773 1.0000000180025095e-35 0.24282482266426089 0.018572568893432621 0.97633051872253429 0.88598722219467174 0.0027655001031234865 0.20676373690366748 0.03433662839233876 2847272576.0000005 3888706816.0000005 0.53883862495422374 0.51212000846862804 0.57687795162200939 0.9807737171649934 1.1960819363594057 0.11547706648707391 6.1279993057250985 0.017499159090220932 0.9744241237640382 0.14411953091621402 -0.79388695955276478 48710390.000000007 0.54127618670463573 0.98882052302360546 0.9728662669658662 0.93221935629844677 -0.11325389519333838 1.1141846776008608 0.025809606537222866 0.84043908119201671 0.48525817692279821
decision_type=2 2 2 1 2 2 2 2 2 2 2 2 2 2 2 2 2 2 2 2 2 2 2 2 2 2 2 2 2 2 2 2 2 2 2 2 2
left_child=2 -2 3 4 18 -6 7 17 9 10 29 -12 28 15 -15 16 27 32 23 20 21 -20 -22 25 -21 34 -27 -14 35 31 -31 -8 -4 -18 -1 -5 -37
right_child=1 -3 6 12 5 -7 8 -9 -10 -11 11 -13 13 14 -16 -17 33 -19 19 24 22 -23 -24 -25 -26 26 -28 -29 -30 30 -32 -33 -34 -35 -36 36 -38
leaf_value=-0.00018103830118707266 0.0012370658739819193 -8.7037356884227886e-05 9.7495034392017677e-05 0.00040130075720328743 -0.0016498745029530255 -0.00034838286424369126 -0.0009442726635584995 0.0012887220780029103 0.00084303640606725276 -0.00087208366294670649 0.0012168076492017927 5.9103808704041538e-05 0.00014699739340523428 -0.00011940274271182716 0.0017475028460090661 -0.00049743529910880495 0.00027125947944781125 -0.00031887602777715075 0.0015815468769757831 -0.0011621518651954829 0.00022003526324942146 1.2436508904119917e-05 -0.00067749603321620581 -0.00098744468143730272 -0.00014179256930679684 0.00040742413082232425 -0.00029918549007561528 0.0011052223925718055 -0.00085586712991174039 0.00049496381581266185 -7.9592774218905152e-05 -0.00015502661988717653 0.0008039943631771092 -0.00046476590349999564 -0.0007436420574123304 -0.00057913372226189581 4.945949963168424e-05
leaf_weight=100 50 51 90 61 50 78 53 53 53 59 53 69 55 53 58 88 75 80 52 50 189 51 75 85 87 111 148 72 52 125 283 281 98 63 128 53 51
leaf_count=100 50 51 90 61 50 78 53 53 53 59 53 69 55 53 58 88 75 80 52 50 189 51 75 85 87 111 148 72 52 125 283 281 98 63 128 53 51
internal_value=-7.81408e-06 0.000568459 -2.61056e-05 -0.00011722 -0.000249374 -0.000856778 0.000106316 0.0004061 7.71901e-06 -4.02461e-05 1.65576e-05 0.000562041 0.00011835 0.000280124 0.000856097 9.90107e-05 0.000297076 0.000231552 -0.000179435 6.36035e-06 0.000200679 0.000804609 -3.49452e-05 -0.000343144 -0.000514186 -0.000230689 3.6472e-06 0.000690243 -0.000222108 -7.3131e-05 9.64356e-05 -0.000280266 0.000465777 -6.47521e-05 -0.000496886 -2.23776e-05 -0.000270881
internal_weight=3283 101 3182 1885 1204 128 1297 321 976 923 864 122 681 464 111 353 265 268 1076 504 367 103 264 572 137 487 259 127 217 742 408 334 188 138 228 165 104
internal_count=3283 101 3182 1885 1204 128 1297 321 976 923 864 122 681 464 111 353 265 268 1076 504 367 103 264 572 137 487 259 127 217 742 408 334 188 138 228 165 104
cat_boundaries=0 1
cat_threshold=1073
is_linear=0
shrinkage=0.05


Tree=66
num_leaves=17
num_cat=1
split_feature=110 182 7 157 53 124 171 176 19 136 186 125 100 83 158 85
split_gain=0.0125791 0.0190505 0.0142743 0.0136545 0.0266067 0.0151742 0.0175219 0.013059 0.0212002 0.0168799 0.01452 0.0143939 0.0135095 0.0128964 0.0089974 0.00467807
threshold=0.12337022274732591 0.044450454413890846 -0.033733086660504334 1.5101741552352907 0.82452559471130382 0.045353025197982795 115333712.00000001 80.991718292236342 0.73695552349090587 0.84739208221435558 0 0.0064107067883014688 0.97746098041534435 -0.58287677168846119 1.1020811200141909 0.19677609205245974
decision_type=2 2 2 2 2 2 2 2 2 2 1 2 2 2 2 2
left_child=1 2 -1 5 15 7 14 10 9 -9 12 -10 -4 -12 -7 -5
right_child=-2 -3 3 4 -6 6 -8 8 11 -11 13 -13 -14 -15 -16 -17
leaf_value=0.00066911444234264293 0.00077170759083374462 -0.00072496526502823877 0.0010629782701100877 0.00027041197571088565 0.0011191959095365172 -0.00054272672777582528 -0.001084640902971007 0.0013605475480917137 0.00071510013350139633 0.00028435590353665806 0.00029911472618466157 -6.5045016827584842e-05 -7.759807939874009e-05 -0.00015533547288408062 0.00037430773176041571 -0.00037730811255598734
leaf_weight=78 51 93 54 50 76 53 73 58 67 98 172 503 50 1690 54 63
leaf_count=78 51 93 54 50 76 53 73 58 67 98 172 503 50 1690 54 63
internal_value=-7.42338e-06 -1.97178e-05 1.17672e-06 -1.58436e-05 0.000395815 -4.29339e-05 -0.000487393 -1.32153e-05 0.000168006 0.000684478 -8.01365e-05 2.66563e-05 0.000469482 -0.000112751 -7.99243e-05 -9.07063e-05
internal_weight=3283 3232 3139 3061 189 2872 180 2692 726 156 1966 570 104 1862 107 113
internal_count=3283 3232 3139 3061 189 2872 180 2692 726 156 1966 570 104 1862 107 113
cat_boundaries=0 1
cat_threshold=512
is_linear=0
shrinkage=0.05


Tree=67
num_leaves=29
num_cat=1
split_feature=117 32 158 166 135 136 120 186 176 161 133 100 70 84 161 178 157 5 6 12 110 91 110 85 180 73 70 106
split_gain=0.0126428 0.0158189 0.013585 0.0233411 0.0219066 0.0246857 0.0173998 0.016171 0.0205338 0.0151766 0.0140435 0.0289424 0.0161605 0.0140092 0.0183644 0.0137928 0.0131049 0.0120528 0.0115884 0.0111069 0.0107485 0.00964314 0.00920849 0.00915191 0.00855473 0.00826885 0.00736594 0.00224628
threshold=0.89913097023963939 0.45833332836627966 1.1056732535362246 73.350482940673842 0.70685815811157238 0.72930639982223522 0.049844028428196914 0 99.716259002685561 1.5928939580917361 0.90249067544937145 0.93267431855201732 0.57270294427871715 0.084786679595708861 1.8658828735351565 -5.7011375427246085 1.3427557945251467 0.0049710392486304053 0.4380482435226441 0.042696464806795127 0.045100478455424316 0.13971016556024554 0.027761931531131271 0.43949861824512487 128.29940032958987 0.83875972032547008 0.49976435303688055 0.94883733987808239
decision_type=2 2 2 2 2 2 2 1 2 2 2 2 2 2 2 2 2 2 2 2 2 2 2 2 2 2 2 2
left_child=2 -2 3 4 -1 15 13 9 18 19 11 -7 25 22 16 -6 17 -15 20 -8 23 -21 -4 -9 -22 -12 -11 -28
right_child=1 -3 6 -5 5 10 7 8 -10 26 12 -13 -14 14 -16 -17 -18 -19 -20 21 24 -23 -24 -25 -26 -27 27 -29
leaf_value=0.00087647408539035909 0.0011756594172329642 -7.5894045727966622e-05 -0.00023737676035178834 -0.0011251214847222649 -0.00036162789225441488 -0.00017183533043134958 0.00070140751372542746 0.00086621718251586165 0.0013168413881399924 4.0899595815985317e-05 -3.4156050773054939e-05 0.0013720210910975641 -0.0008328130502953902 -0.00035162619072555878 0.00025182190001942216 -0.0013528033084003255 8.6364722704853524e-05 -0.0012052747327205989 0.0008949719343789704 0.00049684690978513872 -0.00057201234807367795 -0.00031282247469981058 0.00062664888525246058 0.00014240861092230673 0.00025238551611660935 -0.00062458833438746122 -0.00085807780275130299 -0.00038870804311591202
leaf_weight=58 50 51 51 55 97 75 89 72 59 69 1361 51 71 78 94 55 55 88 70 60 65 95 78 111 61 62 52 50
leaf_count=58 50 51 51 55 97 75 89 72 59 69 1361 51 71 78 94 55 55 88 70 60 65 95 78 111 61 62 52 50
internal_value=-7.05221e-06 0.000543687 -2.45332e-05 -0.00011023 -7.97277e-05 -0.000111026 0.000100014 0.000232141 0.000439133 3.02252e-06 -5.38612e-05 0.000453059 -9.66135e-05 -0.000153823 -0.000333555 -0.000720277 -0.000582538 -0.000804163 0.000314084 0.000256221 0.000182491 5.97932e-07 0.000285057 0.000427186 -0.000172899 -5.98811e-05 -0.00035809 -0.000627995
internal_weight=3283 101 3182 1885 1830 1772 1297 853 438 415 1620 126 1494 444 315 152 221 166 379 244 309 155 129 183 126 1423 171 102
internal_count=3283 101 3182 1885 1830 1772 1297 853 438 415 1620 126 1494 444 315 152 221 166 379 244 309 155 129 183 126 1423 171 102
cat_boundaries=0 1
cat_threshold=107
is_linear=0
shrinkage=0.05


Tree=68
num_leaves=13
num_cat=0
split_feature=170 92 83 72 184 103 111 174 119 136 41 77
split_gain=0.011805 0.0129184 0.015988 0.013855 0.0242748 0.0145366 0.0105992 0.0488209 0.0188946 0.0118166 0.016874 0.00943406
threshold=11111211520.000002 0.64583784341812145 0.69984805583953869 0.55865001678466808 0.13398211449384692 0.92906171083450328 0.11085766553878786 63.761301040649421 0.31166224181652075 0.72930639982223522 0.55000001192092907 0.5165095627307893
decision_type=2 2 2 2 2 2 2 2 2 2 2 2
left_child=1 3 -3 4 5 -1 9 8 -8 10 -7 -11
right_child=-2 2 -4 -5 -6 6 7 -9 -10 11 -12 -13
leaf_value=-0.00081817725887438949 -0.00068453571799644074 -2.7737456548493356e-05 0.0011535458185891103 -0.00075265426959020027 0.00088473037180129301 -0.0011500927142663966 0.0003283143979470796 0.0016975517413811759 -0.00086669005038445153 4.2127542489030746e-05 -0.00010534326641880817 -0.00021277864928178174
leaf_weight=56 63 61 54 62 76 55 88 50 53 2096 130 439
leaf_count=56 63 61 54 62 76 55 88 50 53 2096 130 439
internal_value=-6.6996e-06 6.56241e-06 0.000526952 -1.27113e-05 2.36479e-06 -2.02371e-05 -4.88682e-06 0.000355155 -0.000120872 -3.01692e-05 -0.000415944 -2.01598e-06
internal_weight=3283 3220 115 3105 3043 2967 2911 191 141 2720 185 2535
internal_count=3283 3220 115 3105 3043 2967 2911 191 141 2720 185 2535
is_linear=0
shrinkage=0.05


Tree=69
num_leaves=13
num_cat=0
split_feature=110 170 170 92 142 83 90 111 88 53 21 109
split_gain=0.0113151 0.0275282 0.0138591 0.0116674 0.0148129 0.0136892 0.0102563 0.0135808 0.0117369 0.0164145 0.00928887 0.00529878
threshold=0.12337022274732591 11111211520.000002 7288903424.000001 0.64583784341812145 0.91034138202667247 0.69984805583953869 -0.33064107596874232 0.051735209301114089 -0.6363910138607024 0.46571317315101629 0.49632175266742712 0.016928982920944694
decision_type=2 2 2 2 2 2 2 2 2 2 2 2
left_child=1 2 3 4 -1 -5 7 11 9 -8 -10 -6
right_child=-2 -3 -4 5 6 -7 8 -9 10 -11 -12 -13
leaf_value=-0.00075991605222900066 0.00073258421000312361 -0.0011704690631720988 0.00062654236323798494 -2.6350578705429053e-05 0.00040569573225534097 0.0010778081554375465 -0.00011648249346762896 0.00084071848590937389 -0.00013194344507466422 -0.0011884551190143192 6.2306966307362438e-05 -0.00023951540307923385
leaf_weight=69 51 51 86 61 52 52 114 78 1052 52 1483 82
leaf_count=69 51 51 86 61 52 52 114 78 1052 52 1483 82
internal_value=-6.36462e-06 -1.8025e-05 4.51772e-07 -1.69453e-05 -3.58431e-05 0.000481758 -1.86921e-05 0.000316188 -4.49767e-05 -0.000452281 -1.8305e-05 1.0865e-05
internal_weight=3283 3232 3181 3095 2982 113 2913 212 2701 166 2535 134
internal_count=3283 3232 3181 3095 2982 113 2913 212 2701 166 2535 134
is_linear=0
shrinkage=0.05


Tree=70
num_leaves=47
num_cat=0
split_feature=120 5 124 12 107 87 30 1 162 164 30 111 85 135 145 126 160 45 121 144 68 12 1 83 91 91 135 89 85 158 91 121 141 163 132 160 117 2 171 51 120 87 0 85 178 145
split_gain=0.0161126 0.0275426 0.0229857 0.0156293 0.0249021 0.0169063 0.0155965 0.0221221 0.0218748 0.0232998 0.0149082 0.0162276 0.0158532 0.0144397 0.0135744 0.0120383 0.0252812 0.0243968 0.0209515 0.0205804 0.0140856 0.0164328 0.0114228 0.0111898 0.0107308 0.0123351 0.00944842 0.00928204 0.00815144 0.00820582 0.00773455 0.0116178 0.00998581 0.00779708 0.0081894 0.00739486 0.00672318 0.00659286 0.00559835 0.0055696 0.00527226 0.00579288 0.00530537 0.00398333 0.00338162 0.0032038
threshold=0.18576531112194064 0.020076656714081768 0.053177660331130035 0.23585770279169085 0.022282958962023262 0.054652037099003799 0.37500000000000006 0.023911328054964546 317.42916870117193 173.06363677978518 0.17500000447034839 0.037916237488389022 0.55813735723495495 0.87867611646652233 0.96505144238471996 0.038244532421231277 1.3410008549690249 0.47499999403953558 0.19439813494682315 0.9627387821674348 0.48780548572540289 0.20937737077474597 0.023609862662851814 -0.23383710533380506 0.56868332624435436 0.40537741780281072 0.82798507809638988 0.68002218008041393 0.69536793231964122 1.0995653271675112 0.17706877738237384 0.1795943230390549 1.0354430079460146 390.90351867675787 0.97293964028358471 1.3338574767112734 0.30248628556728369 -0.19068139046430585 38051062.000000007 0.050000002607703216 0.088239040225744261 0.27841715514659887 0.007898899260908367 0.4986735880374909 -11.327770233154295 0.9762353003025056
decision_type=2 2 2 2 2 2 2 2 2 2 2 2 2 2 2 2 2 2 2 2 2 2 2 2 2 2 2 2 2 2 2 2 2 2 2 2 2 2 2 2 2 2 2 2 2 2
left_child=2 15 3 6 5 -5 10 40 9 -9 13 45 -13 24 36 19 18 26 -17 20 22 -22 -2 -7 25 -1 -18 37 30 -30 33 44 -33 34 -21 -10 -15 -25 -35 -16 42 -42 43 -8 -32 -12
right_child=1 -3 -4 4 -6 23 7 8 35 -11 11 12 -14 14 39 16 17 -19 -20 28 21 -23 -24 27 -26 -27 -28 -29 29 -31 31 32 -34 38 -36 -37 -38 -39 -40 -41 41 -43 -44 -45 -46 -47
leaf_value=-0.00050420651144936289 -0.00042076185513831689 0.0012863563799259763 -0.00081295642024391181 0.00071221241667489071 0.0011316207047280813 0.00056386254867652949 -0.00017503699768712979 -0.0005607078528744562 0.00019651767264944147 -0.0019468801921466367 -0.00033346155283652478 0.00029925227552212168 0.0014874987832736225 0.00025901315975352193 0.00010614922223679573 0.0014095694131698677 -0.0009601661261303189 0.00086175371124409144 0.00030742503480798072 8.9187063489449577e-05 -0.00028314554793247397 -0.0014280090270840447 0.00058271290930998428 0.00041894447206811727 -0.00076006811091247075 0.00031500023314232279 -6.1943423465144501e-05 -0.0007549898024246266 0.00017190997528874119 0.0010312995462514022 -0.00014368631587753875 0.00070262526978088623 -0.00023923694839226607 -0.00028365851216234742 0.00091264041317723845 -0.00059924072809495424 0.001003105612528766 -0.0002698164377703306 0.00039545735953823782 -0.00052317235095114924 -0.00014679222398020404 0.00047140625812403414 0.00028279558919523114 -0.00066625807033303256 -0.00065761778118130312 0.00022709081139719975
leaf_weight=95 61 53 96 82 67 51 200 77 65 50 50 64 50 75 87 77 52 50 98 52 84 50 53 51 96 89 67 66 61 51 57 60 53 71 72 53 51 109 53 59 72 80 51 52 73 52
leaf_count=95 61 53 96 82 67 51 200 77 65 50 50 64 50 75 87 77 52 50 98 52 84 50 53 51 96 89 67 66 61 51 57 60 53 71 72 53 51 109 53 59 72 80 51 52 73 52
internal_value=3.01628e-05 0.000171005 -5.81646e-05 -1.9907e-05 0.000246723 8.15745e-05 -9.72804e-05 -0.000267988 -0.000651039 -0.00110644 5.83122e-05 0.000410476 0.000820413 -7.94909e-05 0.000179971 0.000121538 0.000371143 -6.50365e-05 0.000792369 2.06398e-05 -0.000362772 -0.000710333 4.57659e-05 -0.000105112 -0.00033154 -0.00010796 -0.000454444 -0.000256076 0.000178328 0.000563239 9.05276e-05 -0.000109952 0.000260867 0.000286965 0.000567321 -0.000160899 0.000560193 -5.02739e-05 6.60876e-06 -0.000148166 -6.17292e-05 0.000178575 -0.000182278 -0.0002764 -0.000432279 -4.76898e-05
internal_weight=3238 1248 1990 1894 426 359 1468 700 245 127 768 216 114 552 272 1195 344 169 175 851 248 134 114 277 280 184 119 226 603 112 491 243 113 248 124 118 126 160 124 146 455 152 303 252 130 102
internal_count=3238 1248 1990 1894 426 359 1468 700 245 127 768 216 114 552 272 1195 344 169 175 851 248 134 114 277 280 184 119 226 603 112 491 243 113 248 124 118 126 160 124 146 455 152 303 252 130 102
is_linear=0
shrinkage=0.05


Tree=71
num_leaves=27
num_cat=0
split_feature=120 5 124 102 122 56 57 106 12 166 135 70 117 90 155 123 20 108 27 10 99 173 122 148 3 144
split_gain=0.0145416 0.0248572 0.0207446 0.0144327 0.011567 0.0120489 0.0153822 0.0210847 0.018494 0.0148895 0.0110187 0.00969821 0.0095691 0.00949136 0.0100586 0.00906466 0.0129259 0.0148716 0.0109315 0.0149346 0.012962 0.0126947 0.0110602 0.00886873 0.0085896 0.00648733
threshold=0.18576531112194064 0.020076656714081768 0.053177660331130035 0.96419051289558422 0.02050868142396212 0.53605395555496227 0.65438884496688854 0.89888352155685436 0.20984107255935672 57.906244277954109 0.87460583448410045 0.49728661775588995 0.87420734763145458 0.19427864998579028 0.63492810726165783 -0.014762295410037039 0.61123567819595348 0.027396934106945995 0.60833334922790538 1.0252072811126711 0.85736334323883068 1.3150390982627871 0.0056522102095186719 1.0405674576759341 0.0077616106718778619 0.96951195597648632
decision_type=2 2 2 2 2 2 2 2 2 2 2 2 2 2 2 2 2 2 2 2 2 2 2 2 2 2
left_child=2 4 3 -1 5 9 7 8 -7 13 -9 -12 15 14 23 16 17 -5 21 20 -20 22 -17 -2 25 -15
right_child=1 -3 -4 12 -6 6 -8 10 -10 -11 11 -13 -14 24 -16 18 -18 -19 19 -21 -22 -23 -24 -25 -26 -27
leaf_value=0.00060266972437050988 0.00041401025247440388 0.0012220385613991827 -0.00077230859530269915 -0.00026331386238248876 0.00084478138137805778 -0.00027293117075286076 0.00068328188359113742 0.00051211452843935427 -0.0014796361277112737 0.0010141197204674511 0.00021345974322791925 -0.00043895967253267251 0.00056600685927493991 -0.0003050851659102845 0.00082123198840853564 1.0787320548576788e-05 7.4134449746355696e-05 -0.001370752806426026 -0.00049274840097304577 0.0008588554731226571 0.00014058815615465358 -0.00068496873102457344 -0.00050275774332920445 -0.00023173310756272473 -0.00049782830225808539 0.00032069241274292618
leaf_weight=89 142 53 96 77 52 87 56 86 50 55 102 129 61 61 81 601 94 50 95 62 540 98 127 85 80 129
leaf_count=89 142 53 96 77 52 87 56 86 50 55 102 129 61 61 81 601 94 50 95 62 540 98 127 85 80 129
internal_value=2.86546e-05 0.000162455 -5.52564e-05 -1.89116e-05 0.000115461 8.22811e-05 -9.85766e-05 -0.000195017 -0.000713334 0.000227996 2.89872e-05 -0.000150878 -4.95602e-05 0.000153192 0.000342896 -7.10909e-05 -0.000370336 -0.000699313 -2.76681e-05 0.000118157 4.5837e-05 -0.000150719 -7.88009e-05 0.000172212 -6.32116e-05 0.000119785
internal_weight=3238 1248 1990 1894 1195 1143 510 454 137 633 317 231 1805 578 308 1744 221 127 1523 697 635 826 728 227 270 190
internal_count=3238 1248 1990 1894 1195 1143 510 454 137 633 317 231 1805 578 308 1744 221 127 1523 697 635 826 728 227 270 190
is_linear=0
shrinkage=0.05


Tree=72
num_leaves=41
num_cat=1
split_feature=120 183 124 12 107 84 30 1 162 165 30 161 142 181 173 137 158 84 52 56 18 12 126 92 170 155 127 154 181 178 131 2 119 160 84 47 173 120 186 25
split_gain=0.0131238 0.0209475 0.018722 0.013908 0.0221636 0.0166673 0.0136669 0.0194606 0.0199083 0.0230794 0.0133303 0.0153187 0.0146109 0.012202 0.0138893 0.0119033 0.0116393 0.0108061 0.0221931 0.0173584 0.014808 0.0215441 0.0117553 0.0105013 0.013693 0.0111493 0.0098642 0.00898694 0.00736466 0.00681948 0.00659347 0.0084607 0.00723614 0.00648977 0.00576784 0.00520503 0.00754205 0.00950881 0.00457847 0.00359247
threshold=0.18576531112194064 0.051482552662491805 0.053177660331130035 0.23585770279169085 0.022282958962023262 1.0000000180025095e-35 0.37500000000000006 0.023911328054964546 317.42916870117193 174.38104248046878 0.17500000447034839 1.214566767215729 0.9748513698577882 0.018381038680672649 1.0490956306457522 1.0123018622398379 1.0373628139495852 0.622847080230713 0.091666668653488173 0.55934140086174022 0.65642687678337108 0.092148300260305419 0.041108468547463424 0.35342431068420416 2952007168.0000005 0.34612984955310827 1.0120058655738833 0.71460038423538219 0.0083678006194531935 -7.2235524654388419 1.0524252057075503 -0.19890110194683072 0.16529839485883716 1.3338574767112734 0.009394520893692972 0.5416666865348817 1.0982903242111208 0.057138111442327506 0 0.075000001117587103
decision_type=2 2 2 2 2 2 2 2 2 2 2 2 2 2 2 2 2 2 2 2 2 2 2 2 2 2 2 2 2 2 2 2 2 2 2 2 2 2 1 2
left_child=2 17 3 6 5 16 10 35 9 -9 11 -1 -12 14 -13 -15 -5 19 23 22 21 -21 27 25 -25 -19 -22 28 -2 -14 -7 -32 -33 -10 -30 36 38 -38 -8 -37
right_child=1 -3 -4 4 -6 30 7 8 33 -11 12 13 29 15 -16 -17 -18 18 -20 20 26 -23 -24 24 -26 -27 -28 -29 34 -31 31 32 -34 -35 -36 39 37 -39 -40 -41
leaf_value=0.00052515701619709396 0.00044498029846975823 0.0011270241151269491 -0.00073369316496609829 9.3521083723647862e-05 0.0010683776234770056 0.000303473897750542 0.00040428313426211447 -0.00050132710911112821 0.00019239599165023091 -0.001880928096594289 0.0010999674283050775 0.00036711923740868874 -0.00016621153895302778 -0.00065584504503847757 -0.00047571309148986842 0.00011237166176548452 0.0011369002286161188 -0.00061815924023928708 0.0010247940720638439 2.3061102682870607e-05 -0.00033692826007912426 -0.001254054153764931 0.00076974678606706558 1.2377657728981885e-05 0.001014027866410304 0.00030609710024922821 0.0005351278063706991 0.00069077909475136375 0.00018561628576929844 0.00048279704818394499 0.00021931907096522834 -0.00021327419477237537 -0.00096907132935414742 -0.00055307567757686147 -0.00023305235669875956 -0.00066919521914678625 -0.00073491334362681647 0.00019730629188844059 -3.365511992114989e-05 -9.7481745376812732e-05
leaf_weight=89 79 53 96 55 67 62 116 77 65 50 54 144 83 174 74 71 52 73 89 59 72 75 71 85 57 59 59 54 126 79 57 81 52 53 237 50 59 51 118 61
leaf_count=89 79 53 96 55 67 62 116 77 65 50 54 144 83 174 74 71 52 73 89 59 72 75 71 85 57 59 59 54 126 79 57 81 52 53 237 50 59 51 118 61
internal_value=2.72219e-05 0.000154332 -5.24936e-05 -1.7966e-05 0.000233553 7.77496e-05 -9.09544e-05 -0.000250754 -0.000610024 -0.00104448 5.46958e-05 -7.5611e-05 0.000387702 -0.000191093 8.10202e-05 -0.000433219 0.000600584 0.000111192 0.000338822 1.18774e-05 -0.000322188 -0.000691742 0.00016801 0.000116007 0.000414449 -0.000205045 5.58298e-05 8.18745e-05 7.48345e-06 0.00015028 -0.000144247 -0.000290346 -0.000508774 -0.000142435 -8.77294e-05 -5.73002e-05 3.87632e-05 -0.000302702 0.000199281 -0.00035501
internal_weight=3238 1248 1990 1894 426 359 1468 700 245 127 768 552 216 463 218 245 107 1195 363 832 265 134 567 274 142 132 131 496 442 162 252 190 133 118 363 455 344 110 234 111
internal_count=3238 1248 1990 1894 426 359 1468 700 245 127 768 552 216 463 218 245 107 1195 363 832 265 134 567 274 142 132 131 496 442 162 252 190 133 118 363 455 344 110 234 111
cat_boundaries=0 1
cat_threshold=112
is_linear=0
shrinkage=0.05


Tree=73
num_leaves=15
num_cat=0
split_feature=121 182 183 166 97 182 30 30 72 87 155 113 120 89
split_gain=0.0120374 0.0181 0.0127725 0.0157434 0.0125002 0.0113482 0.0119398 0.0155615 0.0216453 0.016994 0.0118737 0.0118757 0.0113053 0.00927851
threshold=0.0017608982161618771 0.019171129912137989 0.059249207377433784 73.350482940673842 0.89271834492683422 0.044450454413890846 0.42499999701976782 0.17500000447034839 0.52070406079292308 -0.099723353981971727 0.33722186088562017 0.001729106705170125 0.31873695552349096 0.66068059206008922
decision_type=2 2 2 2 2 2 2 2 2 2 2 2 2 2
left_child=1 -1 3 4 -2 6 7 9 -9 -6 11 -8 -12 -5
right_child=2 -3 -4 13 5 -7 10 8 -10 -11 12 -13 -14 -15
leaf_value=0.00012459015475318143 0.00079762733700177205 -0.0010048616360333086 0.00065844723815929008 -0.00106799400622549 0.00069673754127176255 -0.00051911339154623952 -5.9832689835765482e-05 0.00020962647572893213 0.0010178947936544576 -3.0355256167319019e-05 -4.582975359467135e-05 -0.00058900252892843657 0.00041202218060662992 -0.00010947704659866206
leaf_weight=73 55 69 83 50 88 89 269 423 103 926 611 175 173 51
leaf_count=73 55 69 83 50 88 89 269 423 103 926 611 175 173 51
internal_value=2.59181e-05 -0.000424228 4.65643e-05 2.97086e-05 5.09941e-05 3.66207e-05 5.44894e-05 0.00014722 0.0003679 3.27455e-05 -6.18018e-05 -0.000268402 5.52013e-05 -0.00058399
internal_weight=3238 142 3096 3013 2912 2857 2768 1540 526 1014 1228 444 784 101
internal_count=3238 142 3096 3013 2912 2857 2768 1540 526 1014 1228 444 784 101
is_linear=0
shrinkage=0.05


Tree=74
num_leaves=15
num_cat=0
split_feature=121 182 183 166 97 146 172 30 30 111 32 121 180 27
split_gain=0.0108637 0.0163353 0.0116006 0.0141619 0.0124585 0.0112611 0.0196617 0.00919463 0.0159255 0.015753 0.0156175 0.00915661 0.0124792 0.0114573
threshold=0.0017608982161618771 0.019171129912137989 0.056539529934525497 73.69958877563478 0.89271834492683422 0.74837079644203197 208135024.00000003 0.37500000000000006 0.17500000447034839 0.035380030050873763 0.65833333134651195 0.35341030359268194 131.00512695312503 0.22500000149011615
decision_type=2 2 2 2 2 2 2 2 2 2 2 2 2 2
left_child=1 -1 3 4 -2 6 -6 8 10 -10 -7 13 -13 -9
right_child=2 -3 -4 -5 5 7 -8 11 9 -11 -12 12 -14 -15
leaf_value=0.00011836064661285293 0.00080612020491279725 -0.00095461856192517757 0.00058821470069999227 -0.00057701224549747815 9.8714712907462248e-05 -6.7607737388711024e-05 -0.0011629040608345093 -0.00036175489415338018 -4.9019831998381187e-05 0.00061738738245839813 0.00041596439746257913 0.00069458287653505581 -2.0591667369542949e-05 -2.3705702021379572e-07
leaf_weight=73 53 69 95 94 74 786 53 313 130 279 212 91 185 731
leaf_count=73 53 69 95 94 74 786 53 313 130 279 212 91 185 731
internal_value=2.46221e-05 -0.000403017 4.42361e-05 2.70158e-05 4.65475e-05 3.24419e-05 -0.000427788 5.38754e-05 0.000142803 0.000405571 3.5115e-05 -4.09129e-05 0.000215209 -0.000108623
internal_weight=3238 142 3096 3001 2907 2854 127 2727 1407 409 998 1320 276 1044
internal_count=3238 142 3096 3001 2907 2854 127 2727 1407 409 998 1320 276 1044
is_linear=0
shrinkage=0.05


Tree=75
num_leaves=13
num_cat=0
split_feature=123 146 101 99 145 128 70 73 159 106 130 132
split_gain=0.0146604 0.032952 0.0123321 0.0150448 0.0153408 0.0151379 0.0111289 0.0123861 0.0126689 0.00974802 0.00938343 0.011989
threshold=0.052881766110658653 0.66037154197692882 0.69093787670135509 0.83610031008720409 0.84433382749557506 1.0558009743690493 0.58191627264022838 0.32308308780193334 1.1451818943023684 0.8550403118133546 1.0177229046821596 0.94981122016906749
decision_type=2 2 2 2 2 2 2 2 2 2 2 2
left_child=1 -1 -3 5 -5 -4 7 8 -6 -9 -8 -12
right_child=-2 2 3 4 6 -7 10 9 -10 -11 11 -13
leaf_value=-0.0012901338482704744 0.00081697713954221967 0.00057806534767579083 -0.00089408871111421235 0.00072095437919617532 -1.5600228980271399e-05 0.00010821765456292328 6.2508706534246627e-05 -0.00072561604762449864 0.00058011182979876813 -1.9770582831911865e-05 -0.0012185999509205835 -0.00016979193314909936
leaf_weight=51 52 87 96 72 179 62 67 50 178 2253 54 55
leaf_count=51 52 87 96 72 179 62 67 50 178 2253 54 55
internal_value=-1.58317e-05 -2.93479e-05 -8.95463e-06 -2.56118e-05 2.05428e-07 -0.000500779 -1.80929e-05 7.38479e-06 0.000281421 -3.50951e-05 -0.000403153 -0.000689385
internal_weight=3256 3204 3153 3066 2908 158 2836 2660 357 2303 176 109
internal_count=3256 3204 3153 3066 2908 158 2836 2660 357 2303 176 109
is_linear=0
shrinkage=0.05


Tree=76
num_leaves=28
num_cat=1
split_feature=183 146 2 179 177 186 152 173 119 150 55 109 176 105 169 101 131 107 169 146 106 146 3 54 159 80 179
split_gain=0.0135065 0.0259715 0.00828903 0.0117299 0.0181051 0.0110585 0.0215745 0.00963245 0.0148743 0.01059 0.0103786 0.00938259 0.0115681 0.0103839 0.0092781 0.00780644 0.00831212 0.00689895 0.01541 0.00779361 0.00665831 0.0122572 0.00575492 0.00559336 0.00487383 0.00648336 0.00556874
threshold=0.056539529934525497 0.67488059401512157 -0.20304232835769651 7.7750124931335458 355.20924377441412 0 0.22873231768608096 1.1109430193901064 0.028679319657385353 0.52918925881385814 0.42167177796363836 0.020358255133032802 107.03414154052736 0.9728696644306184 0.66083797812461864 0.89092344045639049 1.0655321478843691 0.015045818872749807 -0.083959970623254762 0.86895957589149486 0.96495488286018383 0.96072772145271312 0.0016147656715475025 0.4671029150485993 0.90555155277252208 0.054884519428014762 14.97622871398926
decision_type=2 2 2 2 2 1 2 2 2 2 2 2 2 2 2 2 2 2 2 2 2 2 2 2 2 2 2
left_child=1 -1 3 17 -5 6 -4 11 15 -10 -11 13 14 -7 -13 -9 -17 20 19 -19 -3 -22 -23 -15 -6 26 -26
right_child=-2 2 5 4 24 7 -8 8 9 10 -12 12 -14 23 -16 16 -18 18 -20 -21 21 22 -24 -25 25 -27 -28
leaf_value=-0.0010896534987790674 0.00059597334323122845 -0.00020847802309920859 -0.00011928856687957486 -0.00068987764491650625 0.0004558732608399753 0.00073868891055429813 0.0011530231729718961 -0.0011934218377813097 0.00043535675730607996 0.00033889232205262451 -0.00033237041540929964 -0.00023046076833531308 0.00056477960649971737 0.00030625702062548357 0.00034431706449257227 8.7773031667053994e-06 -0.00088522600039700949 -0.00025318599266309041 0.0012028721243264604 0.00060839141493351291 0.00092693548583810579 -0.00024716513684037831 0.00030053757122424523 -8.411425165272355e-05 0.00043826005307588879 -0.00038976126006895267 -4.76428788348577e-05
leaf_weight=57 88 96 87 95 70 66 54 51 72 69 348 703 57 146 78 52 52 52 57 53 57 76 130 247 90 82 171
leaf_count=57 88 96 87 95 70 66 54 51 72 69 348 703 57 146 78 52 52 52 57 53 57 76 130 247 90 82 171
internal_value=-1.50401e-05 -3.20127e-05 -1.26345e-05 0.000103458 -6.75024e-05 -7.00117e-05 0.00034361 -0.000101307 -0.0002599 -0.000124613 -0.000221298 -2.33415e-05 -0.00012287 0.000158368 -0.000173057 -0.000686709 -0.000438224 0.000270153 0.000541005 0.000181705 0.00014793 0.000278025 9.84725e-05 6.09092e-05 7.5659e-05 -1.93572e-06 0.00011991
internal_weight=3256 3168 3111 1029 508 2082 141 1941 644 489 417 1297 838 459 781 155 104 521 162 105 359 263 206 393 413 343 261
internal_count=3256 3168 3111 1029 508 2082 141 1941 644 489 417 1297 838 459 781 155 104 521 162 105 359 263 206 393 413 343 261
cat_boundaries=0 1
cat_threshold=512
is_linear=0
shrinkage=0.05


Tree=77
num_leaves=14
num_cat=0
split_feature=123 146 101 99 138 134 75 83 107 68 36 22 84
split_gain=0.0126408 0.027617 0.0113095 0.013338 0.0150151 0.0103826 0.0110047 0.0108311 0.012399 0.0101955 0.0130418 0.00948322 0.00870876
threshold=0.052881766110658653 0.66037154197692882 0.69093787670135509 0.83610031008720409 1.0061659216880801 0.83167997002601635 0.43881210684776312 0.87284365296363842 0.010989340487867595 0.69548162817955028 0.25000000745058065 0.83947625756263744 0.17625960707664493
decision_type=2 2 2 2 2 2 2 2 2 2 2 2 2
left_child=1 -1 -3 4 -4 -5 7 8 -7 12 -11 -9 -8
right_child=-2 2 3 5 -6 6 9 11 -10 10 -12 -13 -14
leaf_value=-0.0011810599312679295 0.00075903191357680889 0.00055398495403525215 -0.00084780530114493546 0.00055481953321560005 0.00015986764568478359 1.7717216230396713e-05 0.00011651168117384409 -0.0003245637035329959 -0.00085231729469194414 1.8466944137409362e-05 0.00076828574300165983 0.00055732296585591496 -8.7148297844840642e-05
leaf_weight=51 52 87 99 82 59 63 818 70 117 140 99 54 1465
leaf_count=51 52 87 99 82 59 63 818 70 117 140 99 54 1465
internal_value=-1.42881e-05 -2.68389e-05 -8.16925e-06 -2.41208e-05 -0.000471522 1.87828e-07 -1.59055e-05 -0.000300095 -0.000547805 1.83505e-05 0.000329061 5.94837e-05 -1.41768e-05
internal_weight=3256 3204 3153 3066 158 2908 2826 304 180 2522 239 124 2283
internal_count=3256 3204 3153 3066 158 2908 2826 304 180 2522 239 124 2283
is_linear=0
shrinkage=0.05


Tree=78
num_leaves=19
num_cat=1
split_feature=183 146 135 11 186 152 97 26 36 97 92 119 136 26 147 70 181 122
split_gain=0.0117638 0.0215336 0.00914648 0.00832489 0.0132764 0.0229415 0.0126106 0.0100229 0.0122368 0.0119396 0.0107532 0.00967813 0.00952745 0.00828598 0.00966703 0.00663677 0.0124354 0.0109214
threshold=0.056539529934525497 0.67488059401512157 0.71762675046920787 0.98893737792968761 0 0.20981426537036899 0.93751218914985668 0.28333334624767309 -0.55000001192092884 0.92266893386840831 0.10554534196853639 0.037453148514032371 0.80232962965965282 1.0000000180025095e-35 1.0584617257118227 0.53835678100585949 0.018107994459569458 -0.0081665958277881128
decision_type=2 2 2 2 1 2 2 2 2 2 2 2 2 2 2 2 2 2
left_child=1 -1 -3 4 5 -4 -5 8 10 -9 -6 -11 -10 14 -8 17 -17 -15
right_child=-2 2 3 6 7 -7 13 9 12 11 -12 -13 -14 15 -16 16 -18 -19
leaf_value=-0.00099246176817503425 0.0005566590808898168 0.00064579102718898169 -0.00021408915931511838 0.00074839179417014951 0.0004391820419400842 0.001170876201487974 0.00073770529713458805 -0.00060227609624335964 -0.0011524379607566269 -0.00028157677995793322 -0.00031139047121996554 0.00011498069972322631 -0.0004149997570985922 0.0003839050865083308 -6.1273428950149171e-06 -3.2095103839031649e-05 -0.00092213217727310785 -3.5121332003307121e-05
leaf_weight=57 88 52 67 63 68 54 84 90 59 212 160 561 170 184 91 137 55 1004
leaf_count=57 88 52 67 63 68 54 84 90 59 212 160 561 170 184 91 137 55 1004
internal_value=-1.35737e-05 -2.94135e-05 -1.17684e-05 -2.29463e-05 -0.000110349 0.000373155 5.48954e-05 -0.000156313 -0.000346831 -5.72363e-05 -8.75355e-05 6.22237e-06 -0.000604995 2.67988e-05 0.000350912 -1.43026e-05 -0.000287054 2.97784e-05
internal_weight=3256 3168 3111 3059 1441 121 1618 1320 457 863 228 773 229 1555 175 1380 192 1188
internal_count=3256 3168 3111 3059 1441 121 1618 1320 457 863 228 773 229 1555 175 1380 192 1188
cat_boundaries=0 1
cat_threshold=512
is_linear=0
shrinkage=0.05


Tree=79
num_leaves=12
num_cat=0
split_feature=123 146 101 99 145 128 107 175 158 151 84
split_gain=0.0109755 0.0231564 0.0102623 0.0120799 0.0130965 0.0128536 0.0100812 0.0121855 0.00797039 0.014352 0.0118537
threshold=0.052881766110658653 0.66037154197692882 0.69093787670135509 0.83610031008720409 0.84433382749557506 1.0558009743690493 0.028343720361590389 68.066600799560561 1.1056732535362246 0.57123482227325451 0.009394520893692972
decision_type=2 2 2 2 2 2 2 2 2 2 2
left_child=1 -1 -3 5 -5 -4 8 -8 9 -6 -10
right_child=-2 2 3 4 6 -7 7 -9 10 -11 -12
leaf_value=-0.001081496334689505 0.0007076881693837305 0.00052800112545768596 -0.0008108899545883711 0.00066638747845091631 -0.00055588398704895989 0.0001127017684930545 -0.00079921984189158237 2.3767312244593128e-05 0.00037732835771868076 -1.7008413977546474e-05 8.1985856095079516e-06
leaf_weight=51 52 87 96 72 135 62 88 92 305 1458 758
leaf_count=51 52 87 96 72 135 62 88 92 305 1458 758
internal_value=-1.2895e-05 -2.45899e-05 -7.49433e-06 -2.26894e-05 4.44366e-07 -0.000448468 -1.64625e-05 -0.000378582 8.07872e-06 -6.26758e-05 0.000114111
internal_weight=3256 3204 3153 3066 2908 158 2836 180 2656 1593 1063
internal_count=3256 3204 3153 3066 2908 158 2836 180 2656 1593 1063
is_linear=0
shrinkage=0.05


Tree=80
num_leaves=13
num_cat=0
split_feature=170 123 0 57 37 141 115 141 141 17 108 37
split_gain=0.0126345 0.0302033 0.0146633 0.00986614 0.00789464 0.0100211 0.00708782 0.0180025 0.0162039 0.0115951 0.00933303 0.00897643
threshold=7288903424.000001 0.017375787720084194 0.051384894177317626 0.68000537157058727 0.94166666269302379 0.87376901507377636 0.0053771454840898522 0.9340285360813142 0.93847775459289562 0.97083333134651195 0.018024880439043049 0.74166667461395275
decision_type=2 2 2 2 2 2 2 2 2 2 2 2
left_child=2 -2 3 4 5 -1 8 -8 11 -10 -9 -7
right_child=1 -3 -4 -5 -6 6 7 10 9 -11 -12 -13
leaf_value=-0.00072660126280970879 -7.6306611505139668e-05 0.0014406948727007738 -0.00073670126755883845 0.00061960488447867753 0.0005322992246902476 -0.0010258084900992652 0.00088966631854418658 0.00056119708392361647 -3.9470732166206623e-05 0.00039556914559464693 -0.00023461231338192841 -0.00014403302241892865
leaf_weight=50 92 51 69 63 65 62 75 50 2318 164 140 54
leaf_count=50 92 51 69 63 65 62 75 50 2318 164 140 54
internal_value=5.18559e-06 0.000464722 -1.59442e-05 4.09691e-07 -1.26895e-05 -2.48502e-05 -1.25947e-05 0.000233732 -3.77204e-05 -1.07251e-05 -2.51888e-05 -0.000615327
internal_weight=3253 143 3110 3041 2978 2913 2863 265 2598 2482 190 116
internal_count=3253 143 3110 3041 2978 2913 2863 265 2598 2482 190 116
is_linear=0
shrinkage=0.05


Tree=81
num_leaves=12
num_cat=0
split_feature=170 120 137 140 140 52 160 105 138 84 137
split_gain=0.0114027 0.0424661 0.0146679 0.012062 0.0082588 0.00793851 0.0222276 0.011875 0.0113952 0.0110806 0.0101375
threshold=7288903424.000001 0.091339927166700377 0.96782764792442333 0.91686084866523754 0.93359827995300304 0.17500000447034839 1.1990127563476565 0.88901138305664074 0.97045487165451061 0.25987663865089422 0.98584124445915233
decision_type=2 2 2 2 2 2 2 2 2 2 2
left_child=2 -2 -1 -4 -5 7 -7 -6 -9 -8 -10
right_child=1 -3 3 4 5 6 9 8 10 -11 -12
leaf_value=-0.00061713607289248665 -0.00063247560444454267 0.0011327712846138439 0.00061810929111790109 -0.00062450411227204042 -0.00071164032164770265 0.0009294305082620689 0.00034518527879845353 0.00059736259113139431 -0.00050501681673527604 -0.00070746079291711796 -3.3303814022566235e-06
leaf_weight=98 56 87 78 54 61 82 50 76 105 50 2456
leaf_count=98 56 87 78 54 61 82 50 76 105 50 2456
internal_value=4.92631e-06 0.000441486 -1.5147e-05 4.43962e-06 -1.18747e-05 -3.87903e-07 0.000319228 -2.19484e-05 -5.99417e-06 -0.000181138 -2.38993e-05
internal_weight=3253 143 3110 3012 2934 2880 182 2698 2637 100 2561
internal_count=3253 143 3110 3012 2934 2880 182 2698 2637 100 2561
is_linear=0
shrinkage=0.05


Tree=82
num_leaves=19
num_cat=0
split_feature=170 123 137 56 158 152 184 123 152 129 160 126 72 5 57 116 12 95
split_gain=0.0102909 0.0268558 0.0132378 0.0111874 0.0191926 0.0116473 0.02843 0.0163796 0.0178605 0.0128254 0.0128234 0.0125828 0.0105694 0.00933215 0.00787704 0.01294 0.0128613 0.00534822
threshold=7288903424.000001 0.017375787720084194 0.96782764792442333 0.70376706123352062 1.057522773742676 0.18407054990530017 0.055970959365367896 0.025922412052750591 0.2522688508033753 1.1042136549949648 1.183643698692322 -0.040831793099641793 0.52760866284370433 0.018572568893432621 0.56766349077224743 0.00098232796881347916 0.18555504828691485 2.2566682100296025
decision_type=2 2 2 2 2 2 2 2 2 2 2 2 2 2 2 2 2 2
left_child=2 -2 -1 5 -5 6 9 13 -9 11 -11 -4 -13 14 15 -7 -16 -12
right_child=1 -3 3 4 -6 7 -8 8 -10 10 17 12 -14 -15 16 -17 -18 -19
leaf_value=-0.00058627924858117289 -9.075491283827275e-05 0.0013397116774428344 0.0006677067414035693 0.001182249636073017 -0.00015710079856540285 -2.3647603955018666e-05 -0.0010688582387330542 0.0011902064681187487 5.4274921220329257e-05 -0.00093534414950522358 -0.00045931409845399046 7.5575903335577871e-06 -0.00074491706647677352 0.00064917997727191015 -2.6584185332546118e-06 0.00037531722472413379 -0.00061197093930945453 0.00018055304450251204
leaf_weight=98 92 51 68 53 54 944 77 65 74 77 62 700 50 57 277 259 126 69
leaf_count=98 92 51 68 53 54 944 77 65 74 77 62 700 50 57 277 259 126 69
internal_value=4.67999e-06 0.000419411 -1.43897e-05 4.21764e-06 0.000506316 -1.42762e-05 -0.000142243 6.40522e-05 0.000585466 -7.2702e-05 -0.000423273 1.64407e-05 -4.26074e-05 2.04705e-05 -1.84365e-06 6.22476e-05 -0.000193163 -0.000122285
internal_weight=3253 143 3110 3012 107 2905 1103 1802 139 1026 208 818 750 1663 1606 1203 403 131
internal_count=3253 143 3110 3012 107 2905 1103 1802 139 1026 208 818 750 1663 1606 1203 403 131
is_linear=0
shrinkage=0.05


Tree=83
num_leaves=34
num_cat=0
split_feature=178 3 90 6 164 89 111 87 173 80 111 111 101 120 97 183 157 9 131 60 168 27 136 52 161 10 55 32 158 35 113 157 134
split_gain=0.00985867 0.0165736 0.0199666 0.0203669 0.0144524 0.0289715 0.0137882 0.01747 0.0132398 0.0157292 0.0138751 0.0196801 0.0137031 0.0185777 0.0158657 0.0131545 0.0105661 0.0105145 0.0103189 0.00997835 0.00855811 0.00810288 0.00791531 0.00757259 0.00926854 0.00926779 0.008128 0.00883494 0.00707093 0.0101931 0.00702678 0.00659369 0.00471885
threshold=-10.08299398422241 0.019639221951365474 0.59368893504142772 0.10369546711444856 246.81036376953128 0.44179226458072668 0.10654966533184053 0.54567646980285656 0.9968581795692445 0.083898175507783904 0.087267074733972563 0.073154330253601088 0.87356951832771312 0.035030819475650794 0.9609087109565736 0.017627717927098278 0.84972837567329418 0.96940624713897716 1.0264486670494082 0.47402617335319525 4.3093109130859384 0.62500000000000011 0.90250888466835033 -0.10833333432674407 1.091647803783417 1.014809846878052 0.54376861453056347 0.075000002980232253 0.96783301234245311 -0.32500000298023218 -0.0030414474895223971 0.82844081521034252 0.97721529006958019
decision_type=2 2 2 2 2 2 2 2 2 2 2 2 2 2 2 2 2 2 2 2 2 2 2 2 2 2 2 2 2 2 2 2 2
left_child=4 8 3 -3 5 -1 17 -8 9 18 11 12 14 21 -10 -15 -12 -6 -2 20 22 -14 -20 25 -25 31 32 -28 29 -21 -30 -19 -26
right_child=1 2 -4 -5 6 -7 7 -9 10 -11 16 -13 13 15 -16 -17 -18 23 19 28 -22 -23 -24 24 26 -27 27 -29 30 -31 -32 -33 -34
leaf_value=-0.0014536199279453807 0.00065833254878650883 0.00027186034445185215 -0.00023829786249098106 0.0016989875584840775 -0.00081086334647290082 0.00015471525866814773 -0.00015267825099861648 0.0011191672233204978 -0.00013755690415564458 0.00096441405369440529 -0.0011643473348231055 0.00073230047926067712 -0.00064309602420039354 0.00027878310935665904 -0.0012729360533412547 -0.00045754119223096905 -0.00017251243447515601 0.00020426684400543893 -0.0004859358426755082 -0.00026769549300417007 0.00039940268616192045 3.8895784617544946e-05 9.7872983519409077e-05 0.00065786419330762845 0.00029284864759040254 -0.00082111326253542563 0.00028489763761172074 -0.00034692339540580371 2.3622890266990507e-05 0.00042679440931711133 0.00058342497914562962 -0.00041434868000341462 -0.00010013712296226698
leaf_weight=56 79 50 50 50 51 56 54 54 80 58 50 77 132 385 50 72 58 81 167 137 56 65 89 51 194 66 70 264 86 86 161 92 126
leaf_count=56 79 50 50 50 51 56 54 54 80 58 50 77 132 385 50 72 58 81 167 137 56 65 89 51 194 66 70 264 86 86 161 92 126
internal_value=4.44599e-06 7.16543e-05 0.000577517 0.000985424 -0.000108287 -0.000649452 -5.33364e-05 0.000483244 3.1464e-05 0.000167425 -9.74811e-05 -3.04717e-05 -0.000105387 -1.21895e-05 -0.000574241 0.000162776 -0.000631695 -0.000111578 0.000113737 5.87199e-05 -0.000160494 -0.000418073 -0.000282971 -7.37992e-05 8.6546e-06 -0.000317021 -4.19718e-05 -0.000214506 0.00020424 1.34694e-07 0.000388514 -0.000124708 0.000138111
internal_weight=3253 2038 150 100 1215 112 1103 108 1888 919 969 861 784 654 130 457 108 995 861 782 312 197 256 944 705 239 654 334 470 223 247 173 320
internal_count=3253 2038 150 100 1215 112 1103 108 1888 919 969 861 784 654 130 457 108 995 861 782 312 197 256 944 705 239 654 334 470 223 247 173 320
is_linear=0
shrinkage=0.05


Tree=84
num_leaves=17
num_cat=0
split_feature=112 126 144 87 173 113 136 116 47 109 160 115 92 145 59 5
split_gain=0.00946203 0.0113582 0.018293 0.0179959 0.028755 0.0223835 0.0140696 0.0159536 0.0114219 0.0120633 0.00927222 0.00913467 0.023584 0.011208 0.0084467 0.0068126
threshold=0.030116983689367775 0.063377238810062422 0.87838730216026317 0.46385760605335241 1.655037045478821 0.010576853994280102 0.69473630189895641 0.0050351666286587724 0.59166666865348827 0.033318428322672851 1.183643698692322 0.0051072945352643737 0.36390270292758947 0.89776378870010387 0.37206742167472845 0.0072902364190667876
decision_type=2 2 2 2 2 2 2 2 2 2 2 2 2 2 2 2
left_child=1 2 -1 10 5 14 -4 8 11 -10 -3 13 -13 -8 -5 -12
right_child=-2 3 6 4 -6 -7 7 -9 9 -11 15 12 -14 -15 -16 -17
leaf_value=0.00073419334402888639 0.00062630053066338107 0.00069303269766471279 -0.00063131757488008597 -0.00076571037363602865 0.00048120956426084212 -0.001606221805225493 -0.000529324896096143 0.00087659120294524158 -3.7653205080936289e-05 -0.00096591129169003884 0.00022829535750629889 -0.00029521159291186411 0.00093344767962763499 3.1288985695087709e-05 6.4732833125162882e-05 -0.00054545086818689017
leaf_weight=89 60 53 84 79 55 61 93 54 84 60 66 69 90 2156 50 50
leaf_count=89 60 53 84 79 55 61 93 54 84 60 66 69 90 2156 50 50
internal_value=4.22369e-06 -7.46582e-06 2.89325e-05 -0.000251792 -0.000525582 -0.000817021 5.5986e-06 2.61285e-05 8.13283e-06 -0.000424427 0.000145122 3.40002e-05 0.000400256 8.10664e-06 -0.000443833 -0.000105216
internal_weight=3253 3193 2779 414 245 190 2690 2606 2552 144 169 2408 159 2249 129 116
internal_count=3253 3193 2779 414 245 190 2690 2606 2552 144 169 2408 159 2249 129 116
is_linear=0
shrinkage=0.05


Tree=85
num_leaves=10
num_cat=0
split_feature=76 112 102 138 7 7 139 133 6
split_gain=0.0134256 0.0151738 0.0157679 0.0136075 0.0184849 0.0137611 0.0140189 0.0181377 0.0111186
threshold=0.3846383541822434 0.02870348654687405 0.95243570208549511 0.96467807888984691 0.036316592246294029 0.027410640381276611 0.95261213183403026 0.87847062945365917 0.14845424145460132
decision_type=2 2 2 2 2 2 2 2 2
left_child=-1 2 -2 -4 5 6 -5 -8 -7
right_child=1 -3 3 4 -6 8 7 -9 -10
leaf_value=-0.00080166239140089593 -0.0006430405008399652 0.00082540619296823632 0.0006803649905263088 -0.00069562229741216251 -0.00085736667359014973 9.122743331654756e-05 0.00070854486736433061 1.9117221539890055e-06 0.0011206825401042771
leaf_weight=50 90 58 78 69 60 54 94 2676 51
leaf_count=50 90 58 78 69 60 54 94 2676 51
internal_value=1.13858e-05 2.39717e-05 9.31745e-06 2.83675e-05 1.14381e-05 2.91447e-05 8.35542e-06 2.58913e-05 0.000591248
internal_weight=3280 3230 3172 3082 3004 2944 2839 2770 105
internal_count=3280 3230 3172 3082 3004 2944 2839 2770 105
is_linear=0
shrinkage=0.05


Tree=86
num_leaves=15
num_cat=0
split_feature=76 112 142 22 160 159 103 160 172 86 108 143 126 90
split_gain=0.0121166 0.0136943 0.0143144 0.0116317 0.0248383 0.0113021 0.0225407 0.0201558 0.0490752 0.0120976 0.0136406 0.0109652 0.0249055 0.00945313
threshold=0.3846383541822434 0.02870348654687405 0.92742675542831432 0.93923956155776989 1.2556464076042178 1.1451818943023684 0.9476757049560548 1.1393662095069887 62298028.000000007 0.77348646521568309 0.028727325610816482 0.92601320147514354 0.073020946234464659 0.53323048353195202
decision_type=2 2 2 2 2 2 2 2 2 2 2 2 2 2
left_child=-1 2 -2 5 -5 6 -4 8 -7 10 -8 12 -9 -13
right_child=1 -3 3 4 -6 7 9 11 -10 -11 -12 13 -14 -15
leaf_value=-0.00076157928735483445 -0.00061271032140616127 0.0007841358852978186 -0.0011275208321189984 0.0013047707398621945 -0.00024092825140756117 -0.00014215400176023675 -2.9814075384354046e-05 0.0012620510074939058 0.0018298085846948778 0.00053189775987071131 -0.0005141585867618016 0.00010709475461926518 -0.00018039888226277463 -0.00016729371032011344
leaf_weight=50 90 58 51 53 51 74 1079 57 55 82 168 852 63 497
leaf_count=50 90 58 51 53 51 74 1079 57 55 82 168 852 63 497
internal_value=1.08165e-05 2.27731e-05 8.85158e-06 2.70023e-05 0.000546784 8.85011e-06 -9.59681e-05 9.9369e-05 0.000698605 -5.63826e-05 -9.50666e-05 4.67471e-05 0.000504765 6.00427e-06
internal_weight=3280 3230 3172 3082 104 2978 1380 1598 129 1329 1247 1469 120 1349
internal_count=3280 3230 3172 3082 104 2978 1380 1598 129 1329 1247 1469 120 1349
is_linear=0
shrinkage=0.05


Tree=87
num_leaves=24
num_cat=0
split_feature=76 163 109 32 7 95 109 101 35 118 2 153 106 17 91 92 36 92 147 121 7 157 147
split_gain=0.0109352 0.010752 0.0505948 0.0537049 0.0210672 0.0166423 0.0141395 0.0126097 0.0124568 0.0148175 0.0128042 0.0119418 0.0112458 0.013229 0.0150523 0.0143166 0.014088 0.0133386 0.0093443 0.00855 0.00780203 0.00591303 0.00908377
threshold=0.3846383541822434 62.242719650268562 0.04127964191138745 0.15833333879709247 0.033378256484866149 0.47642487287521368 0.064855426549911513 0.87356951832771312 0.87500000000000011 0.11827060580253602 0.13473174721002582 0.32397954165935522 0.84235161542892467 0.97083333134651195 0.56400227546691906 0.39848305284976965 0.78333333134651195 0.51989248394966137 0.9926927685737611 0.10631879791617395 -0.0061440458521246901 0.66687345504760753 0.99995028972625744
decision_type=2 2 2 2 2 2 2 2 2 2 2 2 2 2 2 2 2 2 2 2 2 2 2
left_child=-1 2 7 -4 8 -6 -5 -2 12 -10 -11 20 18 14 17 -16 -15 -14 -3 -13 -9 -22 -23
right_child=1 4 3 6 5 -7 -8 11 9 10 -12 19 13 16 15 -17 -18 -19 -20 -21 21 22 -24
leaf_value=-0.00072350031754467639 -0.00065067077861409399 -0.00099665021944719454 0.0022029926993127448 0.00080154720635619017 -0.0012232649354113928 -0.00017016698606312278 -0.00028101291775457424 0.00028015752336737148 0.0011521085308049805 0.0006301303014257237 -0.00045484538606195622 0.00084186751770403139 5.8943106942196629e-05 9.9559606151531773e-05 -0.0008756044341640993 -0.00012014339733427109 0.0011053487461780336 -0.00064598612256564338 -8.7787381401158789e-05 7.2767719744244608e-05 0.00012252843430274571 -0.00014768511066274816 -0.00097393466516975963
leaf_weight=50 77 52 56 70 62 95 53 74 50 57 52 64 1623 98 92 197 54 70 62 83 53 78 58
leaf_count=50 77 52 56 70 62 95 53 74 50 57 52 64 1623 98 92 197 54 70 62 83 53 78 58
internal_value=1.02757e-05 2.16344e-05 0.000200627 0.000919454 -2.4859e-05 -0.00058604 0.000335078 -6.35819e-05 1.17448e-05 0.00043944 0.000112527 4.66762e-05 -1.85059e-05 7.34182e-06 -2.71333e-05 -0.000360636 0.000456879 2.97966e-05 -0.000502356 0.000407614 -0.000155065 -0.000325469 -0.000500056
internal_weight=3280 3230 666 179 2564 157 123 487 2407 159 109 410 2248 2134 1982 289 152 1693 114 147 263 189 136
internal_count=3280 3230 666 179 2564 157 123 487 2407 159 109 410 2248 2134 1982 289 152 1693 114 147 263 189 136
is_linear=0
shrinkage=0.05


Tree=88
num_leaves=27
num_cat=0
split_feature=76 178 110 170 12 42 109 124 161 165 56 115 121 174 138 178 5 111 179 27 123 70 92 161 168 136
split_gain=0.00986905 0.0102477 0.0221907 0.0176876 0.0168048 0.0158366 0.0172424 0.0366495 0.0206916 0.0132274 0.0215265 0.0178846 0.0132991 0.0130671 0.0121116 0.0126202 0.0109497 0.0104765 0.0104877 0.0101738 0.00860204 0.0083305 0.00830492 0.00759322 0.00663459 0.00317944
threshold=0.3846383541822434 -10.31029176712036 0.084647092968225493 4514851584.000001 0.20869994163513186 0.60833334922790538 0.04026895388960839 0.040022695437073715 1.7519008517265322 198.41276550292972 0.61258152127265941 0.0035480670630931859 0.039667898789048202 54.739965438842781 1.0477234125137331 -15.276479244232176 0.014226196799427273 0.058622628450393684 12.626577377319338 0.041666667908430106 0.0027468892512843017 0.56704288721084606 0.41072511672973638 1.3281446099281313 4.9437017440795907 0.95023161172866832
decision_type=2 2 2 2 2 2 2 2 2 2 2 2 2 2 2 2 2 2 2 2 2 2 2 2 2 2
left_child=-1 3 5 14 -4 6 9 8 23 11 12 20 -11 -10 15 16 19 24 -19 -2 -3 -21 -13 -8 25 -17
right_child=1 2 4 -5 -6 -7 7 -9 13 10 -12 22 -14 -15 -16 17 -18 18 -20 21 -22 -23 -24 -25 -26 -27
leaf_value=-0.00068732529674889523 0.00043048878914457122 -0.0002001390810762482 0.00013809834882312527 -0.00088641281368266513 0.0013863511197996559 -0.00075066470012340387 0.00021208456961979314 0.0016347364119057746 0.00015669751903540322 -0.00038439806062741443 0.0010436900909607813 -0.0011619227239312957 0.00023548774457939393 0.0012622210104415322 0.00048690639575283968 0.00039145595846303667 0.00069379074228453214 -0.00031887627714789394 -0.001278246292942133 -6.5031061230478202e-05 0.00010765834838901171 -0.00072276754818751288 -0.00026359784824308007 -0.00045292277909070018 -0.00053812551058428891 -0.00016696087556192652
leaf_weight=50 96 413 52 67 56 60 77 51 52 114 67 53 359 55 96 52 54 63 52 525 504 53 50 97 62 50
leaf_count=50 96 413 52 67 56 60 77 51 52 114 67 53 359 55 96 52 54 63 52 525 504 53 50 97 62 50
internal_value=9.76189e-06 2.05527e-05 8.76711e-05 -9.76215e-05 0.000785341 4.90705e-05 7.44321e-05 0.000401623 0.00017782 4.79906e-06 0.0002049 -0.000101137 8.60861e-05 0.000724957 -4.97076e-05 -0.000100864 8.71379e-06 -0.000386789 -0.000752678 -4.61737e-05 -3.0968e-05 -0.000125343 -0.000725843 -0.000158638 -0.00013022 0.000117722
internal_weight=3280 3230 2060 1170 108 1952 1892 332 281 1560 540 1020 473 107 1103 1007 728 279 115 674 917 578 103 174 164 102
internal_count=3280 3230 2060 1170 108 1952 1892 332 281 1560 540 1020 473 107 1103 1007 728 279 115 674 917 578 103 174 164 102
is_linear=0
shrinkage=0.05


Tree=89
num_leaves=19
num_cat=0
split_feature=137 92 3 179 75 126 122 135 26 92 132 180 159 134 112 107 4 72
split_gain=0.00975709 0.0155901 0.0107334 0.0260283 0.0323271 0.0161704 0.0122717 0.0107731 0.0106205 0.0191976 0.0164039 0.0141133 0.0106774 0.0148003 0.00985699 0.00917044 0.00670853 0.00674392
threshold=0.96603229641914379 0.42709559202194219 0.019086763262748722 11.303143024444582 0.46889974176883703 0.10370061174035074 0.014476339798420669 0.82582774758338939 0.91666665673255932 0.35559284687042242 0.9142461121082307 124.23484420776369 0.82729279994964611 0.95393297076225292 0.0090463692322373408 0.018793748691678051 0.22281324118375781 0.50571855902671825
decision_type=2 2 2 2 2 2 2 2 2 2 2 2 2 2 2 2 2 2
left_child=1 -1 5 4 7 6 8 -4 10 16 -2 -11 13 -12 -14 -8 -10 -18
right_child=2 -3 3 -5 -6 -7 15 -9 9 11 12 -13 14 -15 -16 -17 17 -19
leaf_value=-0.0010782323070228673 -0.00080399796914181051 0.00015830575648578815 -0.00037992723938077688 -0.00031882741450503169 0.0015580810991345224 -0.00077676147008208908 5.9806531199308881e-05 0.00065290806642402536 -0.00039586087193412673 0.00021548495094975809 -0.00097103364485733718 0.0011375806763822625 -2.2658279631739004e-05 -5.5726484632551939e-05 0.00035761245441552061 0.00099059621930461055 -0.00018655290896903948 0.00060165431538788494
leaf_weight=52 69 50 50 98 67 66 51 51 93 90 68 77 1921 126 187 55 58 51
leaf_count=52 69 50 50 98 67 66 51 51 93 90 68 77 1921 126 187 55 58 51
internal_value=9.2738e-06 -0.000472086 2.47234e-05 0.000328753 0.000706508 -3.04857e-06 1.48942e-05 0.000141603 -5.52705e-06 0.000244002 -4.43613e-05 0.000640643 -2.1592e-05 -0.000376556 1.10754e-05 0.000542763 -8.39147e-05 0.000182241
internal_weight=3280 102 3178 266 168 2912 2846 101 2740 369 2371 167 2302 194 2108 106 202 109
internal_count=3280 102 3178 266 168 2912 2846 101 2740 369 2371 167 2302 194 2108 106 202 109
is_linear=0
shrinkage=0.05


Tree=90
num_leaves=16
num_cat=0
split_feature=109 99 0 183 3 6 7 115 37 85 7 116 91 121 2
split_gain=0.0117783 0.0175363 0.0110014 0.00961188 0.00867065 0.0152552 0.0134648 0.0140951 0.0133486 0.0126134 0.0105597 0.0126171 0.00751507 0.00670554 0.00554507
threshold=0.10447290912270547 0.75757142901420604 0.051384894177317626 0.047483008354902274 0.0070391565095633277 0.45035210251808172 -0.025776692666113373 0.0033861701376736168 0.52500000596046459 0.58841329813003551 -0.017015878111124035 0.0012225240352563562 0.56652149558067333 0.20362024009227755 -0.77598565816879261
decision_type=2 2 2 2 2 2 2 2 2 2 2 2 2 2 2
left_child=1 -1 3 4 8 6 -6 -8 10 12 14 -12 -10 -11 -3
right_child=-2 2 -4 -5 5 -7 7 -9 9 13 11 -13 -14 -15 -16
leaf_value=0.00089947485218356139 -0.00067725840054856353 -0.00013715413070814167 -0.00068820484778067724 0.000611661056680004 0.00061848804246008042 0.00070579482091625819 0.00011379665409808141 -0.00029897086007807909 -0.00023650115905357304 -0.00096727075205390884 -4.0373510959879233e-05 0.00036310587532228814 0.00043454865806052116 -0.00031908840568551207 -0.00086415708669936107
leaf_weight=53 66 54 60 62 91 93 647 304 252 88 1104 235 50 73 51
leaf_count=53 66 54 60 62 91 93 647 304 252 88 1104 235 50 73 51
internal_value=-1.60647e-05 -2.49968e-06 -1.76086e-05 -4.64605e-06 -1.72072e-05 9.2212e-05 3.74489e-05 -1.81501e-05 -8.23309e-05 -0.000315948 -7.42438e-06 3.04388e-05 -0.0001254 -0.000673374 -0.00049027
internal_weight=3283 3217 3164 3104 3042 1135 1042 951 1907 463 1444 1339 302 161 105
internal_count=3283 3217 3164 3104 3042 1135 1042 951 1907 463 1444 1339 302 161 105
is_linear=0
shrinkage=0.05


Tree=91
num_leaves=30
num_cat=0
split_feature=3 6 113 52 148 148 157 57 130 183 161 157 92 121 37 121 21 86 106 182 179 182 137 36 161 119 182 54 119
split_gain=0.00998482 0.0147675 0.0145931 0.0138203 0.0105903 0.0158712 0.0139372 0.0131202 0.00935503 0.0201906 0.0168223 0.0124644 0.00972709 0.00942632 0.00789945 0.0118007 0.0136137 0.010145 0.00919131 0.00703383 0.012174 0.00937852 0.00952827 0.00768794 0.00605507 0.00598759 0.0066012 0.00533051 0.00232846
threshold=0.0070391565095633277 0.45035210251808172 0.013139284681528808 0.058333335444331176 0.45635995268821722 0.56563645601272594 0.52044683694839489 0.55341845750808727 1.0888868570327761 -0.013060040306299923 1.1860827803611758 0.92422646284103405 0.36114449799060827 0.059174703434109695 0.52500000596046459 0.26339001953601843 0.67096936702728283 0.20215177536010745 1.1367335319519045 0.016495896503329281 1.7597611546516421 0.018403300084173683 0.99874779582023632 0.68333333730697643 1.3181716203689577 0.010959499049931766 0.015045931097120048 0.50962463021278392 0.049889964982867248
decision_type=2 2 2 2 2 2 2 2 2 2 2 2 2 2 2 2 2 2 2 2 2 2 2 2 2 2 2 2 2
left_child=2 4 14 -3 -2 -6 7 -7 9 -8 -11 12 -10 -13 18 17 -17 -16 19 23 27 -22 -23 25 -19 -1 -27 -21 -26
right_child=1 3 -4 -5 5 6 8 -9 11 10 -12 13 -14 -15 15 16 -18 24 -20 20 21 22 -24 -25 28 26 -28 -29 -30
leaf_value=0.00037043330655629444 -0.00050870333410178617 8.2718489619974911e-05 -0.00077898016889006716 0.0012300364286194861 0.0008415425085695461 0.0011250899068626396 0.00105995048147366 6.8044136259784723e-06 -0.00016485624423477846 0.00067697760641749483 -0.00012366040044057167 -0.00045676179904182427 -0.00082903847725567773 0.00032828287823562946 0.000105951153641768 -0.0002208559195499523 0.00078364839313368204 -0.00087458685558215775 -0.00062955435153396269 0.0010288883987304872 0.00057306196645691269 0.0003217932638516028 -0.00022791818654791944 -0.00052174283270457625 -0.00060805747789951668 -8.887782305094785e-06 -0.0004864756307187036 0.00029878515645395968 -0.00020769228235028846
leaf_weight=89 81 52 73 53 65 54 51 51 126 79 387 54 98 131 74 96 52 95 56 50 72 116 246 83 60 615 82 50 92
leaf_count=89 81 52 73 53 65 54 51 51 126 79 387 54 98 131 74 96 52 95 56 50 72 116 246 83 60 615 82 50 92
internal_value=-1.52615e-05 9.36777e-05 -8.50566e-05 0.000661841 4.2992e-05 8.37651e-05 3.59906e-05 0.000581923 -2.59132e-05 0.000115439 1.20701e-05 -0.000204591 -0.000455436 9.91347e-05 -5.87826e-05 -0.00023729 0.000132078 -0.00040759 -1.40085e-06 2.36716e-05 0.000166487 5.18908e-05 -5.17676e-05 -6.40887e-05 -0.000561445 -1.57614e-05 -6.50746e-05 0.000663837 -0.000365731
internal_weight=3283 1282 2001 105 1177 1096 1031 105 926 517 466 409 224 185 1928 469 148 321 1459 1403 534 434 362 869 247 786 697 100 152
internal_count=3283 1282 2001 105 1177 1096 1031 105 926 517 466 409 224 185 1928 469 148 321 1459 1403 534 434 362 869 247 786 697 100 152
is_linear=0
shrinkage=0.05


Tree=92
num_leaves=11
num_cat=0
split_feature=141 161 104 91 133 102 102 92 143 170
split_gain=0.0105961 0.00944411 0.0155734 0.0193753 0.0153054 0.0131713 0.0095643 0.0294885 0.00968145 0.00813956
threshold=1.2603615522384646 0.90249717235565197 0.88383451104164135 0.48766839504241949 0.85434585809707653 0.94848906993865978 0.96419051289558422 0.43739920854568487 0.91178885102272045 7517441024.000001
decision_type=2 2 2 2 2 2 2 2 2 2
left_child=1 -1 3 -3 -4 -6 7 -7 -8 -10
right_child=-2 2 4 -5 5 6 8 -9 9 -11
leaf_value=0.0005147850859979964 -0.00066733579542564204 -0.0013269851518562066 0.00084643919117126029 4.5128316615207372e-05 -0.00078453717670291323 -0.00018604753275141845 -0.0006787350642736312 0.0013733886433183217 -1.9260021890087035e-05 0.00044477590516700207
leaf_weight=86 61 50 53 53 54 77 54 50 2647 98
leaf_count=86 61 50 53 53 54 77 54 50 2647 98
internal_value=-1.44984e-05 -2.13868e-06 -1.63145e-05 -0.000620946 4.21863e-06 -1.07605e-05 3.51977e-06 0.000427904 -1.5736e-05 -2.69335e-06
internal_weight=3283 3222 3136 103 3033 2980 2926 127 2799 2745
internal_count=3283 3222 3136 103 3033 2980 2926 127 2799 2745
is_linear=0
shrinkage=0.05


Tree=93
num_leaves=14
num_cat=0
split_feature=109 99 0 169 170 120 3 6 7 173 169 79 109
split_gain=0.010214 0.016052 0.00942484 0.00807847 0.0120498 0.00807156 0.00874716 0.0149449 0.0128477 0.00933369 0.00755776 0.00722967 0.00673185
threshold=0.10447290912270547 0.75757142901420604 0.051384894177317626 1.0428531765937807 1054033664.0000001 0.53773367404937755 0.0074026831425726422 0.45035210251808172 -0.01423619734123349 1.2236948013305666 -0.12359589710831641 0.073025368154048934 0.034907236695289619
decision_type=2 2 2 2 2 2 2 2 2 2 2 2 2
left_child=1 -1 3 5 -5 6 9 8 -8 10 -3 -11 -7
right_child=-2 2 -4 4 -6 12 7 -9 -10 11 -12 -13 -14
leaf_value=0.00086181641227943504 -0.00062949713072598442 0.00013766087785999361 -0.00063628548483999725 -8.8253140792302374e-05 0.0009889446480956395 -9.1659953660183657e-05 0.00038976217703182354 0.00078696106388929064 -4.5325377266082168e-05 -0.00060873932827234969 -9.4309255992127826e-05 -0.00013810442057814835 -0.00086596954148262747
leaf_weight=53 66 551 60 54 50 64 225 77 690 120 968 255 50
leaf_count=53 66 551 60 54 50 64 225 77 690 120 968 255 50
internal_value=-1.37735e-05 -1.14131e-06 -1.55967e-05 -3.59882e-06 0.00042963 -1.86174e-05 -2.31725e-06 0.000117962 6.16634e-05 -6.53144e-05 -1.01647e-05 -0.000288708 -0.000431269
internal_weight=3283 3217 3164 3104 104 3000 2886 992 915 1894 1519 375 114
internal_count=3283 3217 3164 3104 104 3000 2886 992 915 1894 1519 375 114
is_linear=0
shrinkage=0.05


Tree=94
num_leaves=16
num_cat=1
split_feature=141 101 178 170 170 182 104 121 97 179 161 15 119 91 186
split_gain=0.00940343 0.00916471 0.00987015 0.0201124 0.0162164 0.015364 0.0178983 0.0125605 0.0165829 0.0106171 0.010253 0.00825887 0.00840662 0.00673458 0.00533732
threshold=1.2603615522384646 1.2595347762107851 -10.08299398422241 4514851584.000001 14994900.000000002 0.038807557895779617 0.95051676034927379 0.56516981124877941 0.91204273700714122 9.5585231781005877 1.0786729454994204 0.96250000596046459 0.19966807216405871 0.59910067915916454 0
decision_type=2 2 2 2 2 2 2 2 2 2 2 2 2 2 1
left_child=1 2 3 10 -4 7 -7 8 -6 -10 -1 13 -13 14 -12
right_child=-2 -3 4 -5 5 6 -8 -9 9 -11 11 12 -14 -15 -16
leaf_value=0.00044804234520984471 -0.00062808548968636482 0.0006506219816727472 0.00090150137021820145 -0.00090378808858636501 -0.00070049363223905414 0.0012780153851893444 -4.0265565564600274e-05 0.00067517332671823997 -3.391230014912687e-05 0.00038709113755937535 -0.0003564710435128149 -0.00013957708819678215 -0.00097691006645481203 0.00041365752608993822 -3.754253150763169e-05
leaf_weight=87 61 53 55 78 87 52 51 66 1530 166 157 69 53 68 650
leaf_count=87 61 53 55 78 87 52 51 66 1530 166 157 69 53 68 650
internal_value=-1.30848e-05 -1.44142e-06 -1.23469e-05 -0.000128316 5.4796e-05 3.09391e-05 0.000625274 -2.16885e-06 -2.72415e-05 7.2944e-06 -7.2516e-05 -0.000117941 -0.000503336 -6.42057e-05 -0.000104472
internal_weight=3283 3222 3169 1162 2007 1952 103 1849 1783 1696 1084 997 122 875 807
internal_count=3283 3222 3169 1162 2007 1952 103 1849 1783 1696 1084 997 122 875 807
cat_boundaries=0 1
cat_threshold=80
is_linear=0
shrinkage=0.05


Tree=95
num_leaves=26
num_cat=0
split_feature=181 140 185 121 126 129 139 15 180 87 168 168 124 182 171 22 152 17 91 126 12 57 68 84 155
split_gain=0.00884822 0.0105386 0.00742974 0.0113229 0.0104712 0.0113463 0.0102751 0.0122705 0.0104225 0.0139003 0.0128532 0.0121801 0.00995557 0.0115434 0.0106829 0.0086911 0.00795868 0.0152665 0.00798422 0.0078325 0.00737437 0.0068886 0.00653339 0.00612639 0.00502358
threshold=0.048932086676359184 0.90807822346687328 0.017740957438945774 0.52412128448486339 -0.005950208753347396 1.0926731228828432 1.0436658859252932 0.36249999701976782 340.04295349121099 1.0000000180025095e-35 3.285722136497498 1.5005713701248171 0.042091907933354385 0.026132020168006424 103848660.00000001 0.64107424020767223 0.23844049125909808 0.41249999403953558 0.088080454617738738 -0.035298783332109444 0.10700841620564462 0.57174676656723034 0.42390656471252447 -0.24274492263793943 0.27715677022933966
decision_type=2 2 2 2 2 2 2 2 2 2 2 2 2 2 2 2 2 2 2 2 2 2 2 2 2
left_child=1 -1 6 4 15 12 8 16 9 -3 11 -11 13 -6 -14 -4 18 23 20 -10 -8 24 -20 -18 -21
right_child=-2 2 3 -5 5 -7 7 -9 19 10 -12 -13 14 -15 -16 -17 17 -19 22 21 -22 -23 -24 -25 -26
leaf_value=0.00058345481792036107 -0.00045601647000905658 0.00095745337615274679 -0.00015762070333413944 0.00056943864769323229 -0.0001281508304687339 0.00059912589097874558 -0.00022930210116563535 -0.00067915461892615768 0.00044561425774273551 0.00021545189496036446 0.00085366027230612818 -0.00058362663860154703 -0.00012254089393345087 0.00032030113918815259 -0.0010326655066039945 -0.00098695359506641351 0.00029814896744723873 0.00098626339869738069 5.8447722645227754e-05 -0.00027856797659434767 0.0005832990889002587 -0.00051841379297709665 -0.00060506465874224987 -0.00038342793777701445 0.00011035095967812272
leaf_weight=82 99 72 68 64 777 61 59 79 88 408 69 54 76 176 56 59 68 51 55 112 53 72 114 64 321
leaf_count=82 99 72 68 64 777 61 59 79 88 408 69 54 76 176 56 59 68 51 55 112 53 72 114 64 321
internal_value=9.43834e-06 2.40299e-05 9.11671e-06 -7.95066e-05 -0.000112132 -6.43943e-05 7.72532e-05 -0.000103123 0.000159146 0.000305519 0.000217121 0.000122053 -0.000101698 -4.53307e-05 -0.000508654 -0.000542901 -5.04859e-06 0.000251553 -0.000172159 1.03057e-05 0.000155232 -6.555e-05 -0.000389129 -3.23126e-05 9.75299e-06
internal_weight=3257 3158 3076 1337 1273 1146 1739 543 1196 603 531 462 1085 953 132 127 464 183 281 593 112 505 169 132 433
internal_count=3257 3158 3076 1337 1273 1146 1739 543 1196 603 531 462 1085 953 132 127 464 183 281 593 112 505 169 132 433
is_linear=0
shrinkage=0.05


Tree=96
num_leaves=22
num_cat=1
split_feature=160 15 104 104 91 130 130 55 146 91 92 124 120 103 87 91 186 100 101 26 92
split_gain=0.0086957 0.0306185 0.0150691 0.012885 0.0110605 0.00820056 0.00730484 0.0110929 0.0104215 0.0113726 0.00990403 0.0143463 0.0170795 0.0164771 0.0137326 0.00962795 0.0092507 0.0122764 0.0105254 0.00906209 0.00647505
threshold=0.84068235754966747 0.63749998807907116 0.88383451104164135 0.8958263397216798 0.46355372667312628 1.2691470384597781 1.074024558067322 0.42905426025390631 0.96764838695526134 0.25203157961368566 0.38809631764888769 0.0084151783958077448 0.17604929953813556 0.99199983477592479 0.40381878614425665 0.46192593872547155 0 0.87718045711517345 0.80898657441139232 0.68333333730697643 0.35342431068420416
decision_type=2 2 2 2 2 2 2 2 2 2 2 2 2 2 2 2 1 2 2 2 2
left_child=1 -1 4 -4 -2 6 10 8 20 -10 14 13 -13 -12 19 -16 17 -9 -18 -5 -8
right_child=2 -3 3 5 -6 -7 7 16 9 -11 11 12 -14 -15 15 -17 18 -19 -20 -21 -22
leaf_value=-0.00040377892823237219 -0.001137274612672627 0.0010594896494391529 0.00080760176299372692 0.0002456062767218447 -9.5745857330397347e-05 0.00057679147568705962 0.00070885674858252605 7.7924566730336455e-05 6.6435749065476567e-05 -0.00056976588741235905 -0.00037628276361389122 0.00019094890458843779 0.0010077759261633615 0.00036523378392177685 -0.0001499319752825476 -0.00079367921094672064 -0.00058891341435523105 -0.00062094670164814154 6.8097887731403113e-05 -0.00010295687130149576 7.6450073055052081e-05
leaf_weight=66 50 78 50 388 52 60 83 85 320 90 155 181 99 145 212 80 76 241 308 359 79
leaf_count=66 50 78 50 388 52 60 83 85 320 90 155 181 99 145 212 80 76 241 308 359 79
internal_value=8.96642e-06 0.000388825 -8.60493e-06 1.16424e-05 -0.000606299 -1.79829e-06 -1.3765e-05 -0.000102927 6.09356e-05 -7.32183e-05 5.68378e-05 0.000222356 0.000479756 -1.78831e-05 -3.55594e-05 -0.000326301 -0.000234941 -0.000425668 -6.03636e-05 7.80907e-05 0.000400461
internal_weight=3257 144 3113 3011 102 2961 2901 1282 572 410 1619 580 280 300 1039 292 710 326 384 747 162
internal_count=3257 144 3113 3011 102 2961 2901 1282 572 410 1619 580 280 300 1039 292 710 326 384 747 162
cat_boundaries=0 1
cat_threshold=80
is_linear=0
shrinkage=0.05


Tree=97
num_leaves=28
num_cat=2
split_feature=181 140 185 121 30 156 1 139 15 112 186 32 145 121 170 182 168 152 145 85 186 140 111 119 119 111 181
split_gain=0.00768336 0.00963512 0.00674378 0.0101111 0.0100826 0.0092927 0.00924077 0.00920447 0.0116531 0.0113428 0.0128872 0.0198485 0.0148286 0.00908493 0.00853405 0.00997694 0.00850779 0.00976519 0.00822087 0.00950409 0.00761175 0.00950996 0.00748288 0.0070041 0.00698197 0.00566384 0.0055462
threshold=0.048932086676359184 0.90807822346687328 0.017740957438945774 0.52412128448486339 0.62500000000000011 0.86589941382408153 0.028323111124336723 1.047837018966675 0.36249999701976782 0.0021098343422636394 0 0.52500000596046459 0.94723385572433483 0.023369803093373779 26218926.000000004 0.025589847005903724 -14.294368267059324 0.17924840748310092 0.97247588634490978 0.27894790470600134 1 1.0482748150825503 0.030911049805581573 0.09990588948130609 0.09990588948130609 0.088122818619012847 0.013331861235201361
decision_type=2 2 2 2 2 2 2 2 2 2 1 2 2 2 2 2 2 2 2 2 1 2 2 2 2 2 2
left_child=1 -1 7 4 5 14 -6 9 16 13 18 12 -12 22 -4 -16 -9 23 24 -20 26 -22 -3 -18 -11 -19 -15
right_child=-2 2 3 -5 6 -7 -8 8 -10 10 11 -13 -14 20 15 -17 17 25 19 -21 21 -23 -24 -25 -26 -27 -28
leaf_value=0.00055702295162851319 -0.00042521770901841611 6.9931635451537857e-05 0.00053432701640758755 0.00053665867910694946 -5.8795376797206706e-05 -0.00058744312249289093 -0.00097572423629109669 -0.00053316650628946278 -0.00074112603879257228 9.3542800823342989e-05 0.0015327922201458254 1.3760135446388562e-06 0.00049575962775249964 0.00090904453035909683 -0.00015412700269875365 0.00020166085605149433 -0.00068698568831206553 0.00015295234640916533 -4.4837956813674235e-05 0.00080754778309566312 -6.9312575876743918e-05 0.00048528576594532194 -0.00064042022112330592 3.6370369145350361e-05 -0.00065964063518913465 0.0007626156546466519 0.00016431637732057427
leaf_weight=82 99 67 64 64 50 79 61 67 64 80 67 78 71 50 752 267 54 160 68 63 435 94 83 88 50 50 50
leaf_count=82 99 67 64 64 50 79 61 67 64 80 67 78 71 50 752 267 54 160 68 63 435 94 83 88 50 50 50
internal_value=8.5181e-06 2.21153e-05 7.85569e-06 -7.65774e-05 -0.000107408 -6.39166e-05 -0.000562693 7.27706e-05 -0.000112728 0.000144105 0.000336124 0.000610634 0.000999246 2.65269e-05 -2.57277e-05 -6.09029e-05 -1.67438e-05 8.15526e-05 8.23909e-05 0.000365088 0.000109911 2.86937e-05 -0.00032313 -0.000238709 -0.000196143 0.00029811 0.000487891
internal_weight=3257 3158 3076 1337 1273 1162 111 1739 483 1256 477 216 138 779 1083 1019 419 352 261 131 629 529 150 142 130 210 100
internal_count=3257 3158 3076 1337 1273 1162 111 1739 483 1256 477 216 138 779 1083 1019 419 352 261 131 629 529 150 142 130 210 100
cat_boundaries=0 1 2
cat_threshold=1633 576
is_linear=0
shrinkage=0.05


Tree=98
num_leaves=11
num_cat=0
split_feature=160 15 104 133 119 107 122 183 160 121
split_gain=0.00772019 0.0272423 0.0140645 0.0138689 0.0116369 0.00912715 0.0116619 0.00672149 0.00666447 0.00723239
threshold=0.84068235754966747 0.63749998807907116 0.88383451104164135 0.85817572474479686 0.14875187724828723 0.035516394302248962 0.021261835470795635 -0.031442385166883462 0.88284865021705639 0.27980923652648931
decision_type=2 2 2 2 2 2 2 2 2 2
left_child=1 -1 4 -4 -2 6 7 -5 -9 -10
right_child=2 -3 3 5 -6 -7 -8 8 9 -11
leaf_value=-0.0003816187681987878 -0.0011305253723985515 0.00099861920271695679 0.00067795394964042849 0.00049805149339870417 -6.2204688751640237e-05 -0.0005167310347314924 0.00076593412371585149 -0.00047193819862933692 -5.4666784662432226e-05 0.00012875585185443477
leaf_weight=66 50 78 76 65 52 85 50 78 1909 748
leaf_count=66 50 78 76 65 52 85 50 78 1909 748
internal_value=8.09219e-06 0.00036601 -8.46424e-06 1.10966e-05 -0.000585891 -6.1713e-06 9.05592e-06 -4.45977e-06 -1.64024e-05 -3.02955e-06
internal_weight=3257 144 3113 3011 102 2935 2850 2800 2735 2657
internal_count=3257 144 3113 3011 102 2935 2850 2800 2735 2657
is_linear=0
shrinkage=0.05


Tree=99
num_leaves=12
num_cat=0
split_feature=92 60 160 158 160 174 120 152 152 97 131
split_gain=0.00762295 0.0102294 0.0106057 0.030088 0.00821597 0.00900382 0.0113375 0.00939862 0.0101994 0.0140713 0.00815729
threshold=0.66315379738807689 0.21863596141338351 0.84068235754966747 0.71985197067260753 0.88646724820137035 89.195240020751967 0.10875235497951509 0.072870433330535903 0.14442874491214755 0.97596806287765514 1.3601720929145815
decision_type=2 2 2 2 2 2 2 2 2 2 2
left_child=1 -1 3 -3 -4 7 -7 -6 9 -9 -10
right_child=-2 2 4 -5 5 6 -8 8 10 -11 -12
leaf_value=-0.0006263374308876407 0.00044899559024136245 0.0013718211818689631 -0.00046523001513837841 -0.00013941823357338856 0.00055417837977074665 -0.00097664453731760234 5.3121126256883144e-05 -0.00075469346815457659 3.138193520839465e-05 -7.0372054721183744e-05 0.00056889883409196843
leaf_weight=65 95 53 97 87 80 52 55 94 2132 374 73
leaf_count=65 95 53 97 87 80 52 55 94 2132 374 73
internal_value=7.68758e-06 -5.5712e-06 7.45748e-06 0.000432694 -1.26755e-05 2.67342e-06 -0.000447326 2.01634e-05 4.18091e-06 -0.000207821 4.91773e-05
internal_weight=3257 3162 3097 140 2957 2860 107 2753 2673 468 2205
internal_count=3257 3162 3097 140 2957 2860 107 2753 2673 468 2205
is_linear=0
shrinkage=0.05


Tree=100
num_leaves=21
num_cat=1
split_feature=123 85 116 171 161 99 10 154 109 146 176 152 160 4 98 170 186 109 4 32
split_gain=0.0208628 0.00835505 0.023702 0.0108417 0.0214491 0.0212635 0.00841592 0.0142769 0.00873412 0.0151884 0.0148314 0.0129587 0.0205319 0.0120964 0.00990991 0.0164801 0.0108499 0.00939165 0.00857671 0.00847266
threshold=0.052881766110658653 0.85497534275054943 0.0017010737792588773 321905808.00000006 1.6298939585685732 0.95647045969963085 1.030474901199341 0.22626467794179919 0.030527837574481968 0.85105058550834667 53.671298980712898 0.15145403146743777 1.1344451904296877 0.24610531330108645 0.98197296261787426 38113822.000000007 0 0.070538491010665907 0.10330308601260187 0.12500000372529033
decision_type=2 2 2 2 2 2 2 2 2 2 2 2 2 2 2 2 1 2 2 2
left_child=1 3 -3 6 5 -5 8 -8 9 19 17 13 -13 -12 15 -11 -16 18 -10 -1
right_child=-2 2 -4 4 -6 -7 7 -9 10 14 11 12 -14 -15 16 -17 -18 -19 -20 -21
leaf_value=0.0001927876004814052 0.00095880418949881069 -0.00030746916210451286 0.00087626021622282276 -0.0015830447424086743 0.00026719450543168934 -0.00027481881729838237 -0.00023953560081454704 0.00072914423149086363 -0.00096948246430006945 0.00068071954647509628 -0.00099529545240209646 0.00077297271264422523 -5.2160280142350054e-05 3.734085609617292e-05 -2.3936072296495317e-05 -0.00024232030722252671 0.00032331494881096843 0.00023401908205145178 -0.00035092275316496837 0.0010682022773835342
leaf_weight=59 56 79 91 50 80 82 63 96 70 53 53 102 289 61 660 552 332 54 281 52
leaf_count=59 56 79 91 50 80 82 63 96 70 53 53 102 289 61 660 552 332 54 281 52
internal_value=2.16883e-06 -1.47896e-05 0.000326174 -3.4182e-05 -0.000378829 -0.000770359 -7.8711e-06 0.000345328 -2.93221e-05 3.73389e-05 -0.00015444 2.63288e-05 0.000163092 -0.000442744 -1.97002e-06 -0.000161459 9.52989e-05 -0.000379842 -0.000474282 0.000602892
internal_weight=3215 3159 170 2989 212 132 2777 159 2618 1708 910 505 391 114 1597 605 992 405 351 111
internal_count=3215 3159 170 2989 212 132 2777 159 2618 1708 910 505 391 114 1597 605 992 405 351 111
cat_boundaries=0 1
cat_threshold=1193
is_linear=0
shrinkage=0.05


Tree=101
num_leaves=20
num_cat=0
split_feature=123 39 32 85 116 171 161 136 41 117 112 121 110 179 159 181 87 163 59
split_gain=0.0188267 0.00758814 0.0130153 0.011179 0.0131164 0.0102877 0.0180606 0.0207339 0.00836767 0.0179586 0.0143113 0.0152657 0.00752501 0.0112054 0.0183375 0.0168085 0.0105924 0.022105 0.00608028
threshold=0.052881766110658653 0.75000000000000011 0.52500000596046459 0.85497534275054943 0.0017010737792588773 355991376.00000006 1.6298939585685732 0.91178241372108471 0.55000001192092907 0.70371398329734813 -0.0031431191600859161 0.017900162376463417 0.031298201531171806 27.348690032958988 0.85977706313133251 0.023052530363202099 -0.085395745933055864 390.90351867675787 0.49212880432605749
decision_type=2 2 2 2 2 2 2 2 2 2 2 2 2 2 2 2 2 2 2
left_child=1 3 -3 5 -5 8 7 -7 12 10 -10 -12 16 14 -14 -15 17 -1 -18
right_child=-2 2 -4 4 -6 6 -8 -9 9 -11 11 -13 13 15 -16 -17 18 -19 -20
leaf_value=0.0012319609652860725 0.0009108639888706551 -0.00072771767458343231 0.00025015774636240502 -0.0001064928145889567 0.0008329788991698157 -0.0014812605806919575 0.00025560137005146212 -0.00011404352035402043 -0.00050135772091321532 0.00089926223170127065 -0.00051018976789366985 0.00028628558927445063 -0.00092660223299611893 -0.00018828977288649185 -0.00013817767408154879 0.0009471779367463155 -0.00013630007160157952 -6.0549084165874105e-05 0.0001195827815651407
leaf_weight=55 56 92 54 66 85 54 68 57 93 73 70 428 82 80 733 55 489 83 442
leaf_count=55 56 92 54 66 85 54 68 57 93 73 70 428 82 80 733 55 489 83 442
internal_value=2.10695e-06 -1.40027e-05 -0.000366038 3.05575e-06 0.000422349 -1.90663e-05 -0.000386076 -0.000779176 5.41929e-06 0.000159393 6.80045e-05 0.000174331 -4.52189e-05 -0.000147615 -0.000217504 0.000274308 4.57784e-05 0.000454582 -1.48176e-05
internal_weight=3215 3159 146 3013 151 2862 179 111 2683 664 591 498 2019 950 815 135 1069 138 931
internal_count=3215 3159 146 3013 151 2862 179 111 2683 664 591 498 2019 950 815 135 1069 138 931
is_linear=0
shrinkage=0.05


Tree=102
num_leaves=11
num_cat=0
split_feature=145 84 181 133 103 92 133 169 160 9
split_gain=0.0187724 0.0120218 0.0133444 0.0100485 0.0107335 0.0111364 0.00969643 0.00697691 0.0148686 0.0129059
threshold=0.7212800681591035 0.9194292724132539 0.045368930324912078 0.86042529344558727 0.94201025366783153 0.39186273515224462 0.88339036703109752 0.69060093164443981 1.4765700697898867 0.98804646730422985
decision_type=2 2 2 2 2 2 2 2 2 2
left_child=-1 2 3 -2 5 -5 -6 9 -9 -8
right_child=1 -3 -4 4 6 -7 7 8 -10 -11
leaf_value=0.00096326343284454201 0.0005002574370210109 0.00058062139215256045 -0.00063603527555435664 -0.001043893183696827 0.00068093560787383474 -1.3988722502341811e-05 -0.00028156645110705521 0.00050588209121053319 -0.00040779381487218128 8.8495658646699588e-06
leaf_weight=50 93 83 88 52 50 53 470 158 62 2056
leaf_count=50 93 83 88 52 50 53 470 158 62 2056
internal_value=2.0016e-06 -1.31842e-05 -2.91757e-05 -1.13388e-05 -2.77396e-05 -0.000524037 -9.10178e-06 -2.16662e-05 0.000248392 -4.51867e-05
internal_weight=3215 3165 3082 2994 2901 105 2796 2746 220 2526
internal_count=3215 3165 3082 2994 2901 105 2796 2746 220 2526
is_linear=0
shrinkage=0.05


Tree=103
num_leaves=14
num_cat=0
split_feature=145 84 182 5 133 181 103 103 8 29 111 92 27
split_gain=0.0169421 0.0108496 0.0124566 0.00913026 0.0123832 0.0105161 0.00866189 0.00877345 0.00798058 0.00792189 0.00662982 0.00818361 0.00424376
threshold=0.7212800681591035 0.9194292724132539 0.044450454413890846 0.0019620675593614583 0.86042529344558727 0.026693760417401794 0.94201025366783153 0.95111572742462169 -0.86880120635032643 0.15000000223517421 0.052965665236115463 0.41072511672973638 0.42499999701976782
decision_type=2 2 2 2 2 2 2 2 2 2 2 2 2
left_child=-1 2 3 5 -5 8 -6 -8 -2 -9 11 -10 -12
right_child=1 -3 -4 4 6 -7 7 9 10 -11 12 -13 -14
leaf_value=0.00091510028392076501 0.000337460212638903 0.0005515903316574666 -0.00061750051113188106 0.0005959018614877541 -0.00047897063347915103 -0.00074661540043738047 0.000564892896348996 -0.00013113030046603844 -0.00021926260116892539 7.6382466112038508e-05 -0.00026140028853106055 0.00035704206797206663 -0.00083881661322755894
leaf_weight=50 85 83 87 94 87 73 74 671 231 1462 82 84 52
leaf_count=50 85 83 87 94 87 73 74 671 231 1462 82 84 52
internal_value=1.90152e-06 -1.2525e-05 -2.77169e-05 -1.05847e-05 3.34293e-05 -0.00018374 1.03812e-05 2.96714e-05 -0.000106793 1.1103e-05 -0.000190894 -6.55814e-05 -0.000485472
internal_weight=3215 3165 3082 2995 2388 607 2294 2207 534 2133 449 315 134
internal_count=3215 3165 3082 2995 2388 607 2294 2207 534 2133 449 315 134
is_linear=0
shrinkage=0.05


Tree=104
num_leaves=14
num_cat=0
split_feature=145 84 181 181 119 181 119 1 92 117 11 173 121
split_gain=0.0152903 0.00979179 0.0115638 0.00934397 0.0230004 0.00877062 0.0157104 0.0117464 0.0136724 0.0105389 0.00983671 0.00821527 0.00653411
threshold=0.7212800681591035 0.9194292724132539 0.045368930324912078 0.038808895274996764 0.22721921652555468 0.032305017113685615 0.29468543827533727 0.048741469159722335 0.41072511672973638 0.27163672447204595 0.96667590737342846 1.2236948013305666 0.11155373975634576
decision_type=2 2 2 2 2 2 2 2 2 2 2 2 2
left_child=-1 2 3 5 -5 7 9 10 -9 12 -2 -12 -7
right_child=1 -3 -4 4 -6 6 -8 8 -10 -11 11 -13 -14
leaf_value=0.00086934526800178005 -0.00055481009627007609 0.00052401080316617104 -0.00059125320660148811 0.0011591829977590929 -0.00032253781391773374 -1.3203862203226892e-05 -0.0010980589971558063 -3.9116532732603246e-05 0.00094582664137503715 0.00036854649874263669 3.6152901357896479e-05 -0.00020002485758149167 -0.00081002168271708183
leaf_weight=50 85 83 88 55 50 50 51 72 69 71 1986 452 53
leaf_count=50 85 83 88 55 50 50 51 72 69 71 1986 452 53
internal_value=1.80644e-06 -1.18988e-05 -2.63311e-05 -9.72684e-06 0.000453602 -2.65664e-05 -0.000326336 -1.24804e-06 0.000442877 -0.000100141 -2.60683e-05 -7.63395e-06 -0.000423217
internal_weight=3215 3165 3082 2994 105 2889 225 2664 141 174 2523 2438 103
internal_count=3215 3165 3082 2994 105 2889 225 2664 141 174 2523 2438 103
is_linear=0
shrinkage=0.05


Tree=105
num_leaves=23
num_cat=0
split_feature=183 154 181 119 37 50 175 89 89 182 166 68 160 40 12 76 77 2 36 30 7 92
split_gain=0.015652 0.00942173 0.0143665 0.018972 0.0143104 0.00958292 0.00877879 0.00831051 0.0122334 0.00798564 0.00782558 0.0096107 0.0166948 0.00875449 0.0186954 0.00915746 0.00760558 0.0097535 0.00412252 0.00380249 0.00371799 0.0024274
threshold=0.059249207377433784 0.22626467794179919 0.013890710659325125 0.2678199857473374 0.75833332538604747 0.12500000372529033 61.728319168090827 -0.30688540637493128 -0.24180752784013745 0.01159755699336529 73.350482940673842 0.67908489704132091 1.2026510238647463 0.57500001788139354 0.24225025624036792 0.57074105739593517 0.50989568233490001 -0.22157622873783109 0.55000001192092907 0.12500000372529033 0.010939209256321194 0.14965586364269259
decision_type=2 2 2 2 2 2 2 2 2 2 2 2 2 2 2 2 2 2 2 2 2 2
left_child=1 2 9 4 5 6 -4 16 -9 18 11 13 -13 15 -15 -10 17 -3 21 -14 -19 -1
right_child=-2 7 3 -5 -6 -7 -8 8 10 -11 -12 12 19 14 -16 -17 -18 20 -20 -21 -22 -23
leaf_value=0.00030471240904937023 0.00073403613195333582 0.00094891410289247604 -0.00051558112220178979 -0.0010599697241208976 0.00047836539438247234 -0.00094406089532033863 0.00032051186453490693 -0.00071893150227863277 -3.1678005458203202e-05 0.00052008663686520826 -0.00051724006305448717 0.0010063385119953156 -0.00027213034339703361 3.8576233076271728e-05 0.00083645213760594216 -0.00072039512134870168 -0.00016181076042651993 7.7545348514916471e-06 -0.00040924393193563451 0.00027721935970122209 0.00054016208577075233 -0.00012786336028511869
leaf_weight=62 73 66 75 83 61 57 54 57 1391 76 65 68 56 380 91 50 68 86 65 72 53 68
leaf_count=62 73 66 75 83 61 57 54 57 1391 76 65 68 56 380 91 50 68 86 65 72 53 68
internal_value=1.03566e-05 -6.66291e-06 -0.000184437 -0.000405969 -0.000186203 -0.000404153 -0.000165589 3.60227e-05 4.14532e-06 8.53254e-05 2.31124e-05 3.97741e-05 0.000373222 5.59218e-06 0.000192731 -5.55752e-05 0.000296413 0.000448409 -8.412e-05 3.68789e-05 0.000210759 7.8442e-05
internal_weight=3177 3104 601 330 247 186 129 2503 2230 271 2173 2108 196 1912 471 1441 273 205 195 128 139 130
internal_count=3177 3104 601 330 247 186 129 2503 2230 271 2173 2108 196 1912 471 1441 273 205 195 128 139 130
is_linear=0
shrinkage=0.05


Tree=106
num_leaves=25
num_cat=0
split_feature=183 75 116 101 96 125 72 86 132 185 58 183 134 111 133 54 89 72 101 135 144 109 84 163
split_gain=0.014126 0.00997301 0.0145157 0.0322061 0.0285151 0.015268 0.0122438 0.0131924 0.0105583 0.0149272 0.0121408 0.00963873 0.00873533 0.0105712 0.00962224 0.00915315 0.00793636 0.00734497 0.0108835 0.0101619 0.013045 0.00919541 0.00732957 0.00706123
threshold=0.059249207377433784 0.51459205150604259 0.0040578118059784183 0.72824653983116161 -1.3033508062362669 0.019790505059063438 0.51453375816345226 0.66552025079727184 0.93319106101989757 0.055406808853149421 0.14137136936187747 0.019051564857363704 0.88369527459144603 0.049651255831122405 0.91749238967895519 0.5849839746952058 -0.4638951420783996 0.50635552406311046 0.7921200990676881 0.87223380804061901 0.95388102531433117 0.026008401066064838 -0.4707976877689361 143.71443939208987
decision_type=2 2 2 2 2 2 2 2 2 2 2 2 2 2 2 2 2 2 2 2 2 2 2 2
left_child=1 2 3 -1 5 -4 17 -8 9 -5 11 -11 13 -10 -14 -15 -16 18 -3 -20 -21 -19 -22 -23
right_child=-2 6 4 8 -6 -7 7 -9 12 10 -12 -13 14 15 16 -17 -18 21 19 20 22 23 -24 -25
leaf_value=0.0011748303373207347 0.00069733431215130098 0.00079996762048082292 -0.00046214331653553681 -0.00088469488827480278 0.00052469390413114941 -0.0015366165273293271 0.00017204163738088462 0.0011853933938255068 0.00090941189898876478 -0.00090547837616588168 0.00046477989286243439 5.740453977849475e-05 -0.00074642530156415884 0.00050694529566569079 0.00039039899772865054 -0.00019982374776133781 -7.6609091767852362e-05 0.00025287349031841909 -0.0004300853258937822 0.00088583523015500461 0.00059102517401091366 -0.00094863345327142348 8.1209318820940214e-06 -0.00012061142618882051
leaf_weight=54 73 54 94 89 52 51 84 52 50 51 63 53 50 78 99 111 1122 57 91 53 60 52 533 51
leaf_count=54 73 54 94 89 52 51 84 52 50 51 63 53 50 78 99 111 1122 57 91 53 60 52 533 51
internal_value=9.83878e-06 -6.32977e-06 -7.21234e-05 -2.79935e-05 -0.000479821 -0.000840061 0.000115755 0.0005595 -6.47729e-05 -0.000361694 -8.2969e-05 -0.000414778 -1.4434e-05 0.000262895 -6.65831e-05 9.18587e-05 -3.87436e-05 5.22959e-05 0.000114791 6.45882e-05 0.000134271 -0.000256665 6.70994e-05 -0.000538642
internal_weight=3177 3104 2017 1820 197 145 1087 136 1766 256 167 104 1510 239 1271 189 1221 951 791 737 646 160 593 103
internal_count=3177 3104 2017 1820 197 145 1087 136 1766 256 167 104 1510 239 1271 189 1221 951 791 737 646 160 593 103
is_linear=0
shrinkage=0.05


Tree=107
num_leaves=27
num_cat=0
split_feature=125 122 75 111 119 111 77 3 156 133 172 110 184 25 179 157 172 167 72 42 109 135 153 120 122 12
split_gain=0.013474 0.0087883 0.0098095 0.0143676 0.0193887 0.0149417 0.0138812 0.0142418 0.00871648 0.0107838 0.020519 0.014706 0.00889891 0.0111544 0.0105844 0.00759706 0.0130873 0.00870188 0.00659073 0.0136544 0.00880391 0.00762256 0.0138983 0.00793735 0.00646135 0.00486401
threshold=0.10254488885402681 0.024763539433479313 0.51459205150604259 0.093107774853706374 0.30361524224281317 0.11179331317543985 0.48545019328594213 0.0089926519431173819 0.24902566522359851 0.90249067544937145 108646312.00000001 0.04453797638416291 0.052500151097774513 0.87500000000000011 14.786090373992922 0.84337893128395092 71612428.000000015 1.5535492897033694 0.50635552406311046 0.57499998807907116 0.026008401066064838 0.89261677861213695 0.28919176757335668 0.20798818767070773 0.0018945643096230926 0.16055545210838321
decision_type=2 2 2 2 2 2 2 2 2 2 2 2 2 2 2 2 2 2 2 2 2 2 2 2 2 2
left_child=1 2 3 8 5 -5 7 -4 15 10 11 -10 14 -14 -11 24 17 -17 19 21 -20 22 -8 -23 -1 -22
right_child=-2 -3 6 4 -6 -7 18 -9 9 12 -12 -13 13 -15 -16 16 -18 -19 20 -21 25 23 -24 -25 -26 -27
leaf_value=-0.00021311802319056979 0.00079989390544382482 0.00064051357778505645 0.00019018629388703066 -0.00055529687602150571 -0.0011189747416112271 0.00043516641105242979 -0.00090824781075670303 0.0012491195171605797 0.00064787762488675892 0.00010057587611936794 0.0011674175688664004 -0.00044366213405737658 -0.00099194916995027325 2.0720319273031988e-05 -0.00024927369607171686 -0.00031277003443392465 -0.00069915518136939121 0.00045481707714619307 0.00024022981665518928 0.00089686590118799375 -0.00019341683772497573 -2.9210214335872672e-05 0.00013241594770315479 0.000341391504425701 -0.00094690649037753856 -0.00088741390407085429
leaf_weight=60 53 52 87 90 74 66 55 50 54 841 57 72 52 57 291 60 62 96 57 50 51 363 77 240 60 50
leaf_count=60 53 52 87 90 74 66 55 50 54 841 57 72 52 57 291 60 62 96 57 50 51 363 77 240 60 50
internal_value=9.34684e-06 -4.06513e-06 -1.4976e-05 -8.07645e-05 -0.000452434 -0.000136255 0.000106367 0.000576658 -3.22491e-05 2.19311e-05 0.000380243 2.41406e-05 -3.09062e-05 -0.000462388 1.0641e-05 -0.000260511 -8.46394e-05 0.000159591 3.80429e-05 9.73457e-05 -0.000256594 4.29565e-05 -0.000301194 0.000118293 -0.000580012 -0.00053698
internal_weight=3177 3124 3072 1992 230 156 1080 137 1762 1424 183 126 1241 109 1132 338 218 156 943 785 158 735 132 603 120 101
internal_count=3177 3124 3072 1992 230 156 1080 137 1762 1424 183 126 1241 109 1132 338 218 156 943 785 158 735 132 603 120 101
is_linear=0
shrinkage=0.05


Tree=108
num_leaves=23
num_cat=0
split_feature=183 4 122 89 89 130 4 82 75 84 142 92 11 157 110 72 76 88 73 77 184 152
split_gain=0.0117345 0.00849006 0.0149179 0.00953363 0.0126475 0.0112173 0.00937394 0.00874355 0.00845491 0.0192925 0.0159889 0.0125443 0.0122878 0.0107787 0.0069606 0.00681543 0.0173478 0.0127152 0.00722273 0.00971944 0.00816658 0.00373038
threshold=0.059249207377433784 0.64322787523269664 -0.004082310013473033 -0.30688540637493128 -0.24180752784013745 1.0433681011199953 0.69486168026924144 -0.0045727186370640984 0.43993932008743292 0.74711745977401745 0.96283641457557689 0.37999917566776281 0.97271773219108593 0.88375940918922435 0.039909390732645995 0.52344951033592235 0.46689124405384069 0.73515704274177562 0.32003335654735571 0.48780006170272833 0.067871086299419417 0.20981426537036899
decision_type=2 2 2 2 2 2 2 2 2 2 2 2 2 2 2 2 2 2 2 2 2 2
left_child=1 3 -3 5 -5 -1 -4 21 9 10 -6 -11 -13 -12 -9 18 17 -17 19 -10 -20 -7
right_child=-2 2 6 4 8 7 -8 14 15 11 13 12 -14 -15 -16 16 -18 -19 20 -21 -22 -23
leaf_value=-0.00042079413515404502 0.00063548212438783525 0.001058702701207949 0.00051154036902719075 -0.00072199622410283029 -0.0013566323098282076 -0.00026434474093548491 -0.00030388446142751494 0.00032050631638081876 0.00090893233701696294 -0.00040941116231021614 -0.00082581192134211802 0.00099881779009878039 -9.3474823237416936e-05 0.00016473151366594004 0.0010027521913602518 0.00045078907617911076 -0.00088566818643206124 -0.00049321264655337739 2.106295341628559e-05 0.00010114531948035449 -0.00043158729302994513 0.00030804459016446531
leaf_weight=55 73 50 63 70 55 55 80 88 51 73 53 51 52 57 65 84 75 62 1662 138 106 59
leaf_count=55 73 50 63 70 55 55 80 88 51 73 53 51 52 57 65 84 75 62 1662 138 106 59
internal_value=8.8795e-06 -5.85697e-06 0.000315292 -2.71492e-05 -5.90602e-05 0.000229427 5.53586e-05 0.000363367 -4.0638e-05 -0.000272144 -0.000660564 9.2e-05 0.000447369 -0.00031253 0.000610349 -4.39212e-06 -0.000267593 4.99116e-05 2.53306e-05 0.00031912 -6.07558e-06 3.18918e-05
internal_weight=3177 3104 193 2911 2589 322 143 267 2519 341 165 176 103 110 153 2178 221 146 1957 189 1768 114
internal_count=3177 3104 193 2911 2589 322 143 267 2519 341 165 176 103 110 153 2178 221 146 1957 189 1768 114
is_linear=0
shrinkage=0.05


Tree=109
num_leaves=23
num_cat=0
split_feature=125 91 112 111 91 75 77 104 135 146 181 119 9 173 100 84 121 37 142 92 91 120
split_gain=0.0115359 0.00805078 0.0113569 0.0120192 0.00828431 0.00737502 0.0174675 0.0110232 0.0151309 0.016025 0.0121181 0.0095644 0.0134836 0.0111752 0.0107968 0.0164708 0.0100426 0.00937663 0.00885324 0.00822853 0.012656 0.00643006
threshold=0.10254488885402681 0.75319996476173412 0.018379328772425655 0.089652277529239668 0.48147521913051611 0.51459205150604259 0.48360095918178564 0.96767461299896251 0.89503386616706859 0.88936004042625438 0.018956504762172702 0.080547429621219649 1.0125037431716921 1.1141368150711062 0.84188964962959301 0.57069709897041332 0.047817805781960494 0.64166665077209484 0.99769696593284618 0.58863231539726268 0.56119975447654735 0.20798818767070773
decision_type=2 2 2 2 2 2 2 2 2 2 2 2 2 2 2 2 2 2 2 2 2 2
left_child=1 2 5 4 -4 11 -7 10 9 -9 -8 12 13 17 15 -13 -15 -1 -14 20 -16 -10
right_child=-2 -3 3 -5 -6 6 7 8 21 -11 -12 14 18 16 19 -17 -18 -19 -20 -21 -22 -23
leaf_value=4.4268588219131752e-05 0.00073991922819811222 0.00058480528947384613 -0.00060776641388107441 -0.0010154259713387795 0.00021116249583453305 0.00077340615849290925 8.5437155436151308e-06 -4.7871522441379386e-05 -4.3907910497269077e-05 -0.0011839711169858884 0.0010987301162385847 -0.001231467416523215 0.0010955426095033544 0.00028686464569490814 -4.927952930579799e-05 -6.3883333441752723e-05 -0.00042398766309268473 0.00063525744504980091 0.00015462612570263447 0.00053372284723445776 -0.0005878576737169478 0.00025946841321082168
leaf_weight=319 53 57 53 55 74 92 52 77 420 52 50 55 50 66 773 67 201 85 50 50 127 299
leaf_count=319 53 57 53 55 74 92 52 77 420 52 50 55 50 66 773 67 201 85 50 50 127 299
internal_value=8.43553e-06 -3.97441e-06 -1.49168e-05 -0.000397989 -0.000130595 9.24924e-06 0.000115567 5.1861e-05 -7.20858e-06 -0.000505834 0.000542949 -5.08612e-05 8.34482e-05 2.72743e-06 -0.000147459 -0.000590253 -0.000248271 0.00016861 0.000625084 -9.05946e-05 -0.000125279 8.22528e-05
internal_weight=3177 3124 3067 182 127 2885 1042 950 848 129 102 1843 771 671 1072 122 267 404 100 950 900 719
internal_count=3177 3124 3067 182 127 2885 1042 950 848 129 102 1843 771 671 1072 122 267 404 100 950 900 719
is_linear=0
shrinkage=0.05


Tree=110
num_leaves=12
num_cat=0
split_feature=117 109 136 136 132 72 113 42 139 155 87
split_gain=0.00878794 0.00746395 0.0132037 0.010815 0.00957235 0.00748513 0.00960752 0.00851721 0.00958797 0.00780279 0.00749014
threshold=0.92381414771080028 0.10447290912270547 0.61375784873962413 0.65835300087928783 0.87525492906570446 0.49002954363822943 0.0028365113539621238 0.60833334922790538 0.93560314178466808 0.41065721213817602 0.64738011360168468
decision_type=2 2 2 2 2 2 2 2 2 2 2
left_child=1 2 -1 -4 -5 6 10 8 -7 -8 -6
right_child=-2 -3 3 4 5 7 9 -9 -10 -11 -12
leaf_value=0.00074500537854779898 0.00061358551662251879 -0.00057479914173419629 -0.00066484541693214512 0.00065679720009265358 -0.00011995938322104936 0.0007228408965530952 -0.00071607443831769911 -0.00060831718135387737 2.9060228120259549e-05 -0.00011217428008967545 0.00040791465800793958
leaf_weight=58 57 58 63 54 420 51 115 51 2115 100 80
leaf_count=58 57 58 63 54 420 51 115 51 2115 100 80
internal_value=-1.73325e-06 -1.28148e-05 -2.32397e-06 -1.65401e-05 -2.86189e-06 -1.50111e-05 -0.000155686 3.03577e-05 4.53958e-05 -0.000435191 -3.54995e-05
internal_weight=3222 3165 3107 3049 2986 2932 715 2217 2166 215 500
internal_count=3222 3165 3107 3049 2986 2932 715 2217 2166 215 500
is_linear=0
shrinkage=0.05


Tree=111
num_leaves=23
num_cat=0
split_feature=158 68 170 137 102 100 100 108 134 181 88 113 185 104 6 181 39 12 89 4 145 52
split_gain=0.00892522 0.0154326 0.0150013 0.0120656 0.015988 0.00846501 0.0101188 0.0163095 0.0130467 0.0106511 0.00911445 0.0081177 0.00893187 0.0108992 0.00942772 0.00871723 0.00644817 0.00752209 0.00598997 0.00522008 0.00461689 0.00566582
threshold=1.2354596853256228 0.1467811465263367 5194715904.000001 0.97216084599494945 0.95848748087883007 0.76501587033271801 0.91458117961883556 0.013656744733452799 0.87933167815208446 0.033551391214132316 0.57882419228553783 0.010887350887060167 0.017412903718650345 0.98265826702117931 0.069366481155157103 0.025515642017126087 0.55000001192092907 0.16024065762758258 0.51007378101348888 0.22281324118375781 0.98522987961769115 0.058333335444331176
decision_type=2 2 2 2 2 2 2 2 2 2 2 2 2 2 2 2 2 2 2 2 2 2
left_child=1 -1 11 -3 -5 -6 7 -7 -8 -10 -9 12 13 -2 -14 16 17 -16 20 -18 -15 -22
right_child=2 3 -4 4 5 6 8 10 9 -11 -12 -13 14 18 15 -17 19 -19 -20 -21 21 -23
leaf_value=-0.00074975265256339364 0.00087916914530796928 -0.00069067033673219605 0.00086922947612038119 0.0008321942537507064 0.00043776374099568634 0.00060082751284062409 0.00058042199862223028 -0.00061296611188457566 -1.0380946727093505e-06 -0.00072315702882577791 -0.00014831481811860344 0.00053264521523686554 0.0003085195885603967 0.0005671366689556078 -0.00079146203991718549 -0.00085066120690109018 -0.0002439697941639988 1.5727733694735368e-05 -0.0003603028710817033 0.00043971131547596866 0.00023524279259991323 -0.0003399751984743181
leaf_weight=77 50 67 64 55 92 50 94 189 1398 53 239 87 85 62 62 56 53 54 61 59 156 59
leaf_count=77 50 67 64 55 92 50 94 189 1398 53 239 87 85 62 62 56 53 54 61 59 156 59
internal_value=-1.64659e-06 -5.37754e-05 0.000131202 -2.98191e-05 -9.41494e-06 -3.13008e-05 -5.26324e-05 -0.000253675 9.56705e-06 -2.74146e-05 -0.0003535 7.52373e-05 2.26686e-05 0.000190159 -0.000153446 -0.000291711 -0.000154424 -0.000415701 8.82347e-05 0.000116184 0.00018701 7.73923e-05
internal_weight=3222 2314 908 2237 2170 2115 2023 478 1545 1451 428 844 757 388 369 284 228 116 338 112 277 215
internal_count=3222 2314 908 2237 2170 2115 2023 478 1545 1451 428 844 757 388 369 284 228 116 338 112 277 215
is_linear=0
shrinkage=0.05


Tree=112
num_leaves=22
num_cat=0
split_feature=158 68 170 117 137 56 5 142 132 156 69 158 89 124 182 160 53 181 69 89 136
split_gain=0.00805501 0.0139956 0.0135387 0.0121908 0.0126277 0.00932446 0.00976009 0.0144522 0.0122155 0.0110125 0.0167565 0.00755695 0.00842264 0.0165471 0.00993748 0.00811074 0.00723514 0.00868931 0.00534535 0.00459574 0.00428835
threshold=1.2354596853256228 0.16921947896480563 5194715904.000001 0.91034638881683361 0.97216084599494945 0.70376706123352062 0.012601117603480818 0.94717326760292064 0.94012838602066051 0.35132879018783575 0.52286481857299816 1.3429350256919863 0.88636922836303722 0.040590155869722373 0.027193055488169197 1.5682325363159182 0.79876354336738598 0.022104450501501564 0.5300768017768861 0.30894829332828527 0.92504140734672557
decision_type=2 2 2 2 2 2 2 2 2 2 2 2 2 2 2 2 2 2 2 2 2
left_child=1 -1 11 4 -3 6 7 -6 -9 -8 -11 16 13 14 15 18 17 19 -13 -2 -17
right_child=2 3 -4 -5 5 -7 9 8 -10 10 -12 12 -14 -15 -16 20 -18 -19 -20 -21 -22
leaf_value=-0.00065540026854527564 0.00070763087767938327 -0.00073643510422698459 0.00082576801296454507 0.00071600779994224911 0.0006963488514679419 0.00054812918875224729 -0.00077177533473687899 -0.00044065444879158876 1.1766186950115996e-05 -0.00052367105198409896 0.00055204956475908183 -7.6817815850746912e-05 0.00060091192941763441 -0.00079552340533284999 0.00051433635432426112 -0.00055790660797393904 0.00072624436178968666 -0.00038355996662920171 0.00041338647162454754 4.5298241137061273e-05 -5.2534396594195204e-05
leaf_weight=92 55 64 64 54 71 69 92 165 1558 87 62 143 50 70 86 97 73 55 91 50 74
leaf_count=92 55 64 64 54 71 69 92 165 1558 87 62 143 50 70 86 97 73 55 91 50 74
internal_value=-1.56426e-06 -5.10866e-05 0.000124641 -2.60655e-05 -4.45489e-05 -2.3503e-05 -4.28851e-05 -2.75111e-06 -3.15591e-05 -0.000341642 -7.60558e-05 7.14754e-05 -2.09155e-05 -7.63369e-05 2.61948e-05 -7.74599e-05 0.000313754 0.000125555 0.000113817 0.000392234 -0.000339208
internal_weight=3222 2314 908 2222 2168 2104 2035 1794 1723 241 149 844 611 561 491 405 233 160 234 105 171
internal_count=3222 2314 908 2222 2168 2104 2035 1794 1723 241 149 844 611 561 491 405 233 160 234 105 171
is_linear=0
shrinkage=0.05


Tree=113
num_leaves=18
num_cat=0
split_feature=157 92 173 20 141 117 125 57 101 171 185 68 116 52 184 125 125
split_gain=0.00755761 0.0228767 0.00844372 0.0195979 0.0120613 0.0109871 0.0100815 0.00880324 0.00873417 0.0146247 0.013552 0.0107199 0.0103988 0.0103382 0.0087071 0.00519509 0.0055894
threshold=1.4633292555809023 0.44006672501564031 1.4295135140419009 0.88757023215293895 0.91218200325965892 0.19120436906814578 0.09041535854339601 0.68000537157058727 0.81384822726249706 164260576.00000003 0.07463840022683145 0.54409384727478038 0.0041646482422947892 0.17500000447034839 0.070068914443254485 0.03314348682761193 -0.0055590183474123469
decision_type=2 2 2 2 2 2 2 2 2 2 2 2 2 2 2 2 2
left_child=2 15 6 4 -4 -6 7 8 9 10 11 -1 13 14 -10 16 -2
right_child=1 -3 3 -5 5 -7 -8 -9 12 -11 -12 -13 -14 -15 -16 -17 -18
leaf_value=-0.00058497282970150131 -0.00022500334178473101 0.0012085629065005184 0.00056419125806617858 -0.0011726984551048601 -0.00065414921770253951 0.00017515800235352281 0.00064988986130752526 0.00060935301735298708 -4.6845747746048783e-06 -0.00076886065424222388 0.00048790712222000819 0.0001704766833520411 0.00070529720177083227 0.0005693388221276875 -0.00055330666352529085 -0.00041149002001755156 0.00044087183669944358
leaf_weight=118 52 51 54 51 93 70 59 56 2025 99 80 78 53 76 75 52 80
leaf_count=118 52 51 54 51 93 70 59 56 2025 99 80 78 53 76 75 52 80
internal_value=-1.48605e-06 0.000271527 -2.29651e-05 -0.000290732 -8.34493e-05 -0.000298005 3.42746e-06 -1.09114e-05 -2.42504e-05 -0.000247505 -6.04965e-05 -0.000284335 1.33092e-05 -3.54527e-06 -2.42782e-05 1.18048e-05 0.000178557
internal_weight=3222 235 2987 268 217 163 2719 2660 2604 375 276 196 2229 2176 2100 184 132
internal_count=3222 235 2987 268 217 163 2719 2660 2604 375 276 196 2229 2176 2100 184 132
is_linear=0
shrinkage=0.05


Tree=114
num_leaves=24
num_cat=0
split_feature=158 68 170 117 137 56 5 142 97 98 132 113 84 181 115 6 131 111 122 121 130 154 76
split_gain=0.00710889 0.0126075 0.0120811 0.0110524 0.0113062 0.00798678 0.00859882 0.0131321 0.0125351 0.0136542 0.0108069 0.00732549 0.00935762 0.0100556 0.0100541 0.0072348 0.0113434 0.00710401 0.00683866 0.00567808 0.0042865 0.00399874 0.00239933
threshold=1.2354596853256228 0.1467811465263367 5194715904.000001 0.91034638881683361 0.97216084599494945 0.70376706123352062 0.012601117603480818 0.94717326760292064 0.94229120016098034 0.9632575809955598 0.94012838602066051 0.010887350887060167 0.13096331059932712 0.010453187860548498 0.00079608144005760561 0.071040373295545592 1.0602138042449953 0.050493245944380767 -0.0053535411134362212 0.1775404438376427 1.0708140134811404 0.3812557607889176 0.50242781639099132
decision_type=2 2 2 2 2 2 2 2 2 2 2 2 2 2 2 2 2 2 2 2 2 2 2
left_child=1 -1 11 4 -3 6 7 -6 -8 -10 -9 12 18 -14 17 -16 -17 21 -2 -19 -20 -15 -22
right_child=2 3 -4 -5 5 -7 8 10 9 -11 -12 -13 13 14 15 16 -18 19 20 -21 22 -23 -24
leaf_value=-0.00067699253638486639 0.00076645410005849878 -0.00069851262749125458 0.0007794603525326238 0.00068035370895813685 0.00066218193190854422 0.00050511975339073961 -0.0010268634787062184 -0.00041652451263155058 0.00042490438289056277 -0.00045386748943275327 8.8305192307751851e-06 0.00050144383119119483 0.00048565607276032099 0.00017358018598600871 0.00056388016228618872 -0.00043328696543280137 0.00033798928675588035 -0.0011116751333102002 0.00044348407637324487 -0.0003816458361893239 -0.00029976247094088684 -0.00044661016782244914 0.00016148179699592807
leaf_weight=77 55 64 64 54 71 69 50 165 69 123 1572 87 64 51 51 112 83 50 68 57 54 53 59
leaf_count=77 55 64 64 54 71 69 50 165 69 123 1572 87 64 51 51 112 83 50 68 57 54 53 59
internal_value=-1.41175e-06 -4.79349e-05 0.000117151 -2.62821e-05 -4.37618e-05 -2.39864e-05 -4.17954e-05 -4.33078e-06 -0.000321696 -0.000138059 -3.15745e-05 6.69281e-05 1.69903e-05 -0.000101325 -0.000183528 3.36702e-05 -0.000105 -0.000436755 0.000278187 -0.000722781 0.000129819 -0.000142478 -5.89358e-05
internal_weight=3222 2314 908 2237 2183 2119 2050 1808 242 192 1737 844 757 521 457 246 195 211 236 107 181 104 113
internal_count=3222 2314 908 2237 2183 2119 2050 1808 242 192 1737 844 757 521 457 246 195 211 236 107 181 104 113
is_linear=0
shrinkage=0.05


Tree=115
num_leaves=22
num_cat=1
split_feature=117 99 117 161 146 56 168 155 4 32 97 167 186 155 174 155 125 159 147 0 172
split_gain=0.0101283 0.0163434 0.0145734 0.0159726 0.0140928 0.0148314 0.0101573 0.0105643 0.00882078 0.0137019 0.0132453 0.00862302 0.0084534 0.00763952 0.00717995 0.00732566 0.00710728 0.00707252 0.00439211 0.00379168 0.00348621
threshold=0.12703143805265429 0.77951291203498851 0.14299345761537555 0.93751648068428051 0.68414464592933666 0.71189391613006603 -9.0340714454650861 0.1879532188177109 0.58280590176582348 0.15833333879709247 0.91807577013969432 -17.755940437316891 0 0.26487812399864202 18.502022743225101 0.70880696177482616 0.029109073802828792 1.0276828408241274 0.79281646013259899 0.0041472367011010655 47712552.000000007
decision_type=2 2 2 2 2 2 2 2 2 2 2 2 1 2 2 2 2 2 2 2 2
left_child=1 -1 -2 -4 -5 8 11 -8 10 -10 -6 -3 -12 17 -15 16 -16 -9 -19 -17 -11
right_child=2 6 3 4 5 -7 7 13 9 20 12 -13 -14 14 15 19 -18 18 -20 -21 -22
leaf_value=-0.00094956029249631136 0.00078061562416122706 -0.00012877670957426416 0.00090282228568328178 -0.00078105854011552701 -0.00068504509217218851 0.00089434964328949514 0.00048433876098245333 4.5577186442992224e-05 0.0010040338897134031 -0.0002499899098228735 -0.00019748143962036678 -0.00089863027688190952 8.8094181056938662e-05 0.00054177986686258447 -5.5686773634255177e-05 -0.00016383127900553517 0.00034226076324181311 -0.00029434822147147944 -0.0009442083103259882 -0.00071887522292672656 0.00032898527452534138
leaf_weight=54 72 88 54 52 69 51 99 65 57 52 325 62 1137 58 496 80 145 52 52 50 52
leaf_count=54 72 88 54 52 69 51 99 65 57 52 325 62 1137 58 496 80 145 52 52 50 52
internal_value=9.76859e-06 -9.79527e-05 8.2723e-05 5.55471e-05 3.0058e-05 5.42565e-05 -6.10747e-05 -8.30697e-06 2.89346e-05 0.000380979 -8.08646e-06 -0.000446983 2.3863e-05 -5.71766e-05 5.28364e-06 -3.50753e-05 3.43326e-05 -0.000363565 -0.000619278 -0.00037731 3.94977e-05
internal_weight=3222 1301 1921 1849 1795 1743 1247 1097 1692 161 1531 150 1462 998 829 771 641 169 104 130 104
internal_count=3222 1301 1921 1849 1795 1743 1247 1097 1692 161 1531 150 1462 998 829 771 641 169 104 130 104
cat_boundaries=0 1
cat_threshold=1056
is_linear=0
shrinkage=0.05


Tree=116
num_leaves=17
num_cat=0
split_feature=144 10 76 92 130 112 86 151 142 170 0 11 152 92 122 10
split_gain=0.0105012 0.00969394 0.0106391 0.00748941 0.0206003 0.00964728 0.010019 0.0106859 0.00847427 0.0124007 0.00726754 0.00971198 0.0156934 0.00727765 0.00609115 0.00696307
threshold=0.77231374382972728 1.030474901199341 0.49666091799736029 0.64583784341812145 1.0264474153518679 0.017724486999213699 0.69809195399284374 0.71683335304260265 0.94857296347618114 1526603776.0000002 0.03127222694456578 0.97271773219108593 0.23750241845846179 0.40876495838165289 -0.017306604422628876 1.0365437865257265
decision_type=2 2 2 2 2 2 2 2 2 2 2 2 2 2 2 2
left_child=-1 3 14 5 -5 8 7 -7 9 -2 11 12 -10 -13 -3 -16
right_child=1 2 -4 4 -6 6 -8 -9 10 -11 -12 13 -14 -15 15 -17
leaf_value=-0.0006887281218539256 -0.00010663180076517165 0.00056637014684383761 0.00097842266330553686 0.0011459243495254687 -0.00017526491021271798 -0.0010305304562539927 0.00020399013000524767 -9.4391786734815002e-05 5.0860240893519444e-05 0.0010014783542525644 -0.00046054570874813101 2.7662794657013349e-05 0.0011119120617513545 -0.00017642322352287853 0.00032021924027151639 -0.00043860493898460789
leaf_weight=53 50 60 50 51 70 70 52 54 115 51 88 1699 50 588 62 59
leaf_count=53 50 60 50 51 70 70 52 54 115 51 88 1699 50 588 62 59
internal_value=9.26319e-06 2.09368e-05 0.000332811 -3.58429e-06 0.0003816 -2.01293e-05 -0.000378561 -0.000622857 3.75712e-06 0.000452909 -1.41029e-05 1.91956e-06 0.000372391 -2.48088e-05 0.000154465 -4.97859e-05
internal_weight=3222 3169 231 2938 121 2817 176 124 2641 101 2540 2452 165 2287 181 121
internal_count=3222 3169 231 2938 121 2817 176 124 2641 101 2540 2452 165 2287 181 121
is_linear=0
shrinkage=0.05


Tree=117
num_leaves=24
num_cat=0
split_feature=144 10 75 172 121 67 62 12 108 5 74 142 73 140 163 56 31 107 185 99 175 107 149
split_gain=0.00947734 0.00874878 0.00987895 0.0161404 0.00683369 0.0123831 0.0118825 0.00812211 0.0209731 0.0205038 0.0146221 0.0115237 0.0101175 0.00876272 0.0104996 0.00911594 0.00761554 0.00688385 0.0119781 0.00899236 0.00614967 0.00612067 0.00336073
threshold=0.77231374382972728 1.030474901199341 0.47013665735721594 72396212.000000015 0.26607157289981848 0.2271598428487778 0.40318283438682562 0.24282482266426089 0.022589242085814479 0.0066399488132447013 0.53190499544143688 0.93504673242568981 0.23352511972188952 1.0558148026466372 327.22557067871099 0.55780351161956798 0.31666667759418493 0.024470620788633827 0.056247020140290267 0.94863596558570873 46.981929779052741 0.03003562614321709 0.66553184390068065
decision_type=2 2 2 2 2 2 2 2 2 2 2 2 2 2 2 2 2 2 2 2 2 2 2
left_child=-1 4 21 -4 7 6 -6 11 10 -10 16 -2 22 15 -15 -14 -9 18 19 -8 -12 -3 -13
right_child=1 2 3 -5 5 -7 17 8 9 -11 20 12 13 14 -16 -17 -18 -19 -20 -21 -22 -23 -24
leaf_value=-0.00065429172838844785 -0.00063124234611120985 -0.00032887442851006201 5.3871828735012702e-05 0.0012763632522331102 -0.00069338189289555889 0.00069460080332032982 -0.0003927450980395512 -0.00075001797682991065 -5.1262049161671815e-05 0.0010366175157774118 0.000706643882627107 0.0006478582378534512 8.4158372294496084e-05 -0.00068462046305049133 -7.0020128407270165e-05 -0.00020216125860416669 -8.456781179548296e-05 -0.00044626999588217588 0.00083928738262202074 0.00015719060197563132 -5.8690107275302027e-05 0.00037712794229742422 9.0686940413434061e-05
leaf_weight=53 98 64 54 54 50 83 86 87 77 99 53 59 614 131 148 508 85 53 57 548 52 59 50
leaf_count=53 98 64 54 54 50 83 86 87 77 99 53 59 614 131 148 508 85 53 57 548 52 59 50
internal_value=8.80003e-06 1.98899e-05 0.00031617 0.000665118 -3.40508e-06 0.000113494 5.27485e-05 -5.31481e-05 0.00013386 0.00056067 -0.000137327 -0.000105831 -7.17318e-05 -0.000107832 -0.000358596 -4.54765e-05 -0.000421162 0.000102892 0.000145013 8.25936e-05 0.000327621 9.77712e-06 0.000392275
internal_weight=3222 3169 231 108 2938 877 794 2061 453 176 277 1608 1510 1401 279 1122 172 744 691 634 105 123 109
internal_count=3222 3169 231 108 2938 877 794 2061 453 176 277 1608 1510 1401 279 1122 172 744 691 634 105 123 109
is_linear=0
shrinkage=0.05


Tree=118
num_leaves=20
num_cat=0
split_feature=117 141 117 161 146 56 152 101 3 184 147 168 156 114 35 87 92 157 153
split_gain=0.00916208 0.0192815 0.0128758 0.0142125 0.0129334 0.0137711 0.0108463 0.0103669 0.00932109 0.0122541 0.0068215 0.00679637 0.0118209 0.00830564 0.00963618 0.00897816 0.00784972 0.00651624 0.00488373
threshold=0.12703143805265429 0.87376901507377636 0.14299345761537555 0.9482141137123109 0.68414464592933666 0.71189391613006603 0.072870433330535903 0.71674036979675304 0.020024057477712635 0.087842650711536421 1.3119516968727114 -4.112994670867919 0.41282391548156744 -0.00017593756638234479 -0.32500000298023218 0.069265447556972518 0.35559284687042242 1.0335254669189455 0.24069163948297503
decision_type=2 2 2 2 2 2 2 2 2 2 2 2 2 2 2 2 2 2 2
left_child=1 -1 -2 -4 -5 8 -3 -8 9 10 -6 12 -9 14 16 -15 -13 -17 -14
right_child=2 6 3 4 5 -7 7 11 -10 -11 -12 13 18 15 -16 17 -18 -19 -20
leaf_value=-0.0010374617284049656 0.00073373431664044302 0.00065930543051745556 0.00080915180049487387 -0.0007579885004316548 -2.6210563957940139e-05 0.00085931757502668714 0.00056686458189907519 -0.00087310043270822236 0.00050649677516622965 -0.0006756947717020431 0.00024216190532560871 0.00023098782251573417 0.00026335726509257385 0.00041895947802474663 0.00055363597171945557 -0.00038464100966525771 -0.00035032686278567801 -3.1154143643410257e-05 -0.0003423800976966826
leaf_weight=52 72 51 60 51 1234 51 58 76 95 65 293 127 56 58 99 310 107 225 82
leaf_count=52 72 51 60 51 1234 51 58 76 95 65 293 127 56 58 99 310 107 225 82
internal_value=8.36003e-06 -9.40941e-05 7.77472e-05 5.22031e-05 2.68163e-05 4.98457e-05 -5.48186e-05 -8.52195e-05 2.53744e-05 -3.33578e-06 2.52846e-05 -0.000118396 -0.00037235 -5.97066e-05 0.000140121 -0.00017192 -3.4827e-05 -0.000235978 -9.65736e-05
internal_weight=3222 1301 1921 1849 1789 1738 1249 1198 1687 1592 1527 1140 214 926 333 593 234 535 138
internal_count=3222 1301 1921 1849 1789 1738 1249 1198 1687 1592 1527 1140 214 926 333 593 234 535 138
is_linear=0
shrinkage=0.05


Tree=119
num_leaves=13
num_cat=1
split_feature=110 136 153 186 84 52 5 116 5 112 102 137
split_gain=0.00857475 0.0110628 0.029031 0.010016 0.0200731 0.0195578 0.00860483 0.00767073 0.00684807 0.0064035 0.00826174 0.00661239
threshold=0.12337022274732591 0.65835300087928783 0.22985795140266421 0 0.31509454548358923 0.041666667908430106 0.0052292270120233306 0.0050351666286587724 0.020076656714081768 0.022923603653907779 0.95458224415779125 0.97963458299636852
decision_type=2 2 2 1 2 2 2 2 2 2 2 2
left_child=1 2 -1 4 -3 6 -6 8 9 10 -5 -12
right_child=-2 3 -4 7 5 -7 -8 -9 -10 -11 11 -13
leaf_value=0.00043217558400647255 0.0006511196612800454 -0.00050662086622016336 -0.0011599298186573928 -0.00064886672200872473 0.00060992772445295771 0.0013076116853866669 -0.00028161776729393755 0.00059143811623261393 -0.00046607243305819184 0.00053136270833891569 0.0004501587560841838 -2.0236222066556804e-05
leaf_weight=50 51 53 67 51 59 63 50 52 84 54 77 2511
leaf_count=50 51 53 67 51 59 63 50 52 84 54 77 2511
internal_value=7.94203e-06 -2.40236e-06 -0.000479543 1.58771e-05 0.000329504 0.000606305 0.000200962 -1.01954e-05 -2.14979e-05 -7.63073e-06 -1.86598e-05 -6.2407e-06
internal_weight=3222 3171 117 3054 225 172 109 2829 2777 2693 2639 2588
internal_count=3222 3171 117 3054 225 172 109 2829 2777 2693 2639 2588
cat_boundaries=0 1
cat_threshold=512
is_linear=0
shrinkage=0.05


Tree=120
num_leaves=12
num_cat=0
split_feature=166 90 125 1 100 101 111 171 82 37 0
split_gain=0.0154509 0.0150972 0.00893827 0.0146877 0.0077388 0.00792744 0.00753566 0.0173974 0.00743603 0.00978817 0.00637969
threshold=73.350482940673842 0.505437731742859 0.09041535854339601 0.074080549180507674 0.72799220681190502 0.68434697389602672 0.10757314413785936 123738064.00000001 -0.056939134374260895 -0.50833332538604725 0.03127222694456578
decision_type=2 2 2 2 2 2 2 2 2 2 2
left_child=2 -2 3 4 -1 -6 8 -8 9 -7 -10
right_child=1 -3 -4 -5 5 6 7 -9 10 -11 -12
leaf_value=0.00058216834481674849 -0.0012361085410229863 -0.00013120038022379173 0.00062743426169618042 -0.00080509769460676529 -0.00061201679977184202 3.8827706978511099e-05 -0.00012710423114994126 0.00091564966959493998 2.6389525063702336e-05 -0.0006327951422362175 -0.00037742877797356027
leaf_weight=57 50 81 56 57 53 109 90 72 2379 108 102
leaf_count=57 50 81 56 57 53 109 90 72 2379 108 102
internal_value=-2.10888e-05 -0.000552921 1.50929e-06 -1.00704e-05 5.18767e-06 -6.10237e-06 5.12611e-06 0.000336342 -1.47616e-05 -0.000295436 9.78756e-06
internal_weight=3214 131 3083 3027 2970 2913 2860 162 2698 217 2481
internal_count=3214 131 3083 3027 2970 2913 2860 162 2698 217 2481
is_linear=0
shrinkage=0.05


Tree=121
num_leaves=25
num_cat=0
split_feature=166 90 22 118 171 133 111 35 172 98 129 125 129 111 117 50 89 118 117 145 92 122 35 90
split_gain=0.0139444 0.0136252 0.0100532 0.0167713 0.0179414 0.0111441 0.0152009 0.00867137 0.00996394 0.00857061 0.0192755 0.0221894 0.00909525 0.0162919 0.0119894 0.0119671 0.0105623 0.00902763 0.00960384 0.00823133 0.00603135 0.00867905 0.00530242 0.00343304
threshold=73.350482940673842 0.505437731742859 0.87165376543998729 0.079687435179948821 85516308.000000015 0.87132951617240917 0.085418649017810835 0.87500000000000011 40095572.000000007 0.98528832197189342 1.0914044380187991 0.0033819507807493214 1.0775936841964724 0.060515755787491805 0.5810389816761018 1.0000000180025095e-35 -0.30688540637493128 0.090584363788366332 0.46318797767162329 0.94972729682922374 0.28124058246612554 0.00646828766912222 0.62500000000000011 0.18220370262861255
decision_type=2 2 2 2 2 2 2 2 2 2 2 2 2 2 2 2 2 2 2 2 2 2 2 2
left_child=2 -2 5 4 -4 6 -1 9 -9 10 17 -12 13 22 16 -15 -14 19 -19 -7 -5 -22 -11 -16
right_child=1 -3 3 20 -6 7 -8 8 -10 12 11 -13 14 15 23 -17 -18 18 -20 -21 21 -23 -24 -25
leaf_value=4.0802549494347024e-07 -0.0011743031069636346 -0.00012464037033539543 0.0001570758340811288 -0.00040681181410155795 0.0014714924667787272 -0.00018265945023567595 -0.0011328265609610651 0.00085506732591101523 -7.7483680919006784e-05 9.9180701850315993e-05 -0.00016661355715651526 0.0012490859270328657 0.00021398420000884745 0.00028984662477159873 0.00066020222617672734 0.0012080712162423879 -0.00028319580395901473 7.5329063750642728e-05 -0.0004332750199280971 -0.0006562647218083589 -9.3026682960347306e-05 0.00071935845736879856 -0.00032745953565209657 0.00010647030354117635
leaf_weight=67 50 81 54 61 50 185 53 61 54 651 62 50 137 100 57 55 485 302 134 182 96 50 82 55
leaf_count=67 50 81 54 61 50 185 53 61 54 651 62 50 137 100 57 55 485 302 134 182 96 50 82 55
internal_value=-2.00344e-05 -0.000525275 1.43382e-06 0.000270992 0.000789007 -2.88088e-05 -0.000500104 -7.48326e-06 0.000417174 -2.67326e-05 -0.00014909 0.000465395 4.22915e-05 0.000149936 -8.79383e-05 0.000615668 -0.000173688 -0.000234797 -8.0985e-05 -0.000417526 1.07335e-05 0.000185187 5.14529e-05 0.00038828
internal_weight=3214 131 3083 311 104 2772 120 2652 115 2537 915 112 1622 888 734 155 622 803 436 367 207 146 733 112
internal_count=3214 131 3083 311 104 2772 120 2652 115 2537 915 112 1622 888 734 155 622 803 436 367 207 146 733 112
is_linear=0
shrinkage=0.05


Tree=122
num_leaves=20
num_cat=0
split_feature=60 121 135 88 90 88 30 135 26 12 90 181 182 148 108 87 157 54 55
split_gain=0.0133654 0.00616668 0.017196 0.00618568 0.00948898 0.00878286 0.00851342 0.0101244 0.00930584 0.0136894 0.0135785 0.0135531 0.0132116 0.0113328 0.00688808 0.00589885 0.00729403 0.00577206 0.00451925
threshold=0.21863596141338351 0.0017608982161618771 0.9314352571964265 -0.6363910138607024 0.24256291240453723 -0.56704166531562794 0.77500000596046459 0.94794979691505443 0.21666666865348819 0.33297576010227209 0.0057853842154145249 0.032305017113685615 0.017912327311933044 0.51392275094985973 0.025536088272929195 0.30216328799724584 0.86851111054420482 0.39777177572250372 0.33862519264221197
decision_type=2 2 2 2 2 2 2 2 2 2 2 2 2 2 2 2 2 2 2
left_child=-1 2 -2 4 17 -5 8 -8 10 13 12 -12 -7 -10 -11 18 -17 -3 -9
right_child=1 3 -4 5 -6 6 7 15 9 14 11 -13 -14 -15 -16 16 -18 -19 -20
leaf_value=-0.00070740654857903446 -0.00081309712970116521 0.00023274531686874519 0.00031509739495404421 0.00064981003201215314 -0.00084755287743082234 -0.00012288304620744036 -0.00069889030172082831 -0.00060657976539611508 0.00067568518579355446 -0.00048926790607120053 -0.0001449095956499443 -0.00097426946571266119 0.00072966006482602099 0.00012519896304768189 0.00020055539335589857 -0.00015480882331405979 0.0006568656965973787 -0.00040610594496683918 -2.2645035248904216e-05
leaf_weight=69 79 79 59 56 51 99 83 60 100 131 472 55 84 1437 50 62 50 64 74
leaf_count=69 79 79 59 56 51 99 83 60 100 131 472 55 84 1437 50 62 50 64 74
internal_value=-1.90327e-05 -3.93004e-06 -0.000330753 1.10688e-05 -0.000262006 2.99016e-05 1.731e-05 -0.000221378 4.96528e-05 0.00011258 -0.000102614 -0.000231465 0.000268448 0.000161015 -0.000298709 -6.02658e-05 0.000207546 -5.31741e-05 -0.000284108
internal_weight=3214 3145 138 3007 194 2813 2757 329 2428 1718 710 527 183 1537 181 246 112 143 134
internal_count=3214 3145 138 3007 194 2813 2757 329 2428 1718 710 527 183 1537 181 246 112 143 134
is_linear=0
shrinkage=0.05


Tree=123
num_leaves=20
num_cat=0
split_feature=60 91 125 47 57 106 114 71 88 151 88 30 134 171 92 112 35 116 95
split_gain=0.0120623 0.00595146 0.00690532 0.0163189 0.02172 0.0108747 0.0114233 0.00877623 0.00880311 0.0105999 0.00890003 0.0136135 0.0128055 0.0176772 0.0110574 0.00905079 0.00830657 0.0076216 0.00602636
threshold=0.21863596141338351 0.76129642128944408 0.036071522161364562 0.4083333313465119 0.61790633201599132 0.90765514969825756 0.0032749151578173046 0.57721751928329479 0.91787010431289684 0.71683335304260265 0.084298774600029006 0.77500000596046459 0.93690574169158947 100431576.00000001 0.35559284687042242 0.0021098343422636394 -0.62499999999999989 -0.0011327726533636449 2.4032107591629033
decision_type=2 2 2 2 2 2 2 2 2 2 2 2 2 2 2 2 2 2 2
left_child=-1 2 7 -4 5 -5 16 8 10 -10 12 15 13 -2 -14 -12 -7 -13 -11
right_child=1 -3 3 4 -6 6 -8 -9 9 18 11 17 14 -15 -16 -17 -18 -19 -20
leaf_value=-0.00067203622848614622 -0.00074152250970404697 0.00052673500909944642 -0.0010016655805412922 -0.00081512511405890109 0.00078788150849211358 0.00024664102565275539 0.0004221216591643877 0.00061351645288924058 -0.00092703711721411571 0.00014694886596054968 2.2335795911094849e-05 0.00014202195478919393 0.00015379930519372368 0.00026722284369058008 -0.00035132150736478634 0.00027872621586848181 -0.00041989119361460328 -0.00061434242699836736 -0.0004566873581161801
leaf_weight=69 145 52 54 64 62 61 79 61 51 99 669 51 412 62 147 709 200 96 71
leaf_count=69 145 52 54 64 62 61 79 61 51 99 669 51 412 62 147 709 200 96 71
internal_value=-1.8081e-05 -3.73354e-06 -1.26519e-05 -0.000178836 -8.34869e-05 -0.000217212 -0.000104663 2.09338e-05 6.54384e-06 -0.000294822 3.5615e-05 0.00010546 -0.000103436 -0.000439386 2.09679e-05 0.000154252 -0.000264112 -0.00035193 -0.000105158
internal_weight=3214 3145 3093 520 466 404 340 2573 2512 221 2291 1525 766 207 559 1378 261 147 170
internal_count=3214 3145 3093 520 466 404 340 2573 2512 221 2291 1525 766 207 559 1378 261 147 170
is_linear=0
shrinkage=0.05


Tree=124
num_leaves=13
num_cat=0
split_feature=166 90 97 182 110 136 111 157 82 69 172 42
split_gain=0.0114913 0.0124287 0.00857848 0.0100693 0.00952698 0.00957023 0.0103302 0.0137669 0.007791 0.00825326 0.00775011 0.0072646
threshold=73.350482940673842 0.505437731742859 0.88415810465812694 0.044450454413890846 0.089074753224849715 0.68547350168228161 0.10757314413785936 0.82487502694129955 -0.0072375659365206948 0.55335599184036266 105734720.00000001 0.4916666597127915
decision_type=2 2 2 2 2 2 2 2 2 2 2 2
left_child=2 -2 -1 4 5 -4 8 -8 9 -7 -10 -6
right_child=1 -3 3 -5 11 6 7 -9 10 -11 -12 -13
leaf_value=0.00063907754952896752 -0.0010957051189616324 -9.318943344556761e-05 -0.00060960232581307476 -0.00052370229970382872 5.8976180888800269e-05 -5.2064006829928755e-05 -4.1925539663366853e-05 0.0010597080748993904 0.00011055463360584064 -0.00040706135119676005 -0.00013463573172884936 0.00088682879407160891
leaf_weight=52 50 81 65 92 53 743 61 53 1269 210 432 53
leaf_count=52 50 81 65 92 53 743 61 53 1269 210 432 53
internal_value=-1.7177e-05 -0.000475829 2.31163e-06 -8.61276e-06 7.51117e-06 -9.90199e-06 4.18057e-06 0.000470237 -1.58385e-05 -0.00013029 4.82841e-05 0.000472902
internal_weight=3214 131 3083 3031 2939 2833 2768 114 2654 953 1701 106
internal_count=3214 131 3083 3031 2939 2833 2768 114 2654 953 1701 106
is_linear=0
shrinkage=0.05


Tree=125
num_leaves=22
num_cat=0
split_feature=125 0 122 6 136 112 125 111 127 142 180 113 122 159 137 160 37 92 120 37 100
split_gain=0.0101338 0.00908935 0.0169463 0.00894207 0.0094972 0.00861221 0.00887034 0.0156513 0.0128286 0.00820143 0.00760646 0.00936472 0.00798711 0.00750553 0.00632013 0.00827694 0.00575703 0.00567867 0.00540415 0.00715379 0.0058033
threshold=0.10254488885402681 0.010002779308706524 -0.0049812041688710442 0.39263109862804418 0.67859265208244335 0.021204425953328613 0.046088252216577537 0.10757314413785936 1.0380274057388308 0.97060319781303417 116.98149490356447 0.0055164066143333921 0.003939105663448573 1.2307455539703371 0.99593389034271251 1.3985080718994143 0.17500000447034839 0.26335729658603674 0.24326954782009128 -0.80833333730697621 0.97518867254257213
decision_type=2 2 2 2 2 2 2 2 2 2 2 2 2 2 2 2 2 2 2 2 2
left_child=1 5 -3 4 -4 6 7 14 -9 -8 11 13 16 -6 15 -1 -12 -14 19 -16 -20
right_child=-2 2 3 -5 10 -7 9 8 -10 -11 12 -13 17 -15 18 -17 -18 -19 20 -21 -22
leaf_value=0.00062401593473463595 0.00066259907824652541 -0.0010437314197188244 -0.00076042337201662332 0.00053223613498596268 -0.00072674449589217344 0.00063949344960213968 -0.00088000446078641444 0.0012093286170857028 0.00016972792912894552 -1.0785779290770358e-05 2.7292731459040133e-05 0.00024938284426048821 0.00014228142313453754 -0.00014768582702653885 -0.00059166121551947255 -0.00011472093599597709 0.00072618139617633632 -0.00026284681516699495 -8.3873430277261752e-05 -4.1593178911793346e-05 0.000272560137218822
leaf_weight=91 56 50 57 53 115 58 51 50 73 58 57 62 153 109 62 65 61 199 191 1267 284
leaf_count=91 56 50 57 53 115 58 51 50 73 58 57 62 153 109 62 65 61 199 191 1267 284
internal_value=-4.13945e-06 -1.59327e-05 -0.00014871 -9.70346e-05 -0.000138057 3.81225e-05 2.22103e-05 4.52188e-05 0.00059233 -0.000417484 -9.11327e-05 -0.000294446 3.25857e-05 -0.00044497 1.08848e-05 0.000316209 0.000388583 -8.67541e-05 -1.55179e-05 -6.72547e-05 0.000129236
internal_weight=3222 3166 916 866 813 2250 2192 2083 123 109 756 286 470 224 1960 156 118 352 1804 1329 475
internal_count=3222 3166 916 866 813 2250 2192 2083 123 109 756 286 470 224 1960 156 118 352 1804 1329 475
is_linear=0
shrinkage=0.05


Tree=126
num_leaves=21
num_cat=1
split_feature=160 97 130 181 160 179 95 140 121 116 12 115 186 142 29 88 107 157 183 44
split_gain=0.00857116 0.0258234 0.0129367 0.0112031 0.0181395 0.018555 0.0151335 0.0130297 0.00916278 0.0129448 0.0190018 0.00890987 0.0133325 0.00851567 0.0133766 0.00698217 0.00763653 0.0123055 0.0117849 0.00446317
threshold=0.84068235754966747 0.9893614947795869 1.2691470384597781 0.032021377235651023 1.3374065160751345 6.4564058780670175 5.3723025321960458 0.92346099019050609 0.27980923652648931 0.002090473892167211 0.16372564435005191 0.0024817399680614476 0 0.9620894491672517 1.0000000180025095e-35 0.92534035444259655 0.021692286245524887 0.96970462799072277 0.028257629834115509 0.45000000298023229
decision_type=2 2 2 2 2 2 2 2 2 2 2 2 1 2 2 2 2 2 2 2
left_child=1 -1 3 7 5 -5 -7 -2 15 11 -11 12 -10 -6 -15 16 18 -18 -9 -17
right_child=2 -3 -4 4 13 6 -8 8 9 10 -12 -13 -14 14 -16 19 17 -19 -20 -21
leaf_value=0.0010413818268152938 0.000788647745587066 -0.00034930617408203299 0.00070609820211150998 6.6112129894059362e-06 -0.00043114207669606885 -0.0014388211684334758 -0.00043504696839164229 -5.0844831988736033e-05 0.00035859789876498539 0.0010415311173198652 -2.9069021584291475e-05 -0.00047613523402105788 -0.00014944691705859304 -0.00031822356007372342 0.00063538751081260246 -0.00071209963692056664 0.00078270217495238692 -8.7143825605624477e-05 -0.00078422726252475722 -0.00015736285003651752
leaf_weight=71 52 63 60 90 61 70 81 1405 243 86 80 77 257 60 95 65 70 97 57 82
leaf_count=71 52 63 60 90 61 70 81 1405 243 86 80 77 257 60 95 65 70 97 57 82
internal_value=-3.93248e-06 0.000387551 -2.09204e-05 -3.53263e-05 -0.000263441 -0.000561665 -0.000900373 5.22147e-06 -1.09509e-05 0.000136483 0.000525579 2.45416e-05 0.000101646 6.92997e-05 0.000266248 -7.26306e-05 -4.28494e-05 0.000277462 -7.94377e-05 -0.000402655
internal_weight=3222 134 3088 3028 457 241 151 2571 2519 743 166 577 500 216 155 1776 1629 167 1462 147
internal_count=3222 134 3088 3028 457 241 151 2571 2519 743 166 577 500 216 155 1776 1629 167 1462 147
cat_boundaries=0 1
cat_threshold=593
is_linear=0
shrinkage=0.05


Tree=127
num_leaves=23
num_cat=0
split_feature=117 39 140 146 117 111 32 158 155 151 5 1 161 4 78 157 174 154 78 32 158 148
split_gain=0.00756945 0.0180221 0.016784 0.0115756 0.00994381 0.0104558 0.00953928 0.00920661 0.0106067 0.0087609 0.00845397 0.0109943 0.00904662 0.0112952 0.00796481 0.00790732 0.011473 0.00774148 0.00687846 0.00535539 0.00511926 0.00342831
threshold=0.13228927552700046 0.75000000000000011 0.90807822346687328 0.71807658672332775 0.14569959044456485 0.10965326055884363 1.0000000180025095e-35 0.72315329313278209 0.18406952172517779 1.192968547344208 0.017102792859077457 0.028974461369216446 1.5585802197456362 0.27167202532291418 0.35908606648445135 0.50540193915367138 56.069881439208991 0.3794874399900437 -0.41116575896739954 0.45833332836627966 0.95136702060699474 0.99675053358078014
decision_type=2 2 2 2 2 2 2 2 2 2 2 2 2 2 2 2 2 2 2 2 2 2
left_child=1 7 -2 -4 -5 6 17 19 -9 -7 11 14 13 -13 20 16 -8 -6 -17 -1 -10 -14
right_child=2 -3 3 4 5 9 15 8 10 -11 -12 12 21 -15 -16 18 -18 -19 -20 -21 -22 -23
leaf_value=0.00072248101784763014 0.00095457059167743238 -0.00085426414946571615 -0.00066009517008908385 0.00071950928741981366 -0.00065968977127656972 0.00099983548524323852 2.9392632616994281e-06 0.00047246677621794674 -0.00031819424302694844 8.1335381549218225e-05 0.00043633996254357045 -0.00030207723468243157 -0.00033529816096898086 -0.0011726290472206134 0.00054257253749528901 -0.00028042375003648243 0.0009571709909713329 6.3167518085045297e-05 5.2921487541398587e-05 7.105760820637885e-05 -1.3751096432517644e-05 0.00017265235101320906
leaf_weight=55 51 74 58 55 92 50 72 76 205 54 60 81 89 69 50 178 56 62 1185 74 423 53
leaf_count=55 51 74 58 55 92 50 72 76 205 54 60 81 89 69 50 178 56 62 1185 74 423 53
internal_value=-3.7034e-06 -9.63495e-05 5.96911e-05 3.51805e-05 5.75341e-05 3.67173e-05 5.97852e-06 -5.0936e-05 -9.75594e-05 0.000522922 -0.00013962 -0.000175246 -0.000431749 -0.000702531 -6.47757e-05 4.46745e-05 0.000420416 -0.000368669 9.38851e-06 0.000348796 -0.000113131 -0.000145711
internal_weight=3222 1309 1913 1862 1804 1749 1645 1235 1106 104 1030 970 292 150 678 1491 128 154 1363 129 628 142
internal_count=3222 1309 1913 1862 1804 1749 1645 1235 1106 104 1030 970 292 150 678 1491 128 154 1363 129 628 142
is_linear=0
shrinkage=0.05


Tree=128
num_leaves=21
num_cat=0
split_feature=125 125 176 10 178 181 142 85 136 58 125 130 21 88 166 151 181 84 114 122
split_gain=0.00895889 0.00886933 0.00664316 0.0116616 0.01363 0.00823167 0.00763548 0.00921655 0.00650547 0.0103559 0.00644565 0.00595212 0.0103828 0.00671749 0.012679 0.00691973 0.00764466 0.00545371 0.00300889 0.00284252
threshold=0.10254488885402681 0.083135060966014876 86.417190551757827 1.0197899937629702 -5.7656109333038321 0.026985376141965393 0.9609399437904359 0.68852299451828014 0.87392500042915355 0.17871660739183429 0.030330444686114792 1.2312518954277041 0.1506781801581383 -0.6363910138607024 45.914625167846687 0.43987096846103674 0.044223900884389884 0.69455000758171093 0.0016322578303515913 0.0017372441943734886
decision_type=2 2 2 2 2 2 2 2 2 2 2 2 2 2 2 2 2 2 2 2
left_child=1 2 6 5 -5 8 7 -1 9 10 -4 13 -13 14 19 -15 -17 18 -10 -8
right_child=-2 -3 3 4 -6 -7 11 -9 17 -11 -12 12 -14 15 -16 16 -18 -19 -20 -21
leaf_value=-9.1106926234003725e-05 0.00062337821145774797 -0.00061672939811614931 -0.00025502017533887201 3.2712961314246062e-05 0.0011835476906165944 -0.00046084854082437235 -0.00019727362096091385 -0.00091887075237914457 0.00019852643096957565 0.00076186891063826344 0.00037619009994419424 -0.00013767468553851358 0.00083402456323340268 0.00040655161421072037 -0.00078625042257614514 -1.1259720018715901e-05 -0.00055129848692291386 -0.00042496743796820944 -0.0002508804188400973 0.00030310156643299351
leaf_weight=92 56 60 78 50 53 70 64 53 146 82 84 56 54 95 83 1805 68 72 50 51
leaf_count=92 56 60 78 50 53 70 64 53 146 82 84 56 54 95 83 1805 68 72 50 51
internal_value=-3.51823e-06 -1.46067e-05 -2.97526e-06 0.000134495 0.00062489 4.77069e-05 -4.18712e-05 -0.000393669 0.000117236 0.000304023 7.2274e-05 -1.94588e-05 0.000339341 -3.76804e-05 -0.000315283 -9.75086e-06 -3.0866e-05 -5.28239e-05 8.38818e-05 2.46319e-05
internal_weight=3222 3166 3106 685 103 582 2421 145 512 244 162 2276 110 2166 198 1968 1873 268 196 115
internal_count=3222 3166 3106 685 103 582 2421 145 512 244 162 2276 110 2166 198 1968 1873 268 196 115
is_linear=0
shrinkage=0.05


Tree=129
num_leaves=16
num_cat=0
split_feature=6 145 135 184 146 101 12 44 32 78 160 159 151 70 158
split_gain=0.00813958 0.0115925 0.0125145 0.0114966 0.00809759 0.0194652 0.00664131 0.00537963 0.0132289 0.0054403 0.0131313 0.018303 0.012028 0.00790055 0.00693745
threshold=0.03809869475662709 0.90386185050010692 0.91133746504783641 0.14772846549749377 0.71807658672332775 0.71229180693626415 0.084622334688901915 0.25000000745058065 0.44166666269302374 0.35306413471698767 1.1367905735969546 1.0342795848846438 0.43987096846103674 0.57270294427871715 0.73394286632537853
decision_type=2 2 2 2 2 2 2 2 2 2 2 2 2 2 2
left_child=1 -1 -3 4 -2 -6 -4 8 -7 12 11 -11 -9 -12 -14
right_child=3 2 6 -5 5 7 -8 9 -10 10 13 -13 14 -15 -16
leaf_value=-0.00071669488374187344 -0.00045834757823214528 0.00050472153861846891 2.6432324818375966e-05 0.00077586392936063934 0.00088800149524104199 -0.00069255357440238465 -0.00057114713594312485 0.0005774335587115535 0.00033064602883350034 0.0001164382580573645 0.00018801739738178599 0.0013581964582117508 0.00021072133669690631 -0.00039443522634857134 -6.7353026812782155e-05
leaf_weight=91 89 71 92 50 64 83 94 84 51 73 176 50 256 87 1811
leaf_count=91 89 71 92 50 64 83 94 84 51 73 176 50 256 87 1811
internal_value=-3.34232e-06 -0.000231724 -6.00032e-05 2.43115e-05 1.10049e-05 2.62782e-05 -0.00027557 5.63039e-06 -0.000303127 2.19384e-05 0.00019478 0.000621218 -9.07822e-06 -4.65704e-06 -3.29132e-05
internal_weight=3222 348 257 2874 2824 2735 186 2671 134 2537 386 123 2151 263 2067
internal_count=3222 348 257 2874 2824 2735 186 2671 134 2537 386 123 2151 263 2067
is_linear=0
shrinkage=0.05


Tree=130
num_leaves=17
num_cat=0
split_feature=123 138 20 181 0 76 111 73 1 72 128 114 125 182 109 157
split_gain=0.0103376 0.00797699 0.0160869 0.0159668 0.0115078 0.00781398 0.00716562 0.0231627 0.00689058 0.00537588 0.00591509 0.0100636 0.00709589 0.00393734 0.00602973 0.00201152
threshold=0.052881766110658653 1.030689597129822 0.56635218858718883 0.046251870691776283 -0.016748170368373391 0.57349810004234325 0.10965326055884363 0.4302785992622376 0.030363357625901703 0.55088406801223766 1.0488270521163943 0.0076302895322442063 -0.026017224416136738 0.012827327474951746 0.029210436157882217 0.92422646284103405
decision_type=2 2 2 2 2 2 2 2 2 2 2 2 2 2 2 2
left_child=1 3 4 5 -3 6 9 -8 13 10 12 -12 -1 -6 -15 -16
right_child=-2 2 -4 -5 8 -7 7 -9 -10 -11 11 -13 -14 14 15 -17
leaf_value=0.00052309014585182956 0.00066999107819293421 -0.00038787597867382707 0.0010075261866902266 -0.00087187466862295488 -0.00029722960712388159 -0.00046653972501789742 0.0011933518447622192 -0.00023336179323395659 0.00064126643081818932 -0.00048022095677057933 -0.00030272517465047529 0.00043656227790052072 7.1899750162331007e-06 0.00057815774710113198 -0.00021249144039876364 0.00019698767291166883
leaf_weight=69 58 99 53 56 50 94 50 66 77 62 312 54 1959 68 61 59
leaf_count=69 58 99 53 56 50 94 50 66 77 62 312 54 1959 68 61 59
internal_value=8.45842e-06 -3.57322e-06 0.000187345 -3.63281e-05 8.23462e-05 -1.87773e-05 -2.41271e-06 0.000381601 0.00023013 -2.05502e-05 -8.64558e-06 -0.00019365 2.47428e-05 9.71157e-05 0.000201995 -1.11642e-05
internal_weight=3247 3189 467 2722 414 2666 2572 116 315 2456 2394 366 2028 238 188 120
internal_count=3247 3189 467 2722 414 2666 2572 116 315 2456 2394 366 2028 238 188 120
is_linear=0
shrinkage=0.05


Tree=131
num_leaves=12
num_cat=0
split_feature=123 104 122 145 92 55 146 116 11 76 113
split_gain=0.00932965 0.0113162 0.0123667 0.00803658 0.0136108 0.0137079 0.00908563 0.0101558 0.0100836 0.0061331 0.00538319
threshold=0.052881766110658653 0.88383451104164135 0.021261835470795635 0.84968888759613048 0.28124058246612554 0.66698825359344494 0.76439839601516735 0.0048004956915974626 0.95897507667541515 0.57799765467643749 0.0086788120679557341
decision_type=2 2 2 2 2 2 2 2 2 2 2
left_child=1 -1 3 4 -3 -6 -5 8 -8 -10 -7
right_child=-2 2 -4 6 5 10 7 -9 9 -11 -12
leaf_value=-0.00054986887630152723 0.00063649148952239993 -0.00029054745957384718 0.00078499632825910614 -0.00054873021999810587 0.0011274971470707211 -0.00019042942559462973 -0.00065744297514997851 0.00066441832205534665 6.8922176847528963e-06 -0.00042489856936513479 0.00053966767442818991
leaf_weight=92 58 72 51 80 61 50 61 55 2531 85 51
leaf_count=92 58 72 51 80 61 50 61 55 2531 85 51
internal_value=8.0355e-06 -3.39456e-06 1.28391e-05 -8.93361e-08 0.000281451 0.000535672 -2.35176e-05 -8.13806e-06 -2.1956e-05 -7.13768e-06 0.000178233
internal_weight=3247 3189 3097 3046 234 162 2812 2732 2677 2616 101
internal_count=3247 3189 3097 3046 234 162 2812 2732 2677 2616 101
is_linear=0
shrinkage=0.05


Tree=132
num_leaves=10
num_cat=0
split_feature=123 104 105 76 125 184 126 92 153
split_gain=0.00842001 0.0102129 0.0121013 0.00629558 0.00607226 0.00797914 0.00706985 0.0110136 0.00629003
threshold=0.052881766110658653 0.88383451104164135 0.87045875191688549 0.57799765467643749 0.077027715742588057 0.096760585904121413 0.050960877910256393 0.42910419404506689 0.20987191051244738
decision_type=2 2 2 2 2 2 2 2 2
left_child=1 -1 -3 4 5 6 8 -8 -4
right_child=-2 2 3 -5 -6 -7 7 -9 -10
leaf_value=-0.00052237542640005301 0.00060466690584093916 0.00075413714630822486 -0.00014796318402616646 -0.00040828129348107687 0.00048964585714901868 -0.00056012951330147536 5.3692431255553363e-05 0.00065003110417959629 3.1339267081718564e-05
leaf_weight=92 58 54 681 92 65 62 303 104 1736
leaf_count=92 58 54 681 92 65 62 303 104 1736
internal_value=7.63372e-06 -3.22483e-06 1.21971e-05 -9.69059e-07 1.17293e-05 9.65368e-07 1.3284e-05 0.000206074 -1.918e-05
internal_weight=3247 3189 3097 3043 2951 2886 2824 407 2417
internal_count=3247 3189 3097 3043 2951 2886 2824 407 2417
is_linear=0
shrinkage=0.05


Tree=133
num_leaves=13
num_cat=0
split_feature=123 141 115 76 88 170 172 110 136 153 92 68
split_gain=0.00759906 0.00938858 0.011506 0.00565279 0.00505935 0.00766733 0.0154742 0.00681058 0.00747039 0.00635 0.00535472 0.00371016
threshold=0.052881766110658653 0.8649255931377412 0.009696282912045719 0.57799765467643749 0.92534035444259655 6718540288.000001 377331872.00000006 0.085665799677371993 0.72930639982223522 0.2948440313339234 0.3575862348079682 0.58831229805946361
decision_type=2 2 2 2 2 2 2 2 2 2 2 2
left_child=1 -1 3 4 5 7 -7 8 -3 11 -11 -6
right_child=-2 2 -4 -5 9 6 -8 -9 -10 10 -12 -13
leaf_value=-0.0005123385515782337 0.00057443357516854903 -0.00032191304394098768 0.00070900857374062046 -0.00038786723022558758 -0.00079635680158389737 0.0010705379605639666 -0.00016730421646116156 0.00043383310077979819 2.1414985309022766e-05 -0.00028874876939582138 0.0003365853885874718 -0.00023242960189236327
leaf_weight=88 58 170 58 92 50 51 50 93 2330 67 70 70
leaf_count=88 58 170 58 92 50 51 50 93 2330 67 70 70
internal_value=7.25204e-06 -3.06359e-06 1.13886e-05 -1.90815e-06 1.01245e-05 3.03454e-05 0.000457745 1.36977e-05 -1.93132e-06 -0.000201841 3.0765e-05 -0.000467399
internal_weight=3247 3189 3101 3043 2951 2694 101 2593 2500 257 137 120
internal_count=3247 3189 3101 3043 2951 2694 101 2593 2500 257 137 120
is_linear=0
shrinkage=0.05


Tree=134
num_leaves=18
num_cat=0
split_feature=183 129 103 112 132 126 77 32 180 170 160 133 173 99 113 12 121
split_gain=0.00719796 0.0193872 0.00758261 0.00605549 0.00813538 0.0114198 0.00698035 0.00909021 0.00714775 0.0104463 0.0133173 0.00978276 0.00619346 0.00578711 0.00559885 0.00433433 0.00309614
threshold=0.051482552662491805 1.0109011530876162 0.91597047448158275 0.021204425953328613 0.9142461121082307 0.042506713420152671 0.52736422419548046 0.32500000298023229 17.03382778167725 4951758080.000001 1.2211373448371889 0.87618631124496471 1.0658948421478274 0.95963293313980114 0.0030401403782889251 0.16055545210838321 0.10631879791617395
decision_type=2 2 2 2 2 2 2 2 2 2 2 2 2 2 2 2 2
left_child=2 -2 -1 4 5 -4 8 -8 12 11 -11 -10 16 -14 15 -9 -6
right_child=1 -3 3 -5 6 -7 7 14 9 10 -12 -13 13 -15 -16 -17 -18
leaf_value=-0.00061212304794667843 -0.00029897100487148612 0.00099690734209763191 -0.00096844773702636864 0.00045253346079708498 0.00028059281700481105 5.1974948868958342e-05 -0.00078604412701679396 -0.00013302299174661723 0.00062732152543022116 0.0011382055939175189 2.9081132860313627e-05 1.8369468568539383e-05 -0.00086682788854166172 -0.00017635844783975521 -0.00053560404913150709 0.00042804355881261556 -0.00018292611803448464
leaf_weight=51 54 62 52 73 61 58 59 92 68 50 59 2191 53 71 50 55 88
leaf_count=51 54 62 52 73 61 58 59 92 68 50 59 2191 53 71 50 55 88
internal_value=6.88944e-06 0.000393654 -7.43974e-06 2.57287e-06 -8.35068e-06 -0.000430407 7.67492e-06 -0.000241611 3.1839e-05 5.97683e-05 0.000537854 3.67e-05 -0.00021042 -0.000471478 -7.8558e-05 7.68999e-05 6.83667e-06
internal_weight=3247 116 3131 3080 3007 110 2897 256 2641 2368 109 2259 273 124 197 147 149
internal_count=3247 116 3131 3080 3007 110 2897 256 2641 2368 109 2259 273 124 197 147 149
is_linear=0
shrinkage=0.05


Tree=135
num_leaves=12
num_cat=0
split_feature=72 86 102 4 87 139 9 7 117 92 106
split_gain=0.0068496 0.00617306 0.00588193 0.0190441 0.0155923 0.0072861 0.00688625 0.0075454 0.0055994 0.00817491 0.0081157
threshold=0.55865001678466808 -0.49437265098094935 0.96208077669143688 0.29442724585533148 0.49311946332454687 0.95362690091133129 0.96940624713897716 0.028640039265155796 0.67030832171440136 0.48615095019340521 0.91230839490890514
decision_type=2 2 2 2 2 2 2 2 2 2 2
left_child=1 -1 3 4 -3 -4 -7 8 9 -8 -10
right_child=-2 2 5 -5 -6 6 7 -9 10 -11 -12
leaf_value=-0.00049679367100849512 -0.00049350809933605124 -0.00061464644901022532 -0.00047201298375833126 0.00094792464755942898 0.00039974843529351007 -0.00043476534941301717 1.5145528254421979e-05 0.00058657653519601034 0.00077536290511488921 -0.00023331587765674906 8.7957803057897292e-05
leaf_weight=63 74 69 85 68 84 89 1876 56 50 402 304
leaf_count=63 74 69 85 68 84 89 1876 56 50 402 304
internal_value=-1.80218e-05 -6.8374e-06 3.17468e-06 0.000251707 -5.77238e-05 -1.60166e-05 -2.05923e-06 1.22677e-05 4.83836e-08 -2.87006e-05 0.000185049
internal_weight=3220 3146 3083 221 153 2862 2777 2688 2632 2278 354
internal_count=3220 3146 3083 221 153 2862 2777 2688 2632 2278 354
is_linear=0
shrinkage=0.05


Tree=136
num_leaves=12
num_cat=0
split_feature=72 183 39 32 38 124 131 128 114 0 3
split_gain=0.00618176 0.0060717 0.00566374 0.00933913 0.00890958 0.00942126 0.00784602 0.0114252 0.00764622 0.00711049 0.00779924
threshold=0.55865001678466808 0.056539529934525497 0.75000000000000011 0.52500000596046459 0.90000000596046459 0.053177660331130035 1.0253865122795107 1.0196180343627932 0.0012489313958212735 0.03127222694456578 0.019086763262748722
decision_type=2 2 2 2 2 2 2 2 2 2 2
left_child=1 2 4 -4 5 6 7 8 -1 10 -8
right_child=-2 -3 3 -5 -6 -7 9 -9 -10 -11 -12
leaf_value=0.00051812840305102915 -0.00046883268837149986 0.00042079035879003554 -0.00066498797400910636 0.00017979962436516804 0.00059486065908205381 -0.00056882363832634533 -3.8521946625179718e-05 0.0008630744593713228 -9.1557196410367507e-05 -0.00047706911012260949 0.00032177589746424929
leaf_weight=73 74 81 83 54 61 75 2239 59 174 86 161
leaf_count=73 74 81 83 54 61 75 2239 59 174 86 161
internal_value=-1.71207e-05 -6.49553e-06 -1.77876e-05 -0.000332006 -3.08542e-06 -1.58077e-05 -9.52309e-07 0.000237954 8.86333e-05 -3.03591e-05 -1.4352e-05
internal_weight=3220 3146 3065 137 2928 2867 2792 306 247 2486 2400
internal_count=3220 3146 3065 137 2928 2867 2792 306 247 2486 2400
is_linear=0
shrinkage=0.05


Tree=137
num_leaves=15
num_cat=0
split_feature=72 184 122 125 158 183 52 57 160 68 86 84 86 70
split_gain=0.00557904 0.00662026 0.00851042 0.00718111 0.0068594 0.00926539 0.00856269 0.0107106 0.00787419 0.0161161 0.00934643 0.00638296 0.0101563 0.00748473
threshold=0.55865001678466808 0.14772846549749377 0.024763539433479313 0.083135060966014876 1.1056732535362246 0.032443396747112281 0.19166667014360431 0.56581947207450878 1.1367905735969546 0.65820348262786876 0.33475469052791601 0.028408232145011428 0.32780562341213232 0.51682072877883922
decision_type=2 2 2 2 2 2 2 2 2 2 2 2 2 2
left_child=1 2 3 4 5 6 7 -1 9 10 -6 13 -13 -10
right_child=-2 -3 -4 -5 8 -7 -8 -9 11 -11 -12 12 -14 -15
leaf_value=-9.5083686072845163e-06 -0.00044539105532552439 0.0005184802218829676 0.00058374868706872302 -0.00061597884358728639 0.00040679192238769003 -0.00062399143366201316 0.00042705312080633818 -0.00031071990582704834 0.00039520563174983418 0.0011014595792706436 -0.00046257094734028221 -0.00035326989069149394 5.8652542494302098e-05 -0.00018255833188798339
leaf_weight=1223 74 59 58 51 81 75 87 389 193 54 50 207 540 79
leaf_count=1223 74 59 58 51 81 75 87 389 193 54 50 207 540 79
internal_value=-1.62646e-05 -6.17075e-06 -1.61981e-05 -2.7686e-05 -1.76112e-05 -8.01266e-05 -5.61184e-05 -8.21953e-05 7.45004e-05 0.000374597 7.4974e-05 2.00177e-05 -5.54946e-05 0.000227399
internal_weight=3220 3146 3087 3029 2978 1774 1699 1612 1204 185 131 1019 747 272
internal_count=3220 3146 3087 3029 2978 1774 1699 1612 1204 185 131 1019 747 272
is_linear=0
shrinkage=0.05


Tree=138
num_leaves=17
num_cat=0
split_feature=86 82 178 162 3 90 160 140 138 173 170 94 89 36 170 91
split_gain=0.00525975 0.00526301 0.00597516 0.0160587 0.0125687 0.0163066 0.0114534 0.0104734 0.0119124 0.0110058 0.00904228 0.0103119 0.00866038 0.00775737 0.00773427 0.00748528
threshold=-0.49437265098094935 0.11730003729462625 -10.31029176712036 245.27997589111331 0.019639221951365474 0.50014361739158641 1.1473799347877505 0.94072255492210399 1.0452487468719485 1.3520875573158266 14994900.000000002 -5.6248943805694571 -0.4638951420783996 0.75000000000000011 4614968832.000001 0.38300462067127233
decision_type=2 2 2 2 2 2 2 2 2 2 2 2 2 2 2 2
left_child=-1 2 3 6 10 -6 -2 -5 9 13 -4 15 -13 -9 -14 -12
right_child=1 -3 4 7 5 -7 -8 8 -10 -11 11 12 14 -15 -16 -17
leaf_value=-0.00046781925812533628 -0.0012168707641916734 -0.00042312149708851471 0.00057838440835309617 0.00055679848260233109 0.0010001681274619157 -8.9307687871511125e-05 -0.00015720710063903302 -3.3763755245447468e-05 0.00048779940399643149 -0.000800781416016929 4.5548128779046243e-05 0.00044029433042653741 -9.8335305356537608e-05 -0.0005922198772061486 0.00025344918607185144 0.00089839228409955305
leaf_weight=63 51 74 70 71 77 62 51 727 86 57 50 92 1392 68 176 53
leaf_count=63 51 74 70 71 77 62 51 727 86 57 50 92 1392 68 176 53
internal_value=-1.54514e-05 -6.4241e-06 3.57771e-06 -8.91596e-05 5.58247e-05 0.000514215 -0.000687039 -2.87198e-05 -7.30394e-05 -0.00012965 2.10641e-05 -1.06433e-06 -3.11859e-05 -8.15311e-05 -5.88493e-05 0.00048439
internal_weight=3220 3157 3083 1111 1972 139 102 1009 938 852 1833 1763 1660 795 1568 103
internal_count=3220 3157 3083 1111 1972 139 102 1009 938 852 1833 1763 1660 795 1568 103
is_linear=0
shrinkage=0.05


Tree=139
num_leaves=40
num_cat=0
split_feature=152 157 170 109 161 37 72 90 90 170 85 70 123 22 47 18 183 174 19 26 103 4 135 97 20 125 176 115 152 161 106 94 107 135 157 152 151 118 90
split_gain=0.00495319 0.0154534 0.0328601 0.0111973 0.0138924 0.0143113 0.0103594 0.010536 0.0125609 0.0144078 0.00921176 0.00866707 0.00848027 0.0120361 0.00856419 0.00818491 0.00926925 0.00798465 0.0153015 0.00819425 0.0098473 0.00778225 0.00731029 0.00709597 0.00895826 0.0062894 0.00968514 0.0066442 0.00628419 0.00725856 0.00618285 0.0054222 0.0053825 0.00468062 0.00377625 0.00335088 0.00404346 0.00317189 0.00230715
threshold=0.20502064377069476 0.58134308457374584 1476630144.0000002 0.02477169688791037 1.5761398673057558 0.65833333134651195 0.49397675693035131 0.57270002365112316 0.26398947834968572 2442289280.0000005 0.12588883191347125 0.51783138513565075 0.0086566335521638411 0.64107424020767223 0.45833332836627966 0.97798836231231701 -0.0042348427232354871 64.017084121704116 0.60030722618103038 0.75000000000000011 1.0079029202461245 0.43341544270515447 0.94921821355819713 0.93668070435523998 0.91498106718063366 0.033614367246627815 77.560497283935561 0.0021228414261713628 0.25667181611061102 1.4803797006607058 0.95868805050849926 1.7947838902473452 0.01053323643282056 0.95279082655906688 0.6929178535938264 0.18139277398586276 1.5293790698051455 0.024739593267440799 0.38255344331264501
decision_type=2 2 2 2 2 2 2 2 2 2 2 2 2 2 2 2 2 2 2 2 2 2 2 2 2 2 2 2 2 2 2 2 2 2 2 2 2 2 2
left_child=3 2 -2 12 6 11 30 8 10 -10 -8 32 14 33 34 16 17 19 -19 20 -3 31 -22 28 25 27 -27 -25 -18 -30 -5 -20 -6 -14 -1 36 37 -16 -39
right_child=1 15 -4 4 5 -7 7 -9 9 -11 -12 -13 13 -15 35 -17 23 18 21 -21 22 -23 -24 24 -26 26 -28 -29 29 -31 -32 -33 -34 -35 -36 -37 -38 38 -40
leaf_value=-0.00066211843532660317 -7.5080262167434944e-05 -0.00031961052789029057 0.0014214696741978291 0.00041872096937332377 -0.00018081672737055245 0.00072035306782254345 -0.00071771999594692347 1.3596015986487534e-05 -0.00060862787902240644 -0.001678919230756697 0.00012006791705777582 -0.00055189519622124352 -0.00030654295728059619 0.00082878021246681063 -0.00024137612139244226 0.00061312144187887995 2.6874405662774257e-05 0.0011256196574358196 -0.00034802396494598448 -0.00047455173498348535 0.00079950673122874516 0.00068058634128914598 7.1532017213337315e-05 6.8355798116903721e-05 0.0004972477477542057 -0.00092216959951656467 -1.0707349980704396e-05 -0.0002664169995509282 -0.0010461273025663654 -0.00025497482833714002 -0.00027035569804866104 0.00027211536505741867 0.00045271999800705441 0.00034285043302754114 -0.00015021726857264374 0.00040090995476877681 -0.0003814536349859994 0.00033654140465723295 -3.6140511421343455e-05
leaf_weight=62 92 80 61 51 73 64 71 70 82 51 61 78 56 77 52 52 57 51 71 77 59 51 83 450 68 55 62 221 53 64 90 70 62 55 86 69 53 115 65
leaf_count=62 92 80 61 51 73 64 71 70 82 51 61 78 56 77 52 52 57 51 71 77 59 51 83 450 68 55 62 221 53 64 90 70 62 55 86 69 53 115 65
internal_value=-1.46788e-05 4.12034e-05 0.000521583 -8.34957e-05 -0.000216823 6.47068e-05 -0.000380655 -0.000531984 -0.000676099 -0.00101904 -0.00033056 -0.000132295 6.20054e-05 0.000348439 -4.52644e-05 -4.05404e-06 -2.44695e-05 0.000142903 0.000355781 -3.01046e-05 0.000124051 0.000151293 0.000374 -0.000112543 -5.33743e-05 -0.00010089 -0.000439173 -4.19047e-05 -0.000403628 -0.00061336 -2.11152e-05 -4.01534e-05 0.000110141 1.52285e-05 -0.000364662 8.82692e-05 1.25773e-05 0.000102593 0.000201962
internal_weight=3220 1777 153 1443 753 277 476 335 265 133 132 213 690 188 502 1624 1572 542 243 299 222 192 142 1030 856 788 117 671 174 117 141 141 135 111 148 354 285 232 180
internal_count=3220 1777 153 1443 753 277 476 335 265 133 132 213 690 188 502 1624 1572 542 243 299 222 192 142 1030 856 788 117 671 174 117 141 141 135 111 148 354 285 232 180
is_linear=0
shrinkage=0.05


Tree=140
num_leaves=13
num_cat=0
split_feature=115 146 181 36 7 102 176 49 1 153 92 57
split_gain=0.00817424 0.0117617 0.0193273 0.00720786 0.00672929 0.00818956 0.022511 0.00564105 0.00628964 0.0207701 0.00598875 0.00574551
threshold=0.010443008970469238 0.75080183148384105 0.032021377235651023 0.94999998807907116 0.043030468747019775 0.96208077669143688 99.236503601074233 0.55000001192092907 0.040635583922266967 0.23251304775476458 0.24744770675897601 0.58925530314445507
decision_type=2 2 2 2 2 2 2 2 2 2 2 2
left_child=1 2 -1 4 5 6 -3 8 11 -10 -9 -7
right_child=-2 3 -4 -5 -6 7 -8 10 9 -11 -12 -13
leaf_value=0.00020527417081110699 0.00053678245243125801 0.0012103368986281567 -0.0008760272795961541 0.00058574275651524118 -0.0005002950604718466 1.8110241441799595e-05 -0.00028265826024960239 3.1133925076574088e-05 -0.00032031480543676539 0.00060965888726998178 -0.00072826979352006067 -0.00020448165671712646
leaf_weight=72 70 50 97 54 65 2113 51 50 98 155 54 336
leaf_count=72 70 50 97 54 65 2113 51 50 98 155 54 336
internal_value=2.2939e-06 -9.41634e-06 -0.000415354 1.3255e-05 2.85316e-06 1.41035e-05 0.000456448 -1.81842e-06 1.20901e-05 0.000249432 -0.000363172 -1.24291e-05
internal_weight=3265 3195 169 3026 2972 2907 101 2806 2702 253 104 2449
internal_count=3265 3195 169 3026 2972 2907 101 2806 2702 253 104 2449
is_linear=0
shrinkage=0.05


Tree=141
num_leaves=24
num_cat=0
split_feature=32 182 34 4 156 124 1 86 75 89 12 72 160 170 34 139 172 179 8 9 3 119 125
split_gain=0.0073619 0.0135441 0.0109638 0.0138084 0.00780288 0.00747793 0.00655149 0.00808968 0.00618975 0.00615227 0.00569391 0.00560373 0.00938502 0.0100555 0.00957231 0.00822426 0.00783397 0.00996911 0.00721738 0.00902042 0.00686988 0.00594459 0.00369063
threshold=0.041666667908430106 0.032855493947863586 0.65000000596046459 0.30016502737998968 0.32745450735092169 -0.060320751741528504 0.078025612980127348 0.85777613520622265 0.55894795060157787 0.62639766931533825 0.23079496622085574 0.51142561435699474 1.1639734506607058 1200791936.0000002 0.35000000894069677 0.95481491088867199 37382604.000000007 4.3596110343933114 0.90035459399223339 0.98943099379539501 0.013199167791754009 0.10831689089536668 0.005252612056210638
decision_type=2 2 2 2 2 2 2 2 2 2 2 2 2 2 2 2 2 2 2 2 2 2 2
left_child=1 2 4 -4 -1 -2 7 11 10 -9 22 15 13 -13 -15 -7 20 -18 19 -17 -14 -20 -6
right_child=5 -3 3 -5 8 6 -8 9 -10 -11 -12 12 16 14 -16 18 17 -19 21 -21 -22 -23 -24
leaf_value=-0.00057730193845101547 0.00064182042866013948 -0.00071815894834403686 -0.00018384199659340084 0.00098547308092854701 4.2822718194434043e-05 -0.00064089954344215619 0.00059158306586323307 -3.9456813022049826e-05 -0.00050149446439624217 -0.00079434068647283576 -0.00038174827897455543 6.8331233405447361e-05 0.00044647876432452006 0.00029527488484745848 0.0012642034445889295 -0.00029212031478292373 -0.00043548181762900268 0.00013286275960022718 1.4257028199020117e-05 2.849063691760923e-05 -0.00022306066958288498 0.00076366369728930305 0.00054335379208461773
leaf_weight=93 50 92 50 51 98 51 50 55 58 53 50 92 154 50 52 261 138 175 51 1376 51 55 59
leaf_count=93 50 92 50 51 98 51 50 55 58 53 50 92 154 50 52 261 138 175 51 1376 51 55 59
internal_value=2.1792e-06 -0.000164451 -5.34676e-05 0.000406604 -0.000183264 3.60086e-05 2.46383e-05 1.37939e-05 -4.49796e-05 -0.000409909 8.29328e-05 3.2054e-05 0.000150737 0.000447365 0.000789238 -1.50488e-05 3.9645e-05 -0.000117717 3.26353e-06 -2.26269e-05 0.00027991 0.0004031 0.00023092
internal_weight=3265 551 459 101 358 2714 2664 2614 265 108 207 2506 712 194 102 1794 518 313 1743 1637 205 106 157
internal_count=3265 551 459 101 358 2714 2664 2614 265 108 207 2506 712 194 102 1794 518 313 1743 1637 205 106 157
is_linear=0
shrinkage=0.05


Tree=142
num_leaves=18
num_cat=0
split_feature=115 136 42 61 158 57 124 30 27 26 69 73 95 95 134 133 100
split_gain=0.00734923 0.010844 0.00493593 0.0101876 0.005873 0.00964251 0.00900828 0.00862466 0.00725173 0.00939125 0.0086209 0.00912783 0.00850634 0.00734971 0.00619014 0.00921111 0.00913891
threshold=0.010443008970469238 0.65835300087928783 0.60833334922790538 0.28309851884841924 1.0995653271675112 0.59022998809814464 -0.0090104611590504629 0.37500000000000006 0.62500000000000011 0.41666667163372045 0.55440768599510204 0.24869828671216967 0.6713702678680421 0.69952276349067699 0.9109945297241212 0.94659927487373363 0.93429878354072582
decision_type=2 2 2 2 2 2 2 2 2 2 2 2 2 2 2 2 2
left_child=1 -1 3 -3 5 14 -7 -8 10 -10 13 -12 -11 -6 16 -16 -5
right_child=-2 2 -4 4 8 6 7 -9 9 12 11 -13 -14 -15 15 -17 -18
leaf_value=-0.00053239926328387812 0.00050886932547135593 0.00072348353144479922 -0.00046226564561948182 -5.7489076731288327e-05 0.00040134262451641103 -0.00090936742905926491 9.4125607113339905e-05 -0.00063482073191642907 0.00073693509457370973 -0.00018295279777602344 0.00016597690015501086 -0.00047884574799882329 0.00027575254726547939 -2.9265083252504759e-05 -0.00040823721248167005 -6.4518694234021286e-06 0.00047689719706309696
leaf_weight=96 70 50 55 177 145 56 108 65 76 144 83 162 339 313 166 1014 146
leaf_count=96 70 50 55 177 145 56 108 65 76 144 83 162 339 313 166 1014 146
internal_value=2.07024e-06 -9.03334e-06 7.17935e-06 1.56614e-05 3.84077e-06 -5.59356e-05 -0.000358176 -0.000179756 8.58794e-05 0.00022029 -2.09989e-05 -0.000260396 0.000138996 0.000107063 -9.88566e-06 -6.29742e-05 0.00018406
internal_weight=3265 3195 3099 3044 2994 1732 229 173 1262 559 703 245 483 458 1503 1180 323
internal_count=3265 3195 3099 3044 2994 1732 229 173 1262 559 703 245 483 458 1503 1180 323
is_linear=0
shrinkage=0.05


Tree=143
num_leaves=21
num_cat=1
split_feature=115 146 181 102 129 88 49 129 186 160 26 174 16 158 35 181 92 35 146 170
split_gain=0.00663268 0.0100421 0.0169129 0.00601534 0.0163336 0.0117799 0.00502032 0.00518723 0.00506297 0.0139858 0.0166731 0.00721542 0.00740636 0.00681396 0.00821174 0.0102733 0.0101954 0.00703193 0.0064563 0.00543713
threshold=0.010443008970469238 0.75080183148384105 0.032021377235651023 0.96208077669143688 1.0093242526054385 0.81032180786132824 0.55000001192092907 1.0186922550201418 0 1.1446107625961306 0.41666667163372045 40.532966613769538 0.90833333134651195 0.95136702060699474 0.42499999701976782 0.019046293571591381 0.48615095019340521 0.67499998211860668 0.82924762368202221 206019704.00000003
decision_type=2 2 2 2 2 2 2 2 1 2 2 2 2 2 2 2 2 2 2 2
left_child=1 2 -1 4 -3 -6 8 -8 9 10 -5 -11 -13 14 16 -16 -10 18 -15 -19
right_child=-2 3 -4 6 5 -7 7 -9 13 11 -12 12 -14 17 15 -17 -18 19 -20 -21
leaf_value=0.0001968981369147274 0.00048342587869098814 -0.00038087463357713429 -0.00081461237122377658 -2.5564425532924542e-05 0.00014859577011190018 0.0011882194332429208 -8.8656634166413403e-06 -0.00071253094018902631 -0.00014991432195937047 0.00035580022904680445 0.00094172027029068854 -0.00034713255875293877 0.00025337236097079267 0.00047504037553445193 -6.7251073084329316e-05 0.00066405851726553274 -0.00075203668570338782 0.00022961444298697783 6.3777567176834384e-05 -0.00031952453523754516
leaf_weight=72 70 57 97 81 55 54 55 50 580 86 99 179 72 106 202 63 80 59 957 191
leaf_count=72 70 57 97 81 55 54 55 50 580 86 99 179 72 106 202 63 80 59 957 191
internal_value=1.96673e-06 -8.58167e-06 -0.000383673 1.23669e-05 0.00030498 0.000663639 -4.61695e-06 -0.000343944 8.31568e-06 0.00014775 0.000506442 -3.94513e-05 -0.000174876 -2.44461e-05 -0.0001285 0.000106607 -0.000222899 4.86729e-05 0.000104788 -0.000189928
internal_weight=3265 3195 169 3026 166 109 2860 105 2755 517 180 337 251 2238 925 265 660 1313 1063 250
internal_count=3265 3195 169 3026 166 109 2860 105 2755 517 180 337 251 2238 925 265 660 1313 1063 250
cat_boundaries=0 1
cat_threshold=576
is_linear=0
shrinkage=0.05


Tree=144
num_leaves=22
num_cat=0
split_feature=32 182 92 71 117 138 111 160 136 89 154 153 149 161 37 8 90 182 131 3 22
split_gain=0.00635972 0.0121088 0.0104249 0.00721336 0.0101629 0.00668077 0.0140013 0.007037 0.0065275 0.00565301 0.00561564 0.009807 0.00828935 0.00755659 0.0101521 0.00651079 0.00485279 0.00482998 0.00731852 0.00434344 0.00393775
threshold=0.041666667908430106 0.032855493947863586 0.56256893277168285 0.49775464832782751 0.12512543052434924 1.0477234125137331 0.08132421970367433 0.84068235754966747 0.6504320800304414 0.8941951096057893 0.21360946446657184 0.22559372335672381 0.56045943498611461 1.2866925001144411 0.64166665077209484 0.8893263339996339 0.17363512516021731 0.022017609328031543 1.0399579405784609 0.0044109541922807702 0.5742669701576234
decision_type=2 2 2 2 2 2 2 2 2 2 2 2 2 2 2 2 2 2 2 2 2
left_child=1 2 3 4 -1 7 16 -2 -9 10 11 12 -10 14 -12 -15 -7 18 -5 -6 -20
right_child=5 -3 -4 17 19 6 -8 8 9 -11 13 -13 -14 15 -16 -17 -18 -19 20 -21 -22
leaf_value=0.00051771357404318109 0.0004274959973056922 -0.00067655402610556769 0.00054391350151945523 0.00026329840221916566 -0.000542496217438549 -0.0004113027186808633 0.0008108627621479129 -0.00053340658002222583 0.00026654015411889831 0.00050444389931466758 0.00029247024519196604 -0.00083026876031819458 -0.00028368670468313688 -5.7307861151109296e-05 -0.00035409042099326802 0.00034246567541479389 0.00027512952007013018 -0.00077348112486652111 -0.00015279150474169808 9.4879559205415166e-05 -0.00076239601492908643
leaf_weight=78 98 92 64 54 55 51 82 57 109 56 419 51 184 1374 71 110 52 50 54 52 52
leaf_count=78 98 92 64 54 55 51 82 57 109 56 419 51 184 1374 71 110 52 50 54 52 52
internal_value=1.86839e-06 -0.000153005 -4.80669e-05 -0.000143983 8.36654e-05 3.3311e-05 0.000323357 1.20937e-05 -4.65227e-06 8.04318e-06 -3.94924e-06 -0.000190376 -7.89948e-05 2.85384e-05 0.000198785 -2.76751e-05 -6.47544e-05 -0.00034453 -0.000210483 -0.000232744 -0.000451843
internal_weight=3265 551 459 395 185 2714 185 2529 2431 2374 2318 344 293 1974 490 1484 103 210 160 107 106
internal_count=3265 551 459 395 185 2714 185 2529 2431 2374 2318 344 293 1974 490 1484 103 210 160 107 106
is_linear=0
shrinkage=0.05


Tree=145
num_leaves=43
num_cat=0
split_feature=168 146 172 99 114 56 160 152 92 98 156 88 91 32 4 91 5 69 72 93 144 120 118 87 85 84 1 154 101 5 127 118 153 153 2 0 156 37 130 73 10 0
split_gain=0.00587273 0.0273743 0.0182522 0.00834901 0.00797744 0.0157985 0.0212182 0.0148548 0.0105343 0.00913581 0.00825193 0.00684424 0.0134237 0.0188629 0.012407 0.0116816 0.0127368 0.00865544 0.00823928 0.00882556 0.00796832 0.00828967 0.00795705 0.0076012 0.0068059 0.0101961 0.0164294 0.00861444 0.00930682 0.00652957 0.00625672 0.00885366 0.0113579 0.00612323 0.00588913 0.00546413 0.00484327 0.00451174 0.00430351 0.00384282 0.00358628 0.00283781
threshold=1.8882933855056765 0.79428985714912426 377331872.00000006 1.0343151688575747 0.0024445338640362029 0.58926531672477733 1.1288389563560488 0.19021833688020709 0.39186273515224462 0.97799259424209606 0.78402560949325573 0.43967138230800634 0.53929072618484508 0.42499999701976782 0.15828315913677218 0.44897781312465673 0.0075170672498643407 0.57396382093429577 0.49847027659416204 10.108513832092287 0.93404778838157665 0.05155973136425019 0.16651178896427157 0.5169304907321931 0.056228185072541244 0.009394520893692972 0.020744509994983677 0.38457292318344122 0.95384031534194957 0.0091395289637148398 1.0075140595436098 0.16651178896427157 0.25859856605529791 0.21087903529405597 0.74552589654922496 0.0042890459299087533 0.34596887230873113 0.20833333581686023 1.0633620619773867 0.53982484340667736 1.0127261877059939 0.0012899774592369797
decision_type=2 2 2 2 2 2 2 2 2 2 2 2 2 2 2 2 2 2 2 2 2 2 2 2 2 2 2 2 2 2 2 2 2 2 2 2 2 2 2 2 2 2
left_child=1 -1 3 11 9 6 -6 -8 -9 10 30 17 15 14 -14 18 -17 20 -13 -20 21 -2 39 -16 25 29 41 28 -26 38 34 32 -32 -29 -3 -35 -30 -7 -11 -22 -33 -27
right_child=2 4 -4 -5 5 37 7 8 -10 24 -12 12 13 -15 23 16 -18 -19 19 -21 22 -23 -24 -25 27 26 -28 33 36 -31 31 40 -34 35 -36 -37 -38 -39 -40 -41 -42 -43
leaf_value=0.0010667272759243274 -0.00027963793061313815 0.00048948662030549417 -0.00098085807097016164 0.00053405053105962 0.0013187273393019238 -0.00059166598203592004 -0.00036241458407127705 0.00016843229617613059 0.0011053714685258455 0.00032832562815802139 -0.00078669030539969213 0.00042841634611959754 0.00056614584123856144 -0.00092269038109344835 0.00014280076772111522 0.00020258463550640221 0.001215440900761258 0.00020156134536530396 -0.00059295455847024816 0.00015457629647138422 0.00036645831036836291 -0.0011601747691971608 -0.00052491963292793477 -0.0005721815860608065 0.00082570376139103801 -0.00032093075420025198 -0.0011808454863494263 -0.00050414567349589101 -7.4449520983287833e-05 0.00050132405916367899 -0.0010497388767919714 -0.00024458224169939062 -0.00012350644154677457 0.00020161777026341381 -0.00022942030381482956 -0.00023577904915853635 0.00032955821687201419 1.526344554182702e-05 -0.00018993910756895588 -0.00020767235460384241 0.00034307869090871129 0.00018445249080804049
leaf_weight=65 55 63 54 60 56 50 71 75 50 53 57 82 68 73 68 77 52 89 73 86 62 52 92 82 69 61 50 59 115 67 62 50 71 207 52 109 209 79 164 55 54 51
leaf_count=65 55 63 54 60 56 50 71 75 50 53 57 82 68 73 68 77 52 89 73 86 62 52 92 82 69 61 50 59 115 67 62 50 71 207 52 109 209 79 164 55 54 51
internal_value=6.11946e-06 5.68858e-05 -8.28938e-05 -3.98298e-05 2.41315e-05 0.000230028 0.00046039 0.000215151 0.000543208 -2.42029e-05 -0.00022858 -7.21307e-05 2.70394e-05 -0.000227034 5.91504e-06 0.000226865 0.000610868 -0.000233986 2.13196e-05 -0.00018863 -0.000356656 -0.000707562 -0.000177006 -0.000248056 4.46523e-05 -0.0001107 -0.000427234 0.00013487 0.000298447 6.9859e-05 -0.000138204 -0.000285045 -0.000555284 -3.6559e-05 0.000164416 5.07436e-05 0.00018616 -0.000219981 -6.33583e-05 9.65678e-05 6.05494e-05 -9.08009e-05
internal_weight=3249 2069 1180 1126 2004 381 252 196 125 1623 409 1066 661 291 218 370 129 405 241 159 316 107 209 150 1214 446 162 768 393 284 352 237 133 375 115 316 324 129 217 117 104 112
internal_count=3249 2069 1180 1126 2004 381 252 196 125 1623 409 1066 661 291 218 370 129 405 241 159 316 107 209 150 1214 446 162 768 393 284 352 237 133 375 115 316 324 129 217 117 104 112
is_linear=0
shrinkage=0.05


Tree=146
num_leaves=17
num_cat=0
split_feature=169 1 12 40 157 114 108 172 133 170 180 146 180 27 82 20
split_gain=0.00575193 0.00687813 0.00476179 0.0160458 0.0187536 0.00945422 0.0100121 0.00866648 0.00921013 0.00631825 0.00694848 0.00758471 0.00715276 0.0058295 0.00502137 0.00258779
threshold=1.4233272671699526 0.074080549180507674 0.24282482266426089 0.57500001788139354 0.90731221437454235 0.0032215507235378031 0.027204728685319427 358847616.00000006 0.8470822572708131 7288903424.000001 83.859363555908217 0.86672922968864452 128.29940032958987 0.24166666716337207 0.012665986549109222 0.62797117233276378
decision_type=2 2 2 2 2 2 2 2 2 2 2 2 2 2 2 2
left_child=1 2 7 5 -5 6 13 8 -1 10 11 -10 -12 15 -15 -4
right_child=-2 -3 3 4 -6 -7 -8 -9 9 -11 12 -13 -14 14 -16 -17
leaf_value=0.0005549543865657013 0.00043567641983635868 -0.00045645578101379572 -8.9767666582228647e-05 0.0010120551130502792 -0.00015712628440572494 -0.00045647047205803621 0.0007058643929636235 -0.00065654022300633491 -0.00085029013408347964 0.00051255936386436561 0.00021452441101778535 -0.00014632622210703151 -4.9921012407246764e-05 0.00039666662187129377 -8.887474457232856e-05 -0.00055668526748195294
leaf_weight=70 76 82 73 94 54 95 58 53 50 53 299 163 1766 106 107 50
leaf_count=70 76 82 73 94 54 95 58 53 50 53 299 163 1766 106 107 50
internal_value=5.81349e-06 -4.48263e-06 7.5076e-06 0.000129315 0.000585462 -8.74192e-06 9.92129e-05 -2.41107e-05 -1.01503e-05 -2.71204e-05 -3.96766e-05 -0.000311576 -1.16309e-05 -5.50666e-06 0.000152756 -0.000279572
internal_weight=3249 3173 3091 637 148 489 394 2454 2401 2331 2278 213 2065 336 213 123
internal_count=3249 3173 3091 637 148 489 394 2454 2401 2331 2278 213 2065 336 213 123
is_linear=0
shrinkage=0.05


Tree=147
num_leaves=25
num_cat=0
split_feature=168 106 172 18 99 161 114 56 160 152 92 86 111 106 185 88 69 140 100 106 60 56 170 101
split_gain=0.0050477 0.0191151 0.0154388 0.0101963 0.00797352 0.00768677 0.00731137 0.0137205 0.0188012 0.0135768 0.0099506 0.00786416 0.00755713 0.016898 0.00904653 0.0100456 0.009881 0.00755392 0.0074175 0.0121506 0.00676391 0.0122436 0.0117282 0.00446277
threshold=1.8882933855056765 0.86743709444999706 377331872.00000006 0.97007465362548839 1.0343151688575747 0.99858602881431591 0.0024445338640362029 0.58926531672477733 1.1288389563560488 0.19021833688020709 0.38471679389476782 0.81985655426979076 0.10757314413785936 1.1244525313377383 0.022743166424334053 0.62198737263679515 0.5443292260169984 1.003057658672333 0.95310431718826305 0.97560411691665661 0.24277435243129733 0.70376706123352062 3396555776.0000005 0.88370013236999523
decision_type=2 2 2 2 2 2 2 2 2 2 2 2 2 2 2 2 2 2 2 2 2 2 2 2
left_child=1 -1 3 4 5 -2 11 8 -8 -10 -11 12 14 -14 18 16 -16 -17 -3 -20 -7 22 -22 -9
right_child=2 6 -4 -5 -6 20 7 23 9 10 -12 -13 13 -15 15 17 -18 -19 19 -21 21 -23 -24 -25
leaf_value=0.00098990190561140342 0.00050866931221699803 -0.00044056685882212267 -0.00090286341437604287 -0.00073537723281879154 0.00059903917794704642 -0.00055469866366270732 0.0012462041301270282 -0.00053187304364288584 -0.00034456662337695789 0.00014811304096078298 0.0010583593908699649 -0.00057916431485056799 0.0010401665797991951 -0.00024122912783059293 -0.00015314835919595611 0.00014094980822364851 -0.0010216635781530798 -0.00046647425923446151 0.00077152128080342668 3.8490990245899913e-05 -1.1223293752215694e-05 0.00064995499681080242 -0.00056744316042643336 7.8724882642125038e-05
leaf_weight=53 61 73 54 50 52 67 56 57 71 73 51 60 53 50 65 166 66 74 60 978 726 61 109 63
leaf_count=53 61 73 54 50 52 67 56 57 71 73 51 60 53 50 65 166 66 74 60 978 726 61 109 63
internal_value=5.52282e-06 5.25883e-05 -7.70013e-05 -3.73952e-05 -4.96107e-06 -3.5633e-05 2.79466e-05 0.000228449 0.000438692 0.000206792 0.000522489 -1.72731e-05 3.99722e-06 0.00041813 -2.47853e-05 -0.00023856 -0.000590721 -4.63393e-05 4.66013e-05 8.08627e-05 -7.01111e-05 -3.38752e-05 -8.38316e-05 -0.000211309
internal_weight=3249 2069 1180 1126 1076 1024 2016 371 251 195 124 1645 1585 103 1482 371 131 240 1111 1038 963 896 835 120
internal_count=3249 2069 1180 1126 1076 1024 2016 371 251 195 124 1645 1585 103 1482 371 131 240 1111 1038 963 896 835 120
is_linear=0
shrinkage=0.05


Tree=148
num_leaves=22
num_cat=0
split_feature=169 1 120 88 120 6 136 169 170 154 74 120 124 12 155 87 80 111 3 143 117
split_gain=0.00527254 0.00617437 0.00452402 0.00674372 0.00548277 0.0126556 0.0138279 0.00778048 0.0108773 0.00974022 0.00776156 0.00701287 0.00820166 0.00736644 0.0106386 0.0136364 0.0102446 0.00723429 0.00664207 0.0064388 0.00508704
threshold=1.4233272671699526 0.074080549180507674 0.53773367404937755 0.52761259675025951 0.19934344291687014 0.47213594615459448 0.82715126872062694 -0.2942890971899032 5017648384.000001 0.50028902292251598 0.56158700585365307 0.1546319052577019 -0.00056980992667376984 0.24157501012086871 0.23358641564846042 0.63128995895385753 0.03705005161464215 0.037635294720530517 0.0084098116494715231 0.98656207323074352 0.14903310686349872
decision_type=2 2 2 2 2 2 2 2 2 2 2 2 2 2 2 2 2 2 2 2 2
left_child=1 2 4 -4 11 7 -7 9 10 -6 -9 13 -13 16 -15 -16 18 -18 -1 -8 -14
right_child=-2 -3 3 -5 5 6 19 8 -10 -11 -12 12 20 14 15 -17 17 -19 -20 -21 -22
leaf_value=-2.0309652746408274e-05 0.00041680670627484734 -0.00043283786245610387 -0.00062665854416285485 0.00013636554974843474 -0.00073151302974699376 0.0011720181710121258 -0.00020855461782328069 0.00013429261552264785 0.00081037874691537596 0.00016338019970465792 -0.00028361494773470448 -0.00074577046408584081 -0.00042011821579459745 0.00078834276448560561 -0.0001777086492036592 0.00052385339375912135 3.3357008439626052e-05 -0.00035949563794218794 0.00030605803718788255 0.00056410600988913626 0.00019941344905197874
leaf_weight=683 76 82 67 51 68 54 52 524 50 55 141 70 60 64 190 109 178 343 202 56 74
leaf_count=683 76 82 67 51 68 54 52 524 50 55 141 70 60 64 190 109 178 343 202 56 74
internal_value=5.24667e-06 -4.61105e-06 6.74922e-06 -0.000296877 1.88003e-05 0.000114176 0.000518729 3.59685e-05 9.91588e-05 -0.000331358 4.56836e-05 -2.954e-05 -0.00030713 2.4715e-06 0.000203276 7.80447e-05 -4.93721e-05 -0.000225277 5.41833e-05 0.000192084 -7.79888e-05
internal_weight=3249 3173 3091 118 2973 1000 162 838 715 123 665 1973 204 1769 363 299 1406 521 885 108 134
internal_count=3249 3173 3091 118 2973 1000 162 838 715 123 665 1973 204 1769 363 299 1406 521 885 108 134
is_linear=0
shrinkage=0.05


Tree=149
num_leaves=19
num_cat=0
split_feature=90 176 4 108 7 7 169 120 128 120 120 170 170 40 72 117 136 173
split_gain=0.00493228 0.00645999 0.00858362 0.00852687 0.00587414 0.00554291 0.00801444 0.00641471 0.00741115 0.00544463 0.00841922 0.00737914 0.00693728 0.00691498 0.00724222 0.00645844 0.00454142 0.00381088
threshold=0.70275795459747326 41.893199920654304 0.25834259390830999 0.027867604047060016 0.0035071328748017554 0.056480046361684806 1.0428531765937807 0.53773367404937755 1.0497507452964785 0.0088453334756195563 0.012398407794535162 6959987968.000001 4438744064.000001 0.57500001788139354 0.498341053724289 0.21720942854881289 0.91772219538688671 1.0087513327598574
decision_type=2 2 2 2 2 2 2 2 2 2 2 2 2 2 2 2 2 2
left_child=5 -2 3 -3 -4 6 7 9 -9 13 -11 12 -12 14 16 -15 -1 -16
right_child=1 2 4 -5 -6 -7 -8 8 -10 10 11 -13 -14 15 17 -17 -18 -19
leaf_value=0.00035813390283940616 0.00028133569202119752 -0.00033632897814569649 -0.0003025059881329071 0.00043112162670173561 -0.00099802948032304945 -0.00049589268770068888 0.00048668892888695399 9.6938314919288346e-06 -0.00079549927396845878 0.00059757955048351304 4.97277955195928e-05 0.00047901169265203767 -0.00036179778064790837 -0.00016257356463152605 -0.00022142903983169367 0.00059789073596409762 -0.00024900833419191519 -0.00071319173114914878
leaf_weight=55 63 89 75 61 51 50 95 65 51 72 1978 95 108 59 72 53 70 87
leaf_count=55 63 89 75 61 51 50 95 65 51 72 1978 95 108 59 72 53 70 87
internal_value=4.98434e-06 -0.000175511 -0.000279791 -2.42324e-05 -0.000584027 2.60111e-05 3.51353e-05 1.96208e-05 -0.000344313 3.55575e-05 6.561e-05 4.80484e-05 2.84216e-05 -0.000135423 -0.000266633 0.000197289 1.81343e-05 -0.000490507
internal_weight=3249 339 276 150 126 2910 2860 2765 116 2649 2253 2181 2086 396 284 112 125 159
internal_count=3249 339 276 150 126 2910 2860 2765 116 2649 2253 2181 2086 396 284 112 125 159
is_linear=0
shrinkage=0.05


Tree=150
num_leaves=34
num_cat=0
split_feature=158 181 171 21 121 88 60 167 99 121 168 151 120 176 171 174 161 156 143 121 83 95 117 132 181 5 182 83 109 90 159 158 108
split_gain=0.00844065 0.0193561 0.00903612 0.00800133 0.00759411 0.00754859 0.01054 0.00872678 0.0128228 0.0121734 0.0173047 0.0126365 0.0114339 0.0179424 0.0111391 0.00955737 0.00871677 0.00785258 0.00711542 0.00828627 0.00807308 0.00651804 0.00643224 0.00606153 0.00633306 0.00585788 0.00542631 0.00534484 0.00490905 0.00373407 0.00324285 0.00375762 0.00242688
threshold=0.72315329313278209 0.020676788873970512 10643345.000000002 0.68549284338951122 0.00091543034068308781 0.17835439741611483 0.53955933451652538 0.19018957018852237 1.0146706104278567 0.071272112429142012 1.8882933855056765 0.76226556301116954 0.39075171947479254 64.87073135375978 114153548.00000001 39.240619659423835 1.1567808985710146 0.22775539010763171 0.9474768638610841 0.12887058407068255 0.42298221588134771 2.1157664060592656 0.13458732515573504 0.97805064916610729 0.024729174561798576 0.0043579766061156997 0.0132949803955853 0.27149313688278204 0.03709519840776921 0.27930134534835821 1.157384514808655 1.171139717102051 0.013281196355819704
decision_type=2 2 2 2 2 2 2 2 2 2 2 2 2 2 2 2 2 2 2 2 2 2 2 2 2 2 2 2 2 2 2 2 2
left_child=1 2 -1 27 -2 6 16 17 9 10 11 -9 15 -14 -12 -11 -6 -7 -19 21 -21 -20 28 24 29 26 -24 -4 32 -18 -25 -32 -8
right_child=4 -3 3 -5 5 7 22 8 -10 12 14 -13 13 -15 -16 -17 23 18 19 20 -22 -23 25 30 -26 -27 -28 -29 -30 -31 31 -33 -34
leaf_value=-0.00051117451813158785 -0.00047963974756428458 0.00088524667263617019 0.00026262278969577319 0.00061339932497453636 -0.0007981615555140057 -0.00061819195136195051 -0.00018905704333685043 0.0014592157879378647 0.00091342487889610664 0.0005777707032953354 0.00037298851122613997 0.00039835076070176005 -0.0001750318338163197 0.0011578769873891611 -0.00041123172499872351 -0.00012829640040436536 -0.00035551963002693936 -0.00051244141162469004 -6.0024157340199222e-06 -0.00015108844642802889 0.00032697145680951069 -0.00049858270155789242 -0.00032338412664929903 -0.00023588377815663672 2.4949050081583363e-06 0.00057354654385232025 0.00038902749858187659 -0.00034293840901227667 -0.00055015218446021873 -0.00093329522061577771 0.00043384714546369118 -0.00012581553798508279 0.00029225004749605432
leaf_weight=59 84 89 76 73 70 60 55 50 52 52 125 64 50 51 71 612 58 68 193 131 271 103 55 92 60 88 52 70 53 54 61 59 50
leaf_count=59 84 89 76 73 70 60 55 50 52 52 125 64 50 51 71 612 58 68 193 131 271 103 55 92 60 88 52 70 53 54 61 59 50
internal_value=1.78184e-05 0.000243486 3.80306e-05 0.00018599 -1.13026e-05 2.95115e-06 -0.000125685 5.61049e-05 0.000146589 0.000109496 0.000373811 0.000863642 2.38799e-06 0.000498021 8.89087e-05 -7.3002e-05 -0.000285021 -6.73527e-05 -2.4206e-05 2.33584e-05 0.000171186 -0.000177407 7.92399e-05 -0.00019148 -0.000412026 0.000271361 2.28346e-05 -2.77148e-05 -0.000157872 -0.00063409 -1.2546e-05 0.00015868 4.01368e-05
internal_weight=3211 367 278 219 2844 2760 807 1953 1127 1075 310 114 765 101 196 664 454 826 766 698 402 296 353 384 172 195 107 146 158 112 212 120 105
internal_count=3211 367 278 219 2844 2760 807 1953 1127 1075 310 114 765 101 196 664 454 826 766 698 402 296 353 384 172 195 107 146 158 112 212 120 105
is_linear=0
shrinkage=0.05


Tree=151
num_leaves=15
num_cat=0
split_feature=140 11 11 75 91 90 35 122 3 170 161 132 96 116
split_gain=0.00814403 0.00660195 0.0074969 0.00724299 0.0107875 0.0140787 0.00529313 0.00663172 0.0103139 0.0179916 0.00779227 0.00719944 0.00611428 0.0033276
threshold=0.90383177995681774 0.94155657291412365 0.95307916402816784 0.41844227910041815 0.5068851411342622 0.31278210878372198 0.87500000000000011 0.01381798228248954 0.019086763262748722 3026524544.0000005 1.4712040424346926 0.90602520108222973 -3.0543929338455196 0.0010589158628135922
decision_type=2 2 2 2 2 2 2 2 2 2 2 2 2 2
left_child=-1 -2 -3 4 5 -4 7 8 11 -10 -9 -5 -8 -14
right_child=1 2 3 6 -6 -7 12 10 9 -11 -12 -13 13 -15
leaf_value=0.00047297108909237739 -0.00056688907567877325 0.00061955085326917479 -0.0004801178782049408 -0.00054251994134734988 -0.00084413696768620644 0.00057014858565790664 0.00068485041136025562 6.6778176770885551e-06 -3.2188135317002223e-05 0.0011433871793437552 0.00083805663816747264 -2.0622605115387804e-05 0.00034439956903224814 -0.00023245439550373707
leaf_weight=95 50 50 76 68 61 55 63 63 87 52 51 2340 50 50
leaf_count=95 50 50 76 68 61 55 63 63 87 52 51 2340 50 50
internal_value=1.69275e-05 3.02371e-06 1.23178e-05 2.25093e-06 -0.000294912 -3.91663e-05 2.24547e-05 5.51263e-06 -1.11867e-05 0.000407595 0.00037861 -3.53606e-05 0.000299036 5.59726e-05
internal_weight=3211 3116 3066 3016 192 131 2824 2661 2547 139 114 2408 163 100
internal_count=3211 3116 3066 3016 192 131 2824 2661 2547 139 114 2408 163 100
is_linear=0
shrinkage=0.05


Tree=152
num_leaves=21
num_cat=0
split_feature=158 181 171 21 121 88 104 2 2 72 141 80 27 169 112 5 159 109 24 170
split_gain=0.00752081 0.0172626 0.00803814 0.00707139 0.00679355 0.00670685 0.0104414 0.008158 0.0102005 0.00817337 0.015267 0.00745424 0.00658021 0.00649693 0.0079766 0.00713263 0.00634081 0.00529633 0.00412041 0.00229109
threshold=0.72315329313278209 0.020676788873970512 10643345.000000002 0.68549284338951122 0.00091543034068308781 0.17835439741611483 0.98297405242919933 0.87601351737976085 0.81924179196357738 0.547939032316208 0.89328095316886913 -0.044371835887432091 0.87500000000000011 0.14803483337163928 0.0023944952990859751 0.0071287830360233792 1.1913239955902102 0.016226542182266716 0.15000000223517421 575546816.00000012
decision_type=2 2 2 2 2 2 2 2 2 2 2 2 2 2 2 2 2 2 2 2
left_child=1 2 -1 17 -2 6 16 8 9 10 -7 -12 13 14 15 -8 -6 -4 19 -15
right_child=4 -3 3 -5 5 7 12 -9 -10 -11 11 -13 -14 18 -16 -17 -18 -19 -20 -21
leaf_value=-0.0004829194905588816 -0.00045437152488635293 0.00083516131444923115 0.0003667953833226218 0.00057642525605170044 -0.00073085145317067538 0.00076808196407862281 0.00012891138151263154 -0.00045223092137194881 0.00070885251241365875 -0.00042424612704983932 0.00019722649890038986 -2.9935468898949176e-05 -0.00056908379466382461 -0.00063588791952632305 -0.00037480314447330772 0.00072095848975095578 -0.00012533188366946072 -0.00025700162895309802 5.1696431742479598e-05 -0.00019205782492275514
leaf_weight=59 84 89 54 73 97 76 248 77 61 86 533 1120 51 54 61 64 78 92 91 63
leaf_count=59 84 89 54 73 97 76 248 77 61 86 533 1120 51 54 61 64 78 92 91 63
internal_value=1.60811e-05 0.000229098 3.50705e-05 0.00017462 -1.14074e-05 2.07416e-06 -0.000119178 5.21768e-05 7.28801e-05 5.15058e-05 7.51696e-05 4.33116e-05 -2.45382e-05 2.32619e-05 0.000148119 0.000250357 -0.000460963 -2.62822e-05 -0.00020064 -0.000396902
internal_weight=3211 367 278 219 2844 2760 807 1953 1876 1815 1729 1653 632 581 373 312 175 146 208 117
internal_count=3211 367 278 219 2844 2760 807 1953 1876 1815 1729 1653 632 581 373 312 175 146 208 117
is_linear=0
shrinkage=0.05


Tree=153
num_leaves=20
num_cat=0
split_feature=158 122 92 171 92 89 161 121 135 2 95 58 88 92 112 90 21 121 72
split_gain=0.00678753 0.0148437 0.00957588 0.00913292 0.0106448 0.0117654 0.010681 0.00690848 0.00845077 0.00658023 0.0126031 0.00695784 0.00587174 0.00886521 0.00914603 0.00835794 0.010113 0.00713344 0.00621445
threshold=0.72315329313278209 -0.0080059044994413835 0.66315379738807689 11797556.000000002 0.45613634586334234 0.085004419088363661 1.4133033752441408 0.0014198213466443124 0.92652320861816417 0.84684953093528759 0.023770084604620937 0.20684561878442767 0.17835439741611483 0.35559284687042242 0.0020496326033025984 0.70275795459747326 0.60445770621299755 0.12463519349694253 0.52810829877853405
decision_type=2 2 2 2 2 2 2 2 2 2 2 2 2 2 2 2 2 2 2
left_child=1 -1 7 -3 5 -5 -7 8 -2 10 -9 -11 13 14 -12 16 -14 -15 -17
right_child=2 3 -4 4 -6 6 -8 9 -10 11 12 -13 15 17 -16 18 -18 -19 -20
leaf_value=0.0010183107429766096 -0.00087795201297222571 -0.00043201687059825583 0.00048270043532523373 -0.00012683407953970703 -0.0003929495066080967 0.001217826778237294 0.00029298321649155306 0.00065757117890194016 3.2446755343698898e-05 -0.00074825727373178377 8.5480046457921455e-05 -1.5281855450956611e-05 -4.1889438973683919e-05 -0.00077945047581904898 -0.00040076377365963592 -0.00010252409216220606 0.00021942348547470837 -0.00016577067415016102 -0.00072802291984911663
leaf_weight=50 52 66 95 69 54 54 74 72 50 61 416 69 795 81 126 168 693 114 52
leaf_count=50 52 66 95 69 54 54 74 72 50 61 416 69 795 81 126 168 693 114 52
internal_value=1.52771e-05 0.000217643 -1.0837e-05 9.13548e-05 0.000228974 0.000399451 0.000683152 -2.78927e-05 -0.000431678 -1.23331e-05 5.58299e-06 -0.000359216 -1.36167e-05 -0.000131574 -2.75582e-05 3.72817e-05 7.98107e-05 -0.000420684 -0.000250369
internal_weight=3211 367 2844 317 251 197 128 2749 102 2647 2517 130 2445 737 542 1708 1488 195 220
internal_count=3211 367 2844 317 251 197 128 2749 102 2647 2517 130 2445 737 542 1708 1488 195 220
is_linear=0
shrinkage=0.05


Tree=154
num_leaves=17
num_cat=0
split_feature=184 92 100 143 143 183 7 50 37 6 3 90 143 169 113 102
split_gain=0.00614319 0.00541765 0.00879418 0.00667224 0.00888777 0.00613871 0.00523275 0.00514681 0.00643598 0.00529749 0.0102303 0.0123071 0.00695206 0.00439587 0.00526549 0.00427372
threshold=0.16090227663517001 0.66315379738807689 0.92006945610046398 0.91178885102272045 0.87379172444343578 0.047483008354902274 0.010065746027976276 -0.32500000298023218 -0.7083333134651183 0.075206663459539427 0.019086763262748722 0.46079298853874212 0.92478695511817943 -0.12068990617990492 0.0011841527302749457 1.0003934502601626
decision_type=2 2 2 2 2 2 2 2 2 2 2 2 2 2 2 2
left_child=1 3 -3 4 -1 7 -6 8 -5 13 12 -12 -11 15 -15 -9
right_child=-2 2 -4 5 6 -7 -8 9 -10 10 11 -13 -14 14 -16 -17
leaf_value=0.00028237133160044601 0.0005289596190937517 0.00083624479291029275 -0.00010152811506850413 -0.00074260729700600849 -0.00016316725333066035 0.00055710851675922098 -0.00073939482695479174 0.00046282969823760841 -4.1322200974848658e-06 0.00053923720029160906 0.0010981165430275725 -1.1257016099989415e-05 1.0123870239279836e-05 -0.00043070644139361599 -3.2454319836448604e-05 -0.00017518115708745034
leaf_weight=53 57 50 50 51 75 51 83 52 70 64 50 50 2070 165 167 53
leaf_count=53 57 50 50 51 75 51 83 52 70 64 50 50 2070 165 167 53
internal_value=1.45132e-05 5.21597e-06 0.000367358 -6.64199e-06 -0.000277922 1.34917e-05 -0.000465869 3.56177e-06 -0.00031539 1.80107e-05 4.91542e-05 0.00054343 2.59923e-05 -0.000141199 -0.000230381 0.000140786
internal_weight=3211 3154 100 3054 211 2843 158 2792 121 2671 2234 100 2134 437 332 105
internal_count=3211 3154 100 3054 211 2843 158 2792 121 2671 2234 100 2134 437 332 105
is_linear=0
shrinkage=0.05


Tree=155
num_leaves=14
num_cat=0
split_feature=170 170 61 46 59 124 36 134 170 32 88 114 92
split_gain=0.01092 0.00925318 0.0070544 0.0144076 0.00990785 0.00861969 0.00556696 0.00591416 0.00796665 0.00748753 0.00627982 0.00477328 0.00336289
threshold=10834402304.000002 7288903424.000001 0.30528327822685247 0.38333334028720861 0.27625973522663122 0.059377079829573638 -0.81666666269302357 0.99083200097084057 1.0000000180025095e-35 0.77500000596046459 -0.6363910138607024 -0.0027858458925038572 0.24149338901042941
decision_type=2 2 2 2 2 2 2 2 2 2 2 2 2
left_child=1 2 3 4 -1 6 11 8 9 -8 -10 -4 -9
right_child=-2 -3 5 -5 -6 -7 7 12 10 -11 -12 -13 -14
leaf_value=-0.00043108228202248968 -0.0006181474552083184 0.00057732830227385937 4.3142865870322573e-05 0.00089483183880264953 0.00049901878554373981 -0.00055935575381800063 0.00083945289930292908 -0.00010253362155344802 -0.00035483058310221949 3.9851352978157183e-05 -1.0060872476574056e-05 0.00063033220909257262 -0.00067417299372741503
leaf_weight=67 71 70 80 65 50 73 52 50 140 67 2334 61 53
leaf_count=67 71 70 80 65 50 73 52 50 140 67 2334 61 53
internal_value=-4.90841e-06 8.86135e-06 -4.00821e-06 0.000297981 -3.36032e-05 -2.28955e-05 -9.09162e-06 -2.51093e-05 -1.03497e-05 0.000389257 -2.95709e-05 0.000297175 -0.000396678
internal_weight=3233 3162 3092 182 117 2910 2837 2696 2593 119 2474 141 103
internal_count=3233 3162 3092 182 117 2910 2837 2696 2593 119 2474 141 103
is_linear=0
shrinkage=0.05


Tree=156
num_leaves=16
num_cat=1
split_feature=170 170 56 46 59 183 170 38 186 148 108 170 170 153 108
split_gain=0.00985528 0.00835099 0.0063666 0.0130028 0.00894183 0.00786781 0.00632493 0.0118162 0.00714171 0.00947149 0.00823745 0.00924608 0.00736158 0.00635047 0.00607903
threshold=10834402304.000002 7288903424.000001 0.69471672177314769 0.38333334028720861 0.27625973522663122 0.054086800664663322 4438744064.000001 0.5000000149011613 0 0.56563645601272594 0.036986563354730613 1125392832.0000002 31512854.000000004 0.27107064425945288 0.0075959197711199531
decision_type=2 2 2 2 2 2 2 2 1 2 2 2 2 2 2
left_child=1 2 5 4 -4 6 8 -8 9 -1 12 -12 -10 -9 -11
right_child=-2 -3 3 -5 -6 -7 7 13 10 14 11 -13 -14 -15 -16
leaf_value=0.00071814551254462111 -0.00058724007488526189 0.00054846187567038991 -0.00040952817054939762 0.0008500902456804537 0.00047406785364728421 -0.00063125937359962759 0.00023305248446160392 -0.00026235897742232989 0.00048594225181481239 0.00050923248241840512 -6.207467559697973e-05 0.00071812461600904293 -0.00012636572582387344 -0.0010409356985474007 3.727603443987663e-05
leaf_weight=59 71 70 67 65 50 52 63 55 51 73 86 68 1309 50 1044
leaf_count=59 71 70 67 65 50 52 63 55 51 73 86 68 1309 50 1044
internal_value=-4.66299e-06 8.41828e-06 -3.8078e-06 0.000283082 -3.1923e-05 -2.17507e-05 -1.0661e-05 -0.000308299 7.92755e-06 9.98826e-05 -6.37373e-05 0.000282429 -0.000103404 -0.00063311 6.81201e-05
internal_weight=3233 3162 3092 182 117 2910 2858 168 2690 1176 1514 154 1360 105 1117
internal_count=3233 3162 3092 182 117 2910 2858 168 2690 1176 1514 154 1360 105 1117
cat_boundaries=0 1
cat_threshold=707
is_linear=0
shrinkage=0.05


Tree=157
num_leaves=19
num_cat=1
split_feature=32 135 184 157 152 142 186 57 123 26 181 63 31 139 172 47 68 110
split_gain=0.00737911 0.0120878 0.0104829 0.00609972 0.0117132 0.00653501 0.0060549 0.00574757 0.0176992 0.00602024 0.00644849 0.005513 0.00859966 0.0071298 0.00477786 0.00473702 0.00466242 0.00355502
threshold=1.0000000180025095e-35 0.79872360825538646 0.16090227663517001 1.5101741552352907 0.30145731568336492 0.92742675542831432 0 0.63912948966026317 -0.0004336139681981876 1.0000000180025095e-35 0.016508269123733047 0.70710679888725292 1.0000000180025095e-35 0.98040416836738598 67870432.000000015 0.44166666269302374 0.49546790122985845 0.029311614111065868
decision_type=2 2 2 2 2 2 1 2 2 2 2 2 2 2 2 2 2 2
left_child=1 -1 3 5 -5 -2 17 9 -9 10 16 13 -13 -11 -6 -8 -7 -3
right_child=2 6 -4 4 14 7 15 8 -10 11 -12 12 -14 -15 -16 -17 -18 -19
leaf_value=-0.00094952488841954614 -0.00043833821019406661 -7.3357767140460689e-05 0.00072349528826844806 0.00077788435400715612 0.00028758127540139209 -0.00030812371381568575 -0.00064109461732186901 -0.00023256633595641083 0.0010277476693422965 0.00029085284850479488 0.00057597564695878456 0.00031812994997640738 -0.00036917455093713413 -4.0532459093053088e-05 -0.00035700983482871509 -6.5556470598281014e-05 0.00022150715828632073 0.00049891750004105997
leaf_weight=50 87 58 52 73 58 62 64 60 52 179 83 56 243 1741 57 81 126 51
leaf_count=50 87 58 52 73 58 62 64 60 52 179 83 56 243 1741 57 81 126 51
internal_value=-4.42984e-06 -0.000238902 1.9906e-05 7.18905e-06 0.00028253 -1.20613e-05 -9.90161e-05 2.19163e-06 0.000352579 -1.35688e-05 0.000208901 -4.07384e-05 -0.000240449 -9.63768e-06 -3.19117e-05 -0.000298969 4.68417e-05 0.000178068
internal_weight=3233 304 2929 2877 188 2689 254 2602 112 2490 271 2219 299 1920 115 145 188 109
internal_count=3233 304 2929 2877 188 2689 254 2602 112 2490 271 2219 299 1920 115 145 188 109
cat_boundaries=0 1
cat_threshold=1098
is_linear=0
shrinkage=0.05


Tree=158
num_leaves=18
num_cat=0
split_feature=170 5 181 75 111 125 90 180 2 68 111 112 182 161 132 133 117
split_gain=0.0088833 0.00801452 0.00594014 0.00835366 0.00625423 0.0104863 0.010325 0.00838059 0.00782298 0.00557883 0.00556663 0.00923694 0.0065864 0.00839643 0.00518922 0.00856542 0.00750672
threshold=10834402304.000002 0.022236887365579609 0.045368930324912078 0.45306669175624853 0.091623108834028258 0.035212835296988494 0.32763570547103887 186.50283050537112 0.286239504814148 0.5938013792037965 0.082773759961128249 0.021204425953328613 0.03107366152107716 1.4092229604721072 0.9213223159313203 0.90249067544937145 0.2215915992856026
decision_type=2 2 2 2 2 2 2 2 2 2 2 2 2 2 2 2 2
left_child=1 2 4 -4 10 6 7 -6 -8 -7 11 14 13 -12 16 -16 -1
right_child=-2 -3 3 -5 5 9 8 -9 -10 -11 12 -13 -14 -15 15 -17 -18
leaf_value=-0.00065847800195190022 -0.00055731131278534266 0.00047327993395608956 6.4482138510231452e-05 -0.00078784403112398371 0.00027082530759980726 -0.00060358951619127773 0.00040804975400937518 0.0011541497131913965 -0.00031506170289503644 0.00012936367609115595 0.00035364907766804744 0.00054351394698498655 -0.00074900838156247997 -0.00046252119228365311 0.00048186214352314346 -1.8854143395996499e-05 0.00011501673960910096
leaf_weight=73 71 90 58 57 50 50 90 58 64 54 58 76 54 69 89 2117 55
leaf_count=73 71 90 58 57 50 50 90 58 64 54 58 76 54 69 89 2117 55
internal_value=-4.20835e-06 8.21111e-06 -5.41396e-06 -0.000357975 8.29742e-06 0.000201772 0.000370391 0.000745203 0.000107536 -0.000223018 -1.90325e-05 1.05211e-06 -0.000286457 -8.9782e-05 -1.66116e-05 1.34701e-06 -0.000326117
internal_weight=3233 3162 3072 115 2957 366 262 108 154 104 2591 2410 181 127 2334 2206 128
internal_count=3233 3162 3072 115 2957 366 262 108 154 104 2591 2410 181 127 2334 2206 128
is_linear=0
shrinkage=0.05


Tree=159
num_leaves=18
num_cat=1
split_feature=109 105 182 155 157 100 26 181 53 131 24 26 56 186 25 161 68
split_gain=0.0066029 0.0115345 0.00718415 0.00795605 0.00663387 0.0118082 0.00599604 0.010633 0.00695367 0.00895288 0.00667192 0.00632131 0.0112464 0.00946012 0.00516379 0.00496736 0.00493486
threshold=0.10447290912270547 0.83380141854286205 0.039839411154389388 0.46820896863937383 1.5101741552352907 0.90142649412155162 0.050000002607703216 0.020301437005400661 0.85355341434478771 1.1442008018493655 0.84999999403953563 0.21666666865348819 0.41341413557529455 0 0.77500000596046459 1.5626528263092043 0.52270314097404491
decision_type=2 2 2 2 2 2 2 2 2 2 2 2 2 1 2 2 2
left_child=1 -1 4 -4 6 -6 7 14 11 10 -10 12 -8 -13 16 -7 -3
right_child=-2 2 3 -5 5 15 8 -9 9 -11 -12 13 -14 -15 -16 -17 -18
leaf_value=0.00075916362181305892 -0.00052809533031688909 -6.7887208167464504e-05 -0.00084414992422164191 -1.0828136849232902e-07 0.00095493787384475577 0.00036354648562502757 0.00019516828730950701 0.00069956222786889783 -0.00040382207336282376 -0.00076712747570127247 4.918957970555734e-05 0.00022679528080052293 -0.00034394964069759949 -3.7742780829236866e-05 -0.00028692214152957685 -0.00024537147673981964 0.0003756902271646162
leaf_weight=50 59 122 53 59 50 66 143 76 133 65 209 480 299 1085 87 68 129
leaf_count=50 59 122 53 59 50 66 143 76 133 65 209 480 299 1085 87 68 129
internal_value=-3.99793e-06 5.74427e-06 -6.3143e-06 -0.000399521 8.30693e-06 0.000299216 -1.06207e-05 0.000165184 -4.07711e-05 -0.000229216 -0.000126982 -2.55632e-06 -0.000169529 4.46015e-05 4.50283e-05 5.45433e-05 0.000160087
internal_weight=3233 3174 3124 112 3012 184 2828 414 2414 407 342 2007 442 1565 338 134 251
internal_count=3233 3174 3124 112 3012 184 2828 414 2414 407 342 2007 442 1565 338 134 251
cat_boundaries=0 1
cat_threshold=712
is_linear=0
shrinkage=0.05


Tree=160
num_leaves=26
num_cat=1
split_feature=125 0 186 0 153 127 114 88 20 108 152 127 137 111 111 95 26 96 151 157 151 126 69 140 90
split_gain=0.00767502 0.0069494 0.00949275 0.0132945 0.0138243 0.00918332 0.00877411 0.00778437 0.00754423 0.00705036 0.00630406 0.00626585 0.00611925 0.0059333 0.00953702 0.00545102 0.00466369 0.00514103 0.00483265 0.00629887 0.00617585 0.00471011 0.00418462 0.00405664 0.00286469
threshold=0.10254488885402681 0.010002779308706524 0 0.023236892186105255 0.23622217774391177 1.0079770088195803 0.0064949200022965678 0.50284993648529064 0.35636153817176824 0.03287798538804055 0.23684759438037875 1.0158107876777651 0.99175515770912182 0.10757314413785936 0.11437666043639184 0.96219375729560863 1.0000000180025095e-35 -4.0280673503875724 0.45114447176456457 0.92110186815261852 0.54882740974426281 0.056384477764368064 0.48792487382888799 0.99455350637435924 0.4794964343309403
decision_type=2 2 1 2 2 2 2 2 2 2 2 2 2 2 2 2 2 2 2 2 2 2 2 2 2
left_child=1 12 3 7 -5 15 8 -3 -7 10 -10 -9 -1 16 -15 23 17 -14 19 -18 -20 -22 -19 24 -4
right_child=-2 2 5 4 -6 6 -8 11 9 -11 -12 -13 13 14 -16 -17 18 22 20 -21 21 -23 -24 -25 -26
leaf_value=0.00051951214794266547 0.00056950996651598329 0.00027788971123327293 -0.00060580752644455059 3.3324988365520613e-05 0.0011573507420846499 -3.482048150171105e-05 9.664072465245036e-05 -5.7963411310951831e-05 -0.00068621045645000239 -0.0010959417981713817 -0.00010723196856755142 -0.0008187488618423231 -0.00010896684770940879 0.0008953614433994516 4.2234688926806772e-05 0.00039389992732364026 -7.3687984884320326e-05 0.00077904713230964268 -0.00050964593294827243 0.00070835991269525356 7.0679110568696648e-06 -0.00027649574360650691 0.00019733753045632818 0.00015401747625421399 -7.0579856284894054e-05
leaf_weight=65 59 67 50 59 51 73 81 59 126 58 75 50 71 50 95 69 52 50 67 51 1525 162 81 72 50
leaf_count=65 59 67 50 59 51 73 81 59 126 58 75 50 71 50 95 69 52 50 67 51 1525 162 81 72 50
internal_value=4.40703e-06 -5.98283e-06 -0.0001203 0.000119096 0.000554464 -0.000223395 -0.000369936 -0.000146242 -0.000483769 -0.000610307 -0.000470174 -0.000406948 4.13765e-05 2.72754e-05 0.000336416 1.84605e-05 5.50491e-06 0.000233664 -1.93136e-05 0.00031354 -3.88598e-05 -2.01623e-05 0.000419364 -0.000132152 -0.000338194
internal_weight=3268 3209 940 286 110 654 413 176 332 259 201 109 2269 2204 145 241 2059 202 1857 103 1754 1687 131 172 100
internal_count=3268 3209 940 286 110 654 413 176 332 259 201 109 2269 2204 145 241 2059 202 1857 103 1754 1687 131 172 100
cat_boundaries=0 1
cat_threshold=643
is_linear=0
shrinkage=0.05


Tree=161
num_leaves=35
num_cat=1
split_feature=125 0 186 45 127 118 92 114 20 130 183 52 109 29 5 137 147 95 147 146 4 158 87 134 183 72 127 150 89 99 157 181 120 158
split_gain=0.0069267 0.00627183 0.00884832 0.0170895 0.0116408 0.00843236 0.0115858 0.00778904 0.00706169 0.00856675 0.00607404 0.0186251 0.00526653 0.00507779 0.00781713 0.00723291 0.00603379 0.00744828 0.00587349 0.00731163 0.0145217 0.00492954 0.00489836 0.00499057 0.00473869 0.00467705 0.00454894 0.00422667 0.00391998 0.00364522 0.00359959 0.00351796 0.00321592 0.00259548
threshold=0.10254488885402681 0.010002779308706524 0 0.47499999403953558 1.0079770088195803 0.065542630851268782 0.32280482351779943 0.0064949200022965678 0.39325171709060674 1.0168477296829226 0.011378722265362741 0.041666667908430106 0.030138286761939529 0.15000000223517421 0.0082011013291776198 1.0293979644775393 1.3883801698684695 0.85732409358024608 1.2346392273902895 0.8443528711795808 0.25046816468238836 0.90225002169609081 0.64738011360168468 0.91375356912612926 -0.0042348427232354871 0.50224903225898754 1.0622079968452456 0.70271828770637523 0.34258200228214269 0.82434290647506725 0.74247178435325634 0.027758501470088962 0.16912020742893222 1.1056732535362246
decision_type=2 2 1 2 2 2 2 2 2 2 2 2 2 2 2 2 2 2 2 2 2 2 2 2 2 2 2 2 2 2 2 2 2 2
left_child=1 10 3 -3 5 6 -4 8 30 -10 13 -12 -11 14 15 22 18 -18 19 20 -15 -20 23 -1 -19 -7 -21 -16 -27 -9 -6 33 -23 -29
right_child=-2 2 4 -5 7 25 -8 29 9 12 11 -13 -14 16 27 -17 17 24 21 26 -22 32 -24 -25 -26 28 -28 31 -30 -31 -32 -33 -34 -35
leaf_value=0.00035104234023416818 0.00054103446260126212 -0.00028712024848738857 -8.7907445080325769e-05 0.000859564429731563 -0.00037869896387907352 0.00025722123440539019 0.00091162995172852429 -0.00022970705130137504 -0.00010569658612596723 -0.00050272388702309002 -0.00018002734388343044 0.0011053063357751086 -0.0010010783745888654 -0.00018021456881422851 6.4946673847218487e-05 0.00059250013454584412 0.00076001719306131876 0.00037582185882579448 -0.00057759416688440979 6.5074433799357703e-06 0.00094313542076358283 -0.0002400110189591942 -0.00036460684506148754 -7.0579636976826702e-05 -0.00023074879435099369 -0.00064796931977616624 0.0004836283600388066 -0.00050338514905006653 -8.754954990336156e-05 0.00037404945684829725 0.00019951105314886951 -0.00078304473151960844 0.00026806418740592312 -2.5799540322623217e-05
leaf_weight=96 59 66 59 64 51 53 57 50 81 129 63 51 90 51 51 50 67 74 64 870 66 80 93 261 57 50 53 66 83 50 57 55 51 50
leaf_count=96 59 66 59 64 51 53 57 50 81 129 63 51 90 51 51 50 67 74 64 870 66 80 93 261 57 50 53 66 83 50 57 55 51 50
internal_value=4.18668e-06 -5.68369e-06 -0.000114285 0.000257587 -0.000174988 6.86888e-05 0.000403245 -0.000323296 -0.000420224 -0.000545033 3.93077e-05 0.00039499 -0.000707527 2.0492e-05 -8.7636e-05 2.19907e-05 7.4971e-05 0.000331209 3.389e-05 8.11056e-05 0.00045347 -0.000217926 -4.13992e-05 4.27977e-05 0.000111894 -0.000139959 3.39044e-05 -0.000334543 -0.000298234 7.21712e-05 -7.35326e-05 -0.000453689 -4.22107e-05 -0.000297529
internal_weight=3268 3209 940 130 810 302 116 508 408 300 2269 114 219 2155 722 500 1433 198 1235 1040 117 195 450 357 131 186 923 222 133 100 108 171 131 116
internal_count=3268 3209 940 130 810 302 116 508 408 300 2269 114 219 2155 722 500 1433 198 1235 1040 117 195 450 357 131 186 923 222 133 100 108 171 131 116
cat_boundaries=0 1
cat_threshold=640
is_linear=0
shrinkage=0.05


Tree=162
num_leaves=11
num_cat=0
split_feature=181 184 183 101 5 105 9 9 55 88
split_gain=0.00521065 0.0102191 0.00483644 0.00542419 0.016049 0.00923522 0.00573757 0.00475777 0.00527007 0.0038788
threshold=0.048932086676359184 0.14772846549749377 -0.035664986819028847 0.71674036979675304 0.0083856815472245234 0.88037684559822094 0.95860293507576 0.98914942145347606 0.42329184710979467 0.91344410181045543
decision_type=2 2 2 2 2 2 2 2 2 2
left_child=1 2 -1 4 -4 -5 -7 8 -8 -9
right_child=-2 -3 3 5 -6 6 7 9 -10 -11
leaf_value=0.00049139525252394386 -0.00035510290213189408 0.00071713066706483833 -0.00029789975585205663 -0.00058212390449881865 0.00078293863092791056 0.00048311747974613532 0.00017288537641527515 4.3384906986568705e-05 -0.00019671825802071679 -0.00018438150792387999
leaf_weight=50 98 51 62 71 77 59 117 1927 549 207
leaf_count=50 98 51 62 71 77 59 117 1927 549 207
internal_value=3.97735e-06 1.50783e-05 3.59872e-06 -4.34844e-06 0.000300838 -1.88266e-05 -4.83773e-06 -1.51196e-05 -0.000131788 2.12914e-05
internal_weight=3268 3170 3119 3069 139 2930 2859 2800 666 2134
internal_count=3268 3170 3119 3069 139 2930 2859 2800 666 2134
is_linear=0
shrinkage=0.05


Tree=163
num_leaves=18
num_cat=1
split_feature=125 136 57 101 105 146 170 184 109 173 138 136 134 153 186 84 168
split_gain=0.00589764 0.00567077 0.00931443 0.00790105 0.00946426 0.00597873 0.0156254 0.0232996 0.0119001 0.00931588 0.00782038 0.00850946 0.00697515 0.00915456 0.00655362 0.00511351 0.00481022
threshold=0.10254488885402681 0.65835300087928783 0.64663633704185497 0.6965671479701997 0.88241812586784374 0.8443528711795808 2511678720.0000005 0.040652073919773109 0.029210436157882217 0.6566724181175233 0.98754855990409862 0.81640544533729564 0.91007956862449657 0.21938844770193103 0 -0.50887277722358693 5.0647761821746835
decision_type=2 2 2 2 2 2 2 2 2 2 2 2 2 2 1 2 2
left_child=1 2 -1 -3 16 6 8 -8 -6 -10 11 -7 13 -12 -13 -14 -5
right_child=-2 3 -4 4 5 10 7 -9 9 -11 12 14 15 -15 -16 -17 -18
leaf_value=-0.00078528897653949714 0.00049914554120593911 0.00063057697727344933 0.00014228912908583879 -0.00077784444999946453 0.00061206595178985501 -0.00077514454442578317 5.7510745578578541e-05 0.0014398314738409009 -0.00075975430820607488 -3.4765420801560674e-06 -0.00032550135933217731 9.3513088435276894e-05 0.0002365560878388351 0.00035178289310126116 -0.00038814932590217462 -4.6913081058317295e-05 -0.00011283662117001279
leaf_weight=59 59 50 50 57 63 61 70 54 51 202 61 157 176 274 116 1656 52
leaf_count=59 59 50 50 57 63 61 70 54 51 202 61 157 176 274 116 1656 52
internal_value=3.77848e-06 -5.32923e-06 -0.000359794 7.13422e-06 -3.08615e-06 1.38701e-05 0.000183834 0.000659489 -2.81511e-06 -0.000155928 -1.60317e-05 -0.000241239 1.86796e-05 0.000228457 -0.000121942 -1.96802e-05 -0.000460593
internal_weight=3268 3209 109 3100 3050 2941 440 124 316 253 2501 334 2167 335 273 1832 109
internal_count=3268 3209 109 3100 3050 2941 440 124 316 253 2501 334 2167 335 273 1832 109
cat_boundaries=0 1
cat_threshold=592
is_linear=0
shrinkage=0.05


Tree=164
num_leaves=18
num_cat=0
split_feature=125 83 118 136 101 105 146 58 115 145 78 107 101 175 1 160 118
split_gain=0.00532364 0.00541466 0.00776159 0.00763351 0.00752706 0.00815282 0.00689226 0.0131842 0.0175763 0.00967554 0.0076663 0.00842282 0.00779221 0.00675284 0.00551562 0.0040809 0.00339449
threshold=0.10254488885402681 -0.58287677168846119 0.040189949795603759 0.65835300087928783 0.6965671479701997 0.88241812586784374 0.8443528711795808 0.22276159375905993 0.0030083807650953536 0.87652066349983226 -0.20096785575151441 0.0088067636825144308 0.89092344045639049 71.845195770263686 0.019072916358709339 1.4130190014839175 0.21978361159563067
decision_type=2 2 2 2 2 2 2 2 2 2 2 2 2 2 2 2 2
left_child=1 2 -1 13 -5 15 7 8 -7 -9 11 -8 -12 -3 -4 -6 -16
right_child=-2 3 14 4 5 6 10 9 -10 -11 12 -13 -14 -15 16 -17 -18
leaf_value=-0.00023644858184915002 0.00047418827711904452 -4.2239540366258907e-05 9.2462639702389838e-05 0.0005990480980981375 -0.00073710611736475448 0.0012280850462572082 -4.7551214359992612e-05 0.00033678820280126984 0.00013366520743897801 -0.00027418215849823432 -0.00035023672376228798 0.00033822125261722254 -4.6761103183621378e-05 -0.00084803820869777929 0.00034532180220326957 -0.00011821056021562981 0.00092508140578866018
leaf_weight=70 59 52 89 50 57 59 326 108 97 162 248 250 1438 52 51 50 50
leaf_count=70 59 52 89 50 57 59 326 108 97 162 248 250 1438 52 51 50 50
internal_value=3.54448e-06 -5.10868e-06 0.000213628 -2.43937e-05 -9.01321e-06 -1.98909e-05 -2.8532e-06 0.000181639 0.00054758 -2.9794e-05 -3.75984e-05 0.000119885 -9.14005e-05 -0.000445139 0.000379446 -0.000447903 0.000632332
internal_weight=3268 3209 260 2949 2845 2795 2688 426 156 270 2262 576 1686 104 190 107 101
internal_count=3268 3209 260 2949 2845 2795 2688 426 156 270 2262 576 1686 104 190 107 101
is_linear=0
shrinkage=0.05


Tree=165
num_leaves=27
num_cat=1
split_feature=103 156 135 186 40 92 183 87 26 32 32 118 29 101 83 68 78 111 168 32 178 154 159 156 90 118
split_gain=0.00616026 0.00529883 0.00665353 0.00596047 0.0233046 0.0062169 0.0162406 0.0112871 0.00626917 0.00625429 0.0112444 0.00821197 0.00855856 0.00851956 0.00620262 0.00689546 0.00527691 0.00495888 0.00482517 0.00588684 0.007616 0.00518783 0.00449548 0.00432173 0.00319507 0.00388505
threshold=0.89907374978065502 0.74611604213714611 0.87223380804061901 0 0.52500000596046459 0.49790401756763464 -0.0087815695442259294 0.80222147703170787 0.61666667461395275 0.42499999701976782 0.4916666597127915 0.47438551485538488 0.15000000223517421 0.90743336081504833 0.78970959782600414 0.46546664834022528 0.53254824876785289 0.04939727112650872 0.25821116566658026 0.30833333730697637 -1.6677650809288023 0.55370172858238231 1.1451818943023684 1.0392227768898012 0.2338165417313576 0.14335995912551883
decision_type=2 2 2 1 2 2 2 2 2 2 2 2 2 2 2 2 2 2 2 2 2 2 2 2 2 2
left_child=-1 3 -3 4 -2 7 -7 9 22 11 17 12 -5 -13 15 -10 -12 -11 19 21 24 -4 -8 -20 25 -21
right_child=1 2 18 5 -6 6 8 -9 14 10 16 13 -14 -15 -16 -17 -18 -19 23 20 -22 -23 -24 -25 -26 -27
leaf_value=-0.00049556082152548699 0.0010082262557159379 -0.0005129706532526904 -0.00071089800306215465 -4.6072133394219243e-05 -0.00022229049026507364 0.00049142673732213943 -0.0010117962563672336 0.00064430824209315088 -0.00035696607218495854 -0.00021894069538093929 -4.8885981704729237e-05 -0.00066861044522536562 0.00029030837991354808 6.5562994956602574e-05 -0.00058245809532756355 0.00043490996431501118 0.00035089680171510268 -0.00091967374179512259 -3.3807770669227467e-05 0.00026443477607596925 0.00053666710314870464 -7.3494428378863047e-05 -0.00034460755554141992 0.00056631245720200241 -0.00044975632965778479 -0.00032794015432591553
leaf_weight=64 71 98 71 289 84 70 50 75 54 51 888 63 547 106 61 56 91 50 75 62 51 58 51 50 61 50
leaf_count=64 71 98 71 289 84 70 50 75 54 51 888 63 547 106 61 56 91 50 75 62 51 58 51 50 61 50
internal_value=-9.7997e-06 -1.83647e-07 -0.000137664 2.96202e-05 0.000320677 1.02664e-05 -0.000187766 4.16692e-05 -0.000362559 1.99915e-05 -6.35452e-05 0.000109762 0.000174024 -0.000208123 -0.000178077 4.61708e-05 -1.17254e-05 -0.000565838 -6.07187e-05 -0.000155251 -2.99846e-07 -0.000424313 -0.000674899 0.00020624 -0.000158596 -1.83179e-08
internal_weight=3297 3233 576 2657 155 2502 342 2160 272 2085 1080 1005 836 169 171 110 979 101 478 353 224 129 101 125 173 112
internal_count=3297 3233 576 2657 155 2502 342 2160 272 2085 1080 1005 836 169 171 110 979 101 478 353 224 129 101 125 173 112
cat_boundaries=0 1
cat_threshold=512
is_linear=0
shrinkage=0.05


Tree=166
num_leaves=28
num_cat=1
split_feature=103 156 1 172 131 121 119 111 88 186 50 173 182 121 170 1 32 130 122 157 123 92 21 147 123 87 105
split_gain=0.00555963 0.0047822 0.00617862 0.00619082 0.00564041 0.00636191 0.0117247 0.0117357 0.00972941 0.00815849 0.0158728 0.00872712 0.00957334 0.00835955 0.00756578 0.00673291 0.00649737 0.00565243 0.00530037 0.00518701 0.00459814 0.00414458 0.00543732 0.00475804 0.00434762 0.00324622 0.0022718
threshold=0.89907374978065502 0.74611604213714611 0.02106232009828091 191407504.00000003 1.3363159298896792 0.037193579599261291 0.09990588948130609 0.032199434936046607 -0.066059973090887056 0 1.0000000180025095e-35 1.1109430193901064 0.033066656440496452 0.074935283511877074 241080368.00000003 0.018810452893376354 0.25833334028720861 1.0606549978256228 -0.0026948158629238601 0.90731221437454235 0.015160807874053718 0.43739920854568487 0.42002551257610327 1.3119516968727114 0.0058632765430957088 0.65913814306259166 1.0125924348831179
decision_type=2 2 2 2 2 2 2 2 2 1 2 2 2 2 2 2 2 2 2 2 2 2 2 2 2 2 2
left_child=-1 4 3 21 5 6 15 -8 -9 10 -7 13 14 17 -13 -2 -15 -11 -10 -17 25 22 24 -24 -3 -4 -23
right_child=1 2 20 -5 -6 9 7 8 18 11 -12 12 -14 16 -16 19 -18 -19 -20 -21 -22 26 23 -25 -26 -27 -28
leaf_value=-0.00047078278025765031 -0.00020731950898134158 0.0004668178815896122 -0.00084580729027428395 0.00047541193926008423 0.00043896700815584336 0.0010921062583033095 0.00011485602888718191 -0.0010736853696852774 1.1098356066773145e-05 0.00073786155506760617 -5.2380780032928504e-05 0.0001745784432465111 0.00055022738626156259 0.00021999715051258724 -0.00023734590471638186 0.00059953417674949848 -3.8710888118062559e-05 8.9349403216536834e-05 -0.00058570132438955167 2.638272540556878e-05 -5.7171546016915647e-05 -0.00013351227195156613 -0.00057188237943981747 8.9062334868600075e-05 -0.00010766613676535425 -0.00029440107858082388 -0.00060317537595527067
leaf_weight=64 98 78 56 54 81 56 98 62 65 84 66 140 52 408 547 81 599 56 87 77 68 52 56 53 57 51 51
leaf_count=64 98 78 56 54 81 56 98 62 65 84 66 140 52 408 547 81 599 56 87 77 68 52 56 53 57 51 51
internal_value=-9.30972e-06 -1.74467e-07 -0.000130781 -2.26001e-05 2.81392e-05 1.52211e-05 -0.000132519 -0.000338292 -0.000545809 5.70121e-05 0.000437127 2.9947e-05 -0.000103891 0.000116438 -0.000153402 0.000118267 6.61083e-05 0.000478457 -0.000330491 0.000320214 -0.00037867 -0.0001001 1.2171e-05 -0.000250506 0.000224258 -0.000582988 -0.000366064
internal_weight=3297 3233 576 401 2657 2576 568 312 214 2008 122 1886 739 1147 687 256 1007 140 152 158 175 347 244 109 135 107 103
internal_count=3297 3233 576 401 2657 2576 568 312 214 2008 122 1886 739 1147 687 256 1007 140 152 158 175 347 244 109 135 107 103
cat_boundaries=0 1
cat_threshold=512
is_linear=0
shrinkage=0.05


Tree=167
num_leaves=16
num_cat=1
split_feature=109 145 182 7 109 100 153 133 186 76 54 5 157 101 82
split_gain=0.00525665 0.00725559 0.00548902 0.00440898 0.00508325 0.0112153 0.00868663 0.00712215 0.0100864 0.0065397 0.00679208 0.00627366 0.00825708 0.00792621 0.00598855
threshold=0.10447290912270547 0.7513311803340913 0.044450454413890846 -0.033733086660504334 0.029383591376245025 0.87052637338638317 0.17994287610054019 0.96804308891296398 0 0.5092739760875703 0.61069267988204967 0.016562114469707016 0.92770078778266918 0.81384822726249706 -0.016370874829590317
decision_type=2 2 2 2 2 2 2 2 1 2 2 2 2 2 2
left_child=1 -1 3 -3 5 -5 9 14 -9 10 -6 13 -13 -8 -7
right_child=-2 2 -4 4 6 7 11 8 -10 -11 -12 12 -14 -15 -16
leaf_value=0.00059687760146334777 -0.0005027768084612447 0.00039442069794766714 -0.00047221477753261017 0.00056581282022063497 -0.0009031908863107674 -0.00031196035046337383 -0.0003502008404750298 0.00033935084840719821 -1.0517632156383461e-05 7.1414436621125788e-05 -0.0001572893655404686 -0.00010225118501438644 0.00075651199682562787 1.5828165881016685e-06 -1.075300801270529e-05
leaf_weight=50 53 69 63 97 76 225 206 305 602 50 51 57 55 719 619
leaf_count=50 53 69 63 97 76 225 206 305 602 50 51 57 55 719 619
internal_value=-8.84424e-06 -7.74437e-07 -1.01303e-05 -8.3252e-07 -9.73927e-06 4.24759e-05 -8.92233e-05 1.34846e-05 0.000110759 -0.000412958 -0.000603656 -3.39667e-05 0.000319463 -7.67604e-05 -9.10512e-05
internal_weight=3297 3244 3194 3131 3062 1848 1214 1751 907 177 127 1037 112 925 844
internal_count=3297 3244 3194 3131 3062 1848 1214 1751 907 177 127 1037 112 925 844
cat_boundaries=0 1
cat_threshold=722
is_linear=0
shrinkage=0.05


Tree=168
num_leaves=29
num_cat=0
split_feature=103 84 111 126 144 92 183 3 132 175 58 124 171 113 27 56 55 124 168 111 36 98 30 81 18 76 149 94
split_gain=0.00516617 0.00420088 0.00577758 0.0047955 0.010865 0.0065211 0.0145261 0.0133438 0.00972691 0.00906053 0.00719839 0.00715185 0.0116549 0.00707493 0.00649001 0.00738549 0.00701118 0.00627113 0.00993602 0.00811706 0.0062241 0.00611275 0.00583623 0.00525628 0.00487663 0.00476543 0.00468297 0.00465009
threshold=0.89907374978065502 -0.62769320607185353 0.049264887347817428 -0.0053941917140036813 0.94725465774536144 0.31238658726215368 -0.0094828433357179148 0.0095248175784945505 0.96639665961265575 45.767490386962898 0.26880787312984472 -0.01527877291664481 36080220.000000007 -0.00061358572565950442 0.87500000000000011 0.59556916356086742 0.52110719680786144 0.0091561018489301222 4.9437017440795907 0.039696963503956802 0.75000000000000011 0.95242640376091015 0.72499999403953563 0.029236647300422195 0.51961538195610057 0.5092739760875703 1.1431847214698794 -0.93272599577903736
decision_type=2 2 2 2 2 2 2 2 2 2 2 2 2 2 2 2 2 2 2 2 2 2 2 2 2 2 2 2
left_child=-1 2 -2 4 -3 8 7 24 9 23 25 12 -10 -13 15 16 22 20 19 -19 26 -12 -6 -5 -7 -11 -8 -15
right_child=1 3 -4 5 14 6 17 -9 11 10 21 13 -14 27 -16 -17 -18 18 -20 -21 -22 -23 -24 -25 -26 -27 -28 -29
leaf_value=-0.00045319608575482566 -3.8787223300979737e-05 -0.00075621217695435799 0.00070067674898746191 0.00057434199079580144 0.0001269398840228204 -1.0760152919987298e-05 -0.00019239787131884316 0.0012354760615853593 -0.00084658866701647646 -7.4805671455570371e-05 -0.0002671296215759447 0.00054030183651555114 0.00019509937937355377 0.00029274834600049427 -0.00058070298283772516 0.00054105688802708214 -0.00045778171479469168 0.00042771126452386521 0.00074270801965702472 -9.9069290583775869e-05 -0.00056054909789906117 -0.001010700384580621 -0.00014592248556642237 -0.00015065984165994452 0.00063401910684108013 -0.00055973664921387387 0.00019408381296873108 -5.3726113521271925e-05
leaf_weight=64 56 59 50 50 387 69 172 50 50 218 52 99 58 151 56 54 99 107 65 231 63 59 397 50 51 66 144 270
leaf_count=64 56 59 50 50 387 69 172 50 50 218 52 99 58 151 56 54 99 107 65 231 63 59 397 50 51 66 144 270
internal_value=-8.35215e-06 4.53912e-07 0.000310017 -1.00397e-05 -9.70007e-05 3.40484e-05 0.000130319 0.000549214 -4.75628e-05 -0.00021331 -0.000320943 8.30815e-05 -0.000287164 0.000159979 -5.7833e-05 -2.65836e-05 -6.12977e-05 3.92547e-05 0.000176566 6.76926e-05 -0.000106752 -0.000662361 -1.12315e-05 0.000211841 0.000263271 -0.000187501 -1.62796e-05 7.05438e-05
internal_weight=3297 3233 106 3127 1052 2075 952 170 1123 495 395 628 108 520 993 937 883 782 403 338 379 111 784 100 120 284 316 421
internal_count=3297 3233 106 3127 1052 2075 952 170 1123 495 395 628 108 520 993 937 883 782 403 338 379 111 784 100 120 284 316 421
is_linear=0
shrinkage=0.05


Tree=169
num_leaves=11
num_cat=0
split_feature=170 20 183 124 181 121 170 132 101 182
split_gain=0.00487869 0.00439174 0.00606441 0.0060525 0.00456525 0.00984071 0.00998337 0.00642457 0.00585538 0.00724644
threshold=11111211520.000002 0.99009397625923168 0.051482552662491805 0.054692516103386886 0.038808895274996764 0.055895535275340087 2952007168.0000005 0.90426456928253185 0.71674036979675304 0.034562528133392341
decision_type=2 2 2 2 2 2 2 2 2 2
left_child=1 2 3 4 7 -6 -7 -1 -9 -10
right_child=-2 -3 -4 -5 5 6 -8 8 9 -11
leaf_value=-0.00048421803318584965 -0.00045851709869181175 -0.0004555210257631888 0.00044316094557497987 -0.00044392531127462127 -0.00021837611521218411 0.00011678154236682121 0.0010663727468054275 0.00046952613427107067 1.0138287176722279e-05 -0.00039376893683170083
leaf_weight=69 59 52 78 76 69 62 50 66 2600 116
leaf_count=69 59 52 78 76 69 62 50 66 2600 116
internal_value=-7.93455e-06 2.75574e-07 7.71482e-06 -3.21337e-06 7.8335e-06 0.000251332 0.000540706 -7.62538e-06 4.19521e-06 -7.11254e-06
internal_weight=3297 3238 3186 3108 3032 181 112 2851 2782 2716
internal_count=3297 3238 3186 3108 3032 181 112 2851 2782 2716
is_linear=0
shrinkage=0.05


Tree=170
num_leaves=23
num_cat=1
split_feature=136 92 159 171 107 98 103 95 186 109 182 36 119 125 160 160 42 116 177 20 171 125
split_gain=0.00890484 0.00598711 0.00656948 0.0154567 0.0218743 0.00900946 0.00817761 0.0111462 0.00797176 0.00758664 0.00960852 0.00964547 0.00793674 0.00972733 0.00752863 0.0070941 0.00950721 0.00597613 0.00592901 0.00497972 0.00688779 0.00361907
threshold=0.62471118569374096 0.66315379738807689 1.1451818943023684 292856992.00000006 0.017499159090220932 0.8698503077030183 0.96081879734992992 3.6617983579635625 0 0.035076830536127097 0.021144303493201736 -0.81666666269302357 0.17742729187011722 -0.0060024850536137811 1.1575146913528445 1.2058119773864748 0.5416666865348817 0.0031048475066199903 143.8752136230469 0.206578403711319 168647264.00000003 -0.003393507562577724
decision_type=2 2 2 2 2 2 2 2 1 2 2 2 2 2 2 2 2 2 2 2 2 2
left_child=-1 2 6 5 -5 -4 7 18 15 10 11 -8 14 -14 -11 -7 -17 -13 -2 21 -21 -10
right_child=1 -3 3 4 -6 8 9 -9 19 12 -12 17 13 -15 -16 16 -18 -19 -20 20 -22 -23
leaf_value=-0.00051930815013422819 -0.00034802613460309454 0.00039321816480399942 -0.00061386297313999552 -3.4909288112913478e-05 0.001154262007519326 0.00068316446765717394 0.00055224776538894879 0.00017762180055690219 -0.00013813381374347956 0.00036041791076165872 0.00049544319564072219 -0.0001153427543194327 -0.00010113477747478156 -0.00093605135060578185 -0.00042245339243111504 0.00027353252020468423 -0.0003459876678441364 0.00044889303494710479 -0.001095916678193289 3.9231198070410758e-05 -0.00055409927025231397 -0.00065265117434319111
leaf_weight=84 53 95 56 81 74 69 65 51 108 68 95 764 66 74 56 263 81 50 53 824 52 50
leaf_count=84 53 95 56 81 74 69 65 51 108 68 95 764 66 74 56 263 81 50 53 824 52 50
internal_value=-1.12364e-05 2.32082e-06 -9.84271e-06 5.74343e-05 0.000532824 8.40879e-06 -8.98035e-05 -0.000429747 3.24912e-05 -4.66928e-05 1.77474e-05 -3.38807e-05 -0.000284438 -0.000542448 6.86313e-06 0.000215254 0.000127657 -8.06845e-05 -0.000721971 -4.21817e-05 4.01067e-06 -0.000300956
internal_weight=3232 3148 3053 1658 155 1503 1395 157 1447 1238 974 879 264 140 124 413 344 814 106 1034 876 158
internal_count=3232 3148 3053 1658 155 1503 1395 157 1447 1238 974 879 264 140 124 413 344 814 106 1034 876 158
cat_boundaries=0 1
cat_threshold=146
is_linear=0
shrinkage=0.05


Tree=171
num_leaves=21
num_cat=1
split_feature=136 92 159 171 97 98 103 95 186 111 111 175 92 181 121 100 135 111 71 177
split_gain=0.00803662 0.00540336 0.00592896 0.0139497 0.0202371 0.00813104 0.00738029 0.0100595 0.00719451 0.00706339 0.00774287 0.00697594 0.00884314 0.00694139 0.0125206 0.00956359 0.0069609 0.00577195 0.00560024 0.00535093
threshold=0.62471118569374096 0.66315379738807689 1.1451818943023684 292856992.00000006 0.9551394283771516 0.8698503077030183 0.96081879734992992 3.6617983579635625 0 0.081656627357006087 0.049651255831122405 77.174365997314467 0.39186273515224462 0.032021377235651023 0.15197713673114779 0.86064967513084423 0.87223380804061901 0.099019650369882597 0.55002790689468395 143.8752136230469
decision_type=2 2 2 2 2 2 2 2 1 2 2 2 2 2 2 2 2 2 2 2
left_child=-1 2 6 5 -5 -4 7 19 9 10 -7 18 -13 15 -15 -8 -17 -18 -10 -2
right_child=1 -3 3 4 -6 8 13 -9 11 -11 -12 12 -14 14 -16 16 17 -19 -20 -21
leaf_value=-0.00049334274572391309 -0.00033062481445497575 0.00037355726115301398 -0.00058316982980873694 0.0012553081013417493 7.046723248447739e-05 0.00036759442647389608 0.00051735447515607067 0.00016874070970962019 -5.5688597522608079e-05 0.00059568508848947799 -0.00012555447917007509 -3.7111964427740941e-07 0.00072182129291127974 4.8050566097530962e-05 -0.00098935877848327011 -0.00053196330993449776 -4.1235085453962145e-05 0.00050025953274038888 -0.00045440786819381175 -0.0010411208527072616
leaf_weight=84 53 95 56 57 98 146 81 51 738 92 175 134 62 66 52 69 918 52 100 53
leaf_count=84 53 95 56 57 98 146 81 51 738 92 175 134 62 66 52 69 918 52 100 53
internal_value=-1.06745e-05 2.20478e-06 -9.35057e-06 5.45626e-05 0.000506183 7.98835e-06 -8.53134e-05 -0.00040826 3.08666e-05 0.000204491 9.87438e-05 -4.00726e-05 0.000228078 -4.43581e-05 -0.000409113 -5.92863e-06 -4.67236e-05 -1.22065e-05 -0.000103268 -0.000685873
internal_weight=3232 3148 3053 1658 155 1503 1395 157 1447 413 321 1034 196 1238 118 1120 1039 970 838 106
internal_count=3232 3148 3053 1658 155 1503 1395 157 1447 413 321 1034 196 1238 118 1120 1039 970 838 106
cat_boundaries=0 1
cat_threshold=146
is_linear=0
shrinkage=0.05


Tree=172
num_leaves=32
num_cat=1
split_feature=136 85 177 186 32 109 146 108 119 98 147 10 131 68 143 152 161 107 118 82 161 87 99 122 4 32 87 182 124 11 180
split_gain=0.00725305 0.00505196 0.0157229 0.00743008 0.00820755 0.00632781 0.00791133 0.00974553 0.00782249 0.00716914 0.00676196 0.0127211 0.00839381 0.00750398 0.00685615 0.00671257 0.00781043 0.0132721 0.00755032 0.0088851 0.0057129 0.00698284 0.00570987 0.00553651 0.00680862 0.00577352 0.00560566 0.00652206 0.00537131 0.00420502 0.00379548
threshold=0.62471118569374096 0.79364302754402172 62.087505340576179 0 0.25833334028720861 0.029383591376245025 0.85105058550834667 0.018896553665399555 0.067738275974988951 0.94035527110099804 1.0240051150321963 1.0094918012619021 1.0360762476921084 0.51328226923942577 0.99009180068969738 0.14177873730659488 1.268967926502228 0.017499159090220932 0.25478297472000128 0.0027362125692889099 1.3680555224418642 0.089049149304628386 0.9502646028995515 0.00040234730113297706 0.3074606209993363 0.42499999701976782 0.73630288243293773 0.024321493692696098 0.01708305906504393 0.99172127246856701 153.33523559570315
decision_type=2 2 2 1 2 2 2 2 2 2 2 2 2 2 2 2 2 2 2 2 2 2 2 2 2 2 2 2 2 2 2
left_child=-1 5 -3 4 -4 6 7 -2 10 -10 12 13 -8 -12 -14 18 17 -17 19 -7 21 -11 -22 24 25 -18 27 -25 -19 -26 -5
right_child=1 2 3 30 -6 15 8 -9 9 20 11 -13 14 -15 -16 16 23 28 -20 -21 22 -23 -24 26 29 -27 -28 -29 -30 -31 -32
leaf_value=-0.00046867561106323381 0.00095510154419838837 0.00075951733891666993 -0.00015248040685297124 -0.00059934217124623908 0.00069261471882967626 0.0003111564279507465 0.00041111573402965654 7.5846167827217749e-06 -0.0006360077461539294 0.00015780443828393177 -9.8639916799709638e-05 0.00081654872260211665 -0.00041573098208732157 0.00052014249971319728 0.00011123274933438063 0.00068554344135580243 0.00019338120046279771 0.00025075744267352007 -0.00086016049918874883 -0.00051439049697364679 -0.00030711000926124187 -0.00032658000006399973 0.00012218193549290161 -0.00011187995203221007 -0.00079821026391934877 -0.00034607766570323817 -0.00040391244840520812 0.00041115813410552048 -0.00040748349645480016 -0.00025699018956134646 -4.7993385455349889e-05
leaf_weight=84 51 88 56 57 59 55 88 58 54 102 145 90 126 74 121 86 94 55 58 80 92 275 490 133 76 105 64 108 71 68 69
leaf_count=84 51 88 56 57 59 55 88 58 54 102 145 90 126 74 121 86 94 55 58 80 92 275 490 133 76 105 64 108 71 68 69
internal_value=-1.01408e-05 2.09454e-06 0.000187504 -2.13638e-05 0.000258603 -1.95442e-05 3.8301e-05 0.000450918 1.11584e-05 -7.54618e-05 0.000147411 0.000316107 -8.1933e-06 0.000110446 -0.000157583 -0.000116557 -5.67534e-05 0.000206684 -0.000383041 -0.000178057 -4.38982e-05 -0.000195526 5.43214e-05 -0.00014294 -0.000280757 -9.12579e-05 1.2048e-05 0.000122511 -0.000120156 -0.000542634 -0.000275544
internal_weight=3232 3148 329 241 115 2819 1766 109 1657 1013 644 309 335 219 247 1053 860 212 193 135 959 377 582 648 343 199 305 241 126 144 126
internal_count=3232 3148 329 241 115 2819 1766 109 1657 1013 644 309 335 219 247 1053 860 212 193 135 959 377 582 648 343 199 305 241 126 144 126
cat_boundaries=0 1
cat_threshold=657
is_linear=0
shrinkage=0.05


Tree=173
num_leaves=29
num_cat=0
split_feature=100 121 42 135 57 132 169 154 181 7 52 97 103 174 101 101 181 163 171 101 7 51 170 40 22 41 41 159
split_gain=0.0053477 0.0111114 0.0105717 0.00928595 0.0092386 0.0163538 0.00753505 0.00662528 0.0104323 0.00848971 0.00767704 0.00719481 0.00781292 0.0122431 0.0069658 0.00793902 0.00768216 0.00751521 0.00824901 0.00617914 0.00573182 0.00595962 0.00568843 0.00519003 0.00440095 0.00382515 0.00297762 0.00313994
threshold=0.81000053882598888 0.24886342138051989 0.59166666865348827 0.70685815811157238 0.61357989907264721 0.91648507118225109 0.17480870336294177 0.2778822928667069 0.012319701723754408 0.029263405129313472 0.10833333432674409 0.93466532230377208 0.97206133604049694 76.892688751220717 0.96217399835586559 1.1458654403686526 0.019046293571591381 395.35218811035162 115333712.00000001 0.77146950364112865 0.01677856128662825 0.050000002607703216 1910238080.0000002 0.47499999403953558 0.18364810198545459 0.55000001192092907 0.51666668057441723 0.90555155277252208
decision_type=2 2 2 2 2 2 2 2 2 2 2 2 2 2 2 2 2 2 2 2 2 2 2 2 2 2 2 2
left_child=1 2 3 -1 7 -6 25 8 22 11 14 -9 13 -13 17 16 -16 18 -10 -5 23 -22 24 -14 -2 -7 27 -26
right_child=4 -3 -4 19 5 6 -8 9 10 -11 -12 12 20 -15 15 -17 -18 -19 -20 -21 21 -23 -24 -25 26 -27 -28 -29
leaf_value=0.00066778362267069943 0.00033570074282276139 -0.00081290841147866092 -0.00070406430598814044 -0.00046999230311023041 0.0010440432137744338 -0.00041131817805205263 0.00054393466599586028 -0.0004643379612684225 0.00056386126104973611 0.00065468610687444367 -0.00078511334760895067 -0.00015432445713574249 -5.8600123244503593e-05 0.00076300371942620996 -0.00030639224074404032 5.015871228513863e-05 -0.0010099548282885245 -0.00046052807446606247 -0.00026092691154917704 0.00020589115146359377 -2.5560334324836732e-05 -0.0007280215534802455 0.00041502374877584063 0.00013265503540977713 -3.3588235964998603e-05 0.00011483885510899246 6.2513327259481195e-05 -0.00054511728837193616
leaf_weight=54 60 61 50 63 57 62 62 74 77 54 66 62 730 88 101 73 63 55 50 73 72 52 90 690 55 78 94 66
leaf_count=54 60 61 50 63 57 62 62 74 77 54 66 62 730 88 101 73 63 55 50 73 72 52 90 690 55 78 94 66
internal_value=-9.63378e-06 -0.000210331 -5.71765e-05 0.000113057 1.09769e-05 0.000296101 8.50478e-05 -1.66605e-05 -0.000131931 3.71156e-05 -0.00028389 1.82532e-05 3.93345e-05 0.000383841 -0.000204939 -0.000383591 -0.000576663 2.77029e-05 0.000239142 -0.000107202 5.86556e-06 -0.000320141 6.99872e-05 3.43337e-05 -4.29338e-05 -0.000118174 -0.000148599 -0.000312604
internal_weight=3232 301 240 190 2931 259 202 2672 850 1822 485 1768 1694 150 419 237 164 182 127 136 1544 124 365 1420 275 140 215 121
internal_count=3232 301 240 190 2931 259 202 2672 850 1822 485 1768 1694 150 419 237 164 182 127 136 1544 124 365 1420 275 140 215 121
is_linear=0
shrinkage=0.05


Tree=174
num_leaves=15
num_cat=0
split_feature=136 101 145 116 154 110 100 149 19 1 120 131 74 118
split_gain=0.00615306 0.00463759 0.00577756 0.00453781 0.003792 0.00789533 0.0191842 0.00796905 0.0070943 0.00655763 0.005115 0.00510684 0.0056985 0.00503831
threshold=0.62471118569374096 0.6965671479701997 0.79278549551963817 0.0052520730532705793 0.22979293018579486 0.034700963646173484 0.9246138632297517 0.78964710235595714 0.86355251073837291 0.028323111124336723 0.50665587186813366 1.0114832520484927 0.34251523017883306 0.10089311748743059
decision_type=2 2 2 2 2 2 2 2 2 2 2 2 2 2
left_child=-1 -2 -3 4 5 6 -4 8 -7 -8 11 -6 -13 -12
right_child=1 2 3 -5 10 7 9 -9 -10 -11 13 12 -14 -15
leaf_value=-0.00043148747676501189 0.00035386064108544298 -0.00046407833243018319 0.00092709322691685069 0.0004562045617300707 -0.00036818428209674475 3.3869382782651839e-05 3.6290441048467902e-05 -0.00085819651604540192 -0.00064092422912117881 -0.00044803739699679734 -0.00065324329296816835 0.00056141596214729359 4.1141727094634329e-05 -2.0135466580871833e-06
leaf_weight=84 91 68 51 54 74 123 222 57 57 102 54 54 2075 66
leaf_count=84 91 68 51 54 74 123 222 57 57 102 54 54 2075 66
internal_value=-9.15209e-06 2.11734e-06 -8.35327e-06 2.01452e-06 -6.34196e-06 -0.000117068 2.57024e-05 -0.00034297 -0.000179815 -0.000116183 2.2829e-05 4.01452e-05 5.4338e-05 -0.000295067
internal_weight=3232 3148 3057 2989 2935 612 375 237 180 324 2323 2203 2129 120
internal_count=3232 3148 3057 2989 2935 612 375 237 180 324 2323 2203 2129 120
is_linear=0
shrinkage=0.05


Tree=175
num_leaves=25
num_cat=0
split_feature=110 11 160 72 158 156 119 32 21 157 119 174 125 136 120 134 102 92 105 181 7 152 1 88
split_gain=0.00929327 0.00873434 0.0056941 0.013442 0.014391 0.0113525 0.0106554 0.0114931 0.00962437 0.00807499 0.00736825 0.00660703 0.00629464 0.00618896 0.0059773 0.00973681 0.00458047 0.00890248 0.00527798 0.00638284 0.0049799 0.00468856 0.00440848 0.00356208
threshold=0.12337022274732591 0.94701281189918529 1.171563506126404 0.51304811239242565 1.1158832311630251 0.56465533375740062 0.11924200877547265 0.17500000447034839 0.6172739863395692 0.77332052588462841 0.2975668758153916 32.946191787719734 0.043987803161144264 0.67296129465103161 0.39075171947479254 0.9117579758167268 0.96419051289558422 0.44189235568046575 0.93513533473014843 0.021973473019897941 -0.010864058975130318 0.072870433330535903 0.042200192809104926 0.70942106842994701
decision_type=2 2 2 2 2 2 2 2 2 2 2 2 2 2 2 2 2 2 2 2 2 2 2 2
left_child=1 -1 3 5 6 12 7 -5 10 -8 11 -7 14 -4 15 -3 17 -15 19 23 -21 -20 -23 -18
right_child=-2 2 13 4 -6 8 9 -9 -10 -11 -12 -13 -14 16 -16 -17 18 -19 21 20 -22 22 -24 -25
leaf_value=-0.00045503639410118032 0.00069002500191951797 0.00055992896508330994 -0.00054427480245067272 0.0010931497342376547 0.0011640505447329181 0.00029766822224380177 0.00031506828862463824 6.1385717159488583e-05 0.0007476127911922449 -0.00057912561259581706 0.00060223714180109619 -0.00035535111633685623 -0.00056727803698845153 -0.00010831486019961616 -0.00050586040427636663 -8.8022395500571087e-05 -0.00083210116200252047 0.00078681167622419827 0.00048418849794688867 0.00030334858020069082 -0.00022564149799270407 1.1580865112589119e-05 -0.00038694804436638824 -0.00024103590156300926
leaf_weight=98 51 69 56 55 53 68 51 53 78 50 54 90 67 61 63 363 52 51 50 65 141 1404 73 50
leaf_count=98 51 69 56 55 53 68 51 53 78 50 54 90 67 61 63 363 52 51 50 65 141 1404 73 50
internal_value=2.03691e-05 9.74627e-06 2.43593e-05 0.000114977 0.000428182 1.86626e-05 0.000241574 0.000586821 0.000272739 -0.000127602 9.80219e-05 -7.43048e-05 -0.000112445 -2.60391e-05 -5.08813e-05 1.54698e-05 -1.11335e-05 0.000299287 -3.00802e-05 -0.000218892 -5.87272e-05 8.00377e-06 -8.11623e-06 -0.000542363
internal_weight=3266 3215 3117 1114 262 852 209 108 290 101 212 158 562 2003 495 432 1947 112 1835 308 206 1527 1477 102
internal_count=3266 3215 3117 1114 262 852 209 108 290 101 212 158 562 2003 495 432 1947 112 1835 308 206 1527 1477 102
is_linear=0
shrinkage=0.05


Tree=176
num_leaves=21
num_cat=0
split_feature=110 108 87 85 97 117 13 120 84 109 184 134 95 109 125 101 168 18 161 30
split_gain=0.00838718 0.00751662 0.0045875 0.00569763 0.0164101 0.0141633 0.00737682 0.00479225 0.0101846 0.00656255 0.00898614 0.0157124 0.00856828 0.00836397 0.00823308 0.00553521 0.00533113 0.00430059 0.00412681 0.00340899
threshold=0.12337022274732591 0.078962638974189772 0.87397289276123058 0.79364302754402172 0.93106853961944591 0.20303196460008624 0.75000000000000011 0.0088453334756195563 0.45541197061538702 0.035076830536127097 0.07261009514331819 0.89412441849708568 0.6713702678680421 0.040735857561230666 0.016465757042169574 0.93493902683258068 4.9437017440795907 0.6062217950820924 1.6028841733932497 0.17500000447034839
decision_type=2 2 2 2 2 2 2 2 2 2 2 2 2 2 2 2 2 2 2 2
left_child=1 2 3 7 -5 19 -7 8 15 10 11 -9 13 -11 -14 -1 18 -17 -10 -6
right_child=-2 -3 -4 4 5 6 -8 9 16 12 -12 -13 14 -15 -16 17 -18 -19 -20 -21
leaf_value=0.00037207317564816154 0.00065552373987385172 -0.00059291765661042769 -0.00033698693647155861 0.0010657720784074628 -0.0006531319295463618 0.00086568618193268772 7.0222735297237139e-05 0.00072522754010290614 -0.00084398707775697993 -0.00093350618751499948 -0.00042507175266353714 7.2473736545245065e-05 -0.00017610951037800584 -0.00016050161476476171 0.00022990899862157901 0.00011153083236422392 9.1861282126046734e-06 -0.00047056372007566756 -0.00027793065420522462 -8.747619357835216e-05
leaf_weight=92 51 51 88 50 50 55 62 98 74 53 82 1555 287 103 221 75 50 55 57 57
leaf_count=92 51 51 88 50 50 55 62 98 74 53 82 1555 287 103 221 75 50 55 57 57
internal_value=1.93507e-05 9.25896e-06 1.89653e-05 2.91486e-05 0.000246761 6.39456e-05 0.000444159 7.86895e-06 -0.000151671 3.46695e-05 8.58289e-05 0.000111173 -9.90076e-05 -0.000423125 5.24526e-07 7.52907e-05 -0.000430043 -0.00013474 -0.000597688 -0.000351801
internal_weight=3266 3215 3164 3076 274 224 117 2802 403 2399 1735 1653 664 156 508 222 181 130 131 107
internal_count=3266 3215 3164 3076 274 224 117 2802 403 2399 1735 1653 664 156 508 222 181 130 131 107
is_linear=0
shrinkage=0.05


Tree=177
num_leaves=19
num_cat=1
split_feature=110 173 20 113 120 136 88 142 129 125 111 156 84 181 186 181 167 160
split_gain=0.00756943 0.00734041 0.0156064 0.00668601 0.0129477 0.00786482 0.00801236 0.00581802 0.0111933 0.00695432 0.0110293 0.0114977 0.00689351 0.00541997 0.00522886 0.00550407 0.00522023 0.00411943
threshold=0.12337022274732591 1.4147948026657107 0.88757023215293895 0.012548141181468965 0.088239040225744261 0.70095807313919078 0.63150018453598034 0.94996836781501781 1.0314190387725832 0.046088252216577537 0.091623108834028258 0.75191661715507518 0.65400156378746044 0.023238994181156162 0 0.032927505671978004 0.63809296488761913 1.358557462692261
decision_type=2 2 2 2 2 2 2 2 2 2 2 2 2 2 1 2 2 2
left_child=1 3 14 5 -5 6 -1 8 12 10 13 -12 -7 -9 16 -16 -3 -11
right_child=-2 2 -4 4 -6 7 -8 9 -10 17 11 -13 -14 -15 15 -17 -18 -19
leaf_value=6.9857367197982977e-05 0.00062274755407855213 -0.00015085926994689252 -0.00097032258089983087 -0.00015939541666668054 0.00093722395045405026 0.00042712269413251692 -0.00074726950645554379 3.4940212784379188e-05 0.00085476023809713953 -0.00059380100202462117 0.00072758322897763196 -7.0259097680848632e-07 -0.00033819440791229421 -0.0001849340192492961 -1.8142977588515926e-05 -0.00068960563911983348 0.00050114619193664112 -3.0324298422783613e-06
leaf_weight=55 51 59 57 51 57 56 66 1829 62 72 112 105 62 331 76 51 64 50
leaf_count=55 51 59 57 51 57 56 66 1829 62 72 112 105 62 331 76 51 64 50
internal_value=1.83831e-05 8.79601e-06 -0.000223728 3.33438e-05 0.000419376 1.8454e-05 -0.000375848 3.6263e-05 0.000310811 1.64877e-05 3.53841e-05 0.000375187 2.50069e-05 1.24652e-06 -5.35044e-05 -0.000266779 0.000174231 -0.000351683
internal_weight=3266 3215 307 2908 108 2800 121 2679 180 2499 2377 217 118 2160 250 127 123 122
internal_count=3266 3215 307 2908 108 2800 121 2679 180 2499 2377 217 118 2160 250 127 123 122
cat_boundaries=0 1
cat_threshold=1539
is_linear=0
shrinkage=0.05


Tree=178
num_leaves=11
num_cat=0
split_feature=110 11 132 102 138 121 176 5 181 122
split_gain=0.00683141 0.00742163 0.00516256 0.00518222 0.0114385 0.00610251 0.0134551 0.010628 0.00598433 0.00652162
threshold=0.12337022274732591 0.94701281189918529 0.87525492906570446 0.95458224415779125 0.96467807888984691 0.38059557974338537 95.12445449829103 0.01243691146373749 0.045368930324912078 0.014476339798420669
decision_type=2 2 2 2 2 2 2 2 2 2
left_child=1 -1 -3 -4 -5 8 7 -7 9 -6
right_child=-2 2 3 4 5 6 -8 -9 -10 -11
leaf_value=-0.00042007841218538511 0.00059161016046453056 0.00048914149650452858 -0.00041864442498669685 0.00068403272902060061 -2.4137416956992587e-05 -1.5085894620773067e-05 0.0009480874699656852 0.00072970299383583051 -0.0004662932294957353 0.00046574247822198751
leaf_weight=98 51 58 68 64 2307 371 50 55 74 70
leaf_count=98 51 58 68 64 2307 371 50 55 74 70
internal_value=1.7464e-05 8.35621e-06 2.18264e-05 1.29659e-05 2.27785e-05 8.31993e-06 0.000172145 8.10723e-05 -2.3496e-05 -9.711e-06
internal_weight=3266 3215 3117 3059 2991 2927 476 426 2451 2377
internal_count=3266 3215 3117 3059 2991 2927 476 426 2451 2377
is_linear=0
shrinkage=0.05


Tree=179
num_leaves=12
num_cat=0
split_feature=110 11 132 102 138 173 118 24 171 97 132
split_gain=0.00616535 0.00669802 0.00465921 0.00467695 0.0103233 0.00572019 0.00497995 0.00456377 0.00662912 0.00492709 0.00453235
threshold=0.12337022274732591 0.94701281189918529 0.87525492906570446 0.95458224415779125 0.96467807888984691 1.3207186460494997 0.068186074495315566 0.75000000000000011 28837744.000000004 0.98598894476890575 0.93588000535964977
decision_type=2 2 2 2 2 2 2 2 2 2 2
left_child=1 -1 -3 -4 -5 7 -7 9 -9 -6 -8
right_child=-2 2 3 4 5 6 10 8 -10 -11 -12
leaf_value=-0.00039907448964575978 0.00056202966541818835 0.00046468442396244738 -0.0003977122085737339 0.00064983108679825827 -0.00012615854789698312 -0.000515307171630718 -0.00040773396749618654 -5.860232650221065e-05 0.00026113585388203437 4.936549206353781e-05 3.7715382947940333e-05
leaf_weight=98 51 58 68 64 585 83 77 256 442 1263 221
leaf_count=98 51 58 68 64 585 83 77 256 442 1263 221
internal_value=1.65908e-05 7.9384e-06 2.07351e-05 1.23176e-05 2.16396e-05 7.90393e-06 -0.000172785 3.49433e-05 0.000143868 -6.19812e-06 -7.73839e-05
internal_weight=3266 3215 3117 3059 2991 2927 381 2546 698 1848 298
internal_count=3266 3215 3117 3059 2991 2927 381 2546 698 1848 298
is_linear=0
shrinkage=0.05


Tree=180
num_leaves=17
num_cat=0
split_feature=99 125 111 146 115 39 25 156 80 172 56 87 166 110 175 182
split_gain=0.00679807 0.00494603 0.00847544 0.00460627 0.00450081 0.00425385 0.00983824 0.00903158 0.00909605 0.0109405 0.00874404 0.00825439 0.00705946 0.00545848 0.00640443 0.00490065
threshold=0.7421548366546632 0.093824841082096114 0.13740960508584979 0.74837079644203197 0.0069575638044625529 0.55000001192092907 0.72499999403953563 0.67478871345520031 -0.12115299329161643 105323520.00000001 0.64743539690971386 0.55325123667716991 59.437925338745124 0.029311614111065868 59.774021148681648 0.015045931097120048
decision_type=2 2 2 2 2 2 2 2 2 2 2 2 2 2 2 2
left_child=-1 2 3 4 -2 6 10 8 -7 -10 12 -9 -5 15 -15 -8
right_child=1 -3 -4 5 -6 7 13 11 9 -11 -12 -13 -14 14 -16 -17
leaf_value=0.00056493962362695203 -0.00063448775901250843 0.00041692887051877653 -0.00060404076091978575 2.1439390105977665e-05 -1.894872944948504e-05 0.00071809039032757485 -0.00019589465583303074 -0.00064151906186261367 0.00019579064385974085 -0.00023552251966196182 0.00066518703191404186 7.9696815978477621e-05 -0.00056189471226254556 -0.00088306950673789047 -0.00026814881728410986 0.00037206168577540665
leaf_weight=52 57 66 61 1312 62 64 158 76 662 189 51 83 54 55 184 50
leaf_count=52 57 66 61 1312 62 64 158 76 662 189 51 83 54 55 184 50
internal_value=-2.13903e-06 -1.14004e-05 -2.0467e-05 -8.82224e-06 -0.000313787 3.52997e-06 -4.21383e-05 8.27903e-05 0.000143232 9.99996e-05 2.23788e-05 -0.000265035 -1.62067e-06 -0.000246659 -0.000409658 -5.93667e-05
internal_weight=3236 3184 3118 3057 119 2938 1864 1074 915 851 1417 159 1366 447 239 208
internal_count=3236 3184 3118 3057 119 2938 1864 1074 915 851 1417 159 1366 447 239 208
is_linear=0
shrinkage=0.05


Tree=181
num_leaves=19
num_cat=0
split_feature=62 166 125 114 124 40 90 36 125 132 152 55 68 132 103 101 120 92
split_gain=0.00617822 0.0056284 0.00992541 0.00777619 0.00750037 0.00542355 0.00713509 0.00871036 0.00768293 0.00642829 0.012286 0.0126075 0.0112362 0.00910809 0.00876863 0.00765571 0.0054992 0.00673688
threshold=0.29677759110927587 73.350482940673842 0.09041535854339601 0.0054127543698996314 0.054692516103386886 0.47499999403953558 0.44963672757148748 0.58333334326744091 0.041374027729034431 0.95521900057792675 0.19625031948089602 0.63465929031372081 0.52492168545722973 0.96804308891296398 1.0227509737014773 0.8284803330898286 0.026934996247291568 0.2731227725744248
decision_type=2 2 2 2 2 2 2 2 2 2 2 2 2 2 2 2 2 2
left_child=-1 2 4 -3 5 6 7 8 -2 10 12 -12 -7 15 -15 -11 -8 -18
right_child=1 3 -4 -5 -6 9 16 -9 -10 13 11 -13 -14 14 -16 -17 17 -19
leaf_value=0.00050493547657378399 8.7659293240237941e-05 0.00011393495538504794 0.0006550719297752439 -0.00071545838772111051 -0.0005790355385550739 0.00036420229396234003 -0.00058395573075606746 -0.00057893939455589435 -0.00045661850829123397 -0.00080270174515152464 0.00062661944791716226 7.1987554887153709e-05 -0.00043049421838077252 0.00011325893695055487 -0.00052938012092470263 -0.00013416264820597924 -0.00051616714737888079 2.6596776764532918e-05
leaf_weight=59 747 50 57 65 57 70 99 61 71 53 201 209 122 772 57 223 84 179
leaf_count=59 747 50 57 65 57 70 99 61 71 53 201 209 122 772 57 223 84 179
internal_value=-2.03208e-06 -1.1447e-05 1.45038e-06 -0.000354853 -1.09478e-05 3.62902e-08 -7.95025e-05 -2.56396e-06 4.04176e-05 5.78615e-05 0.000189319 0.000343892 -0.000140761 -1.37559e-05 6.90727e-05 -0.000262542 -0.000266323 -0.000146757
internal_weight=3236 3177 3062 115 3005 2948 1241 879 818 1707 602 410 192 1105 829 276 362 263
internal_count=3236 3177 3062 115 3005 2948 1241 879 818 1707 602 410 192 1105 829 276 362 263
is_linear=0
shrinkage=0.05


Tree=182
num_leaves=13
num_cat=0
split_feature=99 125 111 171 160 143 92 172 99 171 25 92
split_gain=0.00621616 0.00401365 0.00751076 0.00427975 0.00775338 0.0104345 0.00712806 0.00645652 0.0146512 0.00889429 0.00607456 0.00419768
threshold=0.7421548366546632 0.093824841082096114 0.13740960508584979 310332576.00000006 1.4702175855636599 0.96813961863517772 0.66315379738807689 187606296.00000003 1.0166917443275454 155680904.00000003 0.52500000596046459 0.51042020320892345
decision_type=2 2 2 2 2 2 2 2 2 2 2 2
left_child=-1 2 3 6 5 -5 7 9 10 11 -9 -2
right_child=1 -3 -4 4 -6 -7 -8 8 -10 -11 -12 -13
leaf_value=0.00054033469014729452 1.5105801235103937e-05 0.00037506433271284386 -0.00056831353176079813 -0.0010029783676694726 0.00013678306788975496 -0.00011105712098448517 0.00047725466568788511 -0.00043126259783200706 0.00097425855379292946 -0.00052129093744262157 0.00029061113587779212 -0.00019830362488257506
leaf_weight=52 2228 66 61 53 94 86 79 51 54 87 68 257
leaf_count=52 2228 66 61 53 94 86 79 51 54 87 68 257
internal_value=-1.93047e-06 -1.07866e-05 -1.8954e-05 -7.992e-06 -0.000213953 -0.000451142 9.00128e-06 -4.47486e-06 0.000291197 -2.43626e-05 -1.87633e-05 -6.96511e-06
internal_weight=3236 3184 3118 3057 233 139 2824 2745 173 2572 119 2485
internal_count=3236 3184 3118 3057 233 139 2824 2745 173 2572 119 2485
is_linear=0
shrinkage=0.05


Tree=183
num_leaves=28
num_cat=0
split_feature=145 182 39 72 120 160 172 47 52 154 25 135 144 56 17 183 111 117 87 122 122 47 119 59 126 101 159
split_gain=0.00457035 0.00504891 0.00454419 0.00991153 0.013985 0.0266675 0.00900619 0.00851259 0.00909484 0.00776398 0.00756858 0.00691638 0.0104703 0.00678897 0.00875654 0.00733059 0.0069875 0.00613155 0.0060031 0.00587995 0.00582929 0.00540091 0.00468422 0.00381859 0.00437536 0.00347206 0.00334108
threshold=0.7212800681591035 0.046962084248662002 0.55000001192092907 0.51258727908134472 0.17604929953813556 1.229043245315552 108088004.00000001 0.44166666269302374 0.025000001303851608 0.22827674448490146 0.72499999403953563 0.91427668929100048 0.89269220829010021 0.64743539690971386 0.92916667461395275 0.029481448233127597 0.11437666043639184 0.1945934668183327 -0.025626425631344315 0.0018945643096230926 0.0073829931207001218 0.4083333313465119 0.20472270995378497 0.27217297255992895 -0.0037396465195342894 0.92302352190017711 1.1451818943023684
decision_type=2 2 2 2 2 2 2 2 2 2 2 2 2 2 2 2 2 2 2 2 2 2 2 2 2 2 2
left_child=-1 2 10 6 7 -6 9 21 25 19 13 12 -11 14 15 16 -2 -8 -12 -4 23 -5 -7 -20 -25 -9 -13
right_child=1 -3 3 4 5 22 17 8 -10 11 18 26 -14 -15 -16 -17 -18 -19 20 -21 -22 -23 -24 24 -26 -27 -28
leaf_value=0.00045430127370141076 1.4438804186077984e-05 -0.00045636144295126396 8.664887099453778e-05 9.7547172278654389e-05 0.0014333500391258563 0.00046681317781924084 -0.00077208105293493647 -0.00030512063011901418 0.00073313981922504311 -0.00022521103226328987 0.00029234777252628083 -0.00023605395614958275 0.00051794351878509451 0.00054860384030429744 -0.00063712394955843965 0.00054778246138412808 -0.00050644361356663628 -3.7179844067021116e-05 -0.00059448674980488319 -0.00061920625041238968 -0.00069184165848936482 -0.00054189054861934793 -0.00019794788232450992 -0.00051334225194295865 -3.675413873515638e-05 0.00028122576588066294 0.00013459630008741361
leaf_weight=54 1211 62 51 61 63 53 64 51 68 65 51 129 175 56 54 61 68 51 52 70 72 72 53 60 244 50 115
leaf_count=54 1211 62 51 61 63 53 64 51 68 65 51 129 175 56 54 61 68 51 52 70 72 72 53 60 244 50 115
internal_value=-1.83395e-06 -9.57477e-06 -6.9632e-07 7.60983e-05 0.000254435 0.000618644 -4.05635e-05 5.06222e-05 0.000286116 3.6535e-05 -4.81108e-05 0.000126093 0.000316672 8.81316e-06 -1.28714e-05 1.2285e-05 -1.32547e-05 -0.000446168 -0.000220427 -0.000321697 -0.000281529 -0.000248615 0.000134433 -0.000198545 -0.000130818 -1.48501e-05 -6.13622e-05
internal_weight=3236 3182 3120 1191 471 169 720 302 169 605 1929 484 240 1450 1394 1340 1279 115 479 121 428 133 106 356 304 101 244
internal_count=3236 3182 3120 1191 471 169 720 302 169 605 1929 484 240 1450 1394 1340 1279 115 479 121 428 133 106 356 304 101 244
is_linear=0
shrinkage=0.05


Tree=184
num_leaves=19
num_cat=0
split_feature=62 166 125 147 124 40 135 99 160 135 25 119 84 133 157 125 158 121
split_gain=0.00529183 0.00533398 0.00821014 0.00712614 0.00648527 0.00486812 0.00657805 0.0274505 0.0154316 0.00693752 0.00648282 0.00699707 0.00761211 0.00620914 0.00653121 0.00481137 0.00468553 0.00519665
threshold=0.29677759110927587 73.350482940673842 0.09041535854339601 0.74510264396667492 0.054692516103386886 0.47499999403953558 0.91312941908836376 0.95726242661476146 1.2867751121520998 0.88255447149276745 0.67499998211860668 0.2068179324269295 0.30233928561210638 0.96764877438545238 1.0537354946136477 -0.0011586848995648322 0.65629810094833385 0.031684005632996566
decision_type=2 2 2 2 2 2 2 2 2 2 2 2 2 2 2 2 2 2
left_child=-1 2 4 -3 5 10 7 9 -9 -7 16 12 -12 14 -8 -15 -2 -18
right_child=1 3 -4 -5 -6 6 13 8 -10 -11 11 -13 -14 15 -16 -17 17 -19
leaf_value=0.00046745028304354434 -0.00042791015375069738 1.9147878593949213e-05 0.00059656645645238889 -0.00077046128204048456 -0.00053742436499114299 -5.3402085923267607e-05 -0.00034885826154664769 0.0012157278816874435 0.00024862681215359682 0.00031493035156472617 0.00039247321564471352 -0.00070297133128118926 -0.00034182314149802553 -8.3038411896503084e-05 0.00013741093438663182 0.00026301607830583163 -0.00023007041822994427 6.9091502984853535e-05
leaf_weight=59 65 62 57 53 57 636 246 82 83 160 50 76 120 217 96 187 180 750
leaf_count=59 65 62 57 53 57 636 246 82 83 160 50 76 120 217 96 187 180 750
internal_value=-1.74225e-06 -1.04556e-05 2.09986e-06 -0.000344759 -9.17621e-06 1.03755e-06 5.58218e-05 0.000142301 0.000729247 2.06346e-05 -7.43184e-05 -0.00030415 -0.000125854 -5.55804e-05 -0.000212362 7.71403e-05 -1.74957e-05 1.11892e-05
internal_weight=3236 3177 3062 115 3005 2948 1707 961 165 796 1241 246 170 746 342 404 995 930
internal_count=3236 3177 3062 115 3005 2948 1707 961 165 796 1241 246 170 746 342 404 995 930
is_linear=0
shrinkage=0.05


Tree=185
num_leaves=14
num_cat=0
split_feature=136 30 101 5 142 84 116 85 144 173 8 104 175
split_gain=0.00516967 0.0149943 0.00631509 0.00630335 0.00625685 0.00414649 0.00820072 0.00454841 0.00624005 0.00419445 0.00474583 0.0171091 0.00470882
threshold=0.65835300087928783 1.0000000180025095e-35 0.6965671479701997 0.018087024800479416 0.98849895596504223 0.88530468940734874 0.0014227154897525909 0.8448186218738557 0.94667315483093273 1.5311213731765749 -0.86880120635032643 1.0049533843994143 66.86914443969728
decision_type=2 2 2 2 2 2 2 2 2 2 2 2 2
left_child=1 -1 -2 5 -5 7 -7 9 -9 10 11 -4 -12
right_child=2 -3 3 4 -6 6 -8 8 -10 -11 12 -13 -14
leaf_value=0.00036650489351953953 0.0005400040528779342 -0.00070902306909184252 0.00093444544800787982 -0.0006251819264994434 7.1195993064479402e-05 -1.1710241495504392e-05 0.00079354045970831072 0.00072013092930337376 -6.5926834504352887e-05 -0.00038461355956539208 3.30393398246277e-05 -0.00026110254314964612 -0.00011319200643761351
leaf_weight=52 55 86 57 78 55 86 50 51 50 73 1671 63 821
leaf_count=52 55 86 57 78 55 86 50 51 50 73 1671 63 821
internal_value=-4.29507e-06 -0.000303752 8.99271e-06 -5.67232e-07 -0.000337206 1.47555e-05 0.000284338 1.59568e-06 0.000330993 -1.07951e-05 -3.47615e-07 0.000306783 -1.51372e-05
internal_weight=3248 138 3110 3055 133 2922 136 2786 101 2685 2612 120 2492
internal_count=3248 138 3110 3055 133 2922 136 2786 101 2685 2612 120 2492
is_linear=0
shrinkage=0.05


Tree=186
num_leaves=18
num_cat=0
split_feature=181 55 114 177 177 150 119 120 185 158 184 116 133 99 110 151 135
split_gain=0.00510465 0.0103473 0.0117964 0.0133068 0.0135869 0.00987281 0.00849139 0.0112035 0.00823676 0.00673753 0.00671667 0.00764133 0.0059905 0.00689967 0.00639088 0.00867956 0.00665154
threshold=0.032021377235651023 0.73274704813957225 0.0071547529660165319 150.00759124755862 365.87867736816412 0.98194324970245372 0.31166224181652075 0.047631332650780685 0.12108480185270311 1.0266266465187075 0.086205761879682555 0.0049413368105888375 0.90249067544937145 0.85736334323883068 0.058045646175742156 1.0776154994964602 0.88255447149276745
decision_type=2 2 2 2 2 2 2 2 2 2 2 2 2 2 2 2 2
left_child=8 2 3 5 9 -2 7 -4 10 -5 11 12 -1 -14 16 -16 -15
right_child=1 -3 6 4 -6 -7 -8 -9 -10 -11 -12 -13 13 14 15 -17 -18
leaf_value=0.00046371901199953371 0.00065969321030597385 -0.00080177182734823208 6.5481358114248303e-05 -0.001309472425525789 -5.2436076180913077e-05 -0.00026506165407725701 -0.00021801335556422905 0.0010751018612354527 0.00051106272453797005 -0.00050443904358374162 -0.00044595675131812974 0.00054117235484991923 -0.00048758898261035534 -0.00023671341098855229 0.00060975532295924498 -2.9787079861750247e-05 1.8728264807371039e-05
leaf_weight=70 54 54 61 51 87 62 60 50 84 53 79 69 72 296 100 113 1833
leaf_count=70 54 54 61 51 87 62 60 50 84 53 79 69 72 296 100 113 1833
internal_value=-4.08032e-06 -0.00014571 -7.15942e-05 -0.000256973 -0.000513509 0.000165428 0.00026122 0.000520265 2.36616e-05 -0.000899215 8.10622e-06 2.21567e-05 7.73964e-06 -5.48263e-06 9.33874e-06 0.000270468 -1.67864e-05
internal_weight=3248 532 478 307 191 116 171 111 2716 104 2632 2553 2484 2414 2342 213 2129
internal_count=3248 532 478 307 191 116 171 111 2716 104 2632 2553 2484 2414 2342 213 2129
is_linear=0
shrinkage=0.05


Tree=187
num_leaves=23
num_cat=0
split_feature=153 182 162 154 146 125 119 92 69 131 107 72 32 131 52 5 57 160 47 53 50 122
split_gain=0.0050361 0.0127197 0.00943246 0.00807216 0.0295415 0.0151149 0.00581335 0.00594552 0.00578942 0.00562512 0.00484968 0.0046999 0.00496733 0.00652738 0.00392273 0.00755973 0.00496791 0.00417045 0.00351106 0.00320908 0.00538188 0.0026896
threshold=0.17760632932186129 0.026534449309110645 292.31845092773443 0.20173130929470065 0.86895957589149486 0.086501080542802825 0.6265150010585786 0.42910419404506689 0.62751963734626781 1.0366782546043398 0.016210036352276806 0.47153042256832128 0.72499999403953563 1.0991362929344179 0.19166667014360431 0.018087024800479416 0.58723977208137523 1.2325974702835085 0.4916666597127915 0.66536733508110057 -1.0000000180025095e-35 0.0011649439693428578
decision_type=2 2 2 2 2 2 2 2 2 2 2 2 2 2 2 2 2 2 2 2 2 2
left_child=1 8 -3 4 -2 6 11 -8 9 -1 18 12 13 -5 15 16 -13 -16 -6 20 21 -11
right_child=3 2 -4 5 10 -7 7 -9 -10 19 -12 14 -14 -15 17 -17 -18 -19 -20 -21 -22 -23
leaf_value=0.00043173407098094445 0.0013675068474292536 -0.0010397507659050821 -0.00011336012394531281 2.331376476481987e-05 -8.8319020327545859e-05 -0.00070245522644836467 9.5682888898479115e-06 0.00076936416410128868 -0.00046327719296338421 -0.0003769908747184864 -0.00033047926725189694 6.2081511685016709e-05 0.00016546810330287114 -0.00070176867674809416 0.00060004790725928369 -0.00047652268079288593 -0.00014530263316578449 8.0322630674345424e-06 0.00048761873421343895 -0.0003380362324368553 0.00045589306592491686 0.00012544854369480162
leaf_weight=81 51 61 50 52 51 75 52 51 60 57 68 1629 53 77 59 78 351 60 55 69 58 50
leaf_count=81 51 61 50 52 51 75 52 51 60 57 68 1629 53 77 59 78 351 60 55 69 58 50
internal_value=-3.87631e-06 -0.0001523 -0.000622458 2.22402e-05 0.000309267 -3.21542e-06 1.80855e-05 0.000385778 -1.31331e-05 7.26086e-05 -9.07068e-07 2.03115e-06 -0.000242055 -0.000409487 2.24371e-05 6.29776e-06 2.5318e-05 0.000301553 0.000210517 -5.17041e-05 6.80348e-05 -0.000142206
internal_weight=3248 486 111 2762 225 2537 2462 103 375 315 174 2359 182 129 2177 2058 1980 119 106 234 165 107
internal_count=3248 486 111 2762 225 2537 2462 103 375 315 174 2359 182 129 2177 2058 1980 119 106 234 165 107
is_linear=0
shrinkage=0.05


Tree=188
num_leaves=22
num_cat=0
split_feature=136 30 101 5 142 84 9 94 96 166 131 7 114 34 31 101 22 4 5 33 94
split_gain=0.00466245 0.0132061 0.00567443 0.00515997 0.00556738 0.00387028 0.00440088 0.00665986 0.00535021 0.0064118 0.00739238 0.00556725 0.00848052 0.00574323 0.00526866 0.00712645 0.00634075 0.00420805 0.00416575 0.00406519 0.00405305
threshold=0.65835300087928783 1.0000000180025095e-35 0.6965671479701997 0.018087024800479416 0.98849895596504223 0.92458441853523265 1.0028188824653628 -3.1874804496765132 -0.42543494701385492 52.768093109130866 1.0454902052879336 -0.01423619734123349 0.0051417138893157252 0.35000000894069677 0.11666667088866235 0.83025160431861889 0.7014918625354768 0.054745255038142211 0.005015524337068201 -0.3000000044703483 -2.1049025058746333
decision_type=2 2 2 2 2 2 2 2 2 2 2 2 2 2 2 2 2 2 2 2 2
left_child=1 -1 -2 5 -5 6 7 14 11 19 -11 12 -8 -13 16 -16 -4 18 -9 -10 -19
right_child=2 -3 3 4 -6 -7 8 17 9 10 -12 13 -14 -15 15 -17 -18 20 -20 -21 -22
leaf_value=0.00034095255163825081 0.00051229250268079339 -0.00066840826630564258 -5.5965975912545841e-05 -0.00057635231231613902 8.0537627535787499e-05 0.00041116792495207244 -0.00037767700933424446 -0.00011859632750023522 0.00039249940199397319 9.3978350438798464e-05 0.00084723653274666418 0.0002547618447816557 0.00031229056888851567 -0.00011654199268031377 -0.0005216509511730441 6.9958371437031438e-05 0.00053346033029291523 -0.00041089468190161718 0.00052365832224313634 -9.9537008562216873e-05 -0.00010427258408300205
leaf_weight=52 55 86 74 78 55 60 165 51 64 57 76 274 61 168 58 416 119 121 50 122 986
leaf_count=52 55 86 74 78 55 60 165 51 64 57 76 274 61 168 58 416 119 121 50 122 986
internal_value=-3.68249e-06 -0.000288069 8.93661e-06 -1.25445e-07 -0.000304706 1.37381e-05 5.40622e-06 -3.95783e-05 9.08631e-05 0.00025932 0.000524412 1.04172e-05 -0.000191447 0.000113633 8.72372e-05 -2.43264e-06 0.000307463 -0.0001096 0.000199352 6.97658e-05 -0.000137788
internal_weight=3248 138 3110 3055 133 2922 2862 1875 987 319 133 668 226 442 667 474 193 1208 101 186 1107
internal_count=3248 138 3110 3055 133 2922 2862 1875 987 319 133 668 226 442 667 474 193 1208 101 186 1107
is_linear=0
shrinkage=0.05


Tree=189
num_leaves=35
num_cat=1
split_feature=153 182 162 81 159 107 161 4 155 72 87 183 186 147 120 86 74 153 159 27 19 177 165 7 130 119 181 32 17 54 10 10 109 86
split_gain=0.00452736 0.0112915 0.0084176 0.00617876 0.014552 0.0092941 0.0152142 0.0137938 0.00714549 0.00819465 0.0123397 0.00627288 0.00653063 0.00603229 0.00572582 0.00579385 0.00522377 0.00512835 0.00508474 0.00774023 0.00519975 0.00499403 0.00970605 0.00483062 0.00473867 0.00432473 0.00798109 0.00499901 0.00490522 0.00639653 0.00413255 0.00304388 0.00259103 0.00181067
threshold=0.17760632932186129 0.026534449309110645 292.31845092773443 0.052374677732586868 0.88017728924751293 0.025701418519020084 1.4419277906417849 0.29249531030654913 0.18971178680658343 0.55088406801223766 0.82272797822952282 -0.0014176018885336814 0 1.3883801698684695 0.018696663901209835 0.74548619985580455 0.37276914715766912 0.23622217774391177 1.1786645054817202 0.45833332836627966 0.36479106545448309 125.89142227172853 315.97363281250006 -0.0070858527906239024 1.1435568928718569 0.27322608232498174 0.020676788873970512 0.075000002980232253 0.9791666865348817 0.41867731511592871 1.0134909152984621 1.0081838369369509 0.02166257239878178 0.023485014215111736
decision_type=2 2 2 2 2 2 2 2 2 2 2 2 1 2 2 2 2 2 2 2 2 2 2 2 2 2 2 2 2 2 2 2 2 2
left_child=1 16 -3 5 -5 11 7 -7 -6 10 14 12 17 24 30 -16 -1 -2 19 -19 -20 -18 -23 -13 31 28 27 -27 29 -25 -10 -14 33 -24
right_child=3 2 -4 4 8 6 -8 -9 9 -11 -12 23 13 -15 15 -17 21 18 20 -21 -22 22 32 25 -26 26 -28 -29 -30 -31 -32 -33 -34 -35
leaf_value=-0.00044069273455534132 0.00060857794825611806 -0.00098140864410212452 -0.00010627226709038951 0.00089556993631758502 0.00047552702789270909 -0.0012404040514957162 0.00024255462940345752 -0.00012779079871296956 -0.0006034030147251758 -0.00051057422708915756 0.00074968668226664125 -0.00045936258185732491 1.9275723950417116e-06 0.00033180947803186937 0.00021274692184413332 -0.00022757088033416138 -0.00030756815036326864 0.00038005773380901371 -4.6244775175755088e-05 -0.00034592101507190489 0.00055021807407327659 0.00061793839947601624 0.00030876403793809006 0.00011220076263913036 0.00025215071514442873 -0.00042221366978165777 0.00065910551996109599 0.00013310673232856015 0.00032711870656585546 -0.00024694021811458945 -1.4083595257640507e-05 -0.00037712881154470336 -0.0003483907001791522 -9.281157978762167e-05
leaf_weight=60 83 61 50 59 98 60 64 52 59 66 61 75 81 86 272 103 69 63 54 88 113 82 50 170 60 55 56 154 59 458 60 153 50 64
leaf_count=60 83 61 50 59 98 60 64 52 59 66 61 75 81 86 272 103 69 63 54 88 113 82 50 170 60 55 56 154 59 458 60 153 50 64
internal_value=-3.49837e-06 -0.000144226 -0.000587203 2.12639e-05 0.000140687 -2.55665e-05 -0.00037242 -0.000723834 7.8743e-05 1.61265e-05 7.87612e-05 8.198e-06 0.000114996 -3.55895e-05 -4.08589e-06 9.18063e-05 -1.31042e-05 0.000252292 0.000167233 -4.30292e-05 0.00035735 6.83412e-05 0.000173779 -7.30186e-05 -0.000144271 -4.25818e-05 0.000129006 -1.30302e-05 -0.000108769 -0.000149721 -0.000306267 -0.000245917 -4.83005e-05 8.33181e-05
internal_weight=3248 486 111 2762 778 1984 176 112 719 621 555 1808 781 380 494 375 375 401 318 151 167 315 246 1027 294 952 265 209 687 628 119 234 164 114
internal_count=3248 486 111 2762 778 1984 176 112 719 621 555 1808 781 380 494 375 375 401 318 151 167 315 246 1027 294 952 265 209 687 628 119 234 164 114
cat_boundaries=0 1
cat_threshold=218
is_linear=0
shrinkage=0.05


Tree=190
num_leaves=18
num_cat=0
split_feature=99 1 39 129 129 102 169 147 175 98 169 37 118 7 111 19 97
split_gain=0.00717406 0.00558021 0.0044619 0.0049697 0.00421217 0.00536928 0.0111866 0.00389888 0.00604637 0.00577298 0.00429843 0.00444181 0.00421004 0.00389789 0.00419401 0.00246814 0.00212746
threshold=0.7421548366546632 0.074080549180507674 0.75000000000000011 1.0193966031074526 1.011445999145508 0.96419051289558422 0.022382680326700214 1.3979837298393252 77.942779541015639 0.96388715505599987 -0.31595094501972193 0.85833334922790538 0.08832524344325067 0.010662987362593414 0.039999786764383323 0.88112658262252819 0.93466532230377208
decision_type=2 2 2 2 2 2 2 2 2 2 2 2 2 2 2 2 2
left_child=-1 2 4 -4 13 6 -6 10 9 -9 12 -12 -7 15 -15 -2 -16
right_child=1 -3 3 -5 5 7 -8 8 -10 -11 11 -13 -14 14 16 -17 -18
leaf_value=0.00058490954729495566 -0.00020658162463624993 -0.00046018366791811011 1.1144641041138324e-05 -0.0006048006749635814 -0.000197184793301858 -0.0005211926724419195 0.00080443688678473891 -0.00029455610594212841 0.00064027203469569889 0.0002251368883258288 2.5560122759385962e-05 -0.00029822414606834566 -5.4489576522908067e-05 0.00026370615368805729 -0.00045348277728372329 -0.00064465779692445902 3.2172020177776909e-06
leaf_weight=50 87 70 66 65 50 78 63 76 57 180 1952 112 127 77 51 51 51
leaf_count=50 87 70 66 65 50 78 63 76 57 180 1952 112 127 77 51 51 51
internal_value=-9.40208e-06 -1.86506e-05 -8.81693e-06 -0.000294477 3.6072e-06 2.38862e-05 0.000361241 9.12197e-06 0.000174549 7.0853e-05 -1.36981e-05 7.99043e-06 -0.000232064 -0.000168796 -1.48501e-05 -0.000368479 -0.000225133
internal_weight=3263 3213 3143 131 3012 2695 113 2582 313 256 2269 2064 205 317 179 138 102
internal_count=3263 3213 3143 131 3012 2695 113 2582 313 256 2269 2064 205 317 179 138 102
is_linear=0
shrinkage=0.05


Tree=191
num_leaves=23
num_cat=0
split_feature=99 159 52 87 159 3 87 134 167 30 101 87 120 116 154 164 90 72 30 91 158 120
split_gain=0.00647459 0.0063769 0.0121742 0.00836593 0.00658725 0.00672344 0.0056361 0.00600377 0.0058905 0.00580321 0.00497919 0.00568017 0.00778594 0.00553861 0.00514107 0.00470166 0.00456427 0.00451082 0.00442124 0.00361327 0.00347006 0.00315335
threshold=0.7421548366546632 0.82729279994964611 0.10833333432674409 0.069265447556972518 0.88503879308700573 0.0069647959899157294 0.075591184198856368 0.97476252913475048 8.0005414485931414 0.12500000372529033 1.1458654403686526 0.15252687782049182 0.061254624277353294 -0.0021528785582631822 0.27297592163085943 230.80670166015628 0.33661502599716192 0.54404172301292431 0.42499999701976782 -0.062199885025620454 0.8700048327445985 0.094803657382726683
decision_type=2 2 2 2 2 2 2 2 2 2 2 2 2 2 2 2 2 2 2 2 2 2
left_child=-1 2 3 -2 5 21 7 8 9 15 11 12 -8 16 -12 -6 -13 -15 -5 -9 -11 -3
right_child=1 4 -4 18 6 -7 10 19 -10 20 14 13 -14 17 -16 -17 -18 -19 -20 -21 -22 -23
leaf_value=0.00055566406883735908 -0.0004679781201326371 0.00037068245645787107 -0.00093029003635923091 -0.00015092133669832979 0.00094886101626168694 0.00076985296618659049 3.4280520260588012e-05 0.00011071167027694174 -0.00017026725697824846 -0.00018585451039985788 0.00064448966179043055 -9.0722862328870436e-05 -0.00077402995196350214 -8.6094545017538326e-06 1.460370685495234e-05 0.00027320182895945277 -0.00074797146883793175 -0.00032434229878696699 0.00043939423961010765 -0.00045445318377929767 0.00026421214807902322 -0.0001779533566282639
leaf_weight=50 85 50 53 58 52 54 55 52 83 54 50 56 65 1738 92 51 50 121 70 62 207 55
leaf_count=50 85 50 53 58 52 54 55 52 83 54 50 56 65 1738 92 51 50 121 70 62 207 55
internal_value=-8.93198e-06 -1.77181e-05 -0.000252178 -8.34459e-05 3.44456e-06 0.00031647 -1.44073e-05 0.000127235 0.000209838 0.000296511 -5.00881e-05 -6.95991e-05 -0.000403554 -4.92049e-05 0.000236395 0.000614311 -0.000400746 -2.91601e-05 0.000171907 -0.000196659 0.000171095 8.33018e-05
internal_weight=3263 3213 266 213 2947 159 2788 561 447 364 2227 2085 120 1965 142 103 106 1859 128 114 261 105
internal_count=3263 3213 266 213 2947 159 2788 561 447 364 2227 2085 120 1965 142 103 106 1859 128 114 261 105
is_linear=0
shrinkage=0.05


Tree=192
num_leaves=18
num_cat=0
split_feature=99 1 183 49 129 16 99 87 27 84 119 156 111 138 6 54 83
split_gain=0.00584331 0.00489199 0.00610112 0.00448732 0.00388239 0.00415967 0.0108895 0.00818556 0.00766953 0.00492473 0.00531884 0.00447327 0.00411342 0.00511781 0.00434378 0.00370217 0.00120326
threshold=0.7421548366546632 0.074080549180507674 0.051482552662491805 0.55000001192092907 1.011445999145508 0.45833332836627966 1.0227242112159731 -0.076858479529619203 0.59166666865348827 -0.50887277722358693 0.086569007486104979 0.48666681349277502 0.039999786764383323 0.98937708139419567 0.2204651162028313 0.81259396672248851 0.30674073100090032
decision_type=2 2 2 2 2 2 2 2 2 2 2 2 2 2 2 2 2
left_child=-1 2 3 4 12 9 7 -7 -8 10 -6 -11 13 -2 -14 -5 -15
right_child=1 -3 -4 15 5 6 8 -9 -10 11 -12 -13 14 16 -16 -17 -18
leaf_value=0.00052788086007785745 0.00037127421486989726 -0.0004302417491063742 0.00053479705455566884 -0.00056684051419186724 -0.00016692623650024256 0.00044093078965405853 0.00020639634579332103 -6.9883999162584916e-06 0.00098513133067172024 -0.00024539363928303032 0.0004284215636126694 -1.4717901745612298e-05 -0.00014473818026839152 -0.0003770096320814836 -0.00075864933976845352 -3.3127020242318397e-05 -5.8473222007806833e-05
leaf_weight=50 56 70 51 66 62 110 86 1402 50 361 95 503 68 56 50 64 63
leaf_count=50 56 70 51 66 62 110 86 1402 50 361 95 503 68 56 50 64 63
internal_value=-8.48537e-06 -1.68322e-05 -7.62485e-06 -1.65717e-05 -3.95272e-06 1.50138e-05 6.41452e-05 2.55983e-05 0.000492696 -6.42895e-05 0.000193316 -0.0001111 -0.000176722 -2.28857e-05 -0.00040487 -0.000304089 -0.000208373
internal_weight=3263 3213 3143 3092 2962 2669 1648 1512 136 1021 157 864 293 175 118 130 119
internal_count=3263 3213 3143 3092 2962 2669 1648 1512 136 1021 157 864 293 175 118 130 119
is_linear=0
shrinkage=0.05


Tree=193
num_leaves=13
num_cat=1
split_feature=145 146 49 38 112 129 186 84 116 182 94 130
split_gain=0.00528805 0.0075217 0.00489761 0.00543656 0.00548738 0.00511716 0.00446565 0.00845798 0.0129554 0.00380825 0.00467094 0.00389913
threshold=0.74088475108146679 0.70980262756347667 0.55000001192092907 0.90000000596046459 0.02406276669353247 1.0193966031074526 0 0.53350189328193676 0.00061585070216096948 0.037860907614231117 -0.82161006331443776 1.0606549978256228
decision_type=2 2 2 2 2 2 1 2 2 2 2 2
left_child=-1 -2 3 4 6 -4 7 -3 -9 11 -11 -8
right_child=1 2 5 -5 -6 -7 9 8 -10 10 -12 -13
leaf_value=0.00045310265487670656 -0.00056675003639223881 -0.00012635888743245166 -1.5727861362833982e-05 0.00044844421713873195 -0.00047702770015651673 -0.00066246478522212753 3.9497291888702273e-05 7.2519034905060426e-06 0.0011292481822893024 -8.3709134831389591e-05 0.00053398993066208365 -8.3482483145588666e-05
leaf_weight=61 61 83 66 68 60 57 1255 53 50 55 69 1325
leaf_count=61 61 83 66 68 60 57 1255 53 50 55 69 1325
internal_value=-8.06111e-06 -1.68465e-05 -6.16711e-06 6.43725e-06 -3.75138e-06 -0.000315435 6.07442e-06 0.000236525 0.00055191 -1.06131e-05 0.000260011 -2.36609e-05
internal_weight=3263 3202 3141 3018 2950 123 2890 186 103 2704 124 2580
internal_count=3263 3202 3141 3018 2950 123 2890 186 103 2704 124 2580
cat_boundaries=0 1
cat_threshold=512
is_linear=0
shrinkage=0.05


Tree=194
num_leaves=16
num_cat=2
split_feature=145 146 39 38 129 129 186 84 130 186 57 184 7 95 122
split_gain=0.00488113 0.00714834 0.00431472 0.00495281 0.00534204 0.00457477 0.00455701 0.00940737 0.00432659 0.012407 0.00633628 0.00422252 0.00438273 0.00600152 0.00175444
threshold=0.7513311803340913 0.72705611586570751 0.75000000000000011 0.90000000596046459 1.011445999145508 1.0193966031074526 0 0.53350189328193676 1.0606549978256228 1 0.58807379007339489 0.07261009514331819 0.010662987362593414 0.68765360116958629 -0.00062691469793207933
decision_type=2 2 2 2 2 2 1 2 2 1 2 2 2 2 2
left_child=-1 -2 3 4 11 -4 7 -6 9 -8 -10 12 14 -14 -3
right_child=1 2 5 -5 6 -7 8 -9 10 -11 -12 -13 13 -15 -16
leaf_value=0.00039659705870603027 -0.00049927389466514194 -0.00010942313772453607 -2.0737609548422582e-05 0.00042509136462509905 -0.00011878094053827226 -0.00064663222748215124 0.00036492545183405096 0.00062447163440243307 -1.9474468193162279e-05 -2.4999651412607814e-05 -0.00036722681878217537 -0.00058632510556670811 -0.00020428480364968824 0.00052434647933114322 -0.0004812847630455508
leaf_weight=73 75 58 65 69 80 53 268 91 1274 768 146 58 65 50 70
leaf_count=73 75 58 65 69 80 53 268 91 1274 768 146 58 65 50 70
internal_value=-7.65805e-06 -1.6909e-05 -5.29511e-06 6.38144e-06 -3.4857e-06 -0.00030186 1.93751e-05 0.000261461 1.44929e-06 7.91501e-05 -5.52293e-05 -0.000203005 -0.000111513 0.000112511 -0.000312785
internal_weight=3263 3190 3115 2997 2928 118 2627 171 2456 1036 1420 301 243 115 128
internal_count=3263 3190 3115 2997 2928 118 2627 171 2456 1036 1420 301 243 115 128
cat_boundaries=0 1 2
cat_threshold=512 16
is_linear=0
shrinkage=0.05


Tree=195
num_leaves=18
num_cat=0
split_feature=184 141 120 45 110 48 172 179 180 157 148 181 52 111 136 97 4
split_gain=0.00589758 0.00541119 0.0051618 0.00770268 0.00600357 0.00974191 0.00807573 0.00585364 0.011754 0.00908923 0.0154809 0.00820765 0.0091848 0.00902018 0.00479945 0.0067437 0.00269135
threshold=0.16090227663517001 0.85967254638671886 0.53773367404937755 0.47499999403953558 0.082969471812248244 -1.0000000180025095e-35 94289244.000000015 14.446410179138185 434.16999816894537 1.4633292555809023 0.96522000432014476 0.023052530363202099 0.19166667014360431 0.06279540061950685 0.91013893485069286 0.98656377196311962 0.38243331015110021
decision_type=2 2 2 2 2 2 2 2 2 2 2 2 2 2 2 2 2
left_child=1 -1 4 -4 7 -6 -7 9 -9 11 -11 12 -3 -13 15 -10 -16
right_child=-2 2 3 -5 5 6 -8 8 14 10 -12 13 -14 -15 16 -17 -18
leaf_value=-0.00048225235699772328 0.00048104785091709348 4.1053146893197111e-05 -0.00071204832295093266 7.0217779900233907e-05 0.00083034602415362575 -0.00044793212914373721 0.00035829231066333996 -0.00079086034061523003 -0.00010634176721510585 0.00091758934617437748 -0.00011300700497356178 5.3354857243869414e-05 0.00060157698543036257 -0.00040100012891310875 -0.00025131466987832462 0.00038993633269424679 3.1361442221569341e-05
leaf_weight=58 64 1437 61 65 58 50 82 60 167 76 70 216 77 221 294 116 118
leaf_count=58 64 1437 61 65 58 50 82 60 167 76 70 216 77 221 294 116 118
internal_value=5.76591e-06 -3.66312e-06 5.09893e-06 -0.000308498 1.80882e-05 0.000290229 5.29043e-05 -4.18033e-08 -0.000119422 4.29398e-05 0.000423468 1.44636e-05 6.95606e-05 -0.000176422 -6.14566e-05 9.70796e-05 -0.000170354
internal_weight=3290 3226 3168 126 3042 190 132 2852 755 2097 146 1951 1514 437 695 283 412
internal_count=3290 3226 3168 126 3042 190 132 2852 755 2097 146 1951 1514 437 695 283 412
is_linear=0
shrinkage=0.05


Tree=196
num_leaves=20
num_cat=0
split_feature=148 157 160 166 52 38 5 111 183 97 92 62 116 140 3 106 112 88 100
split_gain=0.00496426 0.00913294 0.0134036 0.00868308 0.0125118 0.00697569 0.00707251 0.00577314 0.00606904 0.00790544 0.00782658 0.00637233 0.00740137 0.00494769 0.00755124 0.00696518 0.0063997 0.00595194 0.00419278
threshold=1.0121846795082095 1.4442155957221987 1.3635215163230898 70.15594863891603 0.19166667014360431 0.90000000596046459 0.020550528541207317 0.11437666043639184 -0.010778443887829779 1.0140397548675539 0.35159960389137274 0.38403181731700903 0.0039930227212607869 0.90807822346687328 0.017609914764761928 0.91230839490890514 0.018379328772425655 0.92534035444259655 0.93996441364288341
decision_type=2 2 2 2 2 2 2 2 2 2 2 2 2 2 2 2 2 2 2
left_child=1 5 -3 4 7 6 13 8 9 10 -2 -10 18 -1 16 -16 17 -15 -13
right_child=3 2 -4 -5 -6 -7 -8 -9 11 -11 -12 12 -14 14 15 -17 -18 -19 -20
leaf_value=0.00051436434030834152 4.7723966028655036e-05 0.0010266711851912433 4.0937433386058829e-05 -0.00069778780380147509 0.00062861697254394298 0.00049430582140929172 -0.00048072386756834487 -0.00045531719512295691 -0.00054937265073281844 -0.00023521838643079577 0.00073261679641560757 -0.00027606631620393163 0.00053082551771784024 0.00011601189822338364 -0.00075757281605579095 -5.1196542788400417e-05 -0.00044273405119234726 -0.00034008163872988317 -3.4810304218240829e-05
leaf_weight=51 86 59 83 51 68 77 71 89 70 76 81 228 51 1007 57 90 61 77 857
leaf_count=51 86 59 83 51 68 77 71 89 70 76 81 228 51 1007 57 90 61 77 857
internal_value=5.47762e-06 6.73458e-05 0.000450503 -5.54945e-05 -3.50979e-05 3.08547e-05 5.61723e-06 -6.44429e-05 -4.04347e-05 0.000187529 0.000379917 -8.63678e-05 -5.78375e-05 3.13285e-05 1.22613e-05 -0.000325098 5.55729e-05 8.36141e-05 -8.55074e-05
internal_weight=3290 1633 142 1657 1606 1491 1414 1538 1449 243 167 1206 1136 1343 1292 147 1145 1084 1085
internal_count=3290 1633 142 1657 1606 1491 1414 1538 1449 243 167 1206 1136 1343 1292 147 1145 1084 1085
is_linear=0
shrinkage=0.05


Tree=197
num_leaves=13
num_cat=0
split_feature=184 141 22 46 120 31 110 43 172 170 101 170
split_gain=0.00517018 0.00476588 0.00493225 0.00976239 0.00491346 0.00649975 0.00585535 0.00994575 0.00678084 0.00492473 0.00711481 0.00449418
threshold=0.16090227663517001 0.8649255931377412 0.93923956155776989 0.41666667163372045 0.53773367404937755 0.31666667759418493 0.082969471812248244 0.5000000149011613 94289244.000000015 7288903424.000001 0.6965671479701997 4438744064.000001
decision_type=2 2 2 2 2 2 2 2 2 2 2 2
left_child=1 -1 4 -4 6 -6 9 8 -8 10 -3 -12
right_child=-2 2 3 -5 5 -7 7 -9 -10 -11 11 -13
leaf_value=-0.00041777766746236016 0.00045021080753713253 -0.00060924505289899661 -7.1129420811142635e-05 0.00084399908476317414 -0.00070121132799801577 3.2333512827458366e-05 -0.00042045133964529671 0.0008277277609235362 0.00032927922737527348 0.00036447224535679978 1.7311477142394119e-06 -0.00030791537516880062
leaf_weight=68 64 51 68 51 58 63 50 57 76 84 2477 123
leaf_count=68 64 51 68 51 58 63 50 57 76 84 2477 123
internal_value=5.20373e-06 -3.62468e-06 5.29312e-06 0.000321069 -7.07189e-06 -0.000319283 5.87449e-06 0.000279689 3.17671e-05 -1.24466e-05 -2.43897e-05 -1.29175e-05
internal_weight=3290 3226 3158 119 3039 121 2918 183 126 2735 2651 2600
internal_count=3290 3226 3158 119 3039 121 2918 183 126 2735 2651 2600
is_linear=0
shrinkage=0.05


Tree=198
num_leaves=23
num_cat=0
split_feature=117 184 5 0 72 144 101 75 98 120 173 147 137 171 171 146 122 159 5 114 86 128
split_gain=0.00475079 0.016466 0.0063614 0.00599519 0.00578117 0.00547281 0.00572707 0.00567575 0.00496404 0.00593595 0.00528073 0.00490674 0.00459539 0.00434637 0.00394952 0.00564997 0.00647577 0.00731152 0.00703791 0.00507557 0.00679077 0.0023238
threshold=0.13228927552700046 0.13949579745531085 0.020550528541207317 0.035831775516271598 0.46077118813991552 0.8204876482486726 0.74280357360839855 0.44339121878147131 1.0409305691719057 0.0073608865495771178 1.023718595504761 1.3040386438369753 1.0131258964538576 119493840.00000001 11797556.000000002 0.74837079644203197 -0.0099380528554320318 1.1070768833160403 0.014226196799427273 0.0024445338640362029 0.037360375747084625 1.0276180505752566
decision_type=2 2 2 2 2 2 2 2 2 2 2 2 2 2 2 2 2 2 2 2 2 2
left_child=4 2 3 14 -1 -6 -7 13 9 10 -9 -11 -10 -8 19 -16 17 -17 -18 20 -2 -22
right_child=1 -3 -4 -5 5 6 7 8 12 11 -12 -13 -14 -15 15 16 18 -19 -20 -21 21 -23
leaf_value=-0.00050417547789341672 0.00029907405911759041 0.0009070466870418222 -0.00048153995984170781 0.00045104872481496039 -0.00055588092052494178 0.00038946651672366775 -0.0001448292976344116 5.5779913731385032e-05 -0.00058628509887057598 0.00014986460901553282 -0.00065732227953116385 -0.00018906519474022881 -1.0573183254869597e-05 -0.00071972544293385002 -0.0003995966824277275 -2.3826038444452495e-05 9.9855911098281301e-06 0.00062135507180048285 0.00052984778598909256 -0.00053001915299459004 -1.9527451432723967e-05 -0.00042441812572100005
leaf_weight=72 94 55 59 87 50 79 96 50 66 598 54 130 73 50 64 74 1153 108 69 65 63 81
leaf_count=72 94 55 59 87 50 79 96 50 66 598 54 130 73 50 64 74 1153 108 69 65 63 81
internal_value=4.94355e-06 5.40636e-05 2.9591e-05 4.58217e-05 -6.85502e-05 -4.33777e-05 -2.1952e-05 -5.10496e-05 -7.34553e-06 3.88632e-05 -0.000314485 8.93414e-05 -0.000283933 -0.000341712 2.5915e-05 5.98378e-05 8.07807e-05 0.000359029 3.93395e-05 -0.000138437 -3.14922e-05 -0.000247278
internal_weight=3290 1972 1917 1858 1318 1246 1196 1117 971 832 104 728 139 146 1771 1468 1404 182 1222 303 238 144
internal_count=3290 1972 1917 1858 1318 1246 1196 1117 971 832 104 728 139 146 1771 1468 1404 182 1222 303 238 144
is_linear=0
shrinkage=0.05


Tree=199
num_leaves=39
num_cat=0
split_feature=117 184 32 148 152 69 5 115 100 154 108 56 100 109 154 51 36 100 72 83 84 111 87 72 92 1 121 124 146 88 101 166 170 144 93 30 151 113
split_gain=0.00428759 0.0148606 0.00578169 0.00603526 0.0066402 0.00642809 0.00642473 0.00589409 0.00689565 0.00531629 0.00522981 0.00512415 0.00511667 0.0126079 0.0103464 0.00777274 0.00753807 0.00494486 0.00486186 0.00460185 0.0065762 0.00534281 0.00485858 0.006127 0.00701162 0.00635143 0.00549208 0.00488652 0.0045101 0.00445445 0.00548491 0.00686003 0.00432192 0.00369231 0.0034734 0.00341414 0.00293189 0.00238557
threshold=0.13228927552700046 0.13949579745531085 1.0000000180025095e-35 1.0078683495521548 0.36840485036373144 0.4823728501796723 0.0050726511981338271 0.0058264853432774552 0.9216105341911317 0.33923484385013586 0.060236200690269477 0.59051433205604564 0.95519196987152111 0.027533474378287796 0.20772723853588107 0.15000000596046451 0.55000001192092907 0.96901419758796703 0.46077118813991552 0.22114281356334689 -0.042674388736486428 0.041069807484745986 0.73114866018295299 0.5187722146511079 0.35159960389137274 0.034110775217413909 0.16673838347196582 0.01708305906504393 0.97097226977348339 0.79743820428848278 1.1458654403686526 57.764429092407234 520410160.00000006 0.97717621922492992 14.390840053558351 0.37500000000000006 1.1297582983970644 0.002402875456027687
decision_type=2 2 2 2 2 2 2 2 2 2 2 2 2 2 2 2 2 2 2 2 2 2 2 2 2 2 2 2 2 2 2 2 2 2 2 2 2 2
left_child=10 2 9 12 5 7 36 8 -5 -2 18 33 13 16 -15 -16 -4 -8 -1 20 34 -22 23 25 -25 28 -24 -27 -21 30 31 -14 -23 -6 35 -20 -7 -31
right_child=1 -3 3 4 11 6 17 -9 -10 -11 -12 -13 29 14 15 -17 -18 -19 19 22 21 32 26 24 -26 27 -28 -29 -30 37 -32 -33 -34 -35 -36 -37 -38 -39
leaf_value=-0.00050268573003863415 -0.00051062457314801179 0.00086169435473328288 0.00028740358186863188 -0.00059937283474616437 0.00064956247866468722 0.00017280581864656937 -0.00087096073997571021 0.00047852318808909948 2.7324520252434359e-05 4.0986470654994873e-05 -0.00051340759490549023 -0.00011963578418786551 -4.2511158892673189e-05 -0.00056021870336467956 0.0006366170927399903 -0.00014608963412746532 0.0010470567757864416 -0.00024695476451341847 0.00031481665666268038 0.00011939909593661571 -4.2604979845843149e-05 0.00016535999974896483 -3.877853706663084e-05 -0.00011491061420617943 0.00064360225445679619 -0.00012814154184774917 -0.00069175854157594533 -0.0008237428208522033 -0.00022481729442422723 4.3147263589643817e-05 0.0005778191703575431 0.00057873791413170833 0.00065839198641301868 0.00014548914749843206 -0.00045222508428068665 -0.00020530936481254932 -0.0002718389458205349 -0.00041215707890594126
leaf_weight=55 91 55 62 51 68 67 63 59 315 84 62 79 275 51 70 58 69 64 55 223 96 86 62 59 63 51 67 50 166 51 60 53 92 78 57 74 83 66
leaf_count=55 91 55 62 51 68 67 63 59 315 84 62 79 275 51 70 58 69 64 55 223 96 86 62 59 63 51 67 50 166 51 60 53 92 78 57 74 83 66
internal_value=4.69637e-06 5.13605e-05 2.81114e-05 5.56335e-05 -3.163e-05 -0.000107391 -0.000294802 1.47578e-05 -6.00022e-05 -0.000245851 -6.51227e-05 0.000204743 0.000154889 0.00031479 4.20047e-05 0.000281953 0.000687526 -0.000556501 -4.2994e-05 -2.19424e-05 0.000102279 0.00025804 -9.90566e-05 -4.02758e-05 0.00027678 -0.000119216 -0.000377923 -0.000472499 -2.74902e-05 5.67323e-05 0.000138278 5.78736e-05 0.000420186 0.000380263 -0.000127176 1.64498e-05 -7.3231e-05 -0.000213691
internal_weight=3290 1972 1917 1742 927 702 277 425 366 175 1318 225 815 310 179 128 131 127 1256 1201 460 274 741 612 122 490 129 101 389 505 388 328 178 146 186 129 150 117
internal_count=3290 1972 1917 1742 927 702 277 425 366 175 1318 225 815 310 179 128 131 127 1256 1201 460 274 741 612 122 490 129 101 389 505 388 328 178 146 186 129 150 117
is_linear=0
shrinkage=0.05


end of trees

feature_importances:
RSQR60=81
CORD60=78
STD60=76
obv=72
RSQR30=67
volatility_10=67
WVMA30=58
ROC60=55
volatility_20=55
QTLD60=52
BETA60=49
RESI30=49
MIN60=49
WVMA10=49
industry_id=49
STD30=48
WVMA60=47
KLOW=46
CORD20=44
CORR10=43
STD20=43
KSFT=41
VSUMP60=41
CORR60=41
RSQR20=41
VWAP0=40
KLEN=39
IMIN20=38
IMIN60=38
RESI20=38
MIN30=36
WVMA5=36
RSQR5=34
RESI5=34
STD10=33
RESI10=33
RESI60=33
MIN5=33
volume_ratio=33
CORD5=32
ROC20=32
STD5=32
volume_ma_5=32
return_1=32
VSTD5=31
SUMP60=30
ROC30=30
BETA30=30
KUP=29
CORD30=29
CORR20=28
MA5=27
BETA5=27
QTLD30=27
IMXD60=26
VSTD10=26
macd_signal=26
VSUMP20=25
CORD10=25
MIN10=25
volume_ma_20=25
SUMP30=24
ROC5=24
BETA20=24
QTLU60=24
return_5=24
KMID=23
QTLU5=23
boll_std=23
VSUMN20=22
QTLD20=22
VSTD60=22
WVMA20=22
atr_14=22
CORR30=21
MA60=21
VSTD20=21
rsi=21
volume_change=21
KUP2=20
CNTD60=20
QTLD5=20
VSTD30=20
IMXD30=19
VSUMP5=19
RSQR10=19
MAX60=19
return_10=19
LOW0=18
CNTP10=18
VSUMN30=18
VSUMN60=18
MA20=18
BETA10=18
MIN20=18
QTLU30=18
KLOW2=17
MAX30=17
kdj_j=17
IMAX60=16
CORR5=16
MA10=16
QTLD10=16
HIGH0=15
IMAX30=15
high_close_spread=15
MAX20=15
VMA5=15
ema_60=15
RSV30=14
SUMP20=14
VMA10=14
boll_mid=14
KMID2=13
RSV60=13
ROC10=13
MA30=13
MAX10=13
QTLU10=13
VMA60=13
RSV20=12
IMXD20=12
MAX5=12
kdj_k=12
IMAX20=11
VSUMP10=11
kdj_d=11
OPEN0=10
RANK60=10
IMIN10=10
CNTN60=10
SUMP10=10
VSUMD60=10
QTLU20=10
CNTP60=9
SUMN20=9
VSUMD20=9
sma_20=9
macd=9
IMIN30=8
CNTP20=8
SUMP5=8
SUMN60=8
low_close_spread=8
sma_5=8
RSV10=7
CNTD20=7
VSUMN5=7
open_close_spread=7
VMA30=7
RSV5=6
CNTP5=6
SUMN5=6
VSUMP30=6
VMA20=6
ema_12=6
RANK20=5
CNTP30=5
SUMN10=5
VSUMN10=5
VSUMD5=5
high_low_spread=5
KSFT2=4
IMAX10=4
IMXD10=4
CNTD10=4
CNTD30=4
CNTN20=3
CNTN30=3
SUMN30=3
SUMD60=3
VSUMD30=3
ema_26=3
RANK30=2
IMAX5=2
CNTN5=2
CNTN10=2
CNTD5=2
RANK5=1
IMIN5=1
IMXD5=1
SUMD5=1
VSUMD10=1

parameters:
[boosting: gbdt]
[objective: regression]
[metric: rmse]
[tree_learner: serial]
[device_type: cpu]
[data_sample_strategy: bagging]
[data: ]
[valid: ]
[num_iterations: 200]
[learning_rate: 0.05]
[num_leaves: 63]
[num_threads: 0]
[seed: 0]
[deterministic: 0]
[force_col_wise: 0]
[force_row_wise: 0]
[histogram_pool_size: -1]
[max_depth: 8]
[min_data_in_leaf: 50]
[min_sum_hessian_in_leaf: 0.001]
[bagging_fraction: 0.8]
[pos_bagging_fraction: 1]
[neg_bagging_fraction: 1]
[bagging_freq: 5]
[bagging_seed: 3]
[bagging_by_query: 0]
[feature_fraction: 0.8]
[feature_fraction_bynode: 1]
[feature_fraction_seed: 2]
[extra_trees: 0]
[extra_seed: 6]
[early_stopping_round: 0]
[early_stopping_min_delta: 0]
[first_metric_only: 0]
[max_delta_step: 0]
[lambda_l1: 0]
[lambda_l2: 0]
[linear_lambda: 0]
[min_gain_to_split: 0]
[drop_rate: 0.1]
[max_drop: 50]
[skip_drop: 0.5]
[xgboost_dart_mode: 0]
[uniform_drop: 0]
[drop_seed: 4]
[top_rate: 0.2]
[other_rate: 0.1]
[min_data_per_group: 100]
[max_cat_threshold: 32]
[cat_l2: 10]
[cat_smooth: 10]
[max_cat_to_onehot: 4]
[top_k: 20]
[monotone_constraints: ]
[monotone_constraints_method: basic]
[monotone_penalty: 0]
[feature_contri: ]
[forcedsplits_filename: ]
[refit_decay_rate: 0.9]
[cegb_tradeoff: 1]
[cegb_penalty_split: 0]
[cegb_penalty_feature_lazy: ]
[cegb_penalty_feature_coupled: ]
[path_smooth: 0]
[interaction_constraints: ]
[verbosity: -1]
[saved_feature_importance_type: 0]
[use_quantized_grad: 0]
[num_grad_quant_bins: 4]
[quant_train_renew_leaf: 0]
[stochastic_rounding: 1]
[linear_tree: 0]
[max_bin: 255]
[max_bin_by_feature: ]
[min_data_in_bin: 3]
[bin_construct_sample_cnt: 200000]
[data_random_seed: 1]
[is_enable_sparse: 1]
[enable_bundle: 1]
[use_missing: 1]
[zero_as_missing: 0]
[feature_pre_filter: 1]
[pre_partition: 0]
[two_round: 0]
[header: 0]
[label_column: ]
[weight_column: ]
[group_column: ]
[ignore_column: ]
[categorical_feature: 186]
[forcedbins_filename: ]
[precise_float_parser: 0]
[parser_config_file: ]
[objective_seed: 5]
[num_class: 1]
[is_unbalance: 0]
[scale_pos_weight: 1]
[sigmoid: 1]
[boost_from_average: 1]
[reg_sqrt: 0]
[alpha: 0.9]
[fair_c: 1]
[poisson_max_delta_step: 0.7]
[tweedie_variance_power: 1.5]
[lambdarank_truncation_level: 30]
[lambdarank_norm: 1]
[label_gain: ]
[lambdarank_position_bias_regularization: 0]
[eval_at: ]
[multi_error_top_k: 1]
[auc_mu_weights: ]
[num_machines: 1]
[local_listen_port: 12400]
[time_out: 120]
[machine_list_filename: ]
[machines: ]
[gpu_platform_id: -1]
[gpu_device_id: -1]
[gpu_use_dp: 0]
[num_gpu: 1]

end of parameters

pandas_categorical:null
