tree
version=v4
num_class=1
num_tree_per_iteration=1
label_index=0
max_feature_idx=186
objective=regression
feature_names=KMID KLEN KMID2 KUP KUP2 KLOW KLOW2 KSFT KSFT2 OPEN0 HIGH0 LOW0 VWAP0 RANK5 RANK10 RANK20 RANK30 RANK60 RSV5 RSV10 RSV20 RSV30 RSV60 IMAX5 IMAX10 IMAX20 IMAX30 IMAX60 IMIN5 IMIN10 IMIN20 IMIN30 IMIN60 IMXD5 IMXD10 IMXD20 IMXD30 IMXD60 CNTP5 CNTP10 CNTP20 CNTP30 CNTP60 CNTN5 CNTN10 CNTN20 CNTN30 CNTN60 CNTD5 CNTD10 CNTD20 CNTD30 CNTD60 SUMP5 SUMP10 SUMP20 SUMP30 SUMP60 SUMN5 SUMN10 SUMN20 SUMN30 SUMN60 SUMD5 SUMD10 SUMD20 SUMD30 SUMD60 VSUMP5 VSUMP10 VSUMP20 VSUMP30 VSUMP60 VSUMN5 VSUMN10 VSUMN20 VSUMN30 VSUMN60 VSUMD5 VSUMD10 VSUMD20 VSUMD30 VSUMD60 CORR5 CORR10 CORR20 CORR30 CORR60 CORD5 CORD10 CORD20 CORD30 CORD60 high_low_spread open_close_spread high_close_spread low_close_spread ROC5 ROC10 ROC20 ROC30 ROC60 MA5 MA10 MA20 MA30 MA60 STD5 STD10 STD20 STD30 STD60 BETA5 BETA10 BETA20 BETA30 BETA60 RSQR5 RSQR10 RSQR20 RSQR30 RSQR60 RESI5 RESI10 RESI20 RESI30 RESI60 MAX5 MAX10 MAX20 MAX30 MAX60 MIN5 MIN10 MIN20 MIN30 MIN60 QTLU5 QTLU10 QTLU20 QTLU30 QTLU60 QTLD5 QTLD10 QTLD20 QTLD30 QTLD60 VMA5 VMA10 VMA20 VMA30 VMA60 VSTD5 VSTD10 VSTD20 VSTD30 VSTD60 WVMA5 WVMA10 WVMA20 WVMA30 WVMA60 sma_5 sma_20 ema_12 ema_26 rsi macd macd_signal volume_change obv volume_ma_5 volume_ma_20 volume_ratio kdj_k kdj_d kdj_j boll_mid boll_std atr_14 ema_60 volatility_10 volatility_20 return_1 return_5 return_10 industry_id
feature_infos=[-0.19116878509521484:0.26440879702568054] [0:0.29056602716445923] [-1:1] [0:0.20870678126811981] [0:1] [0:0.18513114750385284] [0:1] [-0.20944282412528992:0.27926322817802429] [-1:1] [0.79088348150253296:1.2363518476486206] [1:1.2614866495132446] [0.77913534641265869:1] [0:1.123127818107605] [0.20000000298023224:1] [0.10000000149011612:1] [0.05000000074505806:1] [0.033333335071802139:1] [0.01666666753590107:1] [0:1] [0:1] [0:1] [0:1] [0:1] [0:0.80000001192092896] [0:0.89999997615814209] [0:0.94999998807907104] [0:0.96666663885116577] [0:0.98333334922790527] [0:0.80000001192092896] [0:0.89999997615814209] [0:0.94999998807907104] [0:0.96666663885116577] [0:0.98333334922790527] [-0.80000001192092896:0.80000001192092896] [-0.89999997615814209:0.89999997615814209] [-0.94999998807907104:0.94999998807907104] [-0.96666663885116577:0.96666663885116577] [-0.98333334922790527:0.98333334922790527] [0:1] [0:1] [0:0.89999997615814209] [0:0.86666667461395264] [0:0.76666665077209473] [0:1] [0:1] [0:0.94999998807907104] [0:0.86666667461395264] [0:0.76666665077209473] [-1:1] [-1:1] [-0.89999997615814209:0.89999997615814209] [-0.73333334922790527:0.73333334922790527] [-0.53333336114883423:0.55000001192092896] [0:1] [0:1] [0:1] [0:1] [0:1] [0:1] [0:1] [0:1] [0:1] [0:1] [-1:1] [-1:1] [-1:1] [-1:1] [-1:1] [0:1] [0:1] [0:1] [0:1] [0:1] [0:1] [0:1] [0:1] [0:1] [0:1] [-1:1] [-1:1] [-1:1] [-1:1] [-1:1] [-1:1] [-1:1] [-1:1] [-1:1] [-1:1] [-1:1] [-1:1] [-1:1] [-1:1] [-1:1] [0:1278.1053466796875] [-609.18585205078125:846.8878173828125] [0:974.81683349609375] [-643.82586669921875:0] [0.62054002285003662:1.6946687698364258] [0.18997053802013397:2.4984519481658936] [0.17986287176609039:2.7304379940032959] [0.10847613215446472:3.1231253147125244] [0:3.8858487606048584] [0.82847744226455688:1.3720581531524658] [0.67569911479949951:1.6551187038421631] [0.47084364295005798:2.1467325687408447] [0.37981250882148743:2.3302702903747559] [0.28354936838150024:2.2627885341644287] [0:0.23370383679866791] [0:0.46184605360031128] [0:0.6945805549621582] [0:0.73046290874481201] [0:0.7921484112739563] [-0.15098661184310913:0.079218901693820953] [-0.1597743034362793:0.11169236153364182] [-0.11194409430027008:0.064380347728729248] [-0.082391776144504547:0.04455064982175827] [-0.042342551052570343:0.026035528630018234] [0:1] [0:1.5511925220489502] [0:0.98509621620178223] [0:5.6140041351318359] [0:0.97190827131271362] [-0.15306159853935242:0.12282900512218475] [-0.27562883496284485:0.18283979594707489] [-0.48541036248207092:0.36133873462677002] [-0.72993779182434082:0.45976847410202026] [-1.3481085300445557:0.48698395490646362] [1:1.7859922647476196] [1:2.6328461170196533] [1:3.1521925926208496] [1:3.5681982040405273] [1:4.1182460784912109] [0.63849765062332153:1] [0.17776307463645935:1] [0.17636853456497192:1] [0.1193200945854187:1] [0.058607377111911774:1] [0.86654132604598999:1.561572790145874] [0.81227207183837891:2.1369435787200928] [0.69643199443817139:2.6345658302307129] [0.3990643322467804:3.1514716148376465] [0.20450547337532043:3.235806941986084] [0.73751205205917358:1.2002215385437012] [0.2584795355796814:1.4222958087921143] [0.19029754400253296:1.4969609975814819] [0.14863342046737671:1.8439903259277344] [0.10847613215446472:2.3333852291107178] [0:1.5576483219071e+21] [0:1.9380298055216949e+21] [0:2.193995830992971e+21] [0:2.1534569604221722e+21] [0:1.8995618870920447e+21] [0:9.7157688799886783e+20] [0:8.4455433825251072e+20] [0:9.5461977987065525e+20] [0:1.0128043871001893e+21] [0:8.8177342257923988e+20] [0:2.2360680103302002] [0:3.1622776985168457] [0:4.4721360206604004] [0:5.4772257804870605] [0:7.745966911315918] [2.0887205600738525:15386.345703125] [2.1142675876617432:14809.1455078125] [2.100736141204834:15168.4443359375] [2.1202452182769775:14629.1826171875] [0:100] [-813.7991943359375:673.22265625] [-581.02203369140625:632.6279296875] [-1:375.59368896484375] [-7410452480:156818915328] [0:4221982720] [0:3715231744] [0:4] [-2.7237470633968697e-13:100] [-2.613218343973378e-13:100] [-66.666664123535156:166.66667175292969] [2.1552073955535889:17019.099609375] [-1252.882080078125:0] [0:746.51605224609375] [2.1661982536315918:13861.0498046875] [0:1.4663242101669312] [0:1.0353131294250488] [-0.2001771479845047:0.20022560656070709] [-0.40991419553756714:0.6114996075630188] [-0.59975218772888184:4.2639741897583008] -1:6:10:1:4:9:5:3:0:2:8:7
tree_sizes=5869 5959 5955 5982 5970 5981 6018 5990 6022 6021 6035 6018 6038 6038 6015 6032 5995 6006 6051 6057 5994 5985 5982 5988 6031 5990 5889 6001 6075 6061 6007 5990 6023

Tree=0
num_leaves=63
num_cat=0
split_feature=100 1 150 129 43 100 118 182 120 125 126 7 150 110 7 11 28 118 161 56 169 185 99 84 81 118 122 183 183 169 10 181 47 148 88 92 182 137 57 1 54 179 140 155 120 109 181 17 108 27 87 1 133 169 172 149 116 130 156 1 68 120
split_gain=4.83194 3.96928 3.72732 2.42765 1.68722 1.59519 1.00052 0.923952 0.904688 0.877059 1.20842 0.774049 0.890608 0.830659 0.703907 0.6958 0.934039 1.02726 0.627408 0.755404 0.535496 0.434335 0.418632 0.415311 0.394966 0.380348 0.377221 0.375377 0.364914 0.375145 0.346939 0.330797 0.319964 0.310495 0.294132 0.288495 0.27968 0.276163 0.391851 0.322152 0.296661 0.256428 0.245443 0.24319 0.242805 0.241709 0.30165 0.234931 0.231583 0.220849 0.216293 0.21283 0.21245 0.211725 0.195677 0.19196 0.190175 0.18983 0.182248 0.196861 0.18163 0.179963
threshold=1.5160652399063113 0.10283489897847177 0.9774649739265443 1.7976169586181643 0.90000000596046459 1.3223475217819216 0.054589845240116126 0.047393023967742927 0.059499876573681838 -0.010046490933746098 0.10193592682480813 -0.078156486153602586 1.0465263128280642 0.057499570772051818 0.028968010097742084 0.88475704193115245 0.70000001788139354 0.46771457791328436 1.2607349753379824 0.42197626829147344 0.16632802784442904 0.23910246789455417 0.78463912010192882 -0.26750645041465754 -0.17837644368410108 0.2850938886404038 -0.047342505306005471 -0.098900038748979555 -0.098900038748979555 -0.10192857682704924 1.0691776871681216 0.065969508141279234 0.30833333730697637 0.69442537426948558 0.174119807779789 0.33094492554664617 0.069109477102756514 1.1351045370101931 0.47622083127498632 0.067317239940166487 0.47911325097084051 20.111593246459964 1.2262508869171145 0.41948787868022924 0.11086355149745943 0.079394049942493453 0.055590718984603889 0.045833334326744087 0.080736022442579283 0.44166666269302374 0.80140185356140148 0.10010562464594842 0.87104356288909923 -0.12344061210751532 43433532.000000007 1.1278980970382693 0.0015671722940169277 1.5790718197822573 0.23445239663124087 0.07179549336433412 0.60996448993682872 0.049289720132946975
decision_type=2 2 2 2 2 2 2 2 2 2 2 2 2 2 2 2 2 2 2 2 2 2 2 2 2 2 2 2 2 2 2 2 2 2 2 2 2 2 2 2 2 2 2 2 2 2 2 2 2 2 2 2 2 2 2 2 2 2 2 2 2 2
left_child=1 5 7 32 6 11 -5 43 23 10 15 12 28 27 21 -4 17 -17 19 44 22 30 -21 -8 -16 -18 -14 34 29 -1 -15 -26 -2 61 -13 56 -23 40 57 -40 52 -22 -35 45 60 46 54 -44 -20 -11 -50 -10 -7 -28 -3 -49 -29 -39 59 -54 -9 -34
right_child=3 2 9 4 -6 37 8 18 51 49 -12 13 26 14 24 16 25 -19 48 20 41 36 -24 -25 31 -27 53 35 -30 -31 -32 -33 33 42 -36 -37 -38 38 39 -41 -42 -43 47 -45 -46 -47 -48 55 50 -51 -52 -53 58 -55 -56 -57 -58 -59 -60 -61 -62 -63
leaf_value=-0.00079494598662908315 0.0024959219090233526 0.0050417979372109224 -0.0045600485568007536 0.0028563961584172574 0.017624972030668914 0.0023300490041438231 0.016609903607765888 0.0038688185881853719 0.0092178534578531649 0.0016631231074596036 -0.0071758935840358067 0.0048691535338475844 -0.0020185949972541875 0.0044943888810428908 0.0005315112708430391 -0.00023494074554882005 0.000643415141234999 -0.0085834269383779707 0.0031027400873562903 0.0027859932743449639 0.0010592680107904488 0.0055055335065131144 -0.00235541516138518 0.010841181841992998 0.0039614166973339845 0.0037215268968911071 -0.00020181639484521605 0.0041197861949961853 0.0050859553268031415 0.0036091071217087107 0.0037064817302808 0.0018873222056541598 0.010217043546855844 0.0080728045680241341 0.0091826582386166297 0.0039704199489634931 0.0090666828374758052 0.0063751035469251285 0.0065246137011102292 0.0013347142467475957 0.0066669143973165272 0.0043741079010421319 0.0061966211062099794 0.0021940789851136052 0.0020925087249957786 0.0058760004909250499 0.00055749216675972987 0.0031483050719904593 0.0070250226587968458 0.0052924109303716192 0.0030529859905754639 0.0047778946117464898 0.0053630916446016884 0.002765526368665454 0.0034377678946815294 0.005526411250361238 0.0043832120769832722 0.0089443871861431754 0.0048575271781035852 0.0092186070624536536 0.0081096844807448266 0.0066598426137732033
leaf_weight=63 66 545 79 55 69 79 52 50 53 92 65 109 91 26797 91 116 452 54 233 51 191 398 177 78 3979 129 93 43194 316 208 1474 202 64 100 62 32070 64 414 54 67 256 84 449 108 65 309 52 154 97 77 53 55 98 170 292 189 8143 87 2389 50 51 80
leaf_count=63 66 545 79 55 69 79 52 50 53 92 65 109 91 26797 91 116 452 54 233 51 191 398 177 78 3979 129 93 43194 316 208 1474 202 64 100 62 32070 64 414 54 67 256 84 449 108 65 309 52 154 97 77 53 55 98 170 292 189 8143 87 2389 50 51 80
internal_value=0.00418262 0.00414903 0.00246972 0.00703838 0.0105908 0.00419651 0.00893433 0.0035782 0.0103389 1.31471e-05 -0.000610653 0.00416521 0.00273693 0.00417674 0.00438912 -9.65077e-05 0.000373026 -0.00288681 0.00247542 0.00155153 0.000586327 0.00447816 -0.00120536 0.0131487 0.00379028 0.00132685 0.000756154 0.00409287 0.00393147 0.00258529 0.00445331 0.00386121 0.00587142 0.00608646 0.00643311 0.00408807 0.00599885 0.00524933 0.00620452 0.00365087 0.00504246 0.0020718 0.00573867 0.00446649 0.00447619 0.00467135 0.00425264 0.00544396 0.00408923 0.0033167 0.00562157 0.00695676 0.00488349 0.00171624 0.00448221 0.00445869 0.00416157 0.00682127 0.00496301 0.00666563 0.00601025 0.00824082
internal_weight=125904 124440 3422 1464 362 121018 293 2358 238 1064 895 117524 941 116583 33005 830 751 170 1052 669 503 28733 228 130 4272 581 354 83578 587 271 28271 4181 1102 1036 171 83407 462 3494 622 121 2872 275 892 1306 166 1198 889 792 383 169 150 108 2616 263 837 343 51337 501 2537 148 101 144
internal_count=125904 124440 3422 1464 362 121018 293 2358 238 1064 895 117524 941 116583 33005 830 751 170 1052 669 503 28733 228 130 4272 581 354 83578 587 271 28271 4181 1102 1036 171 83407 462 3494 622 121 2872 275 892 1306 166 1198 889 792 383 169 150 108 2616 263 837 343 51337 501 2537 148 101 144
is_linear=0
shrinkage=1


Tree=1
num_leaves=63
num_cat=0
split_feature=100 1 150 99 119 118 121 127 61 131 100 119 161 7 150 123 121 113 100 121 121 116 111 182 176 157 10 31 157 46 143 116 182 88 91 87 149 113 119 129 70 177 111 107 147 64 108 108 176 15 159 116 184 147 6 95 84 149 156 119 68 90
split_gain=4.37491 3.71619 3.39619 2.4024 1.54271 1.434 1.4039 1.16626 1.0007 0.94256 1.16349 1.03035 0.843932 0.709004 0.878915 0.738704 0.707527 0.656745 0.609847 0.553974 0.542178 1.57464 0.722548 0.686447 0.516073 0.491136 0.512971 0.467692 0.445435 0.437979 0.506629 0.428283 0.403176 0.382272 0.371018 0.363071 0.345491 0.332799 0.327301 0.465309 0.311674 0.294272 0.292257 0.274632 0.267157 0.264676 0.259676 0.255217 0.293827 0.251299 0.246324 0.235577 0.222429 0.245915 0.220077 0.2154 0.212814 0.204823 0.201812 0.193418 0.164558 0.162242
threshold=1.3616415262222292 0.10283489897847177 0.98216307163238536 1.6766970157623293 0.22965631633996966 0.054589845240116126 0.33515208959579473 1.3977535963058474 0.58275902271270763 1.2556230425834658 1.0568909645080569 0.51638275384902965 1.2364485263824465 -0.078156486153602586 1.0465263128280642 -0.074831303209066377 0.34271210432052618 -0.00022653621999779713 1.2080582380294802 0.44821199774742132 0.33137448132038122 -0.010160502977669237 0.098104707896709456 0.042631907388567931 -1.6246649622917173 0.53896602988243114 1.0832511782646181 0.15000000596046451 0.42460505664348608 0.38333334028720861 1.1398729681968691 0.0072103538550436505 0.039846887812018401 -0.055700814351439469 0.15230203419923785 0.35596726834774023 1.9037299752235415 0.021614815108478073 0.047598736360669143 1.6523375511169436 0.53574040532112133 102.19520568847658 0.23694752901792529 0.06556232646107675 0.86151453852653515 0.066717833280563368 0.13095537573099139 0.066733293235301985 9.3084878921508807 0.63749998807907116 0.84192630648612987 0.0074577878694981345 -0.23009760677814481 2.3398648500442509 0.0052219678182154903 1.5942117571830752 0.52743548154830944 0.93147471547126781 0.47927668690681463 0.31221674382686621 0.67269840836524974 -0.021040969528257843
decision_type=2 2 2 2 2 2 2 2 2 2 2 2 2 2 2 2 2 2 2 2 2 2 2 2 2 2 2 2 2 2 2 2 2 2 2 2 2 2 2 2 2 2 2 2 2 2 2 2 2 2 2 2 2 2 2 2 2 2 2 2 2 2
left_child=1 13 6 25 5 -5 37 34 12 49 16 28 17 14 19 31 51 35 20 -1 22 23 40 -22 -9 26 42 -24 -12 -27 38 36 -23 -16 -7 -8 46 50 39 45 -17 -19 43 -2 -14 -31 -15 -35 -49 56 59 -11 -20 -54 -33 -52 -4 -32 -57 -3 -39 -40
right_child=3 2 9 4 -6 7 8 24 -10 10 11 -13 44 15 33 18 -18 41 52 -21 21 32 27 -25 -26 29 -28 -29 -30 30 57 54 -34 47 -36 -37 -38 60 61 -41 -42 -43 -44 -45 -46 -47 -48 48 -50 -51 55 -53 53 -55 -56 58 -58 -59 -60 -61 -62 -63
leaf_value=0.00044476903021238188 0.00052764238060517144 -0.00073482917134477311 -0.0012277446045097359 -0.00081110482079614155 -0.00099781533459249411 0.0032156748449779118 -0.0059355906736812594 0.0079398634259169008 0.0017628312272456835 -0.0069951919202719806 -0.0067916123721372791 -0.010296077226224703 0.0003215905056040511 0.001068908345843273 -0.0014915529404725234 -9.7633733689798835e-05 -0.010269891605084987 -0.01084142002608564 0.0034735392770079638 -0.0037997701008134752 -0.00088747124042678279 -0.00016745820094431644 0.00071141726786414351 -0.0080033813873206846 0.014614753131129183 -0.003169784021070775 -0.0040380974698097987 9.6802126060044767e-05 -0.0019917696651194222 0.0015802015303086597 0.0049540915616076838 -0.003613475459860638 -0.00091873508370386671 -0.0027181979256293625 0.0076115667142706419 -0.001397748287746118 0.0045256451203220588 0.0010687919365640699 0.0014421428964323348 0.006714602898778942 0.00017218597854041584 -0.0058039747590092911 -0.001533931172825396 0.0045494026449424295 -0.0037380820847184009 0.005072233942814035 0.0041144502894021572 -0.0036116494396066464 -0.0086711514803270492 0.00077774482720260386 -0.00077810745515269992 -0.0025626375291601948 0.00039040964776230786 -0.0026281811918820227 6.5674298756414717e-06 0.00084208322288135864 -0.0052469207015644129 0.0017739450442604721 -0.0017515771932916585 -0.0041193412598659052 0.0043803381894461134 0.00048770582662232957
leaf_weight=527 186 124 87 57 85 96 83 51 98 69 57 51 117 1048 172 62247 141 59 58 90 53 17637 5364 94 67 51 78 7318 318 842 141 53 1987 92 96 94 88 118 816 51 12925 57 125 55 62 58 75 55 60 79 483 53 8671 68 202 700 53 79 84 64 55 980
leaf_count=527 186 124 87 57 85 96 83 51 98 69 57 51 117 1048 172 62247 141 59 58 90 53 17637 5364 94 67 51 78 7318 318 842 141 53 1987 92 96 94 88 118 816 51 12925 57 125 55 62 58 75 55 60 79 483 53 8671 68 202 700 53 79 84 64 55 980
internal_value=-1.85641e-06 -5.46502e-05 -0.00176198 0.0016436 0.00507188 0.00647767 -0.000699323 0.00781786 -0.0028349 -0.00433437 -0.00524259 -0.00362818 -0.00378951 -1.00439e-05 -0.00133847 1.17956e-06 -0.00785758 -0.00544202 -1.28654e-05 -0.00017437 -4.55824e-05 -0.000282148 7.65517e-06 -0.00543778 0.0117298 0.001196 -0.000356654 0.000356761 -0.00272135 0.00142442 0.00150339 0.00111655 -0.000243528 -0.00323359 0.00541362 -0.00352566 0.00150872 4.83902e-05 0.00131849 0.00206852 -5.12412e-05 -0.00836612 0.000427916 0.00144547 -0.00108455 0.00180524 0.00127231 -0.00468108 -0.00625139 -0.00147698 -0.000198115 -0.00506957 0.000387404 0.000366921 -0.000745834 5.24861e-05 -0.00274929 0.00381213 0.000564191 -0.001887 0.0021216 0.000921348
internal_weight=125904 121990 3106 3914 452 367 2198 310 570 908 689 426 472 118884 996 117888 263 293 116422 617 107625 19771 87854 147 118 3462 444 12682 375 3018 2967 1466 19624 379 192 177 1211 1628 2747 951 75172 116 366 241 179 900 1123 207 115 219 1455 122 8797 8739 255 1267 140 220 784 188 173 1796
internal_count=125904 121990 3106 3914 452 367 2198 310 570 908 689 426 472 118884 996 117888 263 293 116422 617 107625 19771 87854 147 118 3462 444 12682 375 3018 2967 1466 19624 379 192 177 1211 1628 2747 951 75172 116 366 241 179 900 1123 207 115 219 1455 122 8797 8739 255 1267 140 220 784 188 173 1796
is_linear=0
shrinkage=0.05


Tree=2
num_leaves=63
num_cat=0
split_feature=100 7 157 11 129 43 150 100 155 31 27 118 119 176 123 185 121 116 54 111 121 7 117 132 3 122 88 155 146 30 31 146 114 172 176 119 89 116 133 156 88 75 132 176 2 9 123 111 104 128 74 35 51 123 101 47 57 125 71 42 157 160
split_gain=3.99159 2.34851 2.30348 2.22545 2.00498 1.44377 1.43916 1.36745 1.14502 0.956914 1.11994 0.824279 0.795165 0.759631 0.718293 0.711016 0.599719 1.38097 1.06498 0.602088 0.550435 0.505789 0.504405 0.4976 0.491195 0.4879 0.42063 0.420265 0.388883 0.37704 0.358952 0.342407 0.374965 0.32664 0.323996 0.293893 0.277494 0.381515 0.263614 0.262774 0.243884 0.238187 0.249223 0.23336 0.22325 0.216409 0.204452 0.196409 0.192376 0.190395 0.183252 0.18239 0.178098 0.172751 0.170714 0.165511 0.195861 0.165479 0.154766 0.147631 0.140956 0.136218
threshold=1.5160652399063113 -0.078156486153602586 0.46256798505783087 0.9014112949371339 1.7976169586181643 0.90000000596046459 0.9125143587589265 1.2263433337211611 0.30820246040821081 0.050000002607703216 0.50833332538604747 0.032904392108321197 0.085097946226596846 13.028733253479006 0.050343986600637443 0.23910246789455417 0.31692336499691015 -0.0088533135131001455 0.41733077168464666 0.071129325777292265 0.32773174345493322 0.030800266191363338 0.096301939338445677 0.83624362945556652 0.012070818338543178 -0.0042416746728122226 0.064319759607315077 1.109072268009186 1.188448488712311 0.52500000596046459 0.41666667163372045 1.1350888013839724 -0.0057811199221760026 76214732.000000015 27.917580604553226 0.044157445430755622 0.72384390234947216 0.0065832799300551423 0.86331188678741466 0.37577509880065924 -0.1569586172699928 0.3979202806949616 0.95502048730850231 8.1482367515563983 -0.79993936419486988 1.0528233051300051 -0.055601051077246659 0.30023415386676794 1.1101196408271792 1.3101804852485659 0.39096873998641973 0.57500001788139354 -0.15000000596046445 -0.084143958985805498 1.2274427413940432 0.44166666269302374 0.60031911730766307 0.048984769731760032 0.50968626141548168 0.4083333313465119 0.76448369026184093 1.3374122977256777
decision_type=2 2 2 2 2 2 2 2 2 2 2 2 2 2 2 2 2 2 2 2 2 2 2 2 2 2 2 2 2 2 2 2 2 2 2 2 2 2 2 2 2 2 2 2 2 2 2 2 2 2 2 2 2 2 2 2 2 2 2 2 2 2
left_child=1 2 13 6 35 11 20 15 41 10 -10 -6 26 -1 22 16 19 18 -18 39 55 -21 -8 -19 -22 -15 -13 31 29 52 -24 32 -11 36 46 50 37 -17 57 -5 -37 44 -43 -14 -4 -44 58 -48 -12 59 -2 -38 -9 -33 -40 56 -3 -31 -30 -42 -47 -35
right_child=4 3 8 7 5 -7 14 28 9 27 48 12 43 25 -16 33 17 23 -20 21 24 -23 30 -25 -26 -27 -28 -29 34 38 -32 53 -34 61 -36 40 51 -39 54 -41 49 42 45 -45 -46 60 47 -49 -50 -51 -52 -53 -54 -55 -56 -57 -58 -59 -60 -61 -62 -63
leaf_value=-0.0030213140953106411 0.0055607654657214879 -0.003421401310252906 0.00060860303232983986 8.4527281504710044e-05 -0.0015565442226361484 0.012329122655606574 -0.010073809782099204 0.00053547172213690435 -0.009444290743505751 -0.0037103995681900415 -0.00071747450860041174 0.0047073170009893014 0.0047125127107408432 -0.0064588514649692704 -0.00072649101728753177 0.0035302273698846077 -0.00091515124312131063 -0.0042175511151958164 -0.0068475241087215437 0.00027731734618315534 -0.00148760057655726 -0.00037909400617032858 -0.0079081245913195219 -0.00021686331502437209 -0.007375429984551438 -0.012644858138325313 0.010527921819533282 -0.0055079506599883497 0.0040017950044980702 -0.0029923210166423221 -0.0024064215176853366 0.0030319272571553788 -0.00086690688798639033 -0.0017173971337396451 -0.00090624052999456494 0.0018840796002147426 0.0017263194170470042 0.00023803992377603814 7.1668765921380226e-05 -0.00014443171039132992 -0.0012532044376712293 -0.0026999817089138865 0.0034055630741640927 0.00018811801707845901 0.0045299153939563908 -0.0015925669003065612 0.0013720743784539629 -0.0017369009905554057 -0.0042593466582022503 -0.0017872606602707887 0.0022789882157680072 -0.0019553473402486475 0.0017577991691768388 -0.00024495351676481823 0.00058822106683500237 0.00057303604438202461 8.6086316886384133e-05 0.00034179650227694465 0.0015223374233397915 0.0014049102591220724 0.00039452482521556059 0.0010780972248318084
leaf_weight=99 50 72 97 17760 50 69 83 512 88 160 82 52 57 85 57 330 166 78 139 25342 91 3319 56 21904 58 51 77 57 130 98 63 60 421 93 154 384 75 120 3066 42568 69 81 50 57 58 114 1224 53 72 99 285 61 713 122 3344 250 89 60 122 215 411 82
leaf_count=99 50 72 97 17760 50 69 83 512 88 160 82 52 57 85 57 330 166 78 139 25342 91 3319 56 21904 58 51 77 57 130 98 63 60 421 93 154 384 75 120 3066 42568 69 81 50 57 58 114 1224 53 72 99 285 61 713 122 3344 250 89 60 122 215 411 82
internal_value=-1.76359e-06 -3.22997e-05 -0.00168701 -3.78612e-06 0.00259381 0.00582223 -0.00260142 1.3722e-05 -0.00110155 -0.00218188 -0.00494464 0.00428989 0.00549287 -0.00635319 -0.00568338 -3.50584e-05 -4.54749e-05 -0.00027742 -0.00361876 1.2615e-05 -0.00117601 0.000201304 -0.00708211 -0.000231059 -0.00377951 -0.0087786 0.00818163 -0.00136653 0.000590464 0.000441612 -0.00499546 -0.00105714 -0.00164997 0.00148807 0.00127972 0.00153329 0.00205416 0.00265231 0.000291414 -7.70283e-05 0.000993654 0.000313127 -0.000103389 0.00245032 0.00207593 0.000262392 0.00149988 0.00124304 -0.00237341 0.000100903 0.00276881 7.49836e-05 0.00124692 0.000835337 0.000341146 -0.000232166 -0.00148248 -0.0017262 0.00280142 0.000759101 -3.69579e-05 -0.000407508
internal_weight=125904 124440 2108 122332 1464 362 819 121513 1873 1062 242 293 243 235 259 112037 111276 22287 305 88989 560 28661 202 21982 149 136 129 820 9476 7793 119 763 581 761 1683 1102 586 450 6568 60328 767 811 656 114 155 575 1529 1277 154 383 335 136 1225 182 6410 411 161 158 252 284 525 175
internal_count=125904 124440 2108 122332 1464 362 819 121513 1873 1062 242 293 243 235 259 112037 111276 22287 305 88989 560 28661 202 21982 149 136 129 820 9476 7793 119 763 581 761 1683 1102 586 450 6568 60328 767 811 656 114 155 575 1529 1277 154 383 335 136 1225 182 6410 411 161 158 252 284 525 175
is_linear=0
shrinkage=0.05


Tree=3
num_leaves=63
num_cat=0
split_feature=99 1 150 119 106 118 44 121 61 125 126 7 151 119 66 169 110 99 7 129 108 161 160 3 185 11 109 172 158 132 169 0 148 150 10 43 149 1 122 94 89 161 54 176 108 181 47 92 154 158 89 169 170 21 55 46 116 134 150 46 161 116
split_gain=3.16061 2.64777 2.78563 1.91467 1.77762 1.17529 1.02538 0.980001 1.15015 0.870863 1.00667 0.828699 1.1418 0.792483 0.770455 0.765358 0.70443 0.62746 0.605813 0.569514 0.50428 0.456115 0.430158 0.411484 0.409608 0.392899 0.382555 0.373659 0.370354 0.339222 0.338061 0.325966 0.319182 0.318056 0.284183 0.279663 0.273416 0.268245 0.262036 0.328632 0.261873 0.253462 0.237771 0.260328 0.235926 0.250735 0.233217 0.230878 0.210577 0.209102 0.206541 0.196969 0.183292 0.182972 0.175767 0.188771 0.162222 0.147873 0.144443 0.14345 0.137141 0.136701
threshold=1.6766970157623293 0.10283489897847177 0.98216307163238536 0.22965631633996966 1.2410994172096255 0.054589845240116126 0.75000000000000011 0.33515208959579473 0.58275902271270763 -0.0040971920825541011 0.079335745424032225 -0.07352502271533011 1.1296053528785708 0.47628271579742437 -0.048972660675644868 0.096102815121412291 0.057499570772051818 1.2703058123588564 0.019924899563193325 1.6523375511169436 0.078521460294723525 1.1623654961586001 0.93821576237678539 0.013807835523039104 0.10462879389524461 0.88475704193115245 0.081725183874368681 89450624.000000015 0.73394727706909191 0.8685191571712495 -0.067242912948131547 -0.024124159477651116 0.9596480429172517 1.3084298372268679 1.0271126031875613 1.0000000180025095e-35 0.78334447741508495 0.082415800541639342 -0.028484706766903397 0.084016848355531706 0.21324712783098224 1.0403678417205813 0.54860761761665355 1.7725233435630801 0.080736022442579283 0.044449536129832275 0.37500000000000006 0.33094492554664617 0.23275989294052127 0.7016507387161256 -0.17460039258003232 0.17702493816614154 864843008.00000012 0.9987584948539735 0.55555570125579845 0.38333334028720861 0.0015671722940169277 0.89788928627967846 0.81894254684448253 0.45000000298023229 0.93189451098442089 -0.0066763863433152429
decision_type=2 2 2 2 2 2 2 2 2 2 2 2 2 2 2 2 2 2 2 2 2 2 2 2 2 2 2 2 2 2 2 2 2 2 2 2 2 2 2 2 2 2 2 2 2 2 2 2 2 2 2 2 2 2 2 2 2 2 2 2 2 2
left_child=1 4 7 5 11 -2 28 34 15 10 13 12 22 25 19 26 38 -15 24 29 41 31 30 -8 35 -4 -9 -26 40 -6 -1 -17 -5 -27 51 -18 -20 -38 39 50 -7 -14 43 -31 60 -46 -47 56 -10 -21 -13 58 -28 -49 55 -24 -40 -53 -3 -23 -36 -11
right_child=3 2 9 32 14 6 23 8 48 61 -12 16 20 17 -16 21 18 -19 36 49 -22 59 54 -25 27 33 52 -29 -30 42 -32 -33 -34 -35 44 -37 37 -39 47 -41 -42 -43 -44 -45 45 46 -48 53 -50 -51 -52 57 -54 -55 -56 -57 -58 -59 -60 -61 -62 -63
leaf_value=-0.0055161850948817091 -0.0006353803338863636 -0.0010375538237655016 -0.007174689856429513 -0.0048872048007324344 -0.0015771624514920827 0.0044879308790922263 0.0075446408223726006 -0.0093246200412023268 0.0029599980948577555 -0.0023139186386536247 -0.0097368061641384274 0.00074253897681566226 -0.0051693512773993665 -0.0038310815193453585 -0.0037281651322578152 -0.0015100204313913471 -0.0013987254327555048 -0.011186858021507137 0.00036775385544158878 0.0059361810790826844 -0.0062946389952666937 -0.0014639448095243844 -0.0031710806912742559 0.013726738720249973 0.0012534901842958949 -0.0018560165787917067 -0.0064386808823317064 -0.000279038362547545 0.0019440103853312768 0.0013946818946495103 -0.0008431926210584952 -0.0063054747385526636 0.00063251912720840094 -0.004153076046287456 -0.0023317470653530432 0.00025343247191038267 -0.00029739394939460754 -0.0014207945818451094 -6.5357167306272262e-05 0.00034647103238036857 0.008803049379150522 -0.0013770405214477931 0.0034820128193435575 0.00064045119634578826 0.0048711310635553675 -0.0019089664256099759 0.0018168809787495483 -0.00020465088299249608 -0.00034889048426675628 0.0023903221096495328 0.0045395321754460975 -0.00040822295625315822 -0.0021995982000554055 0.0022679080265030887 0.0015291273749274601 8.011873533287057e-05 0.00018020463076338922 0.0021476369476383268 -0.0038100490642880855 0.0015377917688359352 0.00034742003762165387 0.00046953652891080084
leaf_weight=62 63 163 52 50 138 83 51 61 88 66 73 63 59 59 89 68 259 57 1320 68 123 89 50 57 1859 430 51 506 73 1709 103 74 55 232 51 23171 3908 615 42640 914 61 174 90 3461 54 51 238 31570 106 107 83 397 51 75 192 417 7985 66 66 72 753 133
leaf_count=62 63 163 52 50 138 83 51 61 88 66 73 63 59 59 89 68 259 57 1320 68 123 89 50 57 1859 430 51 506 73 1709 103 74 55 232 51 23171 3908 615 42640 914 61 174 90 3461 54 51 238 31570 106 107 83 397 51 75 192 417 7985 66 66 72 753 133
internal_value=-1.67542e-06 -1.73824e-05 -0.00135358 0.00399391 2.2119e-05 0.00561487 0.00682645 -0.000430103 -0.0020829 -0.00344776 -0.00410759 -2.00533e-05 -0.00133834 -0.00361249 0.000887224 -0.00342964 -6.52273e-06 -0.00744556 0.000194339 0.000960931 -0.0037046 -0.00194342 -0.000316025 0.0108074 0.000298471 -0.00298975 -0.00619236 0.0009256 0.00484515 0.000869923 -0.0025991 -0.00400906 -0.00199592 -0.00266103 0.000163069 0.000235169 -0.000265372 -0.000450145 -8.27841e-05 0.000698336 0.00631586 -0.00233733 0.000934124 0.00088977 0.00064585 0.00174374 0.00115938 -9.28483e-05 0.00115205 0.00376814 0.0029011 -0.000637146 -0.00431914 -0.000198791 0.000255611 -0.000267975 -2.66251e-05 -4.38887e-05 -0.00183661 -0.000121553 0.000177473 -0.000453619
internal_weight=125904 125411 3601 493 121810 388 325 2499 660 1102 903 116148 1180 830 5662 466 114968 116 31638 5573 356 303 824 108 25795 714 163 2365 217 5398 165 142 105 662 1839 23430 5843 4523 83330 1060 144 233 5260 5170 1147 343 289 82270 194 175 146 692 102 31645 659 467 50625 463 229 161 804 199
internal_count=125904 125411 3601 493 121810 388 325 2499 660 1102 903 116148 1180 830 5662 466 114968 116 31638 5573 356 303 824 108 25795 714 163 2365 217 5398 165 142 105 662 1839 23430 5843 4523 83330 1060 144 233 5260 5170 1147 343 289 82270 194 175 146 692 102 31645 659 467 50625 463 229 161 804 199
is_linear=0
shrinkage=0.05


Tree=4
num_leaves=63
num_cat=2
split_feature=100 1 151 99 119 118 160 127 126 157 169 114 7 151 7 181 135 110 7 176 157 7 119 81 116 154 176 183 116 85 127 54 176 92 56 182 1 108 156 186 183 117 27 156 10 169 183 1 141 119 152 161 169 158 36 132 170 57 148 131 92 186
split_gain=3.37626 2.80104 2.25783 1.70984 1.3071 1.1424 0.946645 0.919141 0.826324 0.880365 0.766948 0.563418 0.550576 0.582382 0.482006 0.499577 0.612401 0.459 0.492718 0.451011 0.423289 0.509529 0.416424 0.415002 0.380171 0.369285 0.34283 0.391943 0.338727 0.337556 0.324642 0.323879 0.438571 0.32114 0.314868 0.306061 0.290107 0.288287 0.284777 0.273238 0.268788 0.261326 0.398521 0.256047 0.251441 0.735768 0.288815 0.243183 0.234474 0.233728 0.222897 0.218433 0.285389 0.204597 0.19889 0.221584 0.182943 0.180005 0.199201 0.179703 0.172011 0.171536
threshold=1.346723794937134 0.10283489897847177 1.0355036258697512 1.6766970157623293 0.22965631633996966 0.054589845240116126 1.1602930426597597 1.3977535963058474 0.091348294168710722 0.37266705930233007 0.16132020950317386 0.011850590817630293 -0.078156486153602586 1.0985740423202517 0.075312182307243361 0.055590718984603889 0.6978575885295869 0.048262516036629684 0.030800266191363338 -1.6246649622917173 0.53896602988243114 -0.063387293368577943 0.47628271579742437 -0.15338256210088727 -0.004394431132823228 0.19211409240961078 2.7748689651489262 -0.098900038748979555 0.0039296965114772328 -0.20534028857946393 1.1732626557350161 0.52501115202903759 1.7725233435630801 0.38708022236824041 0.46858812868595129 0.047393023967742927 0.093923941254615798 0.088954634964466109 0.47664487361907965 0 0.093865841627120986 0.076034635305404677 0.27500000596046453 0.3143093883991242 1.0618186593055727 -0.54118710756301869 -0.098900038748979555 0.13601773977279666 1.1033464670181277 0.07289461046457292 0.17533160001039508 1.1497058272361758 -0.073682662099599824 0.84843590855598461 0.94999998807907116 0.96897169947624218 9191682048.0000019 0.29488630592823034 0.62565904855728161 2.2522940635681157 0.29065684974193579 1
decision_type=2 2 2 2 2 2 2 2 2 2 2 2 2 2 2 2 2 2 2 2 2 2 2 2 2 2 2 2 2 2 2 2 2 2 2 2 2 2 2 1 2 2 2 2 2 2 2 2 2 2 2 2 2 2 2 2 2 2 2 2 2 1
left_child=1 11 6 20 5 -5 10 30 9 -4 14 12 13 51 15 -3 -17 -14 44 -9 21 -2 34 24 -20 29 -15 -28 37 53 -7 32 57 59 -11 -12 -33 61 39 -8 47 50 -43 -25 46 -46 -19 -16 -36 -32 -37 52 -1 -22 55 56 -30 -27 -59 -23 -39 -13
right_child=3 2 8 4 -6 7 38 19 -10 22 35 28 17 26 40 16 -18 18 23 -21 25 33 -24 43 -26 31 27 -29 54 -31 49 36 -34 -35 48 41 -38 60 -40 -41 -42 42 -44 -45 45 -47 -48 -49 -50 -51 -52 -53 -54 -55 -56 -57 -58 58 -60 -61 -62 -63
leaf_value=-0.0048591992079029577 -0.0036993739484308245 -0.00017901677417347004 -0.0095255602941901052 -0.0008738438629169933 -0.0012166271305018613 0.0012187419628140097 0.0010666437588041494 0.0067015472906824282 -0.0084870088053867233 -0.0012487331573061561 0.0006708225817291005 0.0017939735907135336 -9.9076892087148589e-05 -0.0010308623313462842 -0.0040367339766589792 -0.00027645143224314475 -0.0056694443515957673 0.0020846041415196769 -0.0064153783461626847 0.012941512687882382 0.0073222956154495485 0.00037593585669431682 -0.0065885256553883664 0.00031243734796956586 -0.0012424550020199621 -0.0010313222061513979 -0.00649407437973423 -0.001904815998250865 -0.00010201496716796743 0.001295056222743433 0.007866680434785344 0.0041684374646580626 0.0005315110682493153 0.0041742810363066384 -0.0021449271809413201 -0.0013259745716943214 9.4332755355524918e-05 0.00092304770006477587 -0.0021230245241561558 -0.00082760607201218586 -0.0020527772365872246 -0.0047164667321339948 0.00021653344274696329 -0.00051503825627150944 -0.0063103492585942153 -0.00018783756874713069 0.00018874875472920909 -0.0082726783196752276 -0.0054711930554521351 0.0037943373444368658 -0.0059336035543450499 0.00038154383952658695 -0.00046663350030939633 0.0032642689321286662 0.0028872336451582449 0.00077916573583587494 -0.0019959718396799493 0.0044521958013095404 0.0017853997330688678 -0.0027330556211315775 0.0041576367184808036 0.00047146669443463905
leaf_weight=52 92 191 53 58 88 51 711 51 90 294 290 395 70565 132 64 84 141 202 51 67 50 300 64 1299 117 51 100 87 741 143 72 148 2062 50 108 53 62 61 109 252 52 50 226 3335 50 2640 36419 72 104 69 52 377 128 82 66 661 154 77 773 55 126 685
leaf_count=52 92 191 53 58 88 51 711 51 90 294 290 395 70565 132 64 84 141 202 51 67 50 300 64 1299 117 51 100 87 741 143 72 148 2062 50 108 53 62 61 109 252 52 50 226 3335 50 2640 36419 72 104 69 52 377 128 82 66 661 154 77 773 55 126 685
internal_value=-1.59164e-06 -5.08693e-05 -0.00154446 0.00135887 0.00425763 0.00556669 -0.000795866 0.0067717 -0.0040086 -0.00336164 -0.00171663 -1.22822e-05 -2.95252e-05 -0.00127827 -0.00300916 -0.00205963 -0.00365606 -1.99863e-05 0.00010653 0.0102446 0.0010238 -0.000340374 -0.00278851 -0.000371584 -0.00281281 0.00122044 -0.00298182 -0.00435896 0.0006774 0.0029781 0.00463732 0.0010681 0.000933618 0.000422659 -0.00230787 -0.000553163 0.00296561 0.00128997 0.000299261 0.000573434 -0.00511026 -0.00148481 -0.000677126 -0.000283081 0.000164934 -0.000301639 0.000199206 -0.00627929 -0.00377668 0.00587383 -0.00360785 -0.000302631 -0.0017356 0.0048014 0.000198898 8.48688e-05 -0.000427903 0.00185387 0.00202698 -0.000105739 0.0031025 0.000976138
internal_weight=125904 121503 3060 4401 456 368 2347 310 713 623 1275 118443 115554 876 604 416 225 114678 44113 118 3945 497 570 4802 168 3448 319 187 2889 275 192 3173 2963 405 506 671 210 1267 1072 963 188 381 276 4634 39311 2690 36621 136 212 141 105 557 180 132 1622 1556 895 901 850 355 187 1080
internal_count=125904 121503 3060 4401 456 368 2347 310 713 623 1275 118443 115554 876 604 416 225 114678 44113 118 3945 497 570 4802 168 3448 319 187 2889 275 192 3173 2963 405 506 671 210 1267 1072 963 188 381 276 4634 39311 2690 36621 136 212 141 105 557 180 132 1622 1556 895 901 850 355 187 1080
cat_boundaries=0 1 2
cat_threshold=626 43
is_linear=0
shrinkage=0.05


Tree=5
num_leaves=63
num_cat=0
split_feature=100 1 149 129 100 48 121 120 121 119 1 176 56 114 182 121 161 174 15 111 121 101 119 169 182 36 123 57 143 132 53 155 100 11 59 1 148 169 156 107 86 76 7 31 152 96 185 163 175 1 37 181 182 161 1 54 154 121 107 8 70 21
split_gain=3.09572 2.40992 2.37733 1.16147 1.067 0.879733 0.780227 1.0907 0.676892 0.67488 0.676405 0.658846 0.622307 0.619906 0.748278 1.20582 0.945378 1.0056 0.591679 0.489235 0.660663 0.463204 0.44901 0.445655 0.436128 0.432217 0.369555 0.360386 0.305253 0.325142 0.574598 0.357888 0.296055 0.321857 0.295713 0.300158 0.553419 0.295661 0.274839 0.307757 0.270885 0.25722 0.247246 0.24252 0.285993 0.22646 0.21338 0.277558 0.246651 0.210248 0.209774 0.205982 0.204319 0.1947 0.193026 0.210035 0.202703 0.189002 0.188496 0.186311 0.176404 0.167103
threshold=1.5160652399063113 0.10283489897847177 0.87769407033920299 1.7976169586181643 1.200165927410126 -0.90000000596046437 0.42039489746093756 0.24495272338390353 0.50432491302490245 0.047598736360669143 0.10283489897847177 4.9636933803558358 0.49676200747489935 0.011850590817630293 0.046169448643922813 0.19446891546249392 1.1497058272361758 11.774296760559084 0.63749998807907116 0.096485745161771788 0.41031002998352056 1.2501584291458132 0.3470886498689652 -0.038358047604560845 0.0384300034493208 0.28333334624767309 -0.071271691471338258 0.59122440218925487 0.81788548827171337 0.89446994662284862 0.27581378817558294 0.41948787868022924 0.90179818868637096 0.91686162352561962 0.55446743965148937 0.010039384942501785 2.8563680648803715 0.18267807364463809 0.3143093883991242 0.053350806236267097 -0.6969204545021056 0.57946476340293895 0.018872499465942386 0.81666666269302379 0.12975401431322101 -4.0168042182922354 0.30318842828273779 70.502033233642592 87.442893981933608 0.058894908055663116 0.84166666865348827 0.068556874990463271 0.039125138893723495 1.2731813192367556 0.086725641041994109 0.55404895544052135 0.2705806195735932 0.48893642425537115 0.06556232646107675 -0.5465891659259795 0.48207917809486395 0.12500220537185672
decision_type=2 2 2 2 2 2 2 2 2 2 2 2 2 2 2 2 2 2 2 2 2 2 2 2 2 2 2 2 2 2 2 2 2 2 2 2 2 2 2 2 2 2 2 2 2 2 2 2 2 2 2 2 2 2 2 2 2 2 2 2 2 2
left_child=1 4 8 40 13 -5 18 11 28 -7 -11 -8 -10 14 19 43 17 -17 22 38 25 34 32 -24 -22 -21 59 51 58 30 -30 -31 33 -4 -6 -36 -37 -14 39 -1 -2 -28 -40 -16 -45 -32 52 -48 -49 -43 -18 57 -29 -33 55 -42 61 -15 -3 -23 -25 -56
right_child=3 2 6 5 21 9 7 -9 12 10 -12 -13 37 27 15 16 50 -19 -20 20 24 26 23 60 -26 -27 41 46 29 31 45 53 -34 -35 35 36 -38 -39 42 -41 54 49 -44 44 -46 -47 47 48 -50 -51 -52 -53 -54 -55 56 -57 -58 -59 -60 -61 -62 -63
leaf_value=6.3828157109560766e-05 -0.0018006016586125846 0.003544790570648681 -0.0072597594290359502 0.010204372016080251 0.0010137935187578052 0.0070248674441695446 -0.0029083403362517037 -0.0011682207800407449 -0.00010847365066997315 0.0048075546678539721 -0.0011768987443444888 -0.0090541719355252993 -0.0084768398352898667 0.0012722768329875179 0.000293552997560046 0.0003825913759129369 -0.00025883414923966663 -0.0036691701932743156 0.0003018092922028028 0.00013266812305697272 -0.00011412240054694875 0.0027543398796175318 -0.0078317867793838303 -0.0050235377632264723 -0.001615667172669167 0.00075174379715537819 0.00072397937212378277 0.00093115321850001983 -0.0051494848184488913 0.00074358317918571024 0.00017490312368807637 -0.0045579407594632361 -0.0016501350047246292 -0.0023234479273121582 0.0038096626216714623 6.6137494518591504e-06 -0.005279752723814455 -0.0031410105645018459 -9.1455078360191028e-05 0.0012752754467340339 0.0019466691953131253 -6.417515339252328e-05 -0.00040066250636511789 -0.0045770939309687283 -0.00054709721703543929 -0.0018344583435654861 0.0044847179863609201 0.0021670341114735322 -0.0022146366433634496 -0.0033456701926815394 -0.0030453206271222619 0.0029700038560867841 -0.00033188534850352516 -0.00042151781526627023 0.0034451949722639225 0.0053166785442736002 -9.947124969105998e-05 -0.0016261181231432905 -0.00015481171738227002 -0.00040034568364386692 -0.0013452494287464235 -3.3598516645999453e-05
leaf_weight=16009 59 95 54 62 823 97 62 115 95 97 92 147 50 899 1785 194 774 727 184 6495 2018 314 78 61 636 4982 5667 451 74 915 422 50 533 85 51 5036 50 54 63958 542 614 196 7192 52 287 210 64 84 52 65 74 172 1104 66 99 50 241 60 54 55 70 53
leaf_count=16009 59 95 54 62 823 97 62 115 95 97 92 147 50 899 1785 194 774 727 184 6495 2018 314 78 61 636 4982 5667 451 74 915 422 50 533 85 51 5036 50 54 63958 542 614 196 7192 52 287 210 64 84 52 65 74 172 1104 66 99 50 241 60 54 55 70 53
internal_value=-2.80005e-06 -2.9713e-05 -0.0013281 0.002283 7.60526e-06 0.004805 -0.00293061 -0.00507909 -0.000260525 0.00363451 0.00189449 -0.00723101 -0.00303398 -4.23007e-05 -6.20365e-05 -0.000742355 -0.00170659 -0.0028157 -0.00227699 -3.60282e-05 0.000236997 0.000449829 -0.00281558 -0.00483963 -0.00047395 0.0004014 0.000748863 0.000680697 3.21143e-05 -0.00015419 -0.000980863 0.000411893 -0.00218607 -0.00424115 0.000133887 -7.08351e-06 -4.5356e-05 -0.00570631 -8.00199e-05 0.0001035 0.00149657 0.000653297 -0.00012271 6.07186e-05 -0.00116527 -0.000492764 0.00023216 0.00176946 0.000491689 -0.000881406 -0.000501995 0.0013767 3.44364e-05 -0.00220446 0.00168061 0.00220043 0.000802344 0.00109094 0.002204 0.00228413 -0.00305804 0.00223219
internal_weight=125806 124342 3474 1464 120868 348 1389 324 2085 286 189 209 199 108611 105725 3893 1769 921 1065 101832 14131 12257 881 209 2654 11477 6297 2886 1886 1737 706 1031 672 139 5960 5137 5086 104 87701 16551 1116 5928 71150 2124 339 632 1755 200 136 261 848 1131 1555 116 1057 664 393 959 149 369 131 152
internal_count=125806 124342 3474 1464 120868 348 1389 324 2085 286 189 209 199 108611 105725 3893 1769 921 1065 101832 14131 12257 881 209 2654 11477 6297 2886 1886 1737 706 1031 672 139 5960 5137 5086 104 87701 16551 1116 5928 71150 2124 339 632 1755 200 136 261 848 1131 1555 116 1057 664 393 959 149 369 131 152
is_linear=0
shrinkage=0.05


Tree=6
num_leaves=63
num_cat=0
split_feature=100 1 150 129 146 43 131 56 119 132 119 1 7 151 110 29 172 1 108 161 56 111 113 27 56 181 32 141 73 183 116 176 54 182 72 116 141 142 137 5 47 182 47 88 160 25 153 47 91 185 79 181 68 113 169 119 174 161 46 1 36 2
split_gain=2.79389 2.17496 2.38455 1.04822 0.975784 0.793959 0.702195 1.39098 0.880674 0.646719 0.609079 0.610455 0.600647 0.847996 0.639123 0.520784 0.430048 0.428532 0.446333 0.404656 0.389245 0.523476 0.401376 0.388339 0.37342 0.369988 0.433812 0.369745 0.368408 0.357347 0.350705 0.401061 0.348641 0.328364 0.785694 0.566376 0.395808 0.333897 0.261989 0.257477 0.249251 0.241447 0.243822 0.22967 0.227487 0.214769 0.214617 0.201866 0.20072 0.189319 0.186462 0.255968 0.184211 0.179859 0.178524 0.172427 0.172243 0.163642 0.154069 0.149558 0.146177 0.137435
threshold=1.5160652399063113 0.10283489897847177 0.87459909915924083 1.7976169586181643 1.1350888013839724 0.90000000596046459 1.2534770369529726 0.47609059512615209 0.59739133715629589 0.91781273484230053 0.047598736360669143 0.10283489897847177 -0.07352502271533011 1.108603358268738 0.073762502521276488 0.35000000894069677 66356408.000000007 0.066524036228656783 0.071818176656961455 1.1497058272361758 0.41579690575599676 0.22446128726005557 0.021614815108478073 0.70833331346511852 0.41325217485427862 0.055590718984603889 0.058333335444331176 1.2565302252769472 0.13313818722963336 -0.098900038748979555 0.002137405914254487 0.19176819920539859 0.41304889321327215 0.042187942191958434 0.47401790320873266 -0.0066763863433152429 1.2522816658020022 1.0691735744476321 1.1351045370101931 1.0000000180025095e-35 0.29166667163372045 0.050106381997466094 0.5416666865348817 0.48713120818138128 1.2318608760833742 0.075000001117587103 0.32783290743827825 0.29166667163372045 0.23199758678674701 0.12274979054927827 0.34803426265716558 0.068556874990463271 0.48414848744869238 -0.0082104103639721853 -0.54118710756301869 0.099735856056213393 7.7344429492950448 1.6163021922111513 0.38333334028720861 0.11940089613199235 -0.91666665673255909 0.51355946063995372
decision_type=2 2 2 2 2 2 2 2 2 2 2 2 2 2 2 2 2 2 2 2 2 2 2 2 2 2 2 2 2 2 2 2 2 2 2 2 2 2 2 2 2 2 2 2 2 2 2 2 2 2 2 2 2 2 2 2 2 2 2 2 2 2
left_child=1 4 20 40 12 10 49 8 30 61 -5 -12 13 19 33 16 28 47 -19 24 43 22 25 32 -1 -22 -27 52 -16 -25 45 -32 -15 36 35 -35 37 -14 53 -26 -2 42 60 46 -38 -8 56 -17 -36 59 51 -42 -11 54 -6 -45 -3 -18 -24 -4 -40 -9
right_child=3 2 6 5 38 -7 7 9 -10 27 11 -13 14 23 15 17 57 18 -20 -21 21 -23 58 29 39 26 -28 -29 -30 -31 31 -33 -34 34 48 -37 44 -39 41 -41 50 -43 -44 55 -46 -47 -48 -49 -50 -51 -52 -53 -54 -55 -56 -57 -58 -59 -60 -61 -62 -63
leaf_value=0.0021422687262529507 -0.0019247152212181322 0.0036326167497820424 -0.00069150992284434292 0.0066736240143954913 -0.0023680357382399961 0.0096941533603615345 0.00080883510568467622 -0.0093750321944909443 -0.0082869267093271699 -0.0040257856324647685 0.0045671769463428366 -0.0011180538475974058 -7.1948062262446388e-05 -0.00072766579716443403 -0.0015392267229402713 -0.0021818156690515448 -0.00037968863427573972 -9.1654285417298303e-05 -0.0015916978897235403 0.00060345658206238618 -5.6975905911355929e-05 -0.004091566675033762 0.003214332809087258 -0.0068711627084028686 -0.0043281627351201939 -0.0043233390319478027 -0.00079442708040057129 -0.0065917927264355324 0.00099039156986951114 -0.0022261174329016925 -0.00022463577737410865 -0.0046470710997474031 -0.0054150608654599634 -0.0064034193351077164 0.0005279271059947402 -0.0014405226000432066 0.00079878728933302924 0.0017087860612236662 -0.00136702709169513 -0.00092242891595974055 0.0016691808163762239 0.0029024404379569685 0.0018665633033378981 0.0050960589409374674 -2.7349687468275769e-05 -0.0016050721190167369 -0.0024667096910477239 0.00025249174192873425 -0.00066799071727029387 0.0013618442683002434 0.0040272710208975621 -0.0010734178324631278 0.00014964602282270791 -0.00071826390966764722 0.00064107228236280882 0.0011185817551714453 0.00046524366903968493 0.00063714472312432536 0.00042355637403898968 -0.0032009088522594038 0.00071827087140474049 -0.0064495896562360797
leaf_weight=50 53 51 187 97 50 62 134 105 55 56 97 92 91636 192 149 86 1133 1731 695 540 863 98 96 94 112 126 282 78 4232 74 75 162 50 94 492 148 2127 264 111 110 896 210 434 54 1370 295 53 8754 1223 74 73 94 50 280 3473 55 271 608 102 87 346 65
leaf_count=50 53 51 187 97 50 62 134 105 55 56 97 92 91636 192 149 86 1133 1731 695 540 863 98 96 94 112 126 282 78 4232 74 75 162 50 94 492 148 2127 264 111 110 896 210 434 54 1370 295 53 8754 1223 74 73 94 50 280 3473 55 271 608 102 87 346 65
internal_value=-2.66004e-06 -2.82274e-05 -0.00126169 0.00216885 7.22501e-06 0.00456475 -0.00283437 -0.00346632 -0.00220606 -0.00603312 0.00345279 0.00179976 -2.19899e-05 -0.00112465 -1.02466e-05 0.000268978 0.000640181 6.72637e-05 -0.000521386 -0.000188721 -0.000170559 -0.000553372 -0.000317332 -0.00297826 -0.00176143 -0.00064354 -0.00188424 -0.00397892 0.000904358 -0.00482513 -0.00170388 -0.00324757 -0.00169614 -6.01176e-05 -0.000701242 -0.00336826 -4.69654e-05 -6.68326e-05 0.000698065 -0.00264064 0.00142174 0.00137728 0.00101781 0.00106884 0.000475136 -0.000851078 0.000481624 0.00022881 -0.000324905 -0.000882227 0.00158859 0.00140877 -0.00205624 0.000501427 0.000598366 0.00308908 0.000966908 -2.45854e-05 0.00177666 -0.00148829 0.000211776 -0.00825648
internal_weight=125806 124342 3474 1464 120868 348 1423 1075 721 354 286 189 115964 1222 114742 17388 6122 11266 2426 812 2051 1567 1469 410 272 1271 408 184 4381 168 666 237 242 97354 1957 242 95397 91900 4904 222 1116 1101 891 484 3497 429 375 8840 1715 348 1063 990 106 3803 3523 109 322 1741 198 274 457 170
internal_count=125806 124342 3474 1464 120868 348 1423 1075 721 354 286 189 115964 1222 114742 17388 6122 11266 2426 812 2051 1567 1469 410 272 1271 408 184 4381 168 666 237 242 97354 1957 242 95397 91900 4904 222 1116 1101 891 484 3497 429 375 8840 1715 348 1063 990 106 3803 3523 109 322 1741 198 274 457 170
is_linear=0
shrinkage=0.05


Tree=7
num_leaves=63
num_cat=1
split_feature=100 1 150 129 100 121 100 118 102 132 157 156 7 161 114 100 160 1 111 121 54 121 141 147 54 0 60 57 89 113 61 88 77 132 133 157 110 121 140 116 61 22 116 186 149 32 86 156 59 32 41 127 121 85 109 124 171 150 7 71 31 17
split_gain=2.52149 1.9629 2.16685 0.946022 0.888977 0.822603 0.79282 0.792623 0.599642 0.854993 0.585596 0.582694 0.532044 0.843866 0.521233 0.519786 0.457295 0.475093 0.441851 0.475884 0.714 0.429595 0.380732 0.401114 0.368295 0.365724 0.360753 0.356245 0.320676 0.314843 0.314071 0.32065 0.308517 0.340147 0.305123 0.303309 0.30249 0.369411 0.283079 0.311669 0.255742 0.252858 0.249633 0.240954 0.23926 0.238418 0.231576 0.222205 0.217822 0.213596 0.213048 0.257319 0.247903 0.193724 0.192668 0.18728 0.182539 0.176636 0.205273 0.167875 0.166837 0.166658
threshold=1.5160652399063113 0.10283489897847177 0.98216307163238536 1.7976169586181643 1.200165927410126 0.4749871045351029 1.0364447832107546 0.054589845240116126 1.0227551460266116 0.91964048147201549 0.42460505664348608 0.29825897514820104 -0.07352502271533011 1.1497058272361758 0.012655419763177635 1.2123048305511477 0.98816600441932689 0.10283489897847177 0.23694752901792529 0.32061606645584112 0.37262104451656347 0.34641927480697637 1.398720979690552 2.3398648500442509 0.36843343079090124 -0.060480017215013497 0.60474506020545971 0.59467589855194103 0.044699119403958328 0.016912155784666542 0.58524549007415783 0.61990216374397289 0.484441488981247 0.881028711795807 0.87104356288909923 0.67957580089569103 0.047080831602215774 0.18269608169794085 1.4951791763305666 -0.0072410067077726117 0.43643181025981909 0.47895222902297979 0.0030622247140854601 0 1.2311329245567324 0.091666668653488173 -0.6969204545021056 0.4654859602451325 0.55446743965148937 0.35833333432674414 0.21666666865348819 1.2940140366554262 0.4545444399118424 0.37237082421779638 0.14634419232606891 0.013973644934594633 88235032.000000015 0.91719597578048717 -0.052994260564446442 0.44198147952556616 0.35000000894069677 0.8541666865348817
decision_type=2 2 2 2 2 2 2 2 2 2 2 2 2 2 2 2 2 2 2 2 2 2 2 2 2 2 2 2 2 2 2 2 2 2 2 2 2 2 2 2 2 2 2 1 2 2 2 2 2 2 2 2 2 2 2 2 2 2 2 2 2 2
left_child=1 4 5 46 12 29 32 -5 61 15 42 -9 13 21 18 41 17 28 36 59 -21 44 23 48 -23 -25 -8 56 -13 30 35 54 33 -7 -24 45 -14 -38 39 -12 -15 -10 -11 55 -1 -3 -2 -37 -6 -45 -36 60 -53 -48 -32 -29 -16 -50 -59 -20 -52 -4
right_child=3 2 8 7 22 6 26 11 9 10 38 16 14 40 27 -17 -18 -19 19 20 -22 24 34 25 -26 -27 -28 43 -30 -31 31 -33 -34 -35 50 47 37 -39 -40 -41 -42 -43 -44 49 -46 -47 53 -49 57 -51 51 52 -54 -55 -56 -57 -58 58 -60 -61 -62 -63
leaf_value=-0.00079773120025834667 -0.0016979156715116639 -0.0037447796406331322 -0.0016491648892287374 -0.00083943133425639315 0.00092934232116376994 -0.0062618296577088674 0.0033290861002080001 0.0099622247438354988 -0.0089302237924249444 -0.0036052163345394309 -0.0059210183754287386 0.0047349526996499506 -9.9007639450910092e-05 0.0013414132959000315 0.001949462795676723 -0.0021475200906154765 8.4923911315854634e-05 0.0019894823960919261 -0.0026457008898860832 -0.0010902520214743537 -0.00654186416966537 -0.0024998339320708471 -0.0012389617451338416 -0.0058009544698087176 -0.0076007007565349338 0.00012911995335553701 -0.0020756147256562191 -0.00098099909741302684 0.0099704270472087096 0.0014415499080261667 0.00075702107402936291 0.003759087835083177 -0.0080932934441718101 -0.00072411415943255026 -0.0019547806916091494 -2.3004813994854927e-05 0.00021137485401542312 -0.00011177418830556235 0.0015684512023832285 -0.0018437675565430357 -0.00077275970001420115 -0.0047663127994523029 -0.0083910353447903298 0.00038149288679493554 -0.0042763826921787661 -0.00097757549581660485 0.0019212449377085682 -0.0028232638902928949 0.00056406321963028028 0.0024985909874347683 0.0036363512301509867 0.001785074208901227 0.0056831507950160162 0.00037654954009524837 -0.001880710370739486 0.0020570390167433702 0.00039612521908985367 -0.0011713374570932022 0.00011898458255772019 0.00051776670289208114 0.00087683475512472799 0.0014603478283706037
leaf_weight=181 59 123 199 61 1153 57 52 57 122 54 54 58 68139 218 637 56 50 63 51 173 92 67 158 52 75 52 76 461 59 310 355 76 57 54 59 886 21626 14963 51 355 416 52 55 740 68 212 783 77 2300 142 56 177 53 274 86 57 269 327 5370 236 2500 55
leaf_count=181 59 123 199 61 1153 57 52 57 122 54 54 58 68139 218 637 56 50 63 51 173 92 67 158 52 75 52 76 461 59 310 355 76 57 54 59 886 21626 14963 51 355 416 52 55 740 68 212 783 77 2300 142 56 177 53 274 86 57 269 327 5370 236 2500 55
internal_value=-2.52704e-06 -2.6816e-05 -0.00119861 0.00206041 6.86375e-06 -0.000375065 -0.00284452 0.00433652 -0.00309205 -0.00376479 -0.0027249 0.00543663 -3.8689e-05 -0.00117245 -2.78873e-05 -0.00633738 0.00431507 0.00549011 -4.41752e-05 -0.00145508 -0.00298289 -0.0029993 0.000410513 0.000251768 -0.00519395 -0.00283592 0.000120045 0.000715733 0.00737506 -3.10847e-05 -0.000282609 0.000759559 -0.00510324 -0.00356781 0.0008997 -0.00069771 -3.67387e-05 7.92237e-05 -0.00194409 -0.00238208 -4.58043e-05 -0.00768584 -0.00602008 0.000215797 -0.00174772 -0.00199359 0.00135066 -0.000246909 0.000286863 0.000714243 0.00101847 0.00108144 0.00268333 0.00152082 0.000242634 -0.00063445 0.00148826 0.000194231 4.49219e-05 -4.43826e-05 0.000937294 -0.000975845
internal_weight=125806 124342 3474 1464 120868 2421 296 348 1053 799 569 287 108611 1025 107586 230 230 180 105280 552 265 391 12257 9254 142 104 128 2306 117 2125 1815 517 168 111 3003 1298 104728 36589 460 409 634 174 109 1400 249 335 1116 963 9150 882 2845 2786 230 1057 441 518 906 7997 5697 287 2556 254
internal_count=125806 124342 3474 1464 120868 2421 296 348 1053 799 569 287 108611 1025 107586 230 230 180 105280 552 265 391 12257 9254 142 104 128 2306 117 2125 1815 517 168 111 3003 1298 104728 36589 460 409 634 174 109 1400 249 335 1116 963 9150 882 2845 2786 230 1057 441 518 906 7997 5697 287 2556 254
cat_boundaries=0 1
cat_threshold=1688
is_linear=0
shrinkage=0.05


Tree=8
num_leaves=63
num_cat=1
split_feature=100 10 157 99 100 111 155 31 175 37 77 176 53 89 120 118 8 125 132 114 132 10 181 142 172 2 181 142 54 133 106 99 115 3 161 182 88 119 116 172 136 80 47 132 67 31 172 186 116 77 99 183 71 54 182 161 119 158 126 173 142 95
split_gain=2.27564 1.11979 1.49093 0.85416 0.825444 0.938172 0.820576 0.780658 0.766888 0.739077 0.676711 0.669541 0.650597 0.760081 0.65651 0.609818 0.533389 0.61664 0.87721 0.606528 0.504941 0.380536 0.616983 0.390319 0.364922 0.364637 0.335524 0.306137 0.302494 0.506717 0.293806 0.285618 0.32826 0.378993 0.280545 0.279881 0.276919 0.267237 0.294082 0.26399 0.283338 0.233489 0.219623 0.265649 0.218467 0.218321 0.217429 0.214972 0.218694 0.217392 0.205945 0.19087 0.177287 0.170973 0.169385 0.157695 0.15473 0.183081 0.178448 0.152518 0.14932 0.146504
threshold=1.5160652399063113 1.0919453501701357 0.44378963112831121 1.6766970157623293 1.200165927410126 0.23694752901792529 0.30820246040821081 0.050000002607703216 44.398225784301765 0.39166666567325598 0.50692987442016613 5.1880609989166269 0.028571499511599544 -0.13265032321214673 0.14679377526044848 0.55051982402801525 0.50045207142829906 -0.13185736536979673 0.91151180863380443 0.0086518414318561571 0.8685191571712495 1.0691776871681216 0.052793903276324279 1.0587078332901003 65328148.000000007 0.47069558501243597 0.078360326588153853 1.0765841007232668 0.45529301464557653 0.85863658785820018 1.3133291602134707 1.0078043937683108 -0.0098619204945862276 0.032298529520630843 1.3483304381370547 0.052626706659793861 -0.32225990295410151 0.020691026002168659 -0.0021209566621109839 76214732.000000015 0.83384546637535106 -0.13412040472030637 0.30833333730697637 0.88615110516548168 -0.049537684768438332 0.41666667163372045 14308318.000000002 0 0.0041939914226531991 0.48042435944080358 1.5294692516326907 -0.086255989968776689 0.51106667518615734 0.28372554481029516 0.050850151106715209 1.1592306494712832 0.044157445430755622 0.98158076405525219 -0.27360388636589045 1.0936616659164431 1.0514534115791323 17.185939788818363
decision_type=2 2 2 2 2 2 2 2 2 2 2 2 2 2 2 2 2 2 2 2 2 2 2 2 2 2 2 2 2 2 2 2 2 2 2 2 2 2 2 2 2 2 2 2 2 2 2 1 2 2 2 2 2 2 2 2 2 2 2 2 2 2
left_child=1 4 11 42 5 16 47 9 20 -8 35 -3 13 -5 36 -13 19 18 25 21 -7 23 -23 -1 26 -18 -21 28 29 59 51 -9 -33 -34 -26 -10 -14 -38 -39 54 -41 53 -2 -44 52 -30 -43 49 -49 -4 -32 -31 -29 -22 -19 -20 58 60 -45 -6 -58 -50
right_child=3 2 6 12 27 8 7 31 10 -11 -12 15 14 -15 -16 -17 17 39 55 24 41 22 -24 -25 34 -27 -28 44 45 30 50 32 33 -35 -36 -37 37 38 -40 40 -42 46 43 56 -46 -47 -48 48 61 -51 -52 -53 -54 -55 -56 -57 57 -59 -60 -61 -62 -63
leaf_value=-1.0664451784395761e-05 -0.0019425741786387965 -0.0011520041675442674 0.0019182672348395397 0.0025522506639827046 -0.0035242341053582588 -0.0052646474469567467 -0.0073541404421086469 0.000871493054909312 0.00048697781733305116 -0.001515107033784651 -0.0076811888619794343 -0.0044572336121804102 0.00061541518264046039 0.01080852116325072 -0.0024093162509906015 -0.01101199901711784 -0.0087418742225331778 -0.00011866439564419182 -0.0026133316814397965 0.00072852107742380748 4.4340342551899646e-05 -0.00034899633277127025 -0.0029750624390534248 0.0014708556987767974 -0.00093524858276963991 -0.0029690879299510819 0.0030663969018351958 0.003572288760501135 0.0026256821152275886 -0.002239957126112131 0.00080160380529108958 0.0007544611403825231 -0.0013331453828570494 -0.0048064107580576094 0.00040239353974016404 -0.0043033466711940782 0.0078177325034915809 0.0055195312261128344 0.00055572873807977884 -0.0012198301059511835 -0.00030149826736870176 -0.0013029142080295761 -0.0010453481927956685 0.0048953627532517374 -0.00024292069237878637 0.00078339477935219105 0.0015132881843326245 0.00042667943094845597 -0.0044043263690546159 -6.9274642743356898e-05 0.003166758302673274 0.0002131742013732793 0.0008843229408554105 -0.0030653866319506266 -0.0011039480123509649 0.00034421521329461931 0.0011428351103764634 0.0024189755665775877 0.0019386496203628164 -0.00087640226691993979 -0.0010647962783652907 -0.00082777131856210653
leaf_weight=81914 52 75 303 50 104 57 105 169 60 112 89 94 52 63 52 57 59 15310 65 3281 78 1434 265 447 591 51 161 164 185 80 1309 131 366 100 1164 62 51 74 50 1273 2469 104 101 66 94 1230 201 178 50 252 99 8973 98 102 449 147 317 210 225 114 101 67
leaf_count=81914 52 75 303 50 104 57 105 169 60 112 89 94 52 63 52 57 59 15310 65 3281 78 1434 265 447 591 51 161 164 185 80 1309 131 366 100 1164 62 51 74 50 1273 2469 104 101 66 94 1230 201 178 50 252 99 8973 98 102 449 147 317 210 225 114 101 67
internal_value=-2.40069e-06 -2.54752e-05 -0.00118181 0.00195739 -6.00486e-06 -4.97419e-05 -0.000709374 -0.00169312 -0.00180856 -0.00434045 -0.00436595 -0.00501356 0.0039546 0.0071553 0.00265826 -0.00693155 -3.76004e-05 -0.000272216 -0.00244243 1.4505e-05 -0.000812967 -1.79033e-05 -0.000758595 -2.62376e-06 0.0005387 -0.0060654 0.000837876 0.00037984 0.000337301 0.000246277 0.000295997 -0.000943153 -0.00145685 -0.00207848 -4.80603e-05 -0.00194745 0.00381911 0.00477106 0.003518 -0.000236381 -0.000613908 -0.000289779 0.00122707 0.00138866 0.00182496 0.00102426 0.000553009 0.000428294 -0.000654846 0.000997837 0.000967904 0.000191496 0.00256687 -0.00171784 -0.000146737 -0.00056258 0.00165616 0.00121452 0.00260924 -0.00213959 0.000609412 -0.00235621
internal_weight=125806 124342 2059 1464 122283 109833 1833 983 753 217 211 226 392 113 279 151 109080 19823 322 89257 542 84060 1699 82361 5197 110 3442 12450 12094 10679 10461 766 597 466 1755 122 227 175 124 19501 3742 485 1072 1020 356 1415 305 850 295 555 1408 9053 262 180 15759 212 919 628 291 218 418 117
internal_count=125806 124342 2059 1464 122283 109833 1833 983 753 217 211 226 392 113 279 151 109080 19823 322 89257 542 84060 1699 82361 5197 110 3442 12450 12094 10679 10461 766 597 466 1755 122 227 175 124 19501 3742 485 1072 1020 356 1415 305 850 295 555 1408 9053 262 180 15759 212 919 628 291 218 418 117
cat_boundaries=0 1
cat_threshold=107
is_linear=0
shrinkage=0.05


Tree=9
num_leaves=63
num_cat=1
split_feature=100 7 157 7 2 110 155 129 118 121 100 169 156 125 117 10 147 160 160 117 125 32 121 122 182 121 141 141 10 119 115 61 152 118 155 7 181 181 158 183 34 176 86 160 91 109 88 146 32 86 170 169 146 174 121 160 182 175 121 172 148 186
split_gain=2.05377 1.0908 1.36756 1.11036 1.65433 0.825151 0.799977 0.772352 0.677593 0.610152 0.71917 0.544712 0.505034 0.499283 0.547408 0.498685 0.420944 0.390732 0.384293 0.437335 0.368753 0.362032 0.356831 0.343685 0.340165 0.728589 0.636161 0.444025 0.335521 0.332037 0.316473 0.306735 0.286879 0.285837 0.271149 0.287474 0.32079 0.274228 0.266675 0.265687 0.259013 0.358852 0.24427 0.276777 0.24281 0.239539 0.22973 0.228197 0.204493 0.201823 0.200875 0.199554 0.197486 0.195909 0.205358 0.190267 0.371362 0.181099 0.18088 0.179973 0.163314 0.154533
threshold=1.5160652399063113 -0.078156486153602586 0.45363384485244757 0.075312182307243361 0.60001924633979808 0.073762502521276488 0.31232969462871557 1.7976169586181643 0.054589845240116126 0.42039489746093756 1.1765838861465456 -0.067242912948131547 0.29825897514820104 -0.033654883503913872 0.11893329024314882 1.1121933460235598 1.6993850469589236 0.98816600441932689 1.0580705404281618 0.10727405920624734 -0.070292122662067399 0.10833333432674409 0.19700101763010028 0.018284928053617481 0.042187942191958434 0.31692336499691015 1.3195192813873293 1.2522816658020022 1.0715642571449282 0.045313505455851562 -0.0036624707281589504 0.50420290231704723 0.11067157611250879 0.19819197803735736 0.22279354929924014 0.04105417616665364 0.078360326588153853 0.060432938858866699 0.73786339163780224 -0.092822160571813569 0.45000000298023229 14.399884700775148 -0.53607240319252003 1.0467175245285036 0.29244175553321844 0.059798128902912147 0.1654872074723244 1.188448488712311 0.45833332836627966 -0.6969204545021056 657657536.00000012 0.20403174310922625 1.2012109756469729 7.8839833736419687 0.49703142046928411 1.193338215351105 0.029461644589900974 80.134670257568374 0.33515208959579473 117733744.00000001 1.2121731638908388 0
decision_type=2 2 2 2 2 2 2 2 2 2 2 2 2 2 2 2 2 2 2 2 2 2 2 2 2 2 2 2 2 2 2 2 2 2 2 2 2 2 2 2 2 2 2 2 2 2 2 2 2 2 2 2 2 2 2 2 2 2 2 2 2 1
left_child=1 2 11 5 13 24 53 49 -9 16 48 15 -10 14 38 -1 32 29 19 20 -6 28 -15 -16 27 44 59 39 42 -14 -24 -28 -8 58 52 36 -36 -37 -5 46 41 -30 50 -44 -26 -41 -3 -34 -11 -2 -7 -22 -23 -4 -55 56 -29 61 -21 -27 -31 -20
right_child=7 3 6 4 18 21 9 8 12 10 -12 -13 17 22 23 -17 -18 -19 57 33 51 34 30 -25 25 26 31 55 40 60 -32 -33 47 -35 35 37 -38 -39 -40 45 -42 -43 43 -45 -46 -47 -48 -49 -50 -51 -52 -53 -54 54 -56 -57 -58 -59 -60 -61 -62 -63
leaf_value=-0.0042747366500811446 -0.0016277819181303101 0.00055130976481330561 0.0022336544876896867 -0.009747788478576002 -0.0070374091011472049 -0.004246062078903887 -0.0040386455721553357 -0.0008695304817443744 0.0091465134631123473 -0.0037627579645254632 0.00074612734014870702 -0.0023729458330300351 0.0080506325794099751 -0.0001409184703550723 -0.0058178675429681782 -0.010925631776598155 -0.0052955207327064482 -2.1052761876489971e-05 0.00080284888271628472 -0.00064066891337391171 -0.0041866138846111981 0.00086819108734833151 -0.0013880906926575474 -0.00089914386222303367 0.00070535282924374986 -0.001017844718213733 -0.0086823492310941219 0.00038735810297415207 -0.00067365255838099298 0.0016838174013819006 -0.0069593310132622724 -0.0031974919426899688 -0.00073628323015613385 0.0012332468164962355 0.0003910062192576196 -5.540696729097396e-05 0.0026091737021223791 -0.0021086201179607122 -0.0052787502111808042 -8.061126720360472e-05 0.00057443075332488285 -0.0038882658358980319 -0.00035913412450723384 0.00041231885694975753 -0.00060086090944572092 0.0002791321763949275 0.0037660724882152864 0.0020535706978639114 -0.0072555873405442325 0.0013770737054478246 -8.4093964981372677e-05 -1.7937527792084785e-06 0.0026932436532724913 0.00040951569091504739 -0.0024842669516681997 0.000104130043705762 0.0018188132300236894 0.0028850696214974144 -0.004061236573298546 -0.0042080514494777094 0.0053587784505275604 -0.00071402163120641083
leaf_weight=63 59 182 131 63 50 59 59 61 57 80 61 115 59 126 61 51 53 50 407 130 52 1113 52 85 534 332 50 1683 210 62 50 52 627 159 13408 955 165 196 71 87403 134 148 1871 3071 1066 4886 80 83 88 1057 57 63 171 623 68 1978 620 69 55 51 59 272
leaf_count=63 59 182 131 63 50 59 59 61 57 80 61 115 59 126 61 51 53 50 407 130 52 1113 52 85 534 332 50 1683 210 62 50 52 627 159 13408 955 165 196 71 87403 134 148 1871 3071 1066 4886 80 83 88 1057 57 63 171 623 68 1978 620 69 55 51 59 272
internal_value=-2.28065e-06 -2.42014e-05 -0.00115354 -4.7817e-06 -0.00124979 1.34581e-05 -0.000707601 0.00185952 0.00391612 -0.00162145 -0.00390392 -0.00480089 0.00493328 -0.00365772 -0.00507221 -0.00725014 -0.000985579 0.00388913 -0.000276653 -0.00133646 -0.00345265 0.000293756 -0.00192063 -0.00295423 -4.76301e-05 -0.000679511 -0.00237716 -3.40243e-05 -5.423e-05 0.00497529 -0.00411909 -0.00588615 -0.000688535 -0.000321421 0.000414403 0.000353635 0.000417971 -0.000405042 -0.00737987 -5.70518e-05 -0.00130072 -0.0020026 6.70186e-05 0.000120253 -0.000164912 -6.15656e-05 0.00153292 -0.000410145 -0.00559234 0.00121821 -0.00220096 -0.00189406 0.00111125 0.000460836 0.000124744 0.000463807 0.000772726 0.000444524 -0.00165759 -0.00144265 0.00347574 0.000196515
internal_weight=125806 124342 2102 122240 1765 120475 1873 1464 348 1051 229 229 287 508 280 114 822 230 1257 509 165 21558 228 146 98917 2085 485 96832 5550 180 102 102 769 344 16008 14724 13573 1151 134 92551 492 358 5058 4942 1600 92289 262 710 168 1116 116 115 1284 822 691 4281 2303 748 185 383 121 679
internal_count=125806 124342 2102 122240 1765 120475 1873 1464 348 1051 229 229 287 508 280 114 822 230 1257 509 165 21558 228 146 98917 2085 485 96832 5550 180 102 102 769 344 16008 14724 13573 1151 134 92551 492 358 5058 4942 1600 92289 262 710 168 1116 116 115 1284 822 691 4281 2303 748 185 383 121 679
cat_boundaries=0 1
cat_threshold=579
is_linear=0
shrinkage=0.05


Tree=10
num_leaves=63
num_cat=0
split_feature=100 1 150 69 121 100 1 129 169 8 119 169 22 61 121 1 109 182 77 119 114 64 100 131 161 4 157 174 37 116 115 100 116 81 86 102 116 32 116 113 149 1 113 83 124 42 84 87 133 170 122 114 178 94 119 119 7 114 156 20 108 0
split_gain=1.87491 1.55682 1.45097 0.961235 0.737538 0.705663 0.614615 1.24821 0.715638 0.685517 0.556562 0.528567 0.505018 0.788651 0.460315 0.924705 0.54373 0.540798 0.55811 0.452985 0.448724 0.420875 0.407149 0.49752 0.389345 0.332572 0.500409 0.315337 0.314596 0.298145 0.40824 0.340444 0.331239 0.322363 0.357279 0.278194 0.330104 0.449844 0.270433 0.26429 0.262341 0.295772 0.43503 0.247584 0.246586 0.246811 0.240695 0.238413 0.234187 0.231365 0.229614 0.229383 0.229276 0.227223 0.215871 0.202196 0.202065 0.199257 0.197517 0.192377 0.19074 0.190262
threshold=1.346723794937134 0.10283489897847177 0.98216307163238536 0.6813015639781953 0.46131883561611181 0.93317618966102611 0.1060672774910927 1.6523375511169436 -0.20289843529462812 -0.97783917188644398 0.074325170367956175 0.083499684929847731 0.59109923243522655 0.5273985266685487 0.31692336499691015 0.072729371488094344 0.059798128902912147 0.039846887812018401 0.48085850477218633 0.47628271579742437 -0.027292061597108837 0.11114854738116266 1.0645142793655398 1.3461982607841494 1.1654479503631594 1.0000000180025095e-35 0.48583906888961798 7.0701839923858651 0.80833333730697643 -0.0039408928714692584 0.0048297846224159011 1.0319473743438723 0.0039296965114772328 -0.23600268363952634 0.57731625437736522 1.1247905492782595 -0.010160502977669237 0.4916666597127915 -0.00085049486369825889 0.016912155784666542 0.79873922467231762 0.081084016710519805 -0.019196551293134686 0.81711363792419445 0.085999153554439559 0.29166667163372045 0.41927984356880194 0.80712774395942699 0.85355749726295482 701840672.00000012 -0.0012219593045301733 -0.017037557438015934 -5.0063505172729483 -5.7441699504852286 0.16584826260805133 0.41534303128719335 0.11576366797089578 0.016011729836463932 0.355628252029419 0.17970225214958194 0.10943029820919038 -0.066576357930898653
decision_type=2 2 2 2 2 2 2 2 2 2 2 2 2 2 2 2 2 2 2 2 2 2 2 2 2 2 2 2 2 2 2 2 2 2 2 2 2 2 2 2 2 2 2 2 2 2 2 2 2 2 2 2 2 2 2 2 2 2 2 2 2 2
left_child=1 14 4 6 39 11 7 21 9 -9 20 -6 13 24 16 28 29 -17 43 50 -5 44 23 -20 59 56 38 -28 35 30 33 32 -31 34 -1 36 37 -16 -27 48 -18 55 46 -19 45 -2 -43 -34 -3 -7 -15 -12 53 -41 -10 61 -8 -38 -33 -4 -29 -42
right_child=3 2 12 10 5 49 25 8 54 -11 51 -13 -14 19 15 17 40 18 22 -21 -22 -23 -24 -25 -26 26 27 60 -30 31 -32 58 47 -35 -36 -37 57 -39 -40 52 41 42 -44 -45 -46 -47 -48 -49 -50 -51 -52 -53 -54 -55 -56 -57 -58 -59 -60 -61 -62 -63
leaf_value=0.00053657540899751312 -0.001873557195374435 -0.0013952674715511507 -0.0042349506061226646 0.0084784524561943801 -0.0090160361391359144 -0.0021882462114444935 0.0040999145815148949 0.010461925363290263 0.0031791308777512498 0.0037490124966359085 -0.00075619869226179392 -0.0029036301216365246 -0.00047440300196443044 -0.0024189624173561876 -0.0060946364946639223 -0.00030419387963527599 0.00072181341407487689 4.4982539525198718e-05 -0.002264540744626503 -0.0063820316028431997 0.002731958346904039 0.00338398014768144 -0.0014236441770417779 -0.0059371127017956351 -0.0024823803355226693 -0.001472291599250942 0.002863814989463068 -0.00034462934109266523 -0.00099037099355298529 -1.2712030063816208e-06 0.0047673989947903533 8.0690169494666635e-05 0.00031367753262364728 0.0003241294265196076 -0.0050164942179496096 0.0027457903286819511 -8.0072664057864823e-05 -0.00058444225339586203 -0.0060621012466203807 0.00036308316415196041 -0.0024211492129615035 -0.00084915525726418401 7.7957313422361509e-05 -0.0035507192623826043 -0.0021948532775001553 0.00077164610127117674 -0.0033887607395436249 0.0014258948514799994 -4.4682414368346186e-06 0.0017186269092336363 0.00020387508959088122 0.0035191603774680533 -0.00076351972566427373 0.00370996316113979 6.5681236573373504e-05 0.00074622652669009281 -6.180361956856879e-05 0.0021352722783465686 -0.00023739542504146689 -0.0073532386137691299 -0.0036427567376945678 0.00021315616084909483
leaf_weight=56 91 402 72 82 56 80 50 61 141 101 59 96 179 193 53 735 3039 299 188 50 58 144 241 181 89 60 65 216 984 36648 51 6157 4340 6335 60 87 20763 123 69 92 69 220 930 57 76 2849 162 542 1225 72 147 67 95 113 92 1986 70 102 23538 158 55 10341
leaf_count=56 91 402 72 82 56 80 50 61 141 101 59 96 179 193 53 735 3039 299 188 50 58 144 241 181 89 60 65 216 984 36648 51 6157 4340 6335 60 87 20763 123 69 92 69 220 930 57 76 2849 162 542 1225 72 147 67 95 113 92 1986 70 102 23538 158 55 10341
internal_value=1.27468e-06 -3.5496e-05 -0.00113812 0.00101448 -0.00045775 -0.0027466 0.000827281 0.00107441 0.00372437 0.00627671 0.00392803 -0.00515557 -0.00284749 -0.00344662 -6.4218e-06 -0.000202884 4.30981e-05 -0.00132626 -0.00210392 -0.00193844 0.00609776 0.000743168 -0.00302205 -0.00406599 -0.00529047 -0.000674524 -0.00128014 -0.00026382 -0.000116466 -1.25804e-05 0.000311528 -4.21677e-05 5.02675e-05 0.000276301 -0.0023357 -7.57653e-05 -8.74318e-05 -0.00224376 -0.00392731 -9.66663e-05 0.000301516 0.000208338 -0.000505559 -0.000530734 0.000617081 0.000689771 -0.00192616 0.000437156 -0.000348108 -0.000337622 -0.00128497 0.00151721 0.00126698 0.00220795 0.00194979 0.000283898 0.00167225 -6.92428e-05 -0.000171443 -0.00637708 -0.00101399 0.000195695
internal_weight=125812 121406 3119 4406 2231 304 4140 3555 395 162 266 152 888 709 118287 23813 94474 1701 966 390 140 3160 610 369 319 585 465 336 22112 77727 6502 71225 41530 6451 116 21128 21041 176 129 1927 16747 13708 1312 356 3016 2940 382 4882 1627 152 340 126 300 205 233 12396 120 20865 29695 230 271 10410
internal_count=125812 121406 3119 4406 2231 304 4140 3555 395 162 266 152 888 709 118287 23813 94474 1701 966 390 140 3160 610 369 319 585 465 336 22112 77727 6502 71225 41530 6451 116 21128 21041 176 129 1927 16747 13708 1312 356 3016 2940 382 4882 1627 152 340 126 300 205 233 12396 120 20865 29695 230 271 10410
is_linear=0
shrinkage=0.05


Tree=11
num_leaves=63
num_cat=0
split_feature=100 1 150 69 121 56 1 129 169 183 121 169 119 121 1 111 71 101 51 141 32 114 155 54 109 169 114 109 120 135 102 157 3 93 139 138 85 150 7 183 111 157 155 161 124 122 116 56 80 114 101 32 87 161 119 113 157 116 181 178 47 159
split_gain=1.69211 1.40503 1.31455 0.867514 0.587979 0.782006 0.55469 1.12651 0.645863 0.74753 0.524983 0.64317 0.502297 0.419425 0.705938 0.576378 0.482109 0.501988 0.470399 0.512956 0.455968 0.404974 0.383202 0.38069 0.366997 0.362456 0.348564 0.330919 0.310917 0.330212 0.35769 0.302981 0.431544 0.447298 0.303864 0.301847 0.290911 0.27713 0.276651 0.298785 0.259955 0.450018 0.231179 0.22391 0.222735 0.210233 0.209599 0.320104 0.209242 0.207444 0.203155 0.248409 0.202705 0.2026 0.194824 0.193041 0.232402 0.20851 0.213067 0.194012 0.192469 0.190117
threshold=1.346723794937134 0.10283489897847177 0.92636936902999889 0.6813015639781953 0.4749871045351029 0.49315243959426885 0.1060672774910927 1.6523375511169436 -0.20289843529462812 -0.098900038748979555 0.18513517081737521 -0.076792512089014039 0.074325170367956175 0.38194274902343756 0.078494485467672362 0.096485745161771788 0.43407495319843298 1.4353287816047671 0.15000000596046451 1.0878217816352846 0.10833333432674409 -0.027292061597108837 0.5641056001186372 0.55652892589569103 0.1558320224285126 0.083499684929847731 -0.00019735355454031375 0.071672249585390105 0.13671497255563739 0.89895445108413707 1.050699055194855 0.78542065620422374 1.0000000180025095e-35 3.1663677692413335 1.4781170487403872 1.1250726580619814 0.44051273167133337 1.0692819952964785 0.01739346515387297 0.030297608114778999 0.22446128726005557 0.96369132399559032 0.26912337541580206 0.94135692715644848 0.085999153554439559 -0.02228895295411348 0.0051714209839701661 0.51577258110046398 0.06473205611109735 -0.016169766895473 0.80442678928375255 0.025000001303851608 0.2873950749635697 1.0899615883827212 0.16584826260805133 0.016912155784666542 0.61640232801437389 0.0013008267851546409 0.05908921733498574 -5.0063505172729483 0.29166667163372045 0.86898189783096325
decision_type=2 2 2 2 2 2 2 2 2 2 2 2 2 2 2 2 2 2 2 2 2 2 2 2 2 2 2 2 2 2 2 2 2 2 2 2 2 2 2 2 2 2 2 2 2 2 2 2 2 2 2 2 2 2 2 2 2 2 2 2 2 2
left_child=1 13 4 6 55 -6 7 23 9 -9 35 46 21 15 24 27 17 -17 37 -20 38 -5 -19 44 40 -7 -22 48 29 30 -13 32 -8 -34 -35 -4 -37 -16 39 -18 50 -42 -29 -28 60 -31 47 -12 -1 -14 51 -15 -30 -54 -10 56 57 -3 -59 -57 -2 -38
right_child=3 2 10 12 5 25 31 8 54 -11 11 28 49 14 18 16 20 22 19 -21 26 -23 -24 -25 -26 -27 43 42 52 45 -32 -33 33 34 -36 36 61 -39 -40 -41 41 -43 -44 -45 -46 -47 -48 -49 -50 -51 -52 -53 53 -55 -56 59 -58 58 -60 -61 -62 -63
leaf_value=-9.0172581359652926e-05 -0.0022468284489929962 0.00027399947619105271 0.00013635130802318806 0.0080545298991415715 0.00072084766294143194 -0.0080345962944972735 0.0014550811349487815 0.0099562185463796873 0.0030201743366791212 0.0030740793831547366 -0.0022436299864831014 -0.0023686669474940691 -0.00058743619592860341 -0.0013873004817933857 -0.00031180181868183441 -0.00025437588683267532 9.0729437885110243e-05 -0.00030749726819508859 -0.001634722184599759 -0.0066942007589729183 0.00031285942284416221 0.0025953604222038475 -0.0051819704197779296 0.0032454271004692132 0.0033012619382995914 -0.0030104086525388997 0.002266399329544502 0.0013514440167844961 -0.0033700074973659448 -0.0036654143556952481 -0.0074791484586894516 0.00092603797708248425 0.0012186837893051025 -0.001410460782344857 -0.0051291874758433555 -0.00064754164962020394 -0.0060957008434581713 -0.0025595956981086581 -0.00068290472780576598 0.0023809436996460286 -0.00041555473082651687 -0.0049855149133547555 0.00025787346064514322 0.00077763268665798221 -0.0020851106272618239 0.00091970359510742136 -0.0081785169660301398 -0.007464047516272828 0.00011860774197076595 0.0034701285532690467 -8.3559245006624232e-05 -0.00020319239497071712 0.0027957471050476671 -0.0013840371531947261 6.239718135000895e-05 0.0020123387527195601 3.1963400340841443e-05 -0.00071569474260429978 -0.0043020949533956318 -0.00072534370989734798 0.00071273827788065401 -0.0022771200492362757
leaf_weight=63286 56 94 212 82 108 56 95 68 141 94 63 63 63 698 462 1462 4563 69 122 85 7528 58 97 141 76 100 268 553 52 50 75 202 65 98 125 120 61 195 1219 147 185 76 3833 4383 76 50 67 55 14809 63 12959 1212 50 69 92 203 1239 76 91 95 2887 70
leaf_count=63286 56 94 212 82 108 56 95 68 141 94 63 63 63 698 462 1462 4563 69 122 85 7528 58 97 141 76 100 268 553 52 50 75 202 65 98 125 120 61 195 1219 147 185 76 3833 4383 76 50 67 55 14809 63 12959 1212 50 69 92 203 1239 76 91 95 2887 70
internal_value=1.21095e-06 -3.37212e-05 -0.00108122 0.000963755 -0.000346292 -0.00254972 0.000785917 0.00102069 0.00353816 0.00596288 -0.00251492 -0.00349871 0.00373162 -6.10071e-06 -0.000243556 3.12307e-05 0.000273953 -0.000550225 -0.00163382 -0.00371229 0.000348051 0.00579287 -0.00315583 0.000706009 -0.000164562 -0.00481396 0.000523111 -2.68477e-05 -0.00239217 -0.0035607 -0.0051461 -0.000640798 -0.00146717 -0.00243111 -0.00349495 -0.00125277 -0.00242606 -0.000978955 -1.15473e-05 0.000162207 -0.000181971 -0.00174627 0.000395754 0.000863418 0.000587408 -0.00137286 -0.00594504 -0.00467688 -5.0582e-05 0.00144135 -0.000154513 -0.000635919 -0.000765799 0.000372175 0.0018523 -2.27629e-05 -0.000253683 -0.00160968 -0.00266996 0.00113959 0.000656423 -0.00405524
internal_weight=125812 121406 3119 4406 2062 264 4140 3555 395 162 1057 594 266 118287 16070 102217 19736 1628 864 207 18108 140 166 3160 15206 156 12179 82481 409 238 138 585 383 288 223 463 251 657 5929 4710 15130 261 4386 4651 3019 100 185 118 78095 126 14869 1910 171 119 233 1798 1500 261 167 298 2943 131
internal_count=125812 121406 3119 4406 2062 264 4140 3555 395 162 1057 594 266 118287 16070 102217 19736 1628 864 207 18108 140 166 3160 15206 156 12179 82481 409 238 138 585 383 288 223 463 251 657 5929 4710 15130 261 4386 4651 3019 100 185 118 78095 126 14869 1910 171 119 233 1798 1500 261 167 298 2943 131
is_linear=0
shrinkage=0.05


Tree=12
num_leaves=63
num_cat=0
split_feature=106 1 150 79 125 121 1 129 161 120 110 122 125 140 11 132 121 56 169 76 179 29 137 10 182 4 12 61 91 125 169 31 106 174 121 182 92 116 18 27 97 20 82 172 172 172 83 141 161 136 35 121 95 21 161 27 182 116 56 133 30 111
split_gain=1.43426 1.17477 1.18025 0.651794 0.601181 0.635246 0.523766 0.843512 0.555944 0.479851 0.472291 0.485087 0.555049 0.498328 0.449135 0.422253 0.392161 0.841472 0.407648 0.388362 0.383702 0.345468 0.343927 0.32806 0.320624 0.315575 0.348373 0.309008 0.296885 0.291174 0.270425 0.244162 0.409584 0.242132 0.228233 0.28431 0.210053 0.218583 0.207287 0.198207 0.258638 0.19344 0.187938 0.21339 0.177533 0.177281 0.221768 0.193268 0.193091 0.287792 0.238151 0.223101 0.179332 0.171744 0.159854 0.15957 0.150927 0.147396 0.1811 0.144824 0.143768 0.360402
threshold=1.3796624541282656 0.10283489897847177 0.92636936902999889 0.45168963074684149 -0.0040971920825541011 0.40541850030422216 0.10283489897847177 1.7976169586181643 1.0403678417205813 0.31167888641357427 0.062200998887419708 -0.043718844652175896 -0.2113862335681915 1.5580661296844485 0.95018291473388683 0.92616239190101635 0.4749871045351029 0.52899938821792614 0.083499684929847731 0.53815996646881115 3.3646571636199956 0.35000000894069677 1.0870949625968935 1.0715642571449282 0.032882999628782279 0.1049553230404854 0.18798533827066424 0.53602641820907604 0.13681557029485705 -0.089431192725896821 -0.064234707504510866 0.050000002607703216 0.89694276452064525 8.0485038757324237 0.58863231539726268 0.037148343399167068 0.33094492554664617 0.0015288089052774014 0.42886565625667578 0.27500000596046453 1.1850898861885073 0.18478469550609591 0.059926718473434455 25919688.000000004 48196804.000000007 12108576.000000002 0.59538614749908458 0.92398884892463695 1.2146643996238711 0.85246625542640697 -0.67499998211860646 0.080941207706928267 2.7820546627044682 0.9987584948539735 1.5168151259422304 0.35833333432674414 0.033126117661595351 -0.0032109927851706739 0.50431180000305187 0.90388599038124096 1.0000000180025095e-35 0.11720693111419679
decision_type=2 2 2 2 2 2 2 2 2 2 2 2 2 2 2 2 2 2 2 2 2 2 2 2 2 2 2 2 2 2 2 2 2 2 2 2 2 2 2 2 2 2 2 2 2 2 2 2 2 2 2 2 2 2 2 2 2 2 2 2 2 2
left_child=1 10 16 6 5 15 7 38 28 30 34 12 -12 14 19 22 45 42 -19 29 33 24 -4 -23 -16 -22 -27 -21 -9 -13 -7 32 -14 -8 36 -36 37 60 54 -17 -41 -32 43 -18 56 46 -3 -48 49 51 -51 -47 -50 57 -2 -6 -39 -38 -59 -24 61 -1
right_child=3 2 4 -5 55 9 20 8 -10 -11 11 13 31 -15 21 39 17 18 -20 27 25 23 59 -25 -26 26 -28 -29 -30 -31 41 -33 -34 -35 35 -37 53 44 -40 40 -42 -43 -44 -45 -46 48 47 -49 52 50 -52 -53 -54 -55 -56 -57 -58 58 -60 -61 -62 -63
leaf_value=0.00013529414266157252 0.0016122908591820553 0.00010397064124593264 -0.0019796071560829408 0.0054275807508978478 -0.0015026855349953457 -0.0082623019412581249 0.0038760271857977966 0.0039069964532174317 0.0015492587714106777 -0.0006797176586034909 -0.0049708315373274935 -0.0013017174249806097 -0.00026306535412825931 0.0044774216354091876 0.000128185219439352 -0.0034607995471890099 -0.0029360067900428078 -0.0084625577088445429 -0.0027281862824324143 -0.0042884150404985831 0.00071216157474259109 0.00018833193544742782 -0.0069737085406865245 -0.00067400030271072618 0.00076469056427314725 0.00021444588729908404 -0.0041907182479559704 -0.00097159661101167737 0.0089535854969118884 7.6509377389286293e-05 -0.0024048119857483967 8.4837874883836724e-05 -0.0049059038279901639 -0.00022494599046919187 -0.00045200918745181748 -0.0033130910165689803 0.00035240269080200602 0.00028179871784221377 -0.00094082261652407139 0.00056136282799796071 -0.0022234776902801093 -0.0066583668692216562 0.002633512458148397 0.0013730872642814316 -0.00015745708122202992 -0.00013418801798050278 0.0043618469620388869 0.0008299907464404694 -0.00047765785619169142 0.0028070173470615902 -0.00084629096647269623 -0.0025791841380041146 0.0010133854933966316 0.0021603301229288826 8.0764959812160456e-05 0.0012587773923170139 0.00098897770831592332 -0.00028150507617876944 -4.3410066917175529e-05 -0.0034810557320038328 -5.721972435450423e-05 0.0022251748780382874
leaf_weight=5094 885 361 158 93 88 84 71 51 88 51 83 482 124 68 3210 69 59 51 79 105 118 18461 71 1173 5157 71 122 212 68 1870 55 411 77 73 1895 91 1427 5859 112 213 137 52 59 56 2062 144 68 90 439 76 108 265 373 81 211 129 866 16602 15390 51 39448 215
leaf_count=5094 885 361 158 93 88 84 71 51 88 51 83 482 124 68 3210 69 59 51 79 105 118 18461 71 1173 5157 71 122 212 68 1870 55 411 77 73 1895 91 1427 5859 112 213 137 52 59 56 2062 144 68 90 439 76 108 265 373 81 211 129 866 16602 15390 51 39448 215
internal_value=1.1504e-06 -2.01034e-05 -0.000938613 0.00134209 -0.00223345 -0.00278054 0.0011389 0.00161341 0.00456249 -0.00498842 5.7143e-06 0.000172333 -0.00113394 0.000201868 0.000192389 -0.00201615 -0.000265622 -0.00193445 -0.00497782 -0.000427358 -0.000336769 0.000251462 -0.00351945 0.000136813 0.000520495 -0.00132478 -0.00257017 -0.00207023 0.00679076 -0.000205933 -0.00613892 -0.000613572 -0.00204167 0.00179706 -5.31122e-05 -0.000583106 -4.10198e-05 2.04175e-05 0.00110807 -0.00101155 -0.000528703 -0.00447196 0.000339343 -0.000837665 0.000248417 -1.94066e-06 0.000787742 0.00235003 -0.000293646 -0.00097955 0.000662684 -0.00171835 0.000207267 -0.000139217 0.00131744 0.000138921 0.000372864 -0.00014479 -0.000166968 -0.00551367 -2.43449e-05 0.000219929
internal_weight=125812 123849 3386 1963 1158 941 1870 1415 207 242 120463 31433 695 30738 30670 699 2228 304 130 2669 455 28001 280 19634 8367 311 193 317 119 2352 191 612 201 144 89030 1986 87044 53544 1208 419 350 107 174 115 8787 1924 519 158 1405 593 184 409 812 33500 1096 217 6725 33419 31992 122 44757 5309
internal_count=125812 123849 3386 1963 1158 941 1870 1415 207 242 120463 31433 695 30738 30670 699 2228 304 130 2669 455 28001 280 19634 8367 311 193 317 119 2352 191 612 201 144 89030 1986 87044 53544 1208 419 350 107 174 115 8787 1924 519 158 1405 593 184 409 812 33500 1096 217 6725 33419 31992 122 44757 5309
is_linear=0
shrinkage=0.05


Tree=13
num_leaves=63
num_cat=0
split_feature=100 1 151 121 115 120 51 63 100 142 149 157 121 1 111 151 118 31 71 32 126 137 77 37 127 30 57 111 161 169 160 127 151 108 10 119 1 36 152 157 8 183 107 10 84 8 125 56 183 176 138 123 122 0 97 162 114 157 159 128 11 136
split_gain=1.42947 1.15169 1.09189 0.644241 0.600154 0.919185 0.559327 0.55928 0.442195 0.447347 0.403069 0.413888 0.37922 0.732261 0.505642 0.479081 0.40228 0.402491 0.376754 0.324918 0.31735 0.312305 0.374589 0.30996 0.369439 0.309309 0.34177 0.308677 0.437605 0.304493 0.292436 0.313323 0.289138 0.346868 0.30989 0.285875 0.291116 0.269444 0.266502 0.266377 0.265236 0.29936 0.258051 0.250145 0.243541 0.233155 0.263229 0.23189 0.230941 0.227714 0.237668 0.215291 0.205183 0.203507 0.202291 0.194407 0.199614 0.217134 0.192475 0.182 0.178458 0.178282
threshold=1.346723794937134 0.10283489897847177 1.0456288456916811 0.4367587417364121 -0.025276800617575642 0.28760568797588354 0.11666667088866235 -0.86437392234802235 1.1963711977005007 0.97827339172363292 0.64323374629020702 0.3125892728567124 0.30987195670604711 0.072729371488094344 0.096485745161771788 1.108603358268738 0.11145284771919252 0.050000002607703216 0.43596465885639196 0.12500000372529033 0.061107391491532333 1.0689688324928286 0.51175305247306835 0.80833333730697643 1.2940140366554262 1.0000000180025095e-35 0.53807052969932567 0.22446128726005557 0.99717715382576 0.14165390282869342 1.7152404189109804 1.1774963736534121 0.84179669618606578 0.049065133556723602 1.0741230249404909 0.046395877376198776 0.12665621936321261 -0.71666666865348805 0.64727154374122631 0.52643871307373058 0.25008662045001989 0.030297608114778999 0.12303902208805086 1.0973335504531863 0.46911208331584936 0.8671763837337495 -0.082733642309904085 0.34197054803371435 -0.098900038748979555 3.2589458227157597 1.2209300994873049 -0.071271691471338258 -0.043718844652175896 -0.074915383011102663 1.2355192303657534 43.52204895019532 0.0097401775419712084 0.71957147121429454 0.89655348658561718 1.2154777050018313 0.96953320503234874 0.89817664027214061
decision_type=2 2 2 2 2 2 2 2 2 2 2 2 2 2 2 2 2 2 2 2 2 2 2 2 2 2 2 2 2 2 2 2 2 2 2 2 2 2 2 2 2 2 2 2 2 2 2 2 2 2 2 2 2 2 2 2 2 2 2 2 2 2
left_child=1 12 3 45 5 7 29 -2 9 -4 30 43 14 23 32 52 17 -17 21 40 39 -16 -23 24 27 26 -21 -14 -29 -5 31 -6 33 -1 48 37 42 61 -36 -11 41 -20 53 -12 -8 55 -47 -9 -34 -10 -51 -27 -15 -37 -18 -3 57 -57 -39 -25 -50 -13
right_child=4 2 8 6 10 -7 44 47 49 20 11 35 13 15 18 16 54 -19 19 25 -22 22 -24 59 -26 51 -28 28 -30 -31 -32 -33 34 -35 38 36 -38 58 -40 -41 -42 -43 -44 -45 -46 46 -48 -49 60 50 -52 -53 -54 -55 -56 56 -58 -59 -60 -61 -62 -63
leaf_value=6.2204553403886995e-05 0.0069511481846172007 -0.00074586412468575613 -0.00049248400934326743 -0.0031514860765380136 0.00092988606473874517 -0.0021165748955594942 -0.0028476128136389889 0.0015771799691632485 0.0015514807541930006 -0.0068055823748439277 1.9048727807347424e-05 -0.0015616391905762324 -5.8053955841401412e-05 -0.002901403233991962 -0.00010910213843638803 -0.0071559186123022938 -0.0018522961081172636 -0.0026237297076857177 0.00017006170104071007 0.0020502617936113778 -0.0071102897857781497 -0.00059686076303037364 -0.0042359614406648856 -0.00075487814249433312 0.0030138393645438087 0.001540643154417613 0.00050517610060854437 -0.0051049911119561229 -0.00052426515346928567 0.00063664667438208863 -0.00056044964127640207 0.0037877541787116973 0.0024519439323569883 0.00065658229844641858 -0.0009549008313886096 -0.0014999838738555715 -0.0020069064901855945 0.003275931303392308 -0.0047173345968725966 -0.0029124919038434906 -0.0005529200679388473 0.002673549766413777 0.0032357351394379156 -0.004653488755580153 -0.0067301686353554643 -0.004531337637812472 -0.0007022934585265609 0.0045170703264908177 -0.00039316764222123516 -0.00056798050534867105 -0.0047563147637411027 0.00035540400639348223 -0.0004874803167943659 0.00044363289971000762 0.0016922786539676144 -0.0011666435818900639 0.0015770466467074586 0.00058373518458552096 0.0011574888094099376 -0.0031711851092522387 -4.4171055814956343e-05 0.00093434121936330171
leaf_weight=17171 93 443 96 83 163 87 92 208 68 53 54 82 21595 95 1183 71 191 158 4092 647 80 198 110 937 97 401 801 72 189 147 89 233 91 2864 295 145 132 218 56 257 1392 123 78 61 72 52 328 99 3943 105 50 8601 1200 1892 51 245 308 640 211 85 51578 561
leaf_count=17171 93 443 96 83 163 87 92 208 68 53 54 82 21595 95 1183 71 191 158 4092 647 80 198 110 937 97 401 801 72 189 147 89 233 91 2864 295 145 132 218 56 257 1392 123 78 61 72 52 328 99 3943 105 50 8601 1200 1892 51 245 308 640 211 85 51578 561
internal_value=1.09288e-06 -3.1014e-05 -0.000979386 -0.000471969 0.000885789 0.00254119 -0.00232116 0.00355425 -0.00270418 -0.00355002 0.000680079 0.000489514 -6.00729e-06 -0.000180088 4.00335e-05 -0.00116122 -0.00252676 -0.00402891 0.00028195 0.000352548 -0.00430264 -0.000478338 -0.00189654 -0.000104672 -6.50471e-05 0.000517301 0.00119556 -7.87116e-05 -0.00178791 -0.000730375 0.00202936 0.00261141 -1.58253e-05 0.000147171 -7.41786e-05 0.000591692 0.000271176 0.00126352 -0.00155518 -0.00357808 4.54921e-05 0.000243117 0.000413354 -0.00245943 -0.00455215 -0.000110569 -0.00122627 0.00252522 -6.48311e-05 -0.000860776 -0.00191906 0.000408201 -0.000664563 0.00030528 -0.0011053 0.000148579 0.000480715 9.91671e-05 0.00223399 -0.000955843 -6.89562e-05 0.000616036
internal_weight=125812 121406 3119 2410 4406 487 394 400 709 486 3919 3434 118287 24741 93546 1766 471 229 17548 16057 390 1491 308 22975 21953 10450 1448 21856 261 230 485 396 75998 20035 55963 3319 2247 1072 351 310 5607 4215 2115 115 164 2016 380 307 55612 223 155 9002 1295 2037 242 1636 1193 885 429 1022 55521 643
internal_count=125812 121406 3119 2410 4406 487 394 400 709 486 3919 3434 118287 24741 93546 1766 471 229 17548 16057 390 1491 308 22975 21953 10450 1448 21856 261 230 485 396 75998 20035 55963 3319 2247 1072 351 310 5607 4215 2115 115 164 2016 380 307 55612 223 155 9002 1295 2037 242 1636 1193 885 429 1022 55521 643
is_linear=0
shrinkage=0.05


Tree=14
num_leaves=63
num_cat=2
split_feature=100 11 7 137 121 79 176 119 121 46 72 176 157 169 136 185 151 114 175 84 7 10 70 110 2 109 108 64 112 18 126 68 68 133 3 156 11 121 121 74 186 157 114 112 176 166 186 178 21 168 116 178 116 51 120 2 89 121 26 53 172 172
split_gain=1.2901 0.922108 0.799632 0.750978 0.738795 0.705652 0.657269 0.430267 0.413854 0.396993 0.391842 0.378213 0.410672 0.407727 0.364069 0.357208 0.341838 0.33993 0.338153 0.336047 0.334016 0.366379 0.498939 0.366173 0.326805 0.286997 0.277611 0.273197 0.27306 0.289705 0.253485 0.396265 0.270594 0.229961 0.215074 0.205101 0.236862 0.203649 0.201098 0.201128 0.198298 0.233802 0.206243 0.192028 0.191053 0.23771 0.183405 0.182101 0.162176 0.158025 0.151733 0.140548 0.127132 0.124869 0.12472 0.123964 0.116135 0.11191 0.111526 0.113754 0.105918 0.105786
threshold=1.346723794937134 0.91029083728790294 -0.090693458914756761 1.0767999291419985 0.34271210432052618 0.36331200599670416 2.7748689651489262 0.074325170367956175 0.38194274902343756 0.38333334028720861 0.51918995380401622 4.9636933803558358 0.33591718971729284 -0.47505484521389002 0.86611849069595348 0.23910246789455417 0.94288131594657909 -0.027292061597108837 40.194225311279304 0.43297250568866735 0.018872499465942386 1.0652235746383669 0.47715610265731817 0.073762502521276488 -0.93877306580543507 0.049484519287943847 0.083068326115608229 -0.10079082474112509 -0.018648501485586163 0.30389715731143957 0.18675769120454791 0.69344699382781994 0.52478688955307018 0.88096633553504955 0.0018764241249300542 0.42137674987316137 0.96050825715065014 0.2785982489585877 0.41031002998352056 0.5440499782562257 0 0.48583906888961798 -0.027292061597108837 -0.022341406904160973 7.02093529701233 38.512495040893562 1 -9.1310272216796857 0.63056698441505443 8.7630825042724627 0.0023190842475742106 -3.651972651481628 -0.004394431132823228 0.083333335816860213 0.284454956650734 0.65241113305091869 0.46128731966018682 0.19209162890911105 0.11666667088866235 0.015630437061190609 48196804.000000007 14723332.000000002
decision_type=2 2 2 2 2 2 2 2 2 2 2 2 2 2 2 2 2 2 2 2 2 2 2 2 2 2 2 2 2 2 2 2 2 2 2 2 2 2 2 2 1 2 2 2 2 2 1 2 2 2 2 2 2 2 2 2 2 2 2 2 2 2
left_child=1 3 4 8 16 9 53 17 46 -2 26 13 -13 -11 34 19 51 -7 -10 25 21 23 -23 -21 -14 49 -8 33 29 -22 48 32 -32 -26 -5 37 -37 -27 39 -36 41 -15 -43 -29 -18 -46 60 -9 -17 52 -48 56 -4 -6 -50 -52 -3 -56 -42 -60 -1 -57
right_child=5 2 15 14 6 7 10 47 18 11 -12 12 24 40 -16 30 44 -19 -20 20 28 22 -24 -25 27 35 -28 43 -30 -31 31 -33 -34 -35 38 36 -38 -39 -40 -41 58 42 -44 -45 45 -47 50 -49 54 -51 55 -53 -54 -55 57 61 -58 -59 59 -61 -62 -63
leaf_value=0.0029210253338365316 -0.0027632656294239184 0.00062443808359127068 0.00026002204417282951 -0.0018929440482501306 0.00031156860047824755 0.007317659126100608 -0.0046641000409096906 -0.00053737652179894639 -0.00027797980613380286 0.0046724167501617396 -0.0015971517512356984 -0.0028695544158758727 -0.0026038332326584722 -0.0016824486400736007 -0.00030643683043308557 0.0023233799231372992 -0.00046961467225522992 0.0023160721536159743 -0.005254014084362481 -9.5742838525355548e-05 -0.00060879990958187492 -0.0022234285949620336 -0.00022627300705304758 0.00036953044866437244 -0.0013708383332414087 0.00054632367010158092 -0.0090368459579245799 -0.00026519606813102441 -0.00033899086813384037 -0.0026647113916349026 0.0020060763740754762 -0.00070670660149069545 0.0064275172745020918 0.00052595888837372428 -0.0020062376800342465 -0.00049980052314870372 0.0001653726344954375 -3.0021836668479526e-05 -0.0079101009203198687 -0.0064909712676890193 0.0013579108302783473 0.0035761868878634072 0.00068911743900763834 0.0023012357085900217 -0.0057222537467923927 -0.00140470966550609 0.00012678200803576718 0.0032762877744469984 -0.00036504586758778518 0.00036880680165727589 -0.0029087490520025164 -0.00096848983022969836 -4.8625456868294853e-05 -0.0026568910132886633 0.002462447974895541 0.0012288113325542097 0.0031788302176441493 -0.00045112292349445992 0.0046275920676998794 0.0020913500853913278 8.8020821741379018e-05 -0.0014496344256764489
leaf_weight=65 82 233 3590 51 103 82 97 68 58 88 62 94 82 95 60 104 138 58 83 31771 466 451 1020 4878 176 6247 58 93 5419 271 74 63 65 1735 50 1526 10883 2031 60 50 377 68 685 337 53 80 313 58 345 2656 98 113 47219 54 90 51 55 52 60 168 67 133
leaf_count=65 82 233 3590 51 103 82 97 68 58 88 62 94 82 95 60 104 138 58 83 31771 466 451 1020 4878 176 6247 58 93 5419 271 74 63 65 1735 50 1526 10883 2031 60 50 377 68 685 337 53 80 313 58 345 2656 98 113 47219 54 90 51 55 52 60 168 67 133
internal_value=1.03824e-06 -2.94633e-05 -1.60533e-05 -0.00144543 -0.00139248 0.0008415 -0.00317369 0.00333783 -0.000728051 0.000681107 -0.00495658 0.000750708 0.000373012 0.00136762 -0.00374315 -3.97709e-06 -0.00040115 0.00524557 -0.00320713 -1.10592e-05 -0.000120058 -6.48699e-05 -0.000838589 -3.38147e-05 0.000498807 5.40235e-05 -0.00630035 0.000607486 -0.000461798 -0.00136477 0.00105368 0.00258275 0.00407366 0.000351267 -0.00472041 0.000212161 8.35728e-05 0.000404918 -0.00562167 -0.0042486 0.00116747 0.000647312 0.000949836 0.00174617 -0.00177293 -0.00312523 -0.000247239 0.00121812 0.000531053 -7.16385e-06 -0.000620672 0.000525911 -2.68174e-05 -0.00070943 0.000148298 -0.0014723 0.00111226 0.00139551 0.00185518 0.00275878 0.00137862 -0.000707239
internal_weight=125812 121406 120267 1139 1046 4406 374 266 868 4140 217 4058 2517 1541 271 119221 672 140 141 118428 44276 38120 1471 36649 2423 74152 155 2341 6156 737 793 202 139 1911 211 20687 12409 8278 160 100 1453 848 753 430 271 133 727 126 591 53465 595 401 50809 157 487 282 288 142 605 228 132 184
internal_count=125812 121406 120267 1139 1046 4406 374 266 868 4140 217 4058 2517 1541 271 119221 672 140 141 118428 44276 38120 1471 36649 2423 74152 155 2341 6156 737 793 202 139 1911 211 20687 12409 8278 160 100 1453 848 753 430 271 133 727 126 591 53465 595 401 50809 157 487 282 288 142 605 228 132 184
cat_boundaries=0 1 2
cat_threshold=1938 1536
is_linear=0
shrinkage=0.05


Tree=15
num_leaves=63
num_cat=0
split_feature=100 1 150 121 100 69 1 129 158 157 174 184 116 5 4 125 5 121 182 27 19 32 111 11 11 76 2 171 37 175 108 125 27 27 54 143 37 143 122 156 108 1 169 174 123 151 159 156 97 44 109 98 108 39 27 152 62 110 136 157 28 37
split_gain=1.19693 0.811958 1.00822 0.50652 0.648074 0.506447 0.516106 1.16377 0.420567 0.405498 0.362463 0.658557 0.407377 0.365436 0.356076 0.337796 0.349956 0.326529 0.505073 0.568918 0.956022 0.972807 0.372358 0.396494 0.364925 0.352083 0.324747 0.305875 0.301127 0.293342 0.292684 0.292113 0.287959 0.257796 0.242884 0.253133 0.251358 0.244651 0.237982 0.23614 0.319065 0.285828 0.419975 0.234615 0.234487 0.215682 0.211784 0.243153 0.202898 0.197232 0.188242 0.186087 0.155469 0.196448 0.148406 0.137867 0.136952 0.136121 0.182406 0.128645 0.127973 0.123498
threshold=1.346723794937134 0.10283489897847177 0.98216307163238536 0.4749871045351029 1.0364447832107546 0.6813015639781953 0.10010562464594842 1.7976169586181643 0.61595621705055248 0.48583906888961798 6.5699851512908944 -0.16202728450298307 -0.0088533135131001455 0.047672560438513763 0.0062139383517205724 0.13257118314504626 0.0061736681964248427 0.4367587417364121 0.038770128041505821 0.32500000298023229 0.046832863241434104 0.57499998807907116 0.095697492361068739 0.94874045252799999 0.99999284744262706 0.57221075892448436 0.31918036937713629 127370956.00000001 0.77500000596046459 13.61165761947632 0.11786024272441865 -0.16557654738426206 0.60833334922790538 0.67500001192092907 0.44673812389373785 0.96820190548896801 0.19166667014360431 1.110303580760956 0.0015817026142030957 0.42667543888092047 0.051750604063272483 0.07179549336433412 -0.59938588738441456 6.9101290702819833 -0.062300508841872208 0.91110277175903331 0.84993273019790661 0.47664487361907965 1.1323323249816897 0.75000000000000011 0.079394049942493453 1.2151234149932864 0.063435647636652007 0.65000000596046459 0.27500000596046453 0.13804135471582415 0.54991865158081066 0.053090613335371024 0.72217482328414928 0.79461845755577099 0.5000000149011613 -0.69166666269302357
decision_type=2 2 2 2 2 2 2 2 2 2 2 2 2 2 2 2 2 2 2 2 2 2 2 2 2 2 2 2 2 2 2 2 2 2 2 2 2 2 2 2 2 2 2 2 2 2 2 2 2 2 2 2 2 2 2 2 2 2 2 2 2 2
left_child=1 15 3 46 33 6 7 34 -9 14 -4 38 -13 54 -8 17 -17 22 57 20 51 -22 39 25 27 45 -15 -25 30 -16 -21 -26 49 -5 35 -2 37 -37 -12 40 -1 44 -43 -11 -41 -24 55 52 -30 -7 -36 -20 -48 -54 -14 -3 -49 58 -19 -35 -52 -60
right_child=5 2 10 4 -6 32 9 8 -10 43 11 12 13 26 29 16 -18 18 19 28 21 -23 23 24 31 -27 -28 -29 48 -31 -32 -33 -34 59 50 36 -38 -39 -40 41 -42 42 -44 -45 -46 -47 47 56 -50 -51 60 -53 53 -55 -56 -57 -58 -59 61 -61 -62 -63
leaf_value=3.0578319329166961e-05 -0.0020273219270791898 0.00038878682920253 0.0010842871474655898 -0.0065865070117748711 0.0010028686266679793 0.0010846062877017857 0.0011152302462256094 0.007043143773080374 0.0023868560895551833 0.0027138339811081567 -0.0038060394947654523 -0.0054876542924081582 -0.0024625157118188562 -0.0016516905009233019 -0.0056632718909809011 0.0049335712741594767 0.00051603519380023506 -0.0014570915680633641 -0.00095770509628198205 -0.0003616467176202271 -0.0066554875586653049 -0.0010306325420970097 0.00022428612216552672 0.00039190405047102769 -0.0021988861675733373 -0.0038730201347110175 -0.0061765474385567128 -0.00031757602248880061 -0.00125568499588373 -0.0011291024069636948 0.0032302142947446561 -0.00020048959279733041 0.0061518686191729191 -0.0043533382297027854 0.0028602366276128696 0.00061030740741080045 -0.00084436472536648086 0.0022261927364650006 -0.0076322584475479642 0.001159963134624015 0.00058138074543875645 -0.0050037089987831603 -0.00066232703353427745 -0.00026672616874430939 -8.3226870752743664e-05 -0.00092322504187840727 0.00010861093338888363 -0.0025590132851253397 -0.0044673617682509268 0.0044283961683201289 0.0018862067281293707 0.0029067185809694683 0.00053939037759349428 0.0027828721733489407 -6.1307801621796463e-05 -0.0018596129814064941 0.0004012685754181196 0.00016693206872150012 -0.00075278966291619613 -0.00078425804227299524 -0.00062823517658617547 -9.8658223869637932e-05
leaf_weight=27879 93 99 74 67 94 147 51 96 98 78 101 68 81 107 84 69 128 297 59 1036 169 141 791 16521 223 75 63 1673 202 62 60 1016 55 51 215 2211 263 262 68 382 2903 59 998 430 53673 849 991 112 65 63 111 66 322 140 313 219 60 2878 836 50 93 5271
leaf_count=27879 93 99 74 67 94 147 51 96 98 78 101 68 81 107 84 69 128 297 59 1036 169 141 791 16521 223 75 63 1673 202 62 60 1016 55 51 215 2211 263 262 68 382 2903 59 998 430 53673 849 991 112 65 63 111 66 322 140 313 219 60 2878 836 50 93 5271
internal_value=3.10853e-06 -2.6292e-05 -0.000827751 -0.000257886 -0.0023216 0.000812084 0.000676666 0.000929108 0.004691 -0.000555824 -0.00226381 -0.00257312 -0.00183175 -0.00139097 -0.00248143 -5.42901e-06 0.00206329 -8.87916e-06 -0.000267267 -0.00103428 -0.00260864 -0.00409709 1.78668e-05 0.000205807 0.000270123 -0.000522965 -0.00332855 0.000326665 -0.000531827 -0.0037378 -0.000165012 -0.000560169 0.00293124 -0.00418172 0.000704414 0.000538015 0.000625214 0.000781501 -0.00534558 -2.84061e-05 8.25236e-05 -9.03642e-05 -0.000904656 0.000190919 -7.44414e-05 -0.000369761 2.03914e-05 0.000251314 -0.00203755 0.00208774 0.00182791 0.00108271 0.000461748 0.00121923 -0.000554957 -0.00115964 -0.00152636 -0.000118691 -0.000247051 -0.00258647 0.000739917 -0.000188204
internal_weight=125811 121399 3080 2205 262 4412 4147 3442 194 705 875 801 632 564 197 118319 197 118122 11080 1798 435 310 107042 21148 19433 1715 170 18194 1363 146 1096 1239 265 168 3248 2829 2736 2473 169 85894 30782 55112 1057 508 54055 1640 1943 1625 267 210 419 125 1453 462 394 318 172 9282 6404 101 204 6107
internal_count=125811 121399 3080 2205 262 4412 4147 3442 194 705 875 801 632 564 197 118319 197 118122 11080 1798 435 310 107042 21148 19433 1715 170 18194 1363 146 1096 1239 265 168 3248 2829 2736 2473 169 85894 30782 55112 1057 508 54055 1640 1943 1625 267 210 419 125 1453 462 394 318 172 9282 6404 101 204 6107
is_linear=0
shrinkage=0.05


Tree=16
num_leaves=63
num_cat=0
split_feature=146 138 19 7 176 176 115 161 110 111 61 141 173 58 182 8 110 5 106 47 157 158 32 117 7 29 172 72 121 182 166 108 47 62 176 110 91 139 148 161 88 119 181 51 76 123 5 157 5 111 85 91 148 3 159 94 146 72 34 5 168 47
split_gain=1.06314 0.782755 1.05368 0.729403 1.04345 0.609395 0.591883 0.647774 0.458913 0.521871 0.654817 0.578727 0.446449 0.420929 0.404919 0.389717 0.452656 0.446687 0.354439 0.342547 0.346128 0.338305 0.323152 0.30996 0.301788 0.296975 0.345641 0.293772 0.287801 0.33135 0.285865 0.281681 0.252915 0.247151 0.248995 0.225874 0.225025 0.220079 0.210545 0.204727 0.198569 0.192783 0.206486 0.193472 0.186143 0.441626 0.164579 0.146635 0.146068 0.143429 0.14312 0.141026 0.137053 0.135233 0.129247 0.125903 0.121489 0.112456 0.0960579 0.219306 0.0928278 0.09527
threshold=1.188448488712311 1.192932724952698 0.22581023722887042 -0.078156486153602586 8.8480005264282244 27.917580604553226 -0.025276800617575642 1.2057515382766726 0.17100809514522555 0.25213064253330236 0.56425076723098766 1.1708078384399416 0.86496740579605114 0.94447794556617748 0.050850151106715209 0.57587876915931713 0.085056751966476454 0.052306327968835838 1.2060385346412661 0.34166666865348821 0.3125892728567124 0.5684097707271577 0.64166665077209484 0.2178752198815346 -0.090693458914756761 0.35000000894069677 84128516.000000015 0.50999006628990184 0.60320425033569347 0.043511049821972854 32.121858596801765 0.054758906364440925 0.39166666567325598 0.50031039118766796 17.401145935058597 0.047080831602215774 0.43983927369117742 0.95677068829536449 0.64259275794029247 1.1142241358757021 -0.52268207073211659 0.13672882318496707 0.078360326588153853 0.18333333730697635 0.53314092755317699 -0.026299192570149895 1.0000000180025095e-35 0.55965706706047069 0.016988643445074562 0.30023415386676794 0.12059830874204637 0.19860177487134936 0.6804504692554475 0.030571985058486465 1.2638501524925234 11.564224243164064 1.0904039144515993 0.50912746787071239 -0.65000000596046437 0.012245555408298971 -12.443169593811033 0.30833333730697637
decision_type=2 2 2 2 2 2 2 2 2 2 2 2 2 2 2 2 2 2 2 2 2 2 2 2 2 2 2 2 2 2 2 2 2 2 2 2 2 2 2 2 2 2 2 2 2 2 2 2 2 2 2 2 2 2 2 2 2 2 2 2 2 2
left_child=1 8 3 4 18 6 7 13 9 15 11 -11 -4 51 -13 16 28 44 40 -8 24 -5 31 -14 -21 26 -18 47 35 -30 -20 -19 -27 34 39 -1 38 -10 53 -23 -3 43 60 58 48 -46 54 -6 -17 -40 -7 -2 -48 -22 -35 -42 -12 -25 59 -39 -43 -62
right_child=5 2 12 21 27 50 19 -9 37 10 56 14 23 -15 -16 17 25 22 30 20 36 33 -24 57 -26 32 -28 -29 29 -31 -32 -33 -34 46 -36 -37 -38 41 49 -41 55 42 -44 -45 45 -47 52 -49 -50 -51 -52 -53 -54 -55 -56 -57 -58 -59 -60 -61 61 -63
leaf_value=-4.5345709717881653e-05 0.00149694289286911 0.00016053155508219592 -0.0065116240133647812 0.0028775490509756114 -0.0086189093462649153 -0.00088153148522484778 -0.0019908295852863896 -0.00036648177298047812 0.004157374904710142 0.0001241921065375209 0.0010456366029676348 -0.0020477345988446048 -0.0048859844272825083 0.0080404917467680661 -0.0063681666924792343 -1.2956849996838789e-05 0.00094929655078089125 -0.0018716297817343048 -0.0011426728405205745 -0.0043844854234959246 0.0016721980754970771 -0.0015846988120383453 -9.3645672222919529e-05 -0.0024273501795250927 0.0009522454788496431 -0.00098051397745178132 -0.00013967849430009173 -0.0022582046717870979 -0.00047593940894903619 -0.0038252780234362543 0.0030119455457616857 -0.0056286964155733595 0.00022469005206079488 0.0022348643632506505 -0.0034635540258921224 0.0001241077260595017 0.0038877798540976971 0.002474403463635747 0.00098166299341858059 2.140000271621596e-05 -0.0039897667612448073 0.0014685774908568235 0.0027315981337202354 -0.0010531483641555669 -0.0039432180144459662 -0.00042710413794997586 0.0014795438681120196 -0.0050479411000483917 -0.00038118677538362628 -0.00065178371359289578 -0.0039109697478124875 0.0050228397267484022 -0.00028668948797515488 0.0040569108236875187 -0.00065133837976164238 -0.0010540674493573275 -0.001023966889295122 0.00075970283510433823 0.0021454553775466854 -0.0015521435508696689 -0.0024342008996480965 -0.00014831241099173389
leaf_weight=57807 61 74 96 92 58 177 98 80 51 100 180 97 71 71 123 10762 3014 149 79 54 273 312 144 50 52 468 961 50 1801 77 87 75 6231 162 81 29805 73 73 1690 545 105 78 71 69 92 3047 130 57 3592 146 50 53 708 76 51 56 117 62 404 63 51 429
leaf_count=57807 61 74 96 92 58 177 98 80 51 100 180 97 71 71 123 10762 3014 149 79 54 273 312 144 50 52 468 961 50 1801 77 87 75 6231 162 81 29805 73 73 1690 545 105 78 71 69 92 3047 130 57 3592 146 50 53 708 76 51 56 117 62 404 63 51 429
internal_value=2.9531e-06 -1.95847e-05 -0.000827585 -0.000519542 -0.00211103 0.0009403 0.0011475 0.00339276 1.28403e-07 -1.00664e-05 -0.00146043 -0.00302967 -0.00375013 0.00501837 -0.00446325 -2.48428e-06 3.58825e-05 -0.000217644 -0.00073393 0.000905827 0.00102591 -8.66805e-05 -0.0019416 -0.00230148 -0.00176647 0.000343649 0.000686025 -0.00545782 -8.26706e-07 -0.000613266 0.00103475 -0.00312958 0.000140493 -0.000223789 -0.000813764 1.23012e-05 0.00115699 0.000938473 0.00106576 -0.000563317 -0.00198329 0.000805869 0.000191927 0.00143997 -0.000181377 -0.000530157 0.000302754 -0.00684895 -0.000105104 0.00085177 -0.00154881 0.00313618 -1.26915e-05 0.00219151 0.0015438 -0.00296865 0.000230338 -0.000663089 0.00175854 0.000609165 -0.000131221 -0.000391188
internal_weight=125811 122857 2926 2647 566 2954 2727 265 119931 118642 617 320 279 185 220 118025 100164 17861 401 2462 2364 2081 368 183 106 10674 3975 165 89490 1878 166 224 6699 1989 938 87612 2258 1289 2185 857 235 1238 629 609 17493 3139 1051 115 14354 1836 227 114 838 349 213 161 297 112 540 136 558 480
internal_count=125811 122857 2926 2647 566 2954 2727 265 119931 118642 617 320 279 185 220 118025 100164 17861 401 2462 2364 2081 368 183 106 10674 3975 165 89490 1878 166 224 6699 1989 938 87612 2258 1289 2185 857 235 1238 629 609 17493 3139 1051 115 14354 1836 227 114 838 349 213 161 297 112 540 136 558 480
is_linear=0
shrinkage=0.05


Tree=17
num_leaves=63
num_cat=0
split_feature=100 1 151 121 100 79 119 58 158 157 126 157 185 7 81 102 171 110 10 147 121 113 132 125 181 42 132 99 101 117 146 166 125 174 10 108 40 183 148 76 117 1 157 171 96 171 85 139 181 181 22 46 132 68 90 101 110 30 136 149 100 179
split_gain=0.995423 0.685652 0.840941 0.466414 0.626857 0.449443 0.453079 0.393132 0.826765 0.422153 0.297904 0.352419 0.297891 0.310961 0.375747 0.439865 0.295807 0.293501 0.371908 0.751041 0.493053 0.277123 0.318488 0.3115 0.271156 0.266014 0.256615 0.255401 0.302485 0.236981 0.227218 0.22411 0.211013 0.31397 0.210562 0.201299 0.193552 0.234266 0.19076 0.207793 0.183683 0.170108 0.169371 0.158143 0.154657 0.154364 0.150318 0.159063 0.13099 0.136272 0.130461 0.143672 0.120108 0.159744 0.119771 0.243664 0.115309 0.113448 0.11274 0.11046 0.110357 0.109848
threshold=1.346723794937134 0.10283489897847177 0.96868735551834118 0.4749871045351029 1.0364447832107546 0.45168963074684149 0.080215331166982665 0.96250751614570629 0.61595621705055248 0.3125892728567124 0.10812221467494966 0.37266705930233007 0.2054633051156998 0.030800266191363338 -0.17837644368410108 1.0144556164741518 98399948.000000015 0.048262516036629684 1.0691776871681216 2.3398648500442509 0.30330543220043188 0.016912155784666542 0.90435245633125316 -0.042255828157067292 0.056562729179859168 0.34166666865348821 0.881028711795807 1.5294692516326907 1.0628579854965212 0.12588492780923846 1.2174689173698428 39.444021224975593 -0.038485873490571969 13.690075397491457 1.0832511782646181 0.13095537573099139 0.12500000372529033 -0.07538833841681479 0.89913082122802745 0.44951924681663519 0.13079940527677539 0.079758252948522582 0.62411272525787365 14069640.500000002 -0.10506898909807204 36779726.000000007 0.030452283099293712 1.3222004771232607 0.062025981023907668 0.047699389979243285 0.77886131405830394 0.28333334624767309 0.96480411291122448 0.68079739809036266 0.43359644711017614 0.65440464019775402 0.18289079517126086 0.37500000000000006 0.97533008456230175 1.0807949900627138 1.0297335386276247 7.881084918975831
decision_type=2 2 2 2 2 2 2 2 2 2 2 2 2 2 2 2 2 2 2 2 2 2 2 2 2 2 2 2 2 2 2 2 2 2 2 2 2 2 2 2 2 2 2 2 2 2 2 2 2 2 2 2 2 2 2 2 2 2 2 2 2 2
left_child=1 12 3 21 24 7 -7 9 -9 34 11 -4 13 17 15 -15 35 54 36 20 -20 22 23 29 -5 61 46 31 -29 -3 -10 -28 33 40 -2 50 -19 -38 48 -40 -13 -41 -35 -23 -24 -46 56 -48 49 -16 -14 -52 -32 -54 58 -56 -27 -53 -1 -34 -57 -11
right_child=5 2 10 4 -6 6 -8 8 30 25 -12 32 16 14 38 -17 -18 18 19 -21 -22 43 44 -25 -26 26 27 28 -30 -31 52 -33 59 42 -36 -37 37 -39 39 41 -42 -43 -44 -45 45 -47 47 -49 -50 -51 51 57 53 -55 55 60 -58 -59 -60 -61 -62 -63
leaf_value=3.819639251260659e-05 -7.5600362561090154e-05 -0.0049185378133328279 -0.005473783337705148 -0.0019304880067776845 0.00098561950852451186 0.0058295479830464021 0.00020858842946190929 0.0065514166378237027 0.0001396071298826565 -0.0015073177824548834 -0.005013879367350778 -0.0024488598345466127 0.0019929442137047045 -0.00057687004743704827 -6.7302948863089392e-05 -0.0061567033062909999 -0.00058065161921417685 -0.0019047877420681496 9.0235162675630283e-05 -0.0057320716565079765 -0.0014968356892345208 0.0032764697472157421 0.00068460352147603444 -0.00046155323796342708 -0.0059551125581983194 -0.0011993478692307396 0.00039046097995606055 -0.0016110859153901831 0.0025151688738375482 -0.0011231000392012641 -0.0001272649372022615 0.0016480666746589798 -0.0010946660938619365 -0.0048545643743300058 -0.0039127772295974019 0.0041239245796686639 0.0012876067475178193 0.00014514988550794466 -0.0025793938749564529 -0.00030892646596334495 0.00079575246211607018 -0.0012462921975944477 -0.0022531763026226227 0.00072237844048067936 0.00044538949965064955 -0.0030462727552124612 -0.00044378958954094464 -0.0042521307001991849 -0.0021986450419182592 0.0010677854745422099 0.003108602351230551 -0.00020405212918438306 0.0016861702234689741 0.0042771930989692923 -0.0031645883448116149 -7.3479717430667438e-05 0.001591919195188156 0.0016128754682502391 -0.00013545242169142003 0.0014475580704377288 -0.00033100459470616515 0.0010808592077855971
leaf_weight=33623 64 78 60 79 97 85 62 78 318 209 79 67 259 88 3661 59 278 114 1853 66 665 80 739 594 89 74 2011 51 344 87 58 430 96 81 81 59 454 38532 118 3240 125 569 275 250 67 60 58 52 68 285 51 309 232 80 67 15093 74 119 12946 77 5743 51
leaf_count=33623 64 78 60 79 97 85 62 78 318 209 79 67 259 88 3661 59 278 114 1853 66 665 80 739 594 89 74 2011 51 344 87 58 430 96 81 81 59 454 38532 118 3240 125 569 275 250 67 60 58 52 68 285 51 309 232 80 67 15093 74 119 12946 77 5743 51
internal_value=2.80544e-06 -2.40063e-05 -0.000760495 -0.000246274 -0.00221475 0.000740547 0.0034588 0.000646858 0.00167283 0.000422252 -0.0020879 -0.00179193 -4.8345e-06 -1.24313e-05 -0.000311576 -0.00281639 0.000823704 9.73405e-06 0.000114045 -0.000466914 -0.000328908 2.05528e-05 -0.000247712 -0.000995413 -0.00406258 0.000536444 0.000665526 0.00080287 0.00198241 -0.00291731 0.00111974 0.000611997 -0.00148554 -0.00196615 -0.00221913 0.00131355 0.000152438 0.000158454 -0.000265208 -0.000512969 -0.000336482 -0.000448953 -0.00284507 0.00134155 0.000407606 -0.00120421 -0.000844187 -0.0022441 -2.28164e-05 1.46789e-05 0.00108888 0.000600039 0.00196212 0.00235054 -5.47087e-05 -0.000154141 0.000196286 0.000301122 -1.00773e-05 3.68441e-05 -0.000144461 -0.000999637
internal_weight=125811 121399 3080 2220 265 4412 147 4265 766 3499 860 781 118319 117244 8088 147 1075 109156 41684 2584 2518 1955 1625 759 168 3354 3094 2836 395 165 688 2441 721 548 145 797 39100 38986 7941 3927 192 3809 356 330 866 127 258 110 4014 3946 738 479 370 312 67472 20903 148 428 46569 173 20836 260
internal_count=125811 121399 3080 2220 265 4412 147 4265 766 3499 860 781 118319 117244 8088 147 1075 109156 41684 2584 2518 1955 1625 759 168 3354 3094 2836 395 165 688 2441 721 548 145 797 39100 38986 7941 3927 192 3809 356 330 866 127 258 110 4014 3946 738 479 370 312 67472 20903 148 428 46569 173 20836 260
is_linear=0
shrinkage=0.05


Tree=18
num_leaves=63
num_cat=2
split_feature=100 182 161 121 56 141 183 174 132 79 110 1 129 42 148 158 186 5 36 126 77 181 40 121 12 125 132 127 185 121 0 157 170 122 84 181 21 69 111 86 36 62 182 42 137 67 184 174 68 182 105 70 11 50 182 10 120 132 186 175 108 31
split_gain=0.900656 0.674994 1.26474 0.980716 1.22003 0.817951 0.634566 0.615507 0.475687 0.435697 0.363591 0.341864 0.999966 0.387467 0.348262 0.341712 0.334714 0.315818 0.313527 0.309422 0.373808 0.30748 0.300586 0.246589 0.245274 0.245179 0.337603 0.247808 0.245054 0.241589 0.240156 0.239036 0.241568 0.239933 0.225428 0.213644 0.212744 0.207778 0.206104 0.218581 0.29085 0.300235 0.289888 0.201702 0.216174 0.259605 0.200341 0.204045 0.199414 0.198371 0.195963 0.194803 0.196482 0.179551 0.172531 0.169152 0.168292 0.163278 0.163207 0.157826 0.155053 0.153544
threshold=1.3338921666145327 0.047393023967742927 1.3122138381004336 0.24767553806304934 0.47475525736808782 1.188904941082001 -0.098900038748979555 6.9101290702819833 0.92896679043769848 0.45168963074684149 0.085056751966476454 0.10010562464594842 1.7976169586181643 0.45833332836627966 0.71960750222206127 0.84843590855598461 0 0.035303644835948951 0.91666665673255932 0.18675769120454791 0.4545093327760697 0.063837997615337386 0.12500000372529033 0.60320425033569347 0.29452896118164068 -0.094997875392436967 0.92308408021926891 1.1481068730354311 0.025896683335304264 0.068735230714082732 0.05821050517261029 0.48583906888961798 1688891264.0000002 -0.020832156762480732 -0.19307671487331388 0.068556874990463271 0.096450570970773711 0.57103800773620617 0.095697492361068739 0.49774920940399175 0.31666667759418493 0.5012270212173463 0.039477679878473289 0.29166667163372045 1.1351045370101931 -0.047820052132010453 -0.14530834555625913 13.376138687133791 0.26531507074832922 0.069109477102756514 1.2092661261558535 0.55313760042190563 0.96903634071350109 -0.17500000447034833 0.037148343399167068 1.0741230249404909 0.44783741235733038 0.97857210040092479 1 22.983899116516117 0.061593687161803252 0.45000000298023229
decision_type=2 2 2 2 2 2 2 2 2 2 2 2 2 2 2 2 1 2 2 2 2 2 2 2 2 2 2 2 2 2 2 2 2 2 2 2 2 2 2 2 2 2 2 2 2 2 2 2 2 2 2 2 2 2 2 2 2 2 1 2 2 2
left_child=1 10 3 17 16 6 -6 -7 -8 11 23 12 28 -14 36 -11 21 25 22 20 34 53 -12 38 -15 26 -3 -28 43 -24 -9 32 33 -16 -4 -22 -13 -21 51 -40 42 -42 -41 -2 61 -46 47 -31 -19 57 -50 52 -1 -5 -25 -54 -30 -27 -48 -23 -37 -45
right_child=9 2 19 4 5 7 8 30 -10 15 18 14 13 24 31 -17 -18 48 -20 37 35 59 29 54 -26 49 27 -29 56 46 -32 -33 -34 -35 -36 60 -38 -39 39 40 41 -43 -44 44 45 -47 58 -49 50 -51 -52 -53 55 -55 -56 -57 -58 -59 -60 -61 -62 -63
leaf_value=-0.00032936714205727838 -0.0013743437521886823 -0.0038066991427436431 0.0017872122981956368 -0.0018741273038117194 -0.0064872008880175764 0.00065019243280403324 -0.0028859047322073016 -0.0046716423403291461 -0.00034864823246947554 0.0058652804492573653 -0.0035270847841834792 0.0031907233389877852 0.001764045957878063 0.0040599963712156751 -0.0060102773896817657 0.0011351620534177139 0.0015468899665137736 -0.0043895056875618661 0.0021699736059808731 0.0053772794088581578 0.00031969767777746845 -0.0039377714574992733 0.00066955781737864468 -0.00040146502167086095 0.0088016664707101892 -0.00011660396172650625 0.0011572104428373827 -0.00097173275734430044 0.003378368141099822 -0.00024641259090631108 -0.0079933229435207049 -0.00025638483861859646 0.00043347360635049301 -0.0017749312931267794 -0.0017202979471360156 -0.00088028422917476765 -0.00030047001018829178 0.0011041917345816425 0.00029128048163651668 -0.00024413768572263911 -3.4575417330219658e-05 0.0016530912276024577 -0.0017779034833529804 0.0019049752022727907 0.0018137708807192305 -0.00076396831590484955 0.00051139660067625592 -0.0027340397909487615 -0.00062681103482669319 0.0024624107351774002 -0.0038269983168996487 0.0001795341975398979 -3.3220010207056246e-05 0.00063988012917088927 -0.0018802742902533449 -0.00084775543205811558 2.4100626326816264e-05 0.0014625397957481294 -4.1847285471924766e-05 -0.00064702818560582629 0.0020954694950987714 0.00028471343736530074
leaf_weight=6391 138 83 54 98 68 50 325 310 428 70 52 96 88 60 56 84 193 57 221 50 1525 98 2787 1906 50 993 182 549 127 279 66 429 55 83 302 51 80 66 10046 2209 881 376 358 155 567 118 2234 117 273 100 58 9198 72916 258 220 643 53 196 3287 58 309 2581
leaf_count=6391 138 83 54 98 68 50 325 310 428 70 52 96 88 60 56 84 193 57 221 50 1525 98 2787 1906 50 993 182 549 127 279 66 429 55 83 302 51 80 66 10046 2209 881 376 358 155 567 118 2234 117 273 100 58 9198 72916 258 220 643 53 196 3287 58 309 2581
internal_value=2.66517e-06 -2.42374e-05 -0.000508184 -0.00100484 -0.00184401 -0.0027839 -0.00186147 -0.00456164 -0.00144375 0.000667918 4.59899e-06 0.000582811 0.000774185 0.00423697 -0.000360164 0.00328522 -0.00018154 -0.000347251 0.000310035 0.000428029 0.00029769 -0.000846752 0.000263091 -2.14786e-05 0.0062153 -0.000105427 -0.000784797 -0.000441681 0.000590812 0.000285734 -0.0052547 -0.000914997 -0.00237141 -0.00348126 -0.00118826 0.000578326 0.00160382 0.00294604 -1.04787e-05 0.000168819 -0.0001529 0.000470248 -0.00045804 0.00049978 0.00057538 0.00136972 0.000104947 -0.000981393 -0.00165796 0.000323593 -0.00118757 -3.83745e-05 -6.34442e-05 -5.21781e-05 -0.000554493 -4.03401e-05 0.00239072 0.000143709 0.000182866 -0.00271429 0.0016739 0.000376505
internal_weight=125811 120921 6800 4443 1952 1247 821 426 753 4890 114121 4736 3937 198 799 154 705 2491 8977 2357 2241 512 8756 105144 110 2103 814 731 3739 8704 376 623 194 139 356 1885 176 116 103018 13870 3824 1257 2567 3559 3421 685 5917 396 388 1289 331 89148 79950 356 2126 73559 180 1189 5521 156 360 2736
internal_count=125811 120921 6800 4443 1952 1247 821 426 753 4890 114121 4736 3937 198 799 154 705 2491 8977 2357 2241 512 8756 105144 110 2103 814 731 3739 8704 376 623 194 139 356 1885 176 116 103018 13870 3824 1257 2567 3559 3421 685 5917 396 388 1289 331 89148 79950 356 2126 73559 180 1189 5521 156 360 2736
cat_boundaries=0 1 2
cat_threshold=1618 515
is_linear=0
shrinkage=0.05


Tree=19
num_leaves=63
num_cat=2
split_feature=100 182 161 121 56 141 183 124 132 154 150 129 109 42 113 176 169 186 2 152 99 105 126 77 55 113 116 31 145 157 89 64 143 132 172 111 76 7 183 171 51 172 156 7 108 186 172 170 90 138 97 137 76 152 87 132 97 100 156 45 8 34
split_gain=0.812822 0.608903 1.14114 0.884603 1.10206 0.738201 0.572696 0.561287 0.439488 0.412811 0.364944 0.508536 0.348748 0.341144 0.31306 0.303984 0.407004 0.303097 0.29875 0.288932 0.288087 0.287483 0.300303 0.427632 0.280744 0.25429 0.252352 0.240028 0.237779 0.234406 0.22166 0.205855 0.244887 0.199712 0.186021 0.183364 0.456631 0.317602 0.237859 0.226244 0.274388 0.2887 0.195961 0.324845 0.190111 0.183186 0.180355 0.191717 0.179399 0.169922 0.169778 0.167823 0.166835 0.160331 0.160261 0.158964 0.252016 0.158153 0.195341 0.157143 0.163105 0.15536
threshold=1.3338921666145327 0.047393023967742927 1.3122138381004336 0.24767553806304934 0.47475525736808782 1.188904941082001 -0.098900038748979555 -0.17875536531209943 0.95187237858772289 0.20751491934061053 0.77057248353958141 1.6523375511169436 0.059798128902912147 0.29166667163372045 -0.013458819128572939 5.1880609989166269 -0.54118710756301869 0 -0.93877306580543507 0.17425113171339038 1.3188792467117312 1.2394772171974184 0.18675769120454791 0.4545093327760697 0.30448238551616674 0.02609649766236544 0.0011607892811298373 0.25000000745058065 0.9201573133468629 0.33591718971729284 -0.1122862361371517 -0.096758119761943803 0.96207749843597423 0.86060315370559703 28979049.000000004 0.11151446029543878 0.54882505536079418 0.042897138744592674 -0.059756465256214135 72294512.000000015 0.21666666865348819 27926658.000000004 0.37845268845558172 0.046943267807364471 0.05117368511855603 1 86006156.000000015 4046268672.0000005 0.2666021883487702 1.2752800583839419 0.94066339731216442 1.0516833662986758 0.44200675189495092 0.089502278715372099 0.076301921159029021 0.96897169947624218 1.0949878692626955 0.6781120002269746 0.33563546836376196 0.52500000596046459 -0.66637980937957753 -0.65000000596046437
decision_type=2 2 2 2 2 2 2 2 2 2 2 2 2 2 2 2 2 1 2 2 2 2 2 2 2 2 2 2 2 2 2 2 2 2 2 2 2 2 2 2 2 2 2 2 2 1 2 2 2 2 2 2 2 2 2 2 2 2 2 2 2 2
left_child=1 12 3 14 17 6 -6 -7 -8 10 11 -2 35 52 19 16 -15 24 -17 26 55 22 23 -4 -5 46 -3 -28 -25 -20 -9 32 -31 -26 -27 42 39 38 -38 40 54 -42 44 -44 -1 -40 49 53 -19 57 -41 -45 -11 -48 -37 56 -16 58 -14 60 -51 -12
right_child=9 2 21 4 5 7 8 30 -10 13 61 -13 25 15 20 18 -18 48 29 -21 -22 -23 -24 28 33 34 27 -29 -30 31 -32 -33 -34 -35 -36 36 37 -39 45 50 41 -43 43 51 -46 -47 47 -49 -50 59 -52 -53 -54 -55 -56 -57 -58 -59 -60 -61 -62 -63
leaf_value=3.413728354609203e-05 0.0019102812968627789 -0.00016549090149864141 -0.0014328825158802195 -0.0041280755323864389 -0.0061628408673534392 -0.00061623819652240638 -0.0024043551178805629 -0.0025649134347986548 4.1229614364525082e-05 -0.004047872509341687 -0.00044469358173147258 0.0065446529296236374 0.0031446081807964088 0.0048933344266569138 -0.00017220548518583344 -0.0030753292092630374 0.00093638575388785511 0.00053817329649403416 -0.0024432598495235051 -0.0003095550940427194 0.0021890054279030467 0.0039143311721681244 0.002798737870661767 0.00089002673232490008 -0.0030187238684101477 0.0037759090261533859 -0.0014988417289219797 -0.004585183455881949 -0.00031720204319381234 -0.0020895804015968419 -0.0058264639016748082 0.0014029474053288368 0.00031844748592575403 1.4223200307650569e-05 0.00060880309388534545 3.7903871101060106e-05 -0.0036359030512228075 -0.0044520293170981131 -0.0017645841357570758 -0.0026421758573235369 0.00074639786241351201 0.0041067355716291306 -8.7869113946540851e-05 -0.00087687234501889345 0.00066532204976243678 -9.1914204656112899e-05 -0.0035780313917819192 6.1900228289948279e-05 0.0038470500477299123 -0.004427512472068215 -0.00012107964131926656 -0.0030955855404614535 -0.00072370444676935581 -0.00066601539014294589 0.00063571180574033986 0.00068142536010163215 -0.00248845182467815 0.00027325172975305238 0.00036348598199957018 0.00012132376219569914 -0.00059032492632656519 0.0023034402803103959
leaf_weight=24141 313 108 343 57 68 82 435 64 318 50 180 73 108 68 950 67 1466 134 75 475 146 57 116 1231 63 85 125 127 610 112 280 418 1842 392 102 1685 56 51 179 72 161 106 63516 494 1255 1252 51 2423 59 53 921 103 154 646 3350 426 134 12967 152 134 58 72
leaf_count=24141 313 108 343 57 68 82 435 64 318 50 180 73 108 68 950 67 1466 134 75 475 146 57 116 1231 63 85 125 127 610 112 280 418 1842 392 102 1685 56 51 179 72 161 106 63516 494 1255 1252 51 2423 59 53 921 103 154 646 3350 426 134 12967 152 134 58 72
internal_value=2.53993e-06 -2.30172e-05 -0.000482661 -0.000954426 -0.00175142 -0.00264471 -0.0017684 -0.00433356 -0.00137156 0.000634522 0.0018205 0.00278673 4.3711e-06 0.000456569 -0.000329888 0.000557109 0.00111179 -0.000171366 0.000218651 -0.00111926 6.81366e-05 0.000406628 0.000319698 0.000188027 -0.000804415 0.000214899 -0.00218763 -0.00305426 0.000490022 0.000308841 -0.00521966 0.00039586 0.000180423 -0.000405723 0.0020484 -3.1918e-05 0.00020006 -0.00057228 -0.000439215 0.000388759 0.000518481 0.00208046 -5.22185e-05 -9.87805e-05 6.53287e-05 -0.000314117 0.000194235 -0.000148315 0.00147336 0.000273566 -0.000303878 -0.00125967 -0.00153845 -0.00087909 0.000435651 -0.000136928 -0.000458531 0.000297734 0.00151872 -0.00103118 -0.0024225 0.000340488
internal_weight=125811 120921 6800 4443 1952 1247 821 426 753 4890 638 386 114121 4252 2491 4048 1534 705 2514 835 1656 2357 2300 2184 512 16779 360 252 1841 2447 344 2372 1954 455 187 97342 7833 1538 1487 6295 5302 267 89509 64113 25396 1431 16592 3120 193 13472 993 597 204 697 5035 1510 1084 13227 260 245 111 252
internal_count=125811 120921 6800 4443 1952 1247 821 426 753 4890 638 386 114121 4252 2491 4048 1534 705 2514 835 1656 2357 2300 2184 512 16779 360 252 1841 2447 344 2372 1954 455 187 97342 7833 1538 1487 6295 5302 267 89509 64113 25396 1431 16592 3120 193 13472 993 597 204 697 5035 1510 1084 13227 260 245 111 252
cat_boundaries=0 1 2
cat_threshold=1618 1024
is_linear=0
shrinkage=0.05


Tree=20
num_leaves=63
num_cat=0
split_feature=140 169 183 126 135 119 74 119 157 172 8 105 18 181 174 8 90 102 136 10 161 110 123 117 123 71 111 116 123 171 72 160 182 46 119 174 8 158 89 47 97 161 97 172 12 111 149 119 169 85 112 89 156 89 132 112 0 4 0 96 122 91
split_gain=0.818828 0.873488 0.625331 0.519637 0.636332 0.498605 0.538539 0.466683 0.400635 0.392597 0.358968 0.354872 0.313405 0.308732 0.295913 0.371179 0.328202 0.294664 0.274987 0.288534 0.622385 0.345763 0.244519 0.234398 0.226536 0.443986 0.295242 0.232042 0.225618 0.219813 0.218844 0.214358 0.210159 0.40772 0.20553 0.360401 0.229731 0.20336 0.196367 0.193853 0.179219 0.217152 0.175521 0.167854 0.159674 0.143387 0.142812 0.148047 0.14262 0.135888 0.209931 0.135158 0.132989 0.130771 0.127746 0.194176 0.127891 0.121446 0.13667 0.114246 0.112586 0.111136
threshold=1.5580661296844485 -0.33088102936744684 -0.099841099232435213 -0.27360388636589045 0.9284881353378297 0.075799245387315764 0.28977812826633459 0.47628271579742437 0.51996353268623363 42321814.000000007 0.50045207142829906 1.2092661261558535 0.99999997019767772 0.063837997615337386 7.4075565338134775 -0.80014577507972706 0.041384192183613784 1.1727443933486941 0.97297438979148876 1.0741230249404909 1.1715304255485537 0.065601814538240447 0.024510747753083709 0.29257605969905859 -0.0096851531416177732 0.41088779270648962 0.11151446029543878 -0.0037052086554467674 -0.074831303209066377 12883020.500000002 0.50999006628990184 1.5749489665031435 0.045538254082202918 0.48333333432674414 0.078747995197772994 13.376138687133791 -0.79303970932960499 0.76047590374946605 0.34433721005916601 0.47499999403953558 1.2993728518486025 1.0486694574356081 1.260834872722626 10556669.500000002 0.3252564817667008 0.23694752901792529 0.78844383358955394 0.032337564975023277 1.2737590670585635 0.38464285433292394 -0.016747876070439812 -0.09166689962148665 0.3143093883991242 0.10687444359064104 0.881028711795807 -0.016974924132227894 0.075795575976371779 0.83219820261001598 -0.080521654337644563 -7.3602383136749259 -0.0039994204416871062 0.31673495471477514
decision_type=2 2 2 2 2 2 2 2 2 2 2 2 2 2 2 2 2 2 2 2 2 2 2 2 2 2 2 2 2 2 2 2 2 2 2 2 2 2 2 2 2 2 2 2 2 2 2 2 2 2 2 2 2 2 2 2 2 2 2 2 2 2
left_child=3 2 -2 4 7 6 -3 22 9 -7 11 12 18 24 31 16 -16 38 19 21 -21 -5 29 54 25 26 -12 -26 57 -1 42 40 48 -34 -30 -36 -37 43 45 -39 46 -42 -18 -10 -41 -8 -6 -48 -27 -29 -51 -24 -20 -25 55 -15 -57 58 -13 -55 -45 -54
right_child=1 5 -4 10 14 8 17 -9 37 -11 13 28 -14 23 15 -17 30 -19 52 20 -22 -23 51 53 27 32 -28 49 34 -31 -32 -33 33 -35 35 36 -38 39 -40 44 41 -43 -44 60 -46 -47 47 -49 -50 50 -52 -53 61 59 -56 56 -58 -59 -60 -61 -62 -63
leaf_value=-0.0051042233677626907 0.0090238392347036372 0.0066143867226023528 0.0023515552930138861 2.6509405108468381e-05 0.0027324335946244762 -0.0049589175082793511 0.0025453166903462265 -0.0063989236475511767 0.0043773944668846166 0.00017430783187349637 -0.0011161512024384938 -3.2637201074976479e-05 0.0037285735232631977 -0.0055036136233996211 -6.4099363593773533e-07 5.8871934444531301e-05 -0.0031936037900676534 -0.0016210506757488475 0.00011586694247860618 -0.001298017194498286 0.0002402014448484917 0.00028832526206966998 -0.0020729907158323949 -0.0013885157229863885 0.0003642776562125333 -0.00033311412008223753 -0.0061618894469319735 -2.9131262125612682e-05 0.0010407293529200599 -0.001452291747134748 -0.00090022340184077627 -0.002368250423576683 -0.0026766583854658304 0.0010636211805937369 0.00066446776042456475 -0.002645978245996888 -0.0002839943632042253 -0.0022346460224927172 0.004701709509304315 -0.00088865247594614369 0.00045620532304747028 0.0049896197575175659 -0.0069646018238186287 0.0026836125250887491 0.0030503183999098841 -0.00044382205406732085 0.0020826081541599705 -0.0010214940862386442 0.0022650407924730744 -0.0012904887216598632 -0.00024638598040625521 0.0013541074285361296 -0.00011927489905405803 0.0026853647476769455 -0.00082813313004889482 -0.0037616211086204869 -0.00079635939591964934 -0.00048292744570342341 0.0026119281815147177 -0.00035578440922010387 -0.00046548037539650977 -0.00040165083956938334
leaf_weight=76 58 59 89 56579 52 74 100 72 51 75 59 60 57 56 91 336 72 64 4414 1186 1476 16227 51 120 2429 2415 57 8854 824 90 50 50 249 103 799 157 299 82 59 53 50 56 54 51 50 67 52 147 54 519 6650 66 14056 53 102 63 86 52 263 74 64 4633
leaf_count=76 58 59 89 56579 52 74 100 72 51 75 59 60 57 56 91 336 72 64 4414 1186 1476 16227 51 120 2429 2415 57 8854 824 90 50 50 249 103 799 157 299 82 59 53 50 56 54 51 50 67 52 147 54 519 6650 66 14056 53 102 63 86 52 263 74 64 4633
internal_value=-2.24153e-06 0.00142568 0.00498416 -1.3675e-05 -0.000983867 0.00080955 0.00225988 -0.00280479 -0.00020278 -0.00237508 -2.91044e-06 3.6883e-05 2.21054e-05 -0.000186222 -0.000343839 -0.00104696 -0.00243857 0.00137396 1.9962e-05 6.61687e-05 -0.000445121 8.48629e-05 -0.00189038 -0.00135156 -0.000156038 -0.0005639 -0.00359552 -9.1119e-05 0.000630809 -0.00312426 -0.00369909 0.000697885 -0.000439239 -0.0015822 0.000427195 2.4364e-05 -0.00109722 0.000719365 0.00222211 -0.000420668 0.00112732 0.00285122 -0.00480975 0.00198988 0.00102347 0.00134608 0.000399293 -0.000210372 -0.000276289 -0.000160155 -0.000321974 -0.000139756 -0.000130976 -0.000204962 -0.00227407 -0.00299352 -0.00205013 0.00175964 0.00212068 0.000913357 0.000931074 -0.000189276
internal_weight=125386 996 147 124390 1365 849 349 355 500 149 123025 101082 98628 21943 1010 603 267 290 98571 75468 2662 72806 283 554 21389 2937 116 18452 2454 166 176 407 2821 352 2079 1255 456 351 226 185 357 106 126 166 103 167 251 199 2469 16023 7169 117 23103 247 307 205 149 375 323 127 115 18689
internal_count=125386 996 147 124390 1365 849 349 355 500 149 123025 101082 98628 21943 1010 603 267 290 98571 75468 2662 72806 283 554 21389 2937 116 18452 2454 166 176 407 2821 352 2079 1255 456 351 226 185 357 106 126 166 103 167 251 199 2469 16023 7169 117 23103 247 307 205 149 375 323 127 115 18689
is_linear=0
shrinkage=0.05


Tree=21
num_leaves=63
num_cat=1
split_feature=146 1 151 176 110 89 1 169 138 176 101 8 176 3 130 42 156 11 147 9 121 136 76 128 31 166 17 112 123 27 172 100 182 117 120 47 171 157 99 186 182 76 161 107 87 32 176 119 160 123 124 119 19 185 91 143 154 1 161 99 119 181
split_gain=0.757725 0.691534 0.51956 0.4459 0.39693 0.493553 0.383132 0.341617 0.33324 0.520443 0.471354 0.466651 0.332789 0.317489 0.29606 0.272041 0.268308 0.399092 0.352291 0.279082 0.292311 0.282875 0.254502 0.254201 0.253708 0.240325 0.239395 0.228935 0.342287 0.219821 0.199959 0.1877 0.207189 0.183216 0.18105 0.179605 0.178617 0.365133 0.172691 0.159214 0.228927 0.19542 0.191306 0.158265 0.156771 0.155383 0.163404 0.149148 0.168411 0.144896 0.169915 0.132486 0.127095 0.11849 0.187916 0.115387 0.107102 0.154707 0.105676 0.1046 0.100796 0.0985161
threshold=1.2012109756469729 0.11940089613199235 0.86789894104003917 26.707922935485843 0.26840856671333319 0.031650187447667129 0.095887206494808211 0.14165390282869342 1.2209300994873049 22.102549552917484 1.0364286899566653 -0.99960160255432118 -0.72022214531898487 1.0000000180025095e-35 1.6233813762664797 0.19166667014360431 0.3143093883991242 0.95018291473388683 0.96725395321846019 1.0960841178894045 0.33515208959579473 0.95954632759094249 0.57685905694961559 1.1128808259963991 0.050000002607703216 60.974790573120124 0.12916667014360431 -0.043499590829014771 -0.030496823601424691 0.22500000149011615 12108576.000000002 0.6781120002269746 0.05169202201068402 0.48732845485210424 0.46312677860260015 0.44166666269302374 139883136.00000003 0.3125892728567124 1.2046431303024294 0 0.049413742497563369 0.46665064990520483 1.3025417923927309 0.06556232646107675 0.37474951148033148 0.45833332836627966 -5.8753955364227286 0.13090959936380389 0.84532776474952709 -0.074831303209066377 -0.10146986693143843 0.051311241462826736 0.2894990891218186 -0.24400725215673444 0.10643431544303895 1.0656344294548037 0.2688367515802384 0.092026051133871092 0.89783635735511791 1.4130410552024844 0.18660434335470202 0.031251948326826103
decision_type=2 2 2 2 2 2 2 2 2 2 2 2 2 2 2 2 2 2 2 2 2 2 2 2 2 2 2 2 2 2 2 2 2 2 2 2 2 2 2 1 2 2 2 2 2 2 2 2 2 2 2 2 2 2 2 2 2 2 2 2 2 2
left_child=1 8 7 4 15 -6 -7 24 14 10 11 12 38 -4 16 -2 23 18 55 21 -21 -19 -20 31 25 -3 -11 28 -15 -29 -26 32 -1 52 39 -31 37 -17 -10 40 -9 -41 -42 -38 -14 46 -12 48 -16 50 -39 -51 -32 54 -13 -18 -47 -58 -25 -45 -37 -60
right_child=3 2 13 -5 5 6 -8 34 9 26 45 53 44 27 47 36 17 19 22 20 -22 -23 -24 58 30 -27 -28 29 -30 35 33 -33 -34 -35 -36 60 43 49 -40 41 42 -43 -44 59 -46 56 -48 -49 -50 51 -52 -53 -54 -55 -56 -57 57 -59 61 -61 -62 -63
leaf_value=0.0021964977689253036 -0.001857214007263379 -0.0060303666011000488 0.00088693044303332679 -0.0012821479830326759 0.00040695725104645435 0.0080067495158949852 0.0024474528510980901 0.002500504148779364 -0.0030393289844110865 -0.0014836373633289428 0.0032735848762098143 -0.0010320495736591676 -0.0067519565691210098 -0.0021617170821501882 0.0030375047607448737 -0.0031832387649708173 -6.2115308361901049e-06 4.3670346830482493e-05 -0.00097037426535779398 -0.00055260399211913222 -0.0040796813002439694 -0.00014518903510754661 -0.0038154033487115668 -0.00036423487239556498 0.0018464565914424168 -0.0012232732271233826 -0.0055344725651666525 -0.0040110284560673946 -0.0065248403491245379 -0.0026574447133988054 0.0014996018714965413 3.4828127373105667e-05 -0.00079878195372904521 -0.0038250638562712376 0.0027792454451707233 0.0017301416841551795 0.00040921582749433585 0.0014140487675414065 0.00093340598521571532 -0.0014713824227718371 -0.0020218150685040303 0.0015074555703107114 0.0019303119450341912 0.0020569937280379238 -0.0030848963486178865 0.0014009691788348809 0.00024200752648243377 0.0001387634213492985 0.00087078321305022631 0.0014251862015182302 0.0045873909887364679 0.00038825695716108018 -0.0014158174551370654 -0.00094591449273156427 0.002353208892501569 -0.0023141282371787904 0.00014577438543886774 -0.0025038047300116506 0.0002812563754084648 0.0049276780840309883 -0.0010502224618670506 0.00071972861674869269
leaf_weight=201 88 52 71 219 96 61 63 127 59 71 92 83 62 101 147 55 1646 65331 1485 201 83 28466 83 371 59 52 75 89 81 104 51 15940 81 59 69 56 64 244 51 224 79 73 50 65 55 118 86 249 230 467 51 905 140 418 81 56 310 67 2460 62 78 2673
leaf_count=201 88 52 71 219 96 61 63 127 59 71 92 83 62 101 147 55 1646 65331 1485 201 83 28466 83 371 59 52 75 89 81 104 51 15940 81 59 69 56 64 244 51 224 79 73 50 65 55 118 86 249 230 467 51 905 140 418 81 56 310 67 2460 62 78 2673
internal_value=-2.12945e-06 -1.94451e-05 -0.00104727 0.000870367 0.00108261 0.0030985 0.00518227 -0.000375926 -5.76404e-06 -0.000716303 -0.000435707 -0.00124901 -0.00317184 -0.00224527 3.89952e-06 0.000860978 -1.80187e-06 -3.72581e-05 -0.000580275 -1.83843e-05 -0.0015834 -1.36457e-05 -0.00112097 0.000157072 -0.00149071 -0.00362682 -0.00356455 -0.00268218 -0.00410355 -0.00189109 -0.000771756 5.74501e-05 0.00133615 -0.00138965 0.000364275 -0.00109833 0.000986018 0.000825111 -0.00119742 6.29491e-05 0.000956226 -0.000715132 -0.000489983 0.0024367 -0.00502812 0.000541949 0.00180889 0.00108841 0.00171563 0.00095736 0.00196266 0.000741206 -0.000637355 -0.000499042 0.000639938 -8.21477e-05 8.63626e-05 -0.000325106 0.000450689 0.00345843 0.000111721 0.00050959
internal_weight=125386 122946 1615 2440 2221 220 124 1035 121331 1628 1482 809 227 580 119703 2001 119077 97351 3270 94081 284 93797 1568 21726 413 104 146 509 182 327 309 16222 282 250 622 238 1913 1722 110 553 256 297 129 191 117 673 178 626 377 1667 295 1372 191 582 164 1702 495 377 5504 127 134 5133
internal_count=125386 122946 1615 2440 2221 220 124 1035 121331 1628 1482 809 227 580 119703 2001 119077 97351 3270 94081 284 93797 1568 21726 413 104 146 509 182 327 309 16222 282 250 622 238 1913 1722 110 553 256 297 129 191 117 673 178 626 377 1667 295 1372 191 582 164 1702 495 377 5504 127 134 5133
cat_boundaries=0 1
cat_threshold=515
is_linear=0
shrinkage=0.05


Tree=22
num_leaves=63
num_cat=0
split_feature=146 1 150 176 88 42 9 151 130 176 125 126 169 31 14 73 169 92 133 102 108 114 116 5 31 56 126 115 32 99 109 157 74 176 0 158 8 124 182 97 175 97 154 169 121 117 121 156 30 147 94 68 118 20 111 53 120 169 2 146 57 147
split_gain=0.683847 0.62411 0.48432 0.402458 0.395644 0.330609 0.310485 0.712274 0.327787 0.323676 0.397124 0.285725 0.26193 0.25521 0.252445 0.251804 0.251568 0.240385 0.237924 0.274135 0.236791 0.236026 0.297035 0.240301 0.217999 0.217274 0.214918 0.204988 0.19382 0.188183 0.17975 0.171729 0.169736 0.180432 0.277059 0.235556 0.163813 0.171771 0.163729 0.163137 0.151747 0.15172 0.151255 0.150253 0.148746 0.145371 0.14475 0.169625 0.141625 0.137274 0.134762 0.134552 0.128095 0.127628 0.198634 0.153236 0.124238 0.118488 0.109384 0.098495 0.094648 0.0910232
threshold=1.2012109756469729 0.11940089613199235 0.86503389477729808 26.330022811889652 0.72142621874809276 0.22500000149011615 1.0716041922569277 1.0985740423202517 1.6761257052421572 3.5014692544937138 -0.13682343065738675 -0.35362693667411799 0.16632802784442904 0.083333335816860213 0.47499999403953558 0.57930278778076183 -0.28361828625202173 0.26169967651367193 0.9020470678806306 1.0629156827926638 0.11786024272441865 0.011850590817630293 0.0042898429092019805 0.0052495039999485025 0.050000002607703216 0.47845016419887548 -0.059868531301617615 0.0049429822247475394 0.025000001303851608 1.0705529451370241 0.058289939537644393 0.70316055417060863 0.31056782603263861 1.5127081871032717 -0.070474177598953233 0.55624020099639904 0.30770802497863775 -0.019980520009994503 0.059171218425035484 1.2993728518486025 17.995683670043949 1.1938037276268008 4238344192000.0005 -0.49640719592571253 0.13799508661031726 0.27148149907588964 0.4367587417364121 0.31161653995513922 0.67499998211860668 1.024793326854706 2.1353756189346318 0.51371431350708019 0.29862299561500555 0.19589553028345111 0.1823600307106972 0.81310576200485241 0.10724543407559396 -0.038358047604560845 -0.56360512971878041 1.0579442381858828 0.5738973617553712 0.75691652297973644
decision_type=2 2 2 2 2 2 2 2 2 2 2 2 2 2 2 2 2 2 2 2 2 2 2 2 2 2 2 2 2 2 2 2 2 2 2 2 2 2 2 2 2 2 2 2 2 2 2 2 2 2 2 2 2 2 2 2 2 2 2 2 2 2
left_child=1 6 12 4 5 49 8 46 17 59 -11 -6 24 -12 18 41 -17 20 19 25 27 36 23 -23 -3 -4 39 30 -24 -29 -1 45 58 43 -35 -36 42 -38 -15 40 -20 -10 -19 -34 -45 -26 60 -48 -18 -2 -33 -14 56 -53 55 -55 -22 -16 -7 -9 -8 -62
right_child=3 2 14 -5 11 32 7 9 15 10 13 -13 51 38 57 16 48 21 26 -21 52 22 28 -25 31 -27 -28 29 -30 -31 -32 50 33 34 35 -37 37 -39 -40 -41 -42 -43 -44 44 -46 -47 47 -49 -50 -51 -52 53 -54 54 -56 -57 -58 -59 -60 -61 61 -63
leaf_value=1.4131202589822001e-05 -0.0037152607915534952 -0.0035077819436448682 -0.00067891280352916133 -0.0011879462073169028 0.0067219325434873071 0.0010974957581984435 1.7015493379003284e-05 -0.0013196524029117974 0.00091722351018968498 -0.0048488992028675668 -0.004939852405496983 0.0014028734277817421 0.0025008957875715253 -0.0016876297938407251 -0.0016170989404337766 0.0050116942294508868 0.0030812034445261817 -3.2088755224008082e-05 0.0020618849578313532 -0.0064056919916765766 -0.0031052144855123719 0.0020621461295415528 -0.0010773407738134397 0.00046918191653861241 -0.00064288667527892225 -0.004368580053518859 -0.0045856572440825406 0.00048550948259941796 0.00032725597587711743 -0.0016906813607669856 0.00026212558646638304 -0.00055102733940139744 0.0040155989709881332 -0.0024010025208692151 0.0033896055384822241 0.00045096006226787904 -0.00050153942599508671 -0.00012514832344307677 0.001408112210848694 -0.0034177244114861997 -0.001141074577671915 -0.0018033449823954416 -0.0011018266573922996 0.0020027984599889541 0.00060063083659579687 -0.0041728170597925785 0.00049356912416909397 -0.0026920085943250645 0.00012744564722011727 -8.1486348419687455e-05 0.002505936911877464 0.0015594385454876939 6.2786331788326297e-05 -0.00033631009698468399 -0.0027170435228699844 0.0023532661033338325 -0.00053341662144073502 0.0015010065497970948 0.0036101907764495623 0.00071292850417968893 0.0027683938045576667 0.00057435675021658779
leaf_weight=45463 51 87 76 225 51 77 922 133 208 144 51 50 66 220 59 69 72 43030 50 68 118 380 355 628 70 84 50 3810 797 102 8706 123 53 79 74 869 4244 10607 53 54 142 68 333 358 401 50 74 96 93 53 51 117 108 268 71 66 78 63 99 108 62 199
leaf_count=45463 51 87 76 225 51 77 922 133 208 144 51 50 66 220 59 69 72 43030 50 68 118 380 355 628 70 84 50 3810 797 102 8706 123 53 79 74 869 4244 10607 53 54 142 68 333 358 401 50 74 96 93 53 51 117 108 268 71 66 78 63 99 108 62 199
internal_value=-2.02298e-06 -1.84729e-05 -0.000994907 0.000826849 0.00103151 0.000885448 -5.47584e-06 -0.000613784 5.04099e-06 -0.00189752 -0.00266415 0.00408873 -0.000287932 -0.00169315 -0.00205537 0.00126992 0.00247652 -3.90936e-07 -0.0025323 -0.00374625 7.19468e-05 -7.03455e-05 0.000442884 0.0010697 -0.00130917 -0.00261599 -0.00159722 7.92317e-05 -0.000105584 0.000428768 5.39887e-05 -0.00065856 0.00102768 0.000885342 0.000443284 0.000681564 -8.93886e-05 -0.00023271 -0.00108662 -0.000989819 -0.000306971 0.000246939 -4.03037e-05 0.00144173 0.001262 -0.00211369 5.89187e-05 -0.00130535 0.00141636 -0.00186343 0.000344979 0.000373789 -0.00131987 0.000104844 -0.000315372 0.000195163 -0.00208174 -6.92971e-06 0.00251089 -0.000408786 0.000254967 0.00109555
internal_weight=125386 122946 1615 2440 2215 2114 121331 2062 119269 709 468 101 969 324 646 510 234 118759 524 228 58385 60374 2160 1008 381 160 296 58081 1152 3912 54169 294 2010 1834 1022 943 58214 14851 273 246 192 276 43363 812 759 120 1353 170 165 104 174 588 304 522 405 334 196 122 176 241 1183 261
internal_count=125386 122946 1615 2440 2215 2114 121331 2062 119269 709 468 101 969 324 646 510 234 118759 524 228 58385 60374 2160 1008 381 160 296 58081 1152 3912 54169 294 2010 1834 1022 943 58214 14851 273 246 192 276 43363 812 759 120 1353 170 165 104 174 588 304 522 405 334 196 122 176 241 1183 261
is_linear=0
shrinkage=0.05


Tree=23
num_leaves=63
num_cat=1
split_feature=140 169 11 183 112 119 74 157 95 100 111 125 174 107 27 181 56 30 124 182 161 72 119 150 10 176 97 124 100 5 32 117 117 116 172 41 186 137 147 176 46 24 109 119 172 20 131 6 27 87 112 146 150 89 99 88 41 117 160 146 27 30
split_gain=0.628467 0.718443 0.63626 0.523769 0.515902 0.422048 0.459652 0.341519 0.394145 0.307494 0.605818 0.4067 0.385362 0.406358 0.30025 0.295277 0.293665 0.271856 0.267027 0.259499 0.574273 0.244213 0.234678 0.23461 0.296533 0.573322 0.266695 0.236115 0.226878 0.208962 0.234223 0.194284 0.190547 0.189013 0.188013 0.185917 0.181362 0.221448 0.17534 0.17469 0.158656 0.156956 0.155952 0.151703 0.147897 0.138934 0.184971 0.15028 0.128654 0.124572 0.120035 0.110355 0.109632 0.107804 0.101385 0.0982829 0.0965541 0.088838 0.0823032 0.0844923 0.0836595 0.073398
threshold=1.5580661296844485 -0.33088102936744684 0.88475704193115245 -0.099841099232435213 -0.052651103585958474 0.075799245387315764 0.28977812826633459 0.43420943617820745 3.9860882759094243 1.2080582380294802 0.23694752901792529 -0.23990293592214582 15.337220191955568 0.034055015072226531 0.27500000596046453 0.078360326588153853 0.47609059512615209 0.52500000596046459 -0.15812049061059949 0.046169448643922813 1.1715304255485537 0.51279005408287059 0.18660434335470202 0.91719597578048717 1.0741230249404909 1.5127081871032717 1.2355192303657534 0.10526602715253831 0.89691373705863964 0.029438965022563938 0.50833332538604747 0.1241755709052086 0.22497421503067019 0.0061984425410628327 25274740.000000004 0.45000000298023229 0 1.1551491022109988 0.90226566791534435 -0.72022214531898487 0.35000000894069677 1.0000000180025095e-35 0.11328474432229997 0.18909621983766559 11569816.500000002 0.0063745060469955215 1.8627749681472781 0.24322026222944262 0.69166666269302379 -0.30729085206985468 -0.034554328769445412 1.1350888013839724 2.1022137403488164 0.41606442630290991 1.1049878597259524 0.42154319584369665 0.35000000894069677 0.25163222849369055 1.0381736755371096 1.092957139015198 0.24166666716337207 0.32500000298023229
decision_type=2 2 2 2 2 2 2 2 2 2 2 2 2 2 2 2 2 2 2 2 2 2 2 2 2 2 2 2 2 2 2 2 2 2 2 2 1 2 2 2 2 2 2 2 2 2 2 2 2 2 2 2 2 2 2 2 2 2 2 2 2 2
left_child=2 3 4 -2 -1 6 -3 8 -7 10 11 21 44 53 16 19 -15 35 -8 28 -21 22 -4 36 27 31 -27 51 -13 48 -31 -26 -24 61 -16 52 37 55 -20 41 -38 -9 -23 -39 -12 -41 -47 -48 -6 -42 -40 -25 58 -14 -46 -19 -54 -32 60 -60 -11 -17
right_child=1 5 9 -5 29 7 18 39 -10 17 12 15 13 14 34 33 -18 23 38 20 -22 42 32 24 25 26 -28 -29 -30 30 57 -33 -34 -35 -36 -37 40 43 50 45 49 -43 -44 -45 54 46 47 -49 -50 -51 -52 -53 56 -55 -56 -57 -58 -59 59 -61 -62 -63
leaf_value=-0.0057933734899724846 0.0081734074173286427 0.0060475791870099414 -0.00070896870133765335 0.0020669481330852055 -0.0013432906457671414 0.00017049188783857972 -0.0014835820367027606 0.0040268543421883478 -0.0056894036263904794 0.0018115236984885996 -0.0016179544449340642 0.00018888911199846275 0.0010863966908345902 -0.0014641216647808171 -0.0031580491089032523 0.00343675875410554 -0.0051995446934427376 0.00043593538785970251 0.0042903144434112911 -0.00096513350074083786 9.4781527254405662e-05 -0.0020756387092428757 -0.0022836854910710828 -5.3332561761133003e-05 0.0030411492934394064 -0.0017404061134246439 -0.0051813345880558099 -0.002812257178560634 -3.200968482585985e-05 -0.0041770156586531512 -0.0018920415532979737 -0.00021753986803627257 -0.0065127093932619978 -4.8550808569416406e-05 0.00031839598260947162 0.0014375931434862678 -0.0023349235709188617 0.0011152288598099099 0.0025070016092712775 -0.0025822128146412038 0.0011827314769162528 0.00037134010418658222 0.0017302422151132897 0.0036275638626082928 0.0020122727351845242 -0.0017286102215010729 0.0027427979438854611 -0.00054173880181527547 0.0019151694912368945 7.1616496739548082e-05 -0.00025946326602838539 0.00038925855674987132 -0.0004820694078313503 -0.0016740555994536927 -0.00027487071962783142 0.0016856645807148078 0.0019538667843111658 0.00077519564664625153 -3.6675127125072625e-05 -0.0021755129694664742 0.00023937623629744821 0.0012783744280084413
leaf_weight=73 58 59 64 89 54 60 70 55 55 120 83 13315 96 76 71 108 171 1085 63 2260 2941 51 50 4448 66 226 75 71 91511 83 74 149 57 105 86 690 62 131 81 51 295 63 57 111 100 73 83 60 69 1741 76 2061 53 56 94 184 175 54 488 51 287 62
leaf_count=73 58 59 64 89 54 60 70 55 55 120 83 13315 96 76 71 108 171 1085 63 2260 2941 51 50 4448 66 226 75 71 91511 83 74 149 57 105 86 690 62 131 81 51 295 63 57 111 100 73 83 60 69 1741 76 2061 53 56 94 184 175 54 488 51 287 62
internal_value=-1.92183e-06 0.00124906 -1.19385e-05 0.0044763 -0.00198563 0.000690276 0.00202463 -0.0002411 -0.00263207 -5.45946e-06 -3.19071e-05 -2.17878e-05 -0.00137526 -0.00213433 -0.00296345 -1.69652e-05 -0.00405018 0.000228978 0.00120616 -2.10551e-05 -0.000365785 -0.00192837 -0.00310399 0.000131945 -3.49861e-05 -0.0011892 -0.00259778 5.55271e-05 -3.95112e-06 -0.00115339 -0.00210826 0.000782802 -0.00453653 0.00161939 -0.00125375 0.00078624 0.000460164 0.000875678 0.00206199 0.000473085 0.000155989 0.00207518 -6.69793e-05 0.00226758 0.000148373 -0.000234957 0.000319256 0.00136467 0.000484626 0.000232608 0.00116782 8.68088e-05 0.000403418 6.9388e-05 0.000904069 0.000617141 0.00138762 -0.000766801 0.000166211 -0.000239051 0.000702909 0.00264958
internal_weight=125386 996 124390 147 407 849 349 500 115 123983 111414 110581 833 556 404 110302 247 12569 290 110027 5201 279 171 10705 7096 516 301 6580 104826 334 211 215 107 275 157 1864 3609 1511 220 385 2098 118 108 242 277 267 216 143 123 2036 157 6509 1174 152 194 1269 228 128 946 539 407 170
internal_count=125386 996 124390 147 407 849 349 500 115 123983 111414 110581 833 556 404 110302 247 12569 290 110027 5201 279 171 10705 7096 516 301 6580 104826 334 211 215 107 275 157 1864 3609 1511 220 385 2098 118 108 242 277 267 216 143 123 2036 157 6509 1174 152 194 1269 228 128 946 539 407 170
cat_boundaries=0 1
cat_threshold=1085
is_linear=0
shrinkage=0.05


Tree=24
num_leaves=63
num_cat=1
split_feature=146 1 150 3 125 133 176 47 115 89 58 138 174 37 8 172 110 132 54 47 130 111 61 141 27 19 157 71 89 83 186 93 112 3 176 121 176 37 133 173 95 171 157 27 111 123 111 132 182 152 39 183 97 18 172 108 150 91 101 115 160 131
split_gain=0.567878 0.541575 0.402875 0.385505 0.354706 0.338296 0.335922 0.305131 0.41997 0.333986 0.336606 0.28118 0.598461 0.355444 0.275968 0.256306 0.353285 0.297181 0.296077 0.391053 0.294163 0.304242 0.271358 0.281574 0.237193 0.236787 0.221601 0.219471 0.214828 0.205988 0.204564 0.2033 0.20327 0.202776 0.225321 0.203368 0.19079 0.190551 0.188329 0.183994 0.183525 0.182182 0.455902 0.202731 0.190362 0.235654 0.172343 0.168503 0.159534 0.159168 0.155106 0.267229 0.224408 0.152611 0.149829 0.145454 0.140497 0.139506 0.225416 0.211797 0.131983 0.126756
threshold=1.188448488712311 0.11940089613199235 0.75336545705795299 0.0013258205144666137 -0.038485873490571969 0.90000128746032726 27.917580604553226 0.32500000298023229 -0.025276800617575642 -0.044857187196612351 0.94030496478080761 1.2209300994873049 12.104330062866213 -0.20833333581686017 -0.81128287315368641 86006156.000000015 0.064100638031959548 0.95560157299041759 0.54578047990798961 0.37500000000000006 1.3101137876510622 0.22446128726005557 0.56200054287910473 1.2980141639709475 0.34166666865348821 0.090930480509996428 0.72272092103958141 0.35502231121063238 -0.15341722220182416 -0.20014870911836621 0 0.75689208507537853 -0.038139974698424332 0.019503113813698295 43.007925033569343 0.24767553806304934 -3.9416707754135127 0.84166666865348827 0.88388574123382579 0.90521129965782177 0.1014407016336918 144925032.00000003 0.3125892728567124 0.52500000596046459 0.30023415386676794 -0.074831303209066377 0.11720693111419679 0.8979330062866212 0.047393023967742927 0.14444743096828463 0.25000000745058065 -0.098900038748979555 1.2993728518486025 0.73615372180938732 17420003.000000004 0.063435647636652007 0.86503389477729808 0.39629814028739935 0.65440464019775402 0.0024833496427163486 0.86366671323776256 1.6621797084808352
decision_type=2 2 2 2 2 2 2 2 2 2 2 2 2 2 2 2 2 2 2 2 2 2 2 2 2 2 2 2 2 2 1 2 2 2 2 2 2 2 2 2 2 2 2 2 2 2 2 2 2 2 2 2 2 2 2 2 2 2 2 2 2 2
left_child=1 11 26 40 5 32 7 -2 9 -9 -11 15 31 39 36 16 57 22 19 47 21 -20 23 49 -6 -16 33 29 -7 -19 46 -13 -5 34 -3 -35 -15 50 -21 -14 -4 42 -10 61 45 -44 53 -18 -30 -17 51 -33 -52 -28 -46 -32 -8 59 -59 -1 -22 -43
right_child=6 2 3 4 24 28 56 8 41 10 -12 12 13 14 25 17 18 27 20 38 60 -23 -24 -25 -26 -27 30 -29 48 -31 55 37 -34 35 -36 -37 -38 -39 -40 -41 -42 43 44 -45 54 -47 -48 -49 -50 -51 52 -53 -54 -55 -56 -57 -58 58 -60 -61 -62 -63
leaf_value=-5.3732693058177085e-06 -0.0015893720673648944 0.0025207355540197603 -0.000671316708241034 -0.0064038836031353897 -0.0026774169380276852 0.00051980654126156068 0.00026982801077278019 0.0004552024020392627 -0.0031568623668561061 0.0027144859795285182 0.0077560310419648899 0.0022217341214467948 -0.0020276807556561275 -0.0019734622319017283 0.0010410206506780365 -0.0014826204702946266 -0.0037974228079502396 -0.0045938804916873131 0.00048174900362995372 -0.00071250364296384912 0.0033047708520285053 -0.0025188341859300341 0.00026015216064693845 -0.0041860038521270458 0.0006957465779098155 -0.0030434531890545687 0.0048666465304835343 -4.6506100682799993e-05 -0.00057610923040556376 -0.00047518033573093515 -0.0011393295441089275 -0.0040984417241166481 -0.0031309880277007361 -0.00078642796603204724 -0.0020119121202487105 -0.0044020488720492154 -0.0055251106442806642 -0.0028959451511787675 0.00018806835982686546 0.0012817008126588478 0.0031632803268730643 -0.0003045983109164091 0.0023079871398224423 0.0048670070930921404 -0.0029692876798175609 0.00068221379258161469 0.00012046487364463553 -0.00083693410424025283 -0.0035795794762780902 -0.00053364286429946367 -9.7239949762866493e-05 -0.00022251488819030648 0.0022139930428454169 0.0011120362938381733 0.00021273010896856326 0.0011236655742192982 -0.0021545114687338673 -0.001700247763801599 -9.9871747498269953e-05 0.00031864454785326404 0.0012763924878262827 0.0025141894865885334
leaf_weight=47183 123 58 83 84 82 72 106 83 77 98 50 94 78 55 57 535 52 51 4776 602 111 86 814 59 143 94 59 14573 64 75 194 56 109 86 52 71 121 62 16272 91 50 71 258 52 56 1638 83 635 143 2538 473 216 135 50 109 112 137 222 24790 5647 289 91
leaf_count=47183 123 58 83 84 82 72 106 83 77 98 50 94 78 55 57 535 52 51 4776 602 111 86 814 59 143 94 59 14573 64 75 194 56 109 86 52 71 121 62 16272 91 50 71 258 52 56 1638 83 635 143 2538 473 216 135 50 109 112 137 222 24790 5647 289 91
internal_value=-1.82574e-06 -1.83398e-05 -0.000933657 -0.00169655 -0.00216727 -0.00294604 0.000683808 0.000843723 0.000959585 0.00299395 0.00441771 -6.25849e-06 -0.000679332 -0.00210756 -0.0030698 2.38411e-06 3.39235e-05 -0.000167898 0.000206911 0.000108331 0.000535903 0.000428674 -0.000553167 -0.000764547 -0.000533584 -0.00150163 -0.000105937 -6.4471e-05 -0.00183271 -0.00214227 0.000517175 4.45272e-06 -0.00455546 -0.00126815 0.000378029 -0.00242152 -0.00441522 -0.000216805 0.000155939 -0.000245706 0.000770261 0.000759781 0.000620559 0.0021507 0.000761686 0.000903442 0.0017462 -0.00106102 -0.00265097 -0.000698857 -2.8047e-05 -0.0010205 0.000415945 0.00314435 -0.000867227 -0.000301201 -0.00109698 -1.67958e-05 -0.000114076 2.9261e-05 0.00183927 0.00127879
internal_weight=125386 122437 1595 830 697 472 2949 2706 2583 231 148 120842 1532 496 327 119310 100665 18645 22823 17561 5262 4862 3946 3132 225 151 765 14699 279 126 498 1036 193 267 110 157 176 942 16874 169 133 2352 2138 214 2061 1896 192 687 207 3073 880 272 608 109 165 306 243 77842 25012 52830 400 162
internal_count=125386 122437 1595 830 697 472 2949 2706 2583 231 148 120842 1532 496 327 119310 100665 18645 22823 17561 5262 4862 3946 3132 225 151 765 14699 279 126 498 1036 193 267 110 157 176 942 16874 169 133 2352 2138 214 2061 1896 192 687 207 3073 880 272 608 109 165 306 243 77842 25012 52830 400 162
cat_boundaries=0 1
cat_threshold=514
is_linear=0
shrinkage=0.05


Tree=25
num_leaves=63
num_cat=0
split_feature=115 120 102 7 142 126 73 100 7 169 184 5 123 148 157 123 47 52 132 71 10 111 10 156 37 129 121 119 96 121 156 120 118 131 141 59 125 89 22 83 56 68 99 169 136 139 183 160 61 136 102 82 55 72 78 69 68 54 182 15 119 181
split_gain=0.668203 0.478685 0.402685 0.396295 0.535596 0.559243 0.372936 0.355473 0.362596 0.443542 0.419225 0.337499 0.319125 0.332114 0.296006 0.295104 0.258289 0.254099 0.243365 0.243209 0.473207 0.323777 0.238108 0.236023 0.216397 0.214679 0.317407 0.372302 0.202967 0.202433 0.190411 0.188694 0.219175 0.184469 0.165329 0.159162 0.158812 0.148252 0.148179 0.137176 0.132342 0.131737 0.12638 0.12359 0.12308 0.178668 0.131942 0.124618 0.111166 0.105833 0.10555 0.103934 0.0966367 0.0871032 0.0837993 0.0755897 0.0710683 0.0704562 0.0543226 0.0409808 0.0360168 0.0230718
threshold=-0.025276800617575642 0.28760568797588354 1.1065735220909121 0.055275805294513709 0.98903334140777599 0.063296411186456694 0.7084542214870454 1.3616415262222292 -0.090693458914756761 -0.021229328587651249 -0.19020487368106839 0.059322865679860122 -0.074831303209066377 2.5120929479599003 0.3125892728567124 -0.025834860280156132 0.39166666567325598 0.20833333581686023 0.881028711795807 0.45905907452106481 1.0588319897651675 0.096485745161771788 1.0618186593055727 0.56637483835220348 0.67500001192092907 1.6523375511169436 0.46771842241287237 0.13090959936380389 -0.076263599097728715 0.22118898481130603 0.3143093883991242 0.30817008018493658 0.036085383966565139 2.2522940635681157 1.4886904954910281 0.43957188725471502 -0.13185736536979673 0.21324712783098224 0.21741028875112536 -0.72200015187263478 0.50687140226364147 0.6126503348350526 1.3552737832069399 0.14165390282869342 0.84927687048912059 1.2309074997901919 0.049432029947638519 0.86366671323776256 0.64108663797378551 0.82049891352653515 1.0297923088073733 -0.010065799113363026 0.49942262470722204 0.48701764643192297 0.28654851019382482 0.61828139424324047 0.44463416934013372 0.26439043879508978 0.053731702268123634 0.28750000894069677 0.068503364920616164 0.05908921733498574
decision_type=2 2 2 2 2 2 2 2 2 2 2 2 2 2 2 2 2 2 2 2 2 2 2 2 2 2 2 2 2 2 2 2 2 2 2 2 2 2 2 2 2 2 2 2 2 2 2 2 2 2 2 2 2 2 2 2 2 2 2 2 2 2
left_child=1 2 37 7 11 6 18 8 9 10 -2 33 13 17 48 -4 28 42 -6 20 34 30 -23 -22 31 35 27 -27 56 58 -21 32 -11 44 -14 53 -19 57 -13 -37 -31 49 -10 -26 45 46 -5 -47 -9 -20 -39 -43 55 -18 -40 -46 -16 -1 -12 -45 -54 -59
right_child=3 -3 15 4 5 -7 -8 14 12 24 29 38 19 -15 16 -17 25 36 41 21 23 22 -24 -25 43 26 -28 -29 -30 40 -32 -33 -34 -35 -36 39 -38 50 54 -41 -42 51 -44 59 52 47 -48 -49 -50 -51 -52 -53 60 -55 -56 -57 -58 61 -60 -61 -62 -63
leaf_value=-0.00060594204281947555 -0.0055717717873175199 -0.0015733594623366918 0.0025146122063152187 -0.0011054274367491828 -0.0040530000694607403 -0.0055099727466789098 -0.004235268585110267 -0.0034645878118074814 0.00062688876086869209 -0.0028729093982073324 -0.00095698565062541036 0.00014353320374749064 -0.00012420760590077265 0.0041862817594392259 0.0013329027162958832 0.0072621175742824569 0.0040368805117905141 -0.0032731210407599487 -0.0020972431650463966 0.0001295210606217831 -0.0003190452132208005 0.00026912587406721877 -0.00030089542267974355 -0.002668105308257509 -0.00063339909492060543 0.0031604472970207329 0.0055505148456345696 -0.0014722827504891414 -0.0036261885743200158 -0.0011270310452091508 -6.4809036832416168e-05 0.0015009389433544131 -0.00051291493456486945 -0.0029660591476217465 -0.0020176329556902762 0.0012887064584019053 -9.846434897553991e-05 0.0013854070210500677 -0.0018581332447405636 0.00034846155812991966 -0.0046812778849959031 -0.0014717566465260463 0.0030438975352028918 0.0011838552638558516 0.00041198193141908082 -0.0038681745253227374 8.3762826690132936e-05 -0.00071805085804468654 -0.00028948724708136394 -0.00024047203081057678 0.0046182949957437811 0.0011341501820731922 0.0003535053371451795 0.0010855561112985016 -0.0041891786565732524 0.0015731900987725014 -0.0013072039612161462 0.00067769531894009566 0.0012231098213340134 0.0028793877124849519 -0.0010524755876821442 0.0021966351766604933
leaf_weight=73 83 85 67 278 51 86 89 60 1580 137 62 52 18844 64 52 64 50 65 142 15847 173 16685 2058 280 75 101 54 76 60 50 61620 76 349 54 116 479 100 51 83 2040 55 50 56 90 443 54 1449 75 51 167 50 163 75 50 72 205 50 50 53 59 116 50
leaf_count=73 83 85 67 278 51 86 89 60 1580 137 62 52 18844 64 52 64 50 65 142 15847 173 16685 2058 280 75 101 54 76 60 50 61620 76 349 54 116 479 100 51 83 2040 55 50 56 90 443 54 1449 75 51 167 50 163 75 50 72 205 50 50 53 59 116 50
internal_value=-4.90281e-06 0.0018379 0.00255385 -1.21033e-05 -0.000521591 -0.00171683 -0.00122406 3.40316e-06 -1.04648e-05 -0.000918628 -0.00254385 -0.000219142 -2.04704e-06 0.000646791 0.000529956 0.004834 0.000623404 0.000521012 -0.000756356 -1.25128e-05 -0.000173949 2.00614e-05 0.000206537 -0.001771 -0.00029211 0.000733794 0.00219498 0.00117125 -0.00131865 -0.0014015 -2.5056e-05 -0.00081588 -0.00117818 -7.25359e-05 -0.000135792 0.000604916 -0.00134909 0.0014637 -0.0021661 0.000527254 -0.00298878 -0.00043427 0.000709623 0.00102199 -1.45581e-05 -0.000241741 -0.000107664 -0.00203671 -0.00200576 -0.00109375 0.00298585 0.000522435 0.000488007 0.00256122 -0.00294094 0.000779339 3.87328e-05 0.000575045 4.7754e-05 0.00185524 -0.000500389 0.00143717
internal_weight=125894 490 405 125404 3704 748 662 121700 118577 1089 303 2956 117488 1865 3123 131 3012 1801 573 115623 19413 96210 18743 453 786 2850 231 177 162 220 77467 562 486 2749 18960 2619 165 274 207 2519 105 522 1636 224 2695 1856 1727 129 111 309 101 213 839 100 155 648 102 173 115 149 191 100
internal_count=125894 490 405 125404 3704 748 662 121700 118577 1089 303 2956 117488 1865 3123 131 3012 1801 573 115623 19413 96210 18743 453 786 2850 231 177 162 220 77467 562 486 2749 18960 2619 165 274 207 2519 105 522 1636 224 2695 1856 1727 129 111 309 101 213 839 100 155 648 102 173 115 149 191 100
is_linear=0
shrinkage=0.05


Tree=26
num_leaves=62
num_cat=0
split_feature=115 120 7 48 7 146 117 3 122 81 56 128 5 117 120 183 0 161 52 114 90 138 174 111 129 54 156 119 123 122 1 7 158 71 135 183 85 1 174 136 125 156 128 12 147 70 108 126 129 174 128 1 74 143 86 91 147 69 85 120 136
split_gain=0.603054 0.43306 0.377038 0.36969 0.328409 0.439904 0.395328 0.408742 0.363764 0.316949 0.326471 0.280664 0.271907 0.375872 0.247174 0.247097 0.260171 0.231343 0.22529 0.223847 0.215231 0.215229 0.668269 0.284319 0.20539 0.218946 0.18735 0.172897 0.171829 0.169565 0.18288 0.159104 0.153799 0.152799 0.148819 0.145739 0.143244 0.145563 0.14294 0.137959 0.136591 0.13048 0.12332 0.106636 0.104309 0.103504 0.0986076 0.179891 0.106727 0.0936313 0.0902332 0.0655889 0.0654216 0.0622186 0.0611985 0.0566242 0.0546638 0.0539791 0.0523324 0.0476703 0.0371957
threshold=-0.025276800617575642 0.27174381911754614 0.028062097728252414 -0.70000001788139332 -0.098536442965269075 1.1772592663764956 0.44643165171146398 0.02924543991684914 -0.023991149850189682 -0.17837644368410108 0.46610906720161444 1.5900166630744936 0.059322865679860122 0.12840989977121356 0.40073770284652716 0.049432029947638519 0.00199282611720264 1.2364485263824465 0.025000001303851608 -0.012680226005613802 0.015852370299398903 1.2093130350112917 12.420052051544191 0.096485745161771788 1.6523375511169436 0.124043807387352 0.26293629407882696 0.56792908906936657 -0.023122387938201424 -0.0054046201985329381 0.082415800541639342 -0.063387293368577943 0.86848291754722606 0.52039670944213878 0.85072106122970592 -0.07538833841681479 0.099253639578819289 0.073798395693302168 12.739424228668215 0.87841999530792247 -0.078662574291229234 0.30656571686267858 1.482525706291199 0.67070120573043834 0.8651624619960786 0.47665511071681982 0.10276209563016893 0.18675769120454791 1.0274502038955691 24.621738433837894 1.0367357730865481 0.058305731043219573 0.43902732431888586 1.0424169301986697 0.64427417516708385 0.14843785762786868 0.50161585211753856 0.56253969669342052 0.42111153900623327 0.070654049515724196 0.88740697503089916
decision_type=2 2 2 2 2 2 2 2 2 2 2 2 2 2 2 2 2 2 2 2 2 2 2 2 2 2 2 2 2 2 2 2 2 2 2 2 2 2 2 2 2 2 2 2 2 2 2 2 2 2 2 2 2 2 2 2 2 2 2 2 2
left_child=1 3 4 -1 6 11 8 49 14 10 54 15 26 18 17 21 -17 20 57 -9 -2 23 -23 -6 36 -26 46 29 -20 30 -28 -27 33 35 59 -5 37 52 45 -31 -40 -36 -10 -39 -19 -38 47 48 -11 -8 -29 -52 -7 -43 60 -37 -18 -14 -30 -15 -4
right_child=2 -3 9 32 5 24 7 19 42 12 -12 -13 13 34 -16 16 56 44 28 -21 -22 22 -24 -25 25 31 27 50 58 39 -32 -33 -34 -35 41 55 38 43 40 -41 -42 53 -44 -45 -46 -47 -48 -49 -50 -51 51 -53 -54 -55 -56 -57 -58 -59 -60 -61 -62
leaf_value=0.0063833871627978697 0.00041884883496634388 -0.0013876749369309336 -0.0009385318333985644 0.0038110776113059659 -3.0044214012056001e-05 -1.8855896916038591e-06 0.0011225888056977621 -0.0058976152198738424 0.00074487014983969861 -0.00019918568041989702 -0.0046340439371372827 0.003516973512198188 -0.0018233733575750825 -0.0024282518903018468 0.0020908366520836978 0.0034191772990831825 -0.00059892517250462825 0.0014459607856950225 -0.0012741098370911046 -0.0019563771351087901 -0.0025148723273619631 0.0001571661613718893 -0.0021058602364480198 0.00017208866447727042 -0.00010758928530718081 0.0015510185204254446 -0.00088500796460932074 -0.00078104557666366047 -0.0035659589837046552 -0.00047266516894286142 -0.003890125283261671 0.0052232528138735626 -0.00041649306690264075 0.0047722512263066652 0.002934605252527285 0.00011535248460645294 0.001143301620621836 0.0020442703048669767 -0.0024612270068464573 -4.8310015251280555e-05 4.5630286563630025e-05 0.00073427981464637738 0.0042565659063402567 0.00042212502965611911 -0.0012242763758594862 -0.00029706160451503942 -0.0016219310908733558 0.0030565613061688574 0.00048445206718773109 -0.0018299354889895769 0.00033858175606545863 0.0019571582164075291 0.00079104917949446025 -0.0014332393131917343 -0.0021176388068124652 0.0019458334028881622 0.00085475245847382343 0.00047751945990603424 -0.0055661259301225934 -0.00062936162923543475 0.00092993678853963498
leaf_weight=52 81 90 57 65 86321 406 58 88 50 1006 82 57 52 59 67 99 82 99 55 61 274 976 490 21788 62 54 276 68 63 4510 62 65 61 53 51 85 253 331 100 3329 119 98 50 146 58 246 72 56 1320 50 109 147 724 50 55 84 306 50 68 98 50
leaf_count=52 81 90 57 65 86321 406 58 88 50 1006 82 57 52 59 67 99 82 99 55 61 274 976 490 21788 62 54 276 68 63 4510 62 65 61 53 51 85 253 331 100 3329 119 98 50 146 58 246 72 56 1320 50 109 147 724 50 55 84 306 50 68 98 50
internal_value=-4.65767e-06 0.00174601 -1.14982e-05 0.00245109 1.64996e-05 2.4251e-05 -0.000916201 -0.00258644 -0.000284018 -0.000279965 -0.00206337 9.344e-06 -0.000242449 -0.00124092 -0.000764974 7.52744e-06 0.0011313 -0.00113868 -0.00258391 -0.00428409 -0.00184549 2.53291e-06 -0.000599234 1.06931e-05 0.000679297 0.00230163 -0.000183753 -0.000294847 -0.00361951 -0.000339733 -0.00143624 0.00355686 0.0018635 0.0023481 -0.000154444 0.00179904 0.000552999 0.000815332 -3.41428e-05 -0.000292454 -0.00109905 0.00075358 0.00250072 0.00154776 0.000459504 0.000433223 0.000201094 0.000256198 0.000188777 -0.000244321 0.000837952 0.001268 0.000506154 2.00984e-06 -0.000762158 0.00102518 0.000547532 -0.000695485 -0.00460421 -0.00130538 -6.54157e-05
internal_weight=125894 490 125404 400 113561 112625 936 257 679 11843 244 110119 11599 644 579 110062 487 512 288 149 355 109575 1466 108109 2506 181 10955 8501 186 8177 338 119 348 287 356 234 2325 1607 718 7839 219 199 100 477 157 499 2454 2382 2326 108 324 256 1130 148 162 169 388 102 131 157 107
internal_count=125894 490 125404 400 113561 112625 936 257 679 11843 244 110119 11599 644 579 110062 487 512 288 149 355 109575 1466 108109 2506 181 10955 8501 186 8177 338 119 348 287 356 234 2325 1607 718 7839 219 199 100 477 157 499 2454 2382 2326 108 324 256 1130 148 162 169 388 102 131 157 107
is_linear=0
shrinkage=0.05


Tree=27
num_leaves=63
num_cat=0
split_feature=115 120 7 76 102 176 100 7 151 176 103 123 148 46 157 129 121 6 170 41 131 56 52 10 150 125 152 109 27 124 117 7 181 46 29 153 53 6 84 171 19 109 125 119 143 36 89 32 5 109 55 84 121 56 156 101 127 117 88 120 103 183
split_gain=0.544256 0.391249 0.342607 0.337905 0.333299 0.317282 0.30662 0.311173 0.392452 0.400589 0.34229 0.300299 0.29331 0.25627 0.283815 0.357721 0.251969 0.248055 0.245687 0.230139 0.236576 0.536511 0.227839 0.226054 0.621849 0.27852 0.268156 0.24865 0.220289 0.214945 0.234932 0.314273 0.211915 0.199645 0.231511 0.255572 0.197243 0.165969 0.154598 0.153353 0.151187 0.145989 0.145219 0.143334 0.132242 0.152315 0.126995 0.121414 0.117692 0.115809 0.147015 0.115775 0.11444 0.110812 0.109753 0.109704 0.108247 0.191458 0.0980483 0.097731 0.0967824 0.0919791
threshold=-0.025276800617575642 0.28760568797588354 0.031784161925315864 0.53815996646881115 1.1065735220909121 -2.2707465887069698 1.3616415262222292 -0.090693458914756761 0.94288131594657909 8.611053943634035 1.144555449485779 -0.074831303209066377 2.5120929479599003 0.41666667163372045 0.47116522490978247 1.6523375511169436 0.32061606645584112 0.060637759044766433 1341532288.0000002 0.48333333432674414 1.2620959281921389 0.46491405367851263 0.20833333581686023 1.0671324729919436 1.3084298372268679 0.13257118314504626 1.0777193307876589 0.057788083329796798 0.29166667163372045 -0.03452667407691478 0.050413182005286224 0.075312182307243361 0.050420038402080543 0.41666667163372045 1.0000000180025095e-35 0.22981289029121402 0.17392433434724811 0.14103647321462634 0.60755202174186718 91993924.000000015 0.19394225627183917 0.071672249585390105 -0.13185736536979673 0.12493840232491495 1.1398729681968691 -0.81666666269302357 0.21324712783098224 0.65833333134651195 0.044290082529187209 0.13842187076807025 0.33335688710212713 0.28252577781677252 0.029732568189501766 0.30050238966941839 0.20196278393268588 1.5026378631591799 1.0966015458106997 0.10727405920624734 0.091830711811780943 0.28128135204315191 1.0928401350975039 0.052525095641613014
decision_type=2 2 2 2 2 2 2 2 2 2 2 2 2 2 2 2 2 2 2 2 2 2 2 2 2 2 2 2 2 2 2 2 2 2 2 2 2 2 2 2 2 2 2 2 2 2 2 2 2 2 2 2 2 2 2 2 2 2 2 2 2 2
left_child=1 4 6 17 46 -6 7 8 33 -10 28 12 22 -8 18 44 43 56 36 55 -21 -22 52 25 32 27 -26 -13 -11 30 31 -19 -25 34 -2 -36 58 -27 54 49 -40 -35 -24 -17 45 -16 -1 48 -41 59 -51 -48 -9 -46 -32 -5 61 -58 -15 -31 -43 -4
right_child=2 -3 3 19 5 -7 13 11 9 10 -12 23 -14 14 15 16 -18 29 -20 20 21 -23 42 24 26 37 -28 -29 -30 39 38 -33 -34 41 35 -37 -38 -39 40 47 -42 60 -44 -45 53 -47 51 -49 -50 50 -52 -53 -54 -55 -56 -57 57 -59 -60 -61 -62 -63
leaf_value=0.00049170069879316805 0.0010916400467976927 -0.0014253077256794582 -0.00031430997905600925 -0.0002053017698039721 0.0017036305772489869 0.0066424579930190047 -0.002093080241536302 0.0015255820689478519 -0.00047014328849864307 -0.0039510345582247659 -0.006335641487258608 -2.6742971149298273e-05 0.0039683327352577182 -0.0019482519145822153 9.7843321467055278e-05 0.0031974530775814541 0.0054850835966626333 -0.0011569152364676197 0.00098919393273536114 -0.00081483517072906118 -0.0011194329578559715 -0.00593681445773739 -0.0030977480955502522 0.00014162633544909916 -0.0015633093018794484 0.0045790429575180711 -0.0050587623725615203 0.00017787610531794793 -0.00034059400057425858 -0.00012951088683060621 0.0020642492659389972 -0.0046120344769276147 -0.00092676647569735866 -0.00039421886088666962 -0.00025297792812731739 -0.0047782954602287372 6.1066279229107163e-05 0.00067281424754152177 0.00085737604565699313 -0.00099204320283956151 -0.0021775786083197178 0.0028390863421940953 -3.068540468934531e-05 -0.00045561775102396498 0.0032233690986599654 0.00092984373347995231 0.0044326705662533642 -8.796244145711542e-05 -0.003377096748364897 8.5594742584204232e-05 -0.0027899357929506321 0.0010468140191412258 0.00048587908848803991 0.00081635416568747756 -0.00033842813147558313 -0.0023629502656169633 -0.00097355543586768599 0.0019357015953582095 -0.005064131709400053 0.00044918885571541595 0.00068712609037346645 0.00046228168132070828
leaf_weight=173 64 85 636 488 60 71 91 334 239 85 69 88518 64 50 1153 58 63 304 100 227 143 97 65 2038 477 52 62 17839 84 3308 50 84 601 197 60 65 62 57 51 478 210 82 95 50 84 1052 50 387 58 92 86 51 1275 111 962 67 76 221 51 936 144 952
leaf_count=173 64 85 636 488 60 71 91 334 239 85 69 88518 64 50 1153 58 63 304 100 227 143 97 65 2038 477 52 62 17839 84 3308 50 84 601 197 60 65 62 57 51 478 210 82 95 50 84 1052 50 387 58 92 86 51 1275 111 962 67 76 221 51 936 144 952
internal_value=-4.42479e-06 0.00165871 -1.09233e-05 -0.000293011 0.00230597 0.0043804 1.32893e-05 1.56573e-07 -0.00084094 -0.00191608 -0.0033681 8.37311e-06 0.000643069 0.000518691 0.000602555 0.00076259 0.00297211 -0.000194038 -0.000961893 -0.00115403 -0.00197199 -0.00306646 0.000522765 -2.23757e-06 -0.000417777 1.01662e-05 -0.00196538 7.57729e-06 -0.0021565 -0.000331028 -0.000827835 -0.00190493 -0.000101687 -2.96209e-06 -0.00135398 -0.00260614 -0.00215888 0.00253634 -0.000499545 -0.000176642 -0.00158454 0.000600686 -0.00127668 0.00150622 0.000605161 0.000494789 0.00131418 -0.000762849 -0.00125013 -5.42834e-05 -0.00130371 0.00272298 0.000701703 0.00185322 -0.000219719 -0.000465775 0.000315115 0.00119125 -0.00352162 -1.88059e-06 0.00146793 0.000151254
internal_weight=125894 490 125404 9913 405 131 115491 112566 1089 477 238 111477 1833 2925 2834 2571 171 8891 263 1022 467 240 1769 109644 3178 106466 539 106357 169 7006 1661 388 2639 612 189 125 163 109 1273 5345 261 423 160 108 2400 2205 274 923 536 4422 178 101 1609 195 1012 555 1885 297 101 4244 226 1588
internal_count=125894 490 125404 9913 405 131 115491 112566 1089 477 238 111477 1833 2925 2834 2571 171 8891 263 1022 467 240 1769 109644 3178 106466 539 106357 169 7006 1661 388 2639 612 189 125 163 109 1273 5345 261 423 160 108 2400 2205 274 923 536 4422 178 101 1609 195 1012 555 1885 297 101 4244 226 1588
is_linear=0
shrinkage=0.05


Tree=28
num_leaves=63
num_cat=1
split_feature=140 169 116 156 157 170 122 8 5 158 100 121 111 106 10 28 149 137 138 150 120 133 116 166 71 123 171 101 161 108 101 142 47 68 61 186 51 56 147 10 147 10 100 35 108 107 182 75 127 114 154 52 56 122 71 117 168 62 86 172 120 113
split_gain=0.497055 0.554552 0.460326 0.391723 0.313215 0.478935 0.343809 0.307009 0.452969 0.256388 0.240166 0.30253 0.385516 0.248765 0.392942 0.666437 0.530733 0.282636 0.294348 0.249598 0.248556 0.246041 0.236774 0.222495 0.219089 0.256845 0.204384 0.197879 0.195873 0.194505 0.193989 0.206812 0.193366 0.209298 0.190065 0.181753 0.222041 0.17974 0.167337 0.341504 0.209261 0.161788 0.216199 0.156297 0.155242 0.153282 0.151304 0.14961 0.142345 0.14077 0.135405 0.129859 0.127739 0.122485 0.121531 0.120287 0.11972 0.115107 0.114525 0.114402 0.112094 0.110979
threshold=1.5580661296844485 -0.28361828625202173 0.0028324888553470377 0.25614757835865026 0.51398178935050975 2220719872.0000005 -0.0033203879138454791 0.51574227213859569 0.052306327968835838 0.76047590374946605 1.2752417922019961 0.50432491302490245 0.16258005797863009 0.95134237408638012 1.0741230249404909 0.70000001788139354 0.97056245803833019 1.0411931872367861 1.1861846446990969 1.0912986397743227 0.18841806799173358 0.97255814075469982 0.0024152698460966353 38.272663116455085 0.45832963287830358 -0.025834860280156132 86299936.000000015 1.2235786318778994 1.1001624464988711 0.054758906364440925 0.76354622840881359 1.0631715655326845 0.47499999403953558 0.4391955435276032 0.65558707714080822 0 0.41666667163372045 0.47609059512615209 0.78347235918045055 1.0832511782646181 0.96725395321846019 1.0602978467941286 0.89136603474617015 0.42499999701976782 0.070470672100782408 4.4483662975380873e-08 0.054770927876234062 0.5381324589252473 1.1867783069610598 -0.01942466106265783 0.20949564129114154 0.041666667908430106 0.35327519476413732 -0.0048647408839315167 0.52385240793228161 0.12840989977121356 -3.9844498634338374 0.59025171399116527 0.84520485997200023 225803016.00000003 0.069227673113346114 -0.020696351304650303
decision_type=2 2 2 2 2 2 2 2 2 2 2 2 2 2 2 2 2 2 2 2 2 2 2 2 2 2 2 2 2 2 2 2 2 2 2 1 2 2 2 2 2 2 2 2 2 2 2 2 2 2 2 2 2 2 2 2 2 2 2 2 2 2
left_child=7 2 56 -3 5 6 -5 10 24 34 11 13 41 17 30 16 -16 35 26 -17 21 28 -10 27 25 37 -19 38 -14 -24 59 -32 33 -11 -6 36 -1 -9 52 54 -41 46 -43 -22 -29 -37 57 -20 -25 -27 -46 -44 -12 -26 -40 -31 -2 -13 -55 -15 -36 -52
right_child=1 3 -4 4 9 -7 -8 8 22 32 23 12 20 14 15 19 -18 18 47 -21 43 -23 29 48 53 49 -28 44 -30 55 31 -33 -34 -35 60 45 -38 -39 39 40 -42 42 51 -45 50 -47 -48 -49 -50 -51 61 -53 -54 58 -56 -57 -58 -59 -60 -61 -62 -63
leaf_value=0.00021429186518148727 0.0033232556029577699 0.0038071595854078282 0.0073685399679418069 -0.0047826606040406562 0.0036200482978866184 0.0023522157837122457 -0.00039998646232030055 -0.00094977872347674116 -0.00067477794994677727 0.00054811810799451036 0.00026917661789933634 -6.2370637870265397e-05 -0.0046994382317011906 -0.00055962093031181547 -0.00097673684152375386 0.00011179453423038516 -0.0050988777826089376 0.00075584988126482051 -0.00047377203899633672 -0.0012090798312551455 0.00096205076376752068 -0.00098760732714223468 -0.0010887730870352854 0.0013589135942436267 -0.00074258395182839323 -0.0028512578468265323 4.0711152387410671e-05 0.00018270326878179686 -0.0013990075317332927 -0.0048821963917118376 7.0521412795361415e-06 0.0010956786200141367 0.0010573864235931955 -0.0037220453121699394 0.0021743742437600024 -0.0017492023654346407 0.0028484975196202689 -0.005148394118295983 -0.00011631308955295359 -0.00069652416031799631 -0.0047321048570059558 -0.0033494181660226672 0.00070458198344503973 -0.0017379173311698989 0.0022065377320580051 -9.3003159420164817e-05 0.002423925277278677 -0.003333242298732142 -0.00052275153530689962 -0.00040373047335490691 0.00054637513722996316 -0.0017511483486718955 0.0027635356590886102 -3.3111459198964872e-05 -0.0025900316922791086 -0.0019200840805116866 6.4513488106575676e-05 -0.00076086728963091184 -0.00082758293638459019 -0.0027807922171984591 -0.00087776027441058041 0.002920567823457532
leaf_weight=6461 63 84 57 90 112 67 89 52 354 55 244 3897 129 892 175 1122 141 3860 167 525 123 178 113 713 671 60 1348 2219 69 97 70234 439 147 60 65 143 81 50 1099 58 72 92 114 95 169 6060 57 63 117 2816 921 102 65 17061 52 53 51 695 466 62 56 52
leaf_count=6461 63 84 57 90 112 67 89 52 354 55 244 3897 129 892 175 1122 141 3860 167 525 123 178 113 713 671 60 1348 2219 69 97 70234 439 147 60 65 143 81 50 1099 58 72 92 114 95 169 6060 57 63 117 2816 921 102 65 17061 52 53 51 695 466 62 56 52
internal_value=-4.20355e-06 0.00110834 0.00369978 0.000571208 0.000204379 -0.00125382 -0.00260357 -1.30755e-05 -0.000183585 0.00092906 2.29646e-05 4.36608e-06 -0.000354073 2.60467e-05 -1.48728e-05 -0.000712789 -0.00281605 0.000191656 0.000493443 -0.000309249 -0.00155778 -0.00233658 -0.00151903 0.000336073 -0.000144675 -0.000542239 0.000570749 0.000209068 -0.00354929 -0.00265539 4.25415e-06 1.38144e-05 -0.000144047 -0.00167979 0.00213573 6.289e-05 0.000246531 -0.00300792 -0.00025051 -0.000502435 -0.00293162 -0.000209832 -0.00131961 -0.000214541 0.000426482 -0.000130973 -0.000136308 -0.00125702 0.00109367 -0.000454792 0.000900163 -0.000455068 0.00079388 -7.96155e-05 -0.000228071 -0.00383558 0.0018654 -0.000168088 -5.42345e-05 -0.000703974 0.000761816 0.000673259
internal_weight=125894 996 171 825 741 246 179 124898 21793 495 103105 97324 5551 91773 73590 1963 316 18183 5438 1647 594 376 617 5781 21176 2978 5208 4951 198 263 71627 70673 262 115 233 12745 6542 102 1590 1281 130 4957 308 218 3361 6203 4649 230 830 2876 1142 216 309 18198 1151 150 114 4592 17527 954 121 973
internal_count=125894 996 171 825 741 246 179 124898 21793 495 103105 97324 5551 91773 73590 1963 316 18183 5438 1647 594 376 617 5781 21176 2978 5208 4951 198 263 71627 70673 262 115 233 12745 6542 102 1590 1281 130 4957 308 218 3361 6203 4649 230 830 2876 1142 216 309 18198 1151 150 114 4592 17527 954 121 973
cat_boundaries=0 1
cat_threshold=586
is_linear=0
shrinkage=0.05


Tree=29
num_leaves=63
num_cat=1
split_feature=140 169 116 119 27 69 84 7 102 46 131 156 10 147 28 125 133 182 104 106 7 98 135 126 119 152 186 122 116 109 125 46 123 71 52 183 5 72 182 100 42 112 123 167 132 170 86 26 133 120 89 88 90 116 181 140 140 158 182 166 125 52
split_gain=0.448592 0.500484 0.415444 0.360372 0.371761 0.353726 0.295234 0.294285 0.437707 0.368001 0.234624 0.224766 0.502641 0.745633 0.4841 0.695206 0.392797 0.310635 0.303579 0.227472 0.221722 0.248552 0.312178 0.219752 0.201618 0.190764 0.189687 0.189194 0.28936 0.18524 0.185098 0.171221 0.163389 0.159129 0.154524 0.148912 0.188492 0.173323 0.141712 0.311029 0.195928 0.195514 0.193156 0.179322 0.141256 0.139931 0.196929 0.133635 0.128124 0.118552 0.114307 0.114082 0.113261 0.112909 0.112089 0.111345 0.110974 0.108827 0.107411 0.106534 0.143695 0.105076
threshold=1.5580661296844485 -0.28361828625202173 0.0028324888553470377 0.080215331166982665 0.55833333730697643 0.7254503369331361 -0.24781576544046399 0.055275805294513709 1.0317217111587527 0.45000000298023229 1.247329115867615 0.37845268845558172 1.0602978467941286 2.3398648500442509 0.70000001788139354 -0.087549101561307893 0.95087251067161571 0.061059391126036651 0.89525797963142406 1.1543124914169314 0.023507562465965751 1.1372209787368777 0.94657316803932201 0.053751990199089057 0.21891412883996966 0.16460137069225314 0 -0.024997250176966187 -0.01121730776503682 0.1558320224285126 -0.10159790515899657 0.38333334028720861 -0.0051329033449292174 0.41088779270648962 -0.075000002980232225 0.052525095641613014 0.059322865679860122 0.49019494652748113 0.05169202201068402 0.64649051427841198 0.52500000596046459 0.0033004203578457241 -0.067807804793119417 5.6130399703979501 0.89053356647491466 2102379584.0000002 0.35014957189559942 0.78333333134651195 0.93965190649032604 0.27174381911754614 0.057313576340675361 -0.14820832759141919 0.076185610145330443 0.0060247653163969525 0.054579123854637153 1.107998311519623 0.86906343698501598 0.88270491361618053 0.056008111685514457 26.726097106933597 -0.10657927021384238 0.12500000372529033
decision_type=2 2 2 2 2 2 2 2 2 2 2 2 2 2 2 2 2 2 2 2 2 2 2 2 2 2 1 2 2 2 2 2 2 2 2 2 2 2 2 2 2 2 2 2 2 2 2 2 2 2 2 2 2 2 2 2 2 2 2 2 2 2
left_child=7 2 50 5 49 27 -6 11 29 10 -10 19 17 14 15 16 -14 20 -17 38 21 22 -13 25 -25 -16 34 -3 -29 35 48 -23 33 -22 -21 37 -37 55 39 53 41 -40 57 47 -34 46 -11 -42 -19 -5 -2 -8 -31 -1 -12 -9 -44 -41 -28 -30 -61 -50
right_child=1 3 -4 4 6 -7 51 8 9 45 54 12 13 -15 23 18 -18 30 -20 26 32 31 -24 24 -26 -27 58 28 59 52 -32 -33 44 -35 -36 36 -38 -39 40 42 43 -43 56 -45 -46 -47 -48 -49 61 -51 -52 -53 -54 -55 -56 -57 -58 -59 -60 60 -62 -63
leaf_value=0.004065262192081468 0.00013229602728229525 -0.0014355738157943146 0.0070001129522560199 0.0013056492071707015 -0.0041598259446504159 0.0055693801313352123 0.0014522249499956767 -0.0034264131382657562 -0.0006983568613249504 -0.00030814763115987712 -0.0055846066279884657 9.4386696579401149e-05 -0.0049533579193369748 -0.0045178701586694996 -0.00071894229552313816 0.0027109480901665794 -0.0015923178508258609 -0.0022034212240084473 -0.00082319337503838344 0.00032880839797344883 -0.0030708007207861775 -0.0013122186412308308 -0.00011732055139211523 -0.0030642147571978791 0.00050073267930808173 0.00021344752099399555 0.00066227294456938451 -0.0014122763841961778 0.00091129482678840303 -0.0032308623206411648 0.0016187193022799474 0.000356214323545292 -0.0013265596384463433 -0.00064656099019279724 -0.00075627329759106595 0.00019799675589707169 -0.0026244095956036427 -0.00031667968279939021 0.0012870115114467274 0.0017486562181023371 -0.0012486636095716747 -0.0011233285216528176 0.0013863344863888675 -0.00028164716728740506 -0.00010094465908890199 0.00069989067600670699 -0.0033896379314062026 -0.0035638267456899204 0.0014811356401619922 -0.0012437759403327252 0.0033007838005610444 -0.0018759852785688756 -0.00069053004394221474 0.0012711374673623748 -0.0029231206759357375 -0.0009151851126627718 4.0294650043757799e-05 0.0004591582148069553 0.0024903665212928378 0.0053682463690883633 0.0019529587983626374 -0.0011242798571523356
leaf_weight=58 55 59 57 228 89 52 51 81 61 141 85 30620 169 117 752 68 179 56 571 1197 71 158 40371 117 60 2028 2518 56 57 77 461 5748 248 1453 452 1956 61 725 232 234 208 132 154 359 4517 116 82 89 109 57 59 52 102 96 74 97 26951 544 83 57 67 60
leaf_count=58 55 59 57 228 89 52 51 81 61 141 85 30620 169 117 752 68 179 56 571 1197 71 158 40371 117 60 2028 2518 56 57 77 461 5748 248 1453 452 1956 61 725 232 234 208 132 154 359 4517 116 82 89 109 57 59 52 102 96 74 97 26951 544 83 57 67 60
internal_value=-3.99337e-06 0.00105292 0.00351479 0.000542647 -0.000349936 0.0017661 -0.00205058 -1.24218e-05 -0.000454275 -0.00174206 -0.00333456 9.09624e-07 -4.09894e-05 -0.000584259 -0.000467567 -0.00142638 -0.00322455 -1.46848e-05 -0.000447103 0.000111526 -2.34231e-05 -7.85199e-08 -2.60065e-05 -0.000147529 -0.00185576 -3.87673e-05 0.000453189 0.00109796 0.00172867 -0.000221982 0.00104493 0.00031158 -0.000308862 -0.000759501 3.11924e-05 -0.000126271 0.000112639 -0.000659917 6.15532e-05 8.26144e-05 -0.000517359 0.000412932 7.02379e-05 -0.00103356 -0.000164733 -0.000708589 -0.00144125 -0.00194243 -0.000130687 0.000795764 0.00177213 -0.000228037 -0.0017833 0.00232347 -0.00434593 -0.00205793 4.79423e-05 0.000847002 0.000717849 0.00270045 0.00352289 0.000556136
internal_weight=125894 996 171 825 477 348 192 124898 3658 559 220 121240 87933 4061 3944 987 348 83872 639 33307 83186 76897 70991 2957 177 2780 4250 296 237 3099 686 5906 6289 1524 1649 2920 2017 903 29057 28037 1020 364 27883 656 4765 339 223 297 225 285 114 103 179 154 159 178 27105 778 2601 181 124 169
internal_count=125894 996 171 825 477 348 192 124898 3658 559 220 121240 87933 4061 3944 987 348 83872 639 33307 83186 76897 70991 2957 177 2780 4250 296 237 3099 686 5906 6289 1524 1649 2920 2017 903 29057 28037 1020 364 27883 656 4765 339 223 297 225 285 114 103 179 154 159 178 27105 778 2601 181 124 169
cat_boundaries=0 1
cat_threshold=1666
is_linear=0
shrinkage=0.05


Tree=30
num_leaves=63
num_cat=0
split_feature=146 113 132 7 176 173 99 120 7 83 71 148 111 172 1 151 100 98 141 37 129 131 86 21 160 1 3 116 47 162 178 176 127 123 161 168 111 151 8 102 110 71 90 119 10 176 97 153 7 127 160 91 135 147 176 57 134 132 125 52 125 170
split_gain=0.339359 0.39976 0.476421 0.383058 0.533196 0.299602 0.292465 0.316305 0.285939 0.28423 0.282096 0.27872 0.244372 0.23754 0.339172 0.33709 0.306614 0.306213 0.248202 0.229282 0.225617 0.240027 0.336275 0.206205 0.203909 0.193843 0.207747 0.197685 0.285636 0.202464 0.175769 0.169145 0.168418 0.166446 0.157466 0.168504 0.152346 0.150257 0.228848 0.152239 0.147937 0.147285 0.142668 0.256486 0.304237 0.266393 0.206785 0.159093 0.142356 0.137708 0.246536 0.132797 0.127311 0.126179 0.125056 0.178786 0.119243 0.118341 0.114554 0.12963 0.109853 0.108179
threshold=1.1350888013839724 -0.028276851400732991 0.91151180863380443 -0.066223323345184312 -1.9473609328269956 0.94180890917778026 1.6766970157623293 0.24495272338390353 -0.11244518682360648 -0.12860364466905591 0.52722176909446727 0.73129215836524974 0.34993144869804388 89450624.000000015 0.058305731043219573 1.1190864443778994 1.1795671582221987 0.8911094367504121 1.2861316204071047 0.84166666865348827 1.1074783205986025 1.000000059604645 0.70350643992424022 0.59141835570335399 1.0123806595802309 0.11940089613199235 0.012535037007182838 -0.0088533135131001455 0.44166666269302374 90.397266387939467 -5.0063505172729483 33.415513992309577 1.3977535963058474 0.054541135206818588 1.2794132232666018 1.8840066194534304 0.23694752901792529 0.8080231547355653 0.60046622157096874 1.0093170404434206 0.13096488267183307 0.32738503813743597 0.10819983482360841 0.051311241462826736 1.0767228007316592 2.278363943099976 1.2993728518486025 0.17109414935112002 -0.037651075050234788 1.1922397017478945 1.656173884868622 0.4142847359180451 0.96230700612068187 1.3774325847625735 42.441967010498054 0.53422075510025036 0.99886524677276622 0.96636983752250682 0.043306041508913047 0.075000002980232253 -0.11526134982705115 95193500.000000015
decision_type=2 2 2 2 2 2 2 2 2 2 2 2 2 2 2 2 2 2 2 2 2 2 2 2 2 2 2 2 2 2 2 2 2 2 2 2 2 2 2 2 2 2 2 2 2 2 2 2 2 2 2 2 2 2 2 2 2 2 2 2 2 2
left_child=1 2 5 4 56 33 12 8 -8 40 -6 -10 31 17 41 23 18 20 53 -5 21 22 -3 54 32 26 51 -27 29 -29 -14 42 -13 -1 35 -25 58 39 -39 -28 -7 -15 49 47 46 -46 -45 -44 -33 -2 57 52 -19 -17 -16 -56 -4 -51 -22 -60 -43 -49
right_child=6 13 3 19 10 9 7 -9 11 -11 -12 24 30 14 15 16 -18 25 -20 -21 36 -23 -24 34 -26 27 37 28 -30 -31 -32 48 -34 -35 -36 -37 -38 38 -40 -41 -42 60 43 44 45 -47 -48 61 -50 50 -52 -53 -54 -55 55 -57 -58 -59 59 -61 -62 -63
leaf_value=-0.0056047554940007452 0.00039010201407581931 0.0003125903099374492 0.0026332145885680802 0.00048560120088020088 -0.0046130884851857236 -0.0010463409056228558 -0.00098884093646212676 -0.0019858684928084794 0.0061084177507579607 0.0013115442677601146 -0.00024198648566380144 0.0018181860830017559 -0.0030816668466128331 -0.0025015257557125525 0.0003598723887395512 -0.0014332604908609662 -6.8886214487743109e-05 9.721271298709275e-05 -0.0049903011022894026 -0.0027533802932909676 0.0010829760630275994 0.0001522661147795773 0.0055208213714079239 -0.0027100808138899595 -0.00070370244040318273 -0.0035105647548334673 0.00014174974271107915 -0.00030829180498828765 0.00037491694636082124 -0.0033463009307646038 0.00027070906807613723 -0.0023932025381604351 0.0049721018147898749 -0.0023035038523708602 -0.00040322812404829426 -0.00065679701282928341 -0.00093883538912753776 7.8843932971655001e-05 -0.0016793889989706011 0.00061498719512753349 -0.004618024155838011 0.00068124090014458653 0.0029884919935526948 -0.00018331623964567919 -0.0001227132635339613 -0.003318167054551441 0.0029922183046371424 -0.0016369133474654519 -0.00015264050753309257 0.0004857487273785383 -0.00042199418305656613 -0.00014105309224172772 -6.0748712078353322e-05 -0.0036460331010044014 0.00016991576985121598 -0.0023512061384842482 -0.00053630404719644286 0.001891122145388759 0.0035027066007869432 0.00061180012813440111 -8.49724543389612e-05 0.00076159221048310063
leaf_weight=84 2725 79 50 739 141 64 59 52 53 73 50 129 92 62 1004 423 255 23650 68 59 573 2503 51 189 51 64 4214 101 323 120 68 92 63 70 772 212 75 17921 187 2848 53 484 75 755 116 149 55 52 309 206 212 19571 27691 76 181 115 73 549 117 58 13970 490
leaf_count=84 2725 79 50 739 141 64 59 52 53 73 50 129 92 62 1004 423 255 23650 68 59 573 2503 51 189 51 64 4214 101 323 120 68 92 63 70 772 212 75 17921 187 2848 53 484 75 755 116 149 55 52 309 206 212 19571 27691 76 181 115 73 549 117 58 13970 490
internal_value=3.32655e-06 -1.56165e-05 -0.000839044 -0.000335993 -0.0018154 -0.00246518 0.000359442 0.00165612 0.00218959 -0.00113673 -0.00346882 0.00282313 0.00027067 -5.45251e-06 -0.0001737 -0.000631665 -0.00150885 2.44704e-05 -0.00215645 0.000246128 0.000486925 0.000261063 0.00235582 -0.000340097 0.00210658 7.94084e-06 1.35725e-05 -0.000882026 -0.000572786 -0.00195789 -0.00165691 0.000323983 0.00285306 -0.00410419 -0.000820749 -0.00162455 0.00120952 0.000136978 6.06868e-05 0.000332599 -0.00266428 -6.97464e-05 0.000397767 1.75675e-05 -0.000448812 -0.0019194 3.23065e-05 0.000830142 -0.000666685 0.000572009 0.00108462 -3.02299e-05 1.20155e-05 -0.00177028 9.35984e-05 -0.000809574 0.000752118 0.00150767 0.00142493 0.00254458 -5.93154e-05 0.000531477
internal_weight=125765 119413 1456 1112 314 344 6352 407 355 190 191 296 5945 117957 17811 3295 822 100146 567 798 3456 2633 130 2473 243 96690 96082 608 544 221 160 5785 192 154 1173 401 823 25170 18108 7062 117 14516 5384 1692 1075 265 810 617 401 3692 967 70912 51341 499 1300 296 123 755 748 175 14454 542
internal_count=125765 119413 1456 1112 314 344 6352 407 355 190 191 296 5945 117957 17811 3295 822 100146 567 798 3456 2633 130 2473 243 96690 96082 608 544 221 160 5785 192 154 1173 401 823 25170 18108 7062 117 14516 5384 1692 1075 265 810 617 401 3692 967 70912 51341 499 1300 296 123 755 748 175 14454 542
is_linear=0
shrinkage=0.05


Tree=31
num_leaves=63
num_cat=0
split_feature=99 10 160 136 88 111 76 176 116 56 99 30 30 31 5 9 126 85 182 7 5 4 31 106 182 92 81 69 100 161 97 102 172 100 52 86 71 114 116 114 40 149 107 85 176 134 27 1 86 1 141 172 79 156 157 157 177 153 180 97 159 36
split_gain=0.310304 0.662276 0.394541 0.404979 0.352657 0.31776 0.35517 0.296183 0.256672 0.318987 0.651908 0.69239 0.350974 0.357454 0.278517 0.31472 0.301557 0.274856 0.252668 0.240538 0.233901 0.231821 0.200731 0.212401 0.313991 0.204992 0.199033 0.249415 0.209023 0.284717 0.194159 0.183944 0.180836 0.175837 0.173881 0.247006 0.21801 0.205938 0.163286 0.16202 0.159721 0.153958 0.167164 0.146587 0.178592 0.217861 0.165699 0.145653 0.14235 0.135404 0.135083 0.120884 0.111928 0.110504 0.110164 0.110108 0.138807 0.10707 0.101613 0.0932971 0.0915139 0.0789744
threshold=1.5294692516326907 1.1040468811988833 1.0182458758354189 0.87295180559158336 -0.008708467707037924 0.23694752901792529 0.47456185519695288 9.0825242996215838 -0.0041091265156865111 0.47845016419887548 1.0479837059974673 0.17500000447034839 1.0000000180025095e-35 0.050000002607703216 0.052306327968835838 1.0441836118698122 0.18675769120454791 0.53049325942993175 0.036039732396602638 0.06841937825083734 0.0049264761619269857 0.23353441804647448 1.0000000180025095e-35 0.9737033247947694 0.041773354634642608 0.33094492554664617 -0.14399695396423337 0.47625060379505163 1.0470330119132998 1.0359562635421755 1.2355192303657534 1.0219512581825259 28288323.000000004 0.91350731253623974 -0.025000001303851601 0.73891746997833263 0.41801705956459051 -0.00044180509576108301 -0.0017110403277911244 0.011850590817630293 1.0000000180025095e-35 1.4903462529182436 0.083021838217973723 -0.24474491178989408 43.524873733520515 0.95938459038734447 0.17500000447034839 0.053658874705433852 0.33452060818672186 0.065011333674192442 1.188904941082001 10731555.000000002 0.014279586263000967 0.50435957312583934 0.59178605675697338 0.53282460570335399 279.50028991699224 0.22735541313886645 74.003490447998061 0.85505869984626781 0.8577447533607484 -0.41666667163372034
decision_type=2 2 2 2 2 2 2 2 2 2 2 2 2 2 2 2 2 2 2 2 2 2 2 2 2 2 2 2 2 2 2 2 2 2 2 2 2 2 2 2 2 2 2 2 2 2 2 2 2 2 2 2 2 2 2 2 2 2 2 2 2 2
left_child=5 2 3 54 51 8 43 21 9 30 12 -12 13 -11 16 18 22 -18 -16 26 -19 -3 23 31 -25 40 27 -8 29 48 34 -10 -31 50 35 49 -37 52 -6 -27 -24 42 -20 -7 45 46 -45 -13 -28 -1 -14 -5 -36 -4 -2 61 -57 -32 -48 -22 -21 -30
right_child=1 7 53 4 38 6 19 -9 14 10 11 47 33 -15 15 -17 17 20 41 60 59 -23 25 24 -26 39 28 -29 55 32 57 -33 -34 -35 37 36 -38 -39 -40 -41 -42 -43 -44 44 -46 -47 58 -49 -50 -51 -52 -53 -54 -55 -56 56 -58 -59 -60 -61 -62 -63
leaf_value=0.00013702473501442454 -0.0018027523683645484 0.0020149916502839281 0.0014348823744699192 0.0035559361323302496 0.0032934494764776906 0.00028470369912172137 -0.00032478184060791038 -0.0041378691943513386 0.00015722936592052223 0.0051263310951040258 -0.0071356229297474365 7.291441422303894e-05 -0.00076351374585723725 0.00059709380640249169 5.9942976628775894e-05 0.0020260379726490768 -0.0014194269709035077 0.0053828366124502348 -0.0012034491991237081 -0.0028822008474921942 0.0001966964089450008 -0.0021248523407948225 -0.0014994519324328904 -4.6147111205092054e-06 -0.0018081159420708934 -0.00015417136516606008 -0.001237010384992525 -0.0040175641965513719 -0.0018599066348542693 -0.0016257048293377063 0.0028436123893630727 0.00063929739711600614 0.0016453260814593765 -0.00014548500920078311 0.00069126735859032374 -0.0042184363722059829 -0.0004527063467105756 0.0014786181641652588 0.0060932575717426683 0.0004110436906807056 2.2195493618113229e-05 -0.0043642539288460593 -0.0040658440273295257 -0.006102824337329598 -0.00028291345097137334 -0.00075284145140488241 -0.0013124447539975903 -0.0027764245218926727 -0.0045102822373352825 0.00065690387490106709 -0.003983485262448851 0.00076551993826296243 -0.00033728510064398815 -0.00086041644629631276 0.001242553850170225 0.00051955703212816235 0.0024527132252141529 0.00080091157475710396 -0.0043668463264891341 0.0027362458433153256 -0.00057512369058331121 0.00068988735365564939
leaf_weight=8239 57 63 78 54 120 58 144 74 6922 58 68 99 76 175 263 83 55 54 423 114 69 73 173 6269 251 36131 76 67 73 69 108 2771 109 640 766 57 118 595 92 1314 54710 54 58 63 73 70 53 82 59 1477 57 138 404 160 62 627 109 158 56 76 69 52
leaf_count=8239 57 63 78 54 120 58 144 74 6922 58 68 99 76 175 263 83 55 54 423 114 69 73 173 6269 251 36131 76 67 73 69 108 2771 109 640 766 57 118 595 92 1314 54710 54 58 63 73 70 53 82 59 1477 57 138 404 160 62 627 109 158 56 76 69 52
internal_value=3.16022e-06 0.000893532 0.00157949 0.00234749 0.00310261 -3.7676e-06 -0.000638518 -0.00159225 6.26105e-06 0.000214765 -0.000543465 -0.00283402 2.34816e-05 0.00172454 -1.87896e-05 -0.000904224 -1.16195e-05 0.00170918 -0.001209 -0.000308637 0.00257387 -0.00020713 -1.56464e-05 0.000146615 -7.4044e-05 -4.41398e-05 -8.35299e-05 -0.00149737 0.000170576 -0.000935951 0.000294582 0.000295041 0.000377342 -0.000489258 0.0002641 0.000182522 -0.00167926 0.000721261 0.00450846 -0.000134337 1.7399e-05 -0.0018328 -0.0015486 -0.00202525 -0.00245058 -0.00310446 -0.00406152 -0.00121795 -0.00266755 0.000216055 -0.0021435 0.00155032 0.000336109 -0.000108176 -0.000216122 0.000572833 0.000805853 0.00163028 -0.00288168 0.00152777 -0.00201232 -0.000799192
internal_weight=125765 971 761 523 404 124794 1941 210 122853 13177 1255 249 1006 233 109676 881 108795 254 798 1568 199 136 108541 16213 6520 92328 1385 211 1174 313 11922 9693 178 773 11656 9891 175 1765 212 37445 54883 535 481 373 315 242 172 181 135 9716 133 192 1170 238 119 861 736 266 109 145 183 125
internal_count=125765 971 761 523 404 124794 1941 210 122853 13177 1255 249 1006 233 109676 881 108795 254 798 1568 199 136 108541 16213 6520 92328 1385 211 1174 313 11922 9693 178 773 11656 9891 175 1765 212 37445 54883 535 481 373 315 242 172 181 135 9716 133 192 1170 238 119 861 736 266 109 145 183 125
is_linear=0
shrinkage=0.05


Tree=32
num_leaves=63
num_cat=2
split_feature=146 138 174 80 7 99 120 7 172 1 98 25 108 160 127 7 132 136 8 5 90 118 27 138 151 126 125 171 97 132 186 100 109 175 160 126 114 135 119 0 79 133 125 168 107 86 18 71 174 161 129 94 150 90 181 170 126 186 120 172 160 182
split_gain=0.28508 0.370423 0.656361 0.442838 0.30762 0.242736 0.276675 0.23878 0.216403 0.292885 0.268505 0.224948 0.2183 0.212192 0.211194 0.211145 0.241181 0.195185 0.215431 0.193446 0.193212 0.305456 0.21844 0.214609 0.191008 0.248331 0.224007 0.179259 0.232695 0.177115 0.188573 0.17526 0.175102 0.165869 0.175685 0.162031 0.157724 0.153655 0.153288 0.167915 0.151002 0.15054 0.149728 0.146701 0.146288 0.140485 0.202783 0.139806 0.137097 0.135368 0.13286 0.129549 0.126477 0.119681 0.116209 0.113063 0.112391 0.10307 0.0949332 0.116544 0.115762 0.10845
threshold=1.1350888013839724 1.192932724952698 12.104330062866213 -0.065186321735382066 0.075312182307243361 1.6766970157623293 0.24495272338390353 -0.11244518682360648 89450624.000000015 0.059503398835659034 0.85931968688964855 0.27500000596046453 0.13095537573099139 1.0182458758354189 1.3977535963058474 -0.078156486153602586 0.99424436688423168 0.96278548240661632 0.51574227213859569 0.02165402285754681 0.10819983482360841 0.79854968190193187 0.20833333581686023 1.0788025856018069 1.1190864443778994 0.061107391491532333 -0.038485873490571969 68559352.000000015 1.3674065470695498 0.96716657280921947 0 1.3105454444885256 0.14634419232606891 90.887233734130874 1.3712733387947085 0.061107391491532333 0.011850590817630293 0.85496267676353466 0.07130704447627069 -0.070474177598953233 0.17038048058748248 0.94334706664085399 -0.2113862335681915 -0.30838148295879358 0.10101476311683656 0.59566691517829906 0.039613300934433944 0.32738503813743597 26.972721099853519 1.1433374881744387 1.1826469898223879 1.1709582805633547 1.2874919772148135 0.6598075032234193 0.029119720682501796 1571894080.0000002 -0.086987417191267 1 0.15755815058946612 5901941.0000000009 1.6381634473800661 0.027828633785247806
decision_type=2 2 2 2 2 2 2 2 2 2 2 2 2 2 2 2 2 2 2 2 2 2 2 2 2 2 2 2 2 2 1 2 2 2 2 2 2 2 2 2 2 2 2 2 2 2 2 2 2 2 2 2 2 2 2 2 2 1 2 2 2 2
left_child=1 8 4 43 27 20 7 -7 10 47 11 -1 33 14 -9 16 -5 18 31 -20 37 23 -23 -22 29 26 41 28 32 30 56 36 -3 53 -35 -21 -12 -2 40 52 51 -26 -41 -4 -29 46 -17 -10 -32 -45 -33 -25 -40 -13 -39 -48 -11 -19 59 61 -61 -56
right_child=5 2 3 15 -6 6 -8 13 9 24 17 12 -14 -15 -16 45 -18 57 19 35 21 22 -24 38 25 -27 -28 44 -30 -31 48 50 -34 34 -36 -37 -38 54 39 42 -42 -43 -44 49 -46 -47 55 -49 -50 -51 -52 -53 -54 -55 58 -57 -58 -59 -60 60 -62 -63
leaf_value=0.0030266404643755421 -0.0018593765590991661 -0.00015596737277717978 -0.0015001398068852723 -0.0049491175927884757 -0.0026457648827797838 -0.00089488985644400876 -0.0018955055937672463 0.0021823213865788983 -0.0024597360014907838 0.0021555409597743664 7.7807894008230979e-05 0.00069793878012229874 0.0032299422655653743 -6.6449331546512738e-05 0.0053326669837532132 0.0029749405091967097 -0.00087064454713440013 -0.00027817790578682532 -2.7204929882366049e-05 -0.00035553799941067825 -0.0022971506880620786 -0.00033412360995391607 -0.0042472080283332617 -0.00017076460918886014 -0.0030239300643491638 -0.0040669517876341229 0.00020160423621139973 0.00080424922853126199 -0.0029792967202285164 0.00026792324343778039 0.00010296467244444729 0.0018499757701125428 0.0018881268142394228 -0.0034579907787182108 0.000619668813655153 -0.001551616029985255 0.00064738775622086005 0.0001345649787054167 -0.00073606446833134845 0.0022274673464042802 0.002497149705830985 -0.0010101031504739092 -0.00019629981580884548 -0.0047382324501550168 0.0037075154483318332 -0.0020348488826048296 -0.0010917933836940925 -6.1041569093019522e-05 -0.0013066494027709347 -0.0022376996058258501 0.00044586226223480006 0.0012695742083943097 -0.0037007359131662684 -0.00044908244679310968 0.001717907130912257 0.0010423208687356429 -0.00013156160380796918 -4.588937035985881e-05 0.0002715173613329213 0.0013731816831622917 0.00021847025684970011 -0.00046032624792739329
leaf_weight=92 71 781 95 59 99 59 52 155 61 62 54783 1362 70 60 81 55 94 6242 11464 2347 95 68 75 393 144 74 240 262 65 708 213 223 121 56 50 322 1243 1466 104 70 99 261 710 149 52 89 179 14567 907 85 689 259 55 273 75 95 402 20278 860 1030 275 240
leaf_count=92 71 781 95 59 99 59 52 155 61 62 54783 1362 70 60 81 55 94 6242 11464 2347 95 68 75 393 144 74 240 262 65 708 213 223 121 56 50 322 1243 1466 104 70 99 261 710 149 52 89 179 14567 907 85 689 259 55 273 75 95 402 20278 860 1030 275 240
internal_value=3.00221e-06 -1.43599e-05 -0.000645558 -0.00169605 3.95449e-05 0.000329397 0.0015107 0.00200963 -2.0736e-06 -0.000163481 2.65419e-05 0.000614754 0.000492228 0.00258858 0.00326358 -0.000854166 -0.00244339 1.50719e-05 5.82664e-05 -0.000116461 0.000248524 -0.000162917 -0.00238644 1.52137e-05 -0.000612556 -0.00132358 -0.00100883 0.000247075 -8.99705e-05 -0.000389509 -0.000683361 0.000101637 0.00011824 0.000382153 -0.00153457 -0.000499838 9.04447e-05 0.000446 0.000145199 -0.000280662 0.000677666 -0.00172613 2.12178e-05 -0.00315719 0.00128504 -0.000272465 0.000204289 -7.10443e-05 -0.00102938 -0.00382992 0.000789193 0.000401395 -0.00176158 0.000506418 0.000487481 -0.000351863 0.000170371 -0.000100685 0.000696099 0.000921495 0.00112985 5.83007e-05
internal_weight=125765 119413 2280 900 1380 6352 407 355 117133 17639 99494 1903 1811 296 236 571 153 97591 71071 14133 5945 1928 143 1785 3011 719 645 1281 967 2292 1584 56938 902 1741 106 2669 56026 4017 1690 939 751 405 780 329 314 418 329 14628 1120 234 912 652 159 1635 3946 274 464 26520 2480 1620 1305 315
internal_count=125765 119413 2280 900 1380 6352 407 355 117133 17639 99494 1903 1811 296 236 571 153 97591 71071 14133 5945 1928 143 1785 3011 719 645 1281 967 2292 1584 56938 902 1741 106 2669 56026 4017 1690 939 751 405 780 329 314 418 329 14628 1120 234 912 652 159 1635 3946 274 464 26520 2480 1620 1305 315
cat_boundaries=0 1 2
cat_threshold=1664 546
is_linear=0
shrinkage=0.05


end of trees

feature_importances:
RSQR60=56
KLEN=52
ROC30=48
RSQR20=47
KSFT=44
kdj_j=41
volatility_20=40
BETA60=39
WVMA5=39
volume_change=37
WVMA60=34
STD60=31
MIN5=30
volume_ma_20=30
RESI30=29
HIGH0=26
VSTD60=26
RSQR30=25
VMA30=25
volatility_10=25
return_1=24
STD10=23
SUMP30=22
RESI10=22
WVMA30=21
IMAX60=20
BETA20=20
MAX20=20
ROC20=19
STD30=19
RESI60=19
kdj_k=19
KLOW=18
CNTN60=18
RSQR5=18
industry_id=18
CORD10=17
STD20=17
QTLD60=17
KSFT2=16
IMIN30=16
VSUMP30=16
RESI5=16
VMA60=16
IMIN60=15
SUMP10=15
ROC5=15
RSQR10=15
QTLU60=15
VMA5=15
CORD5=14
MIN10=14
MIN60=14
WVMA10=14
LOW0=13
CORR30=13
BETA10=13
CNTN30=12
MA5=12
MAX5=12
VMA10=12
VMA20=12
volume_ma_5=12
KUP=11
IMXD60=11
SUMN30=11
VSUMP5=11
VSUMN30=11
CORD30=11
ROC60=11
BETA30=11
obv=11
KMID=10
CORR20=10
MAX60=10
QTLU10=10
VSTD5=10
KMID2=9
IMIN20=9
CNTP60=9
CORR10=9
CORD20=9
STD5=9
BETA5=9
RESI20=9
QTLU5=9
QTLU30=9
VSTD30=9
return_10=9
IMXD30=8
CNTD60=8
SUMP60=8
VSUMP10=8
VSUMP60=8
MA60=8
QTLD10=8
kdj_d=8
CNTD30=7
VSUMN60=7
VSUMD10=7
CORR60=7
CORD60=7
MIN30=7
QTLD5=7
VSTD20=7
RSV30=6
VSUMN10=6
VSUMD30=6
MAX10=6
WVMA20=6
rsi=6
KUP2=5
RSV5=5
RSV10=5
SUMP5=5
VSUMP20=5
CORR5=5
open_close_spread=5
high_close_spread=5
macd_signal=5
boll_std=5
KLOW2=4
OPEN0=4
VWAP0=4
RSV20=4
RSV60=4
IMIN5=4
IMIN10=4
CNTP30=4
CNTN5=4
SUMP20=4
SUMN60=4
SUMD10=4
low_close_spread=4
ROC10=4
MAX30=4
QTLU20=4
VSTD10=4
volume_ratio=4
return_5=4
RANK20=3
RANK60=3
IMXD10=3
IMXD20=3
CNTP20=3
SUMN5=3
SUMN10=3
VSUMN5=3
VSUMD20=3
MA30=3
MIN20=3
atr_14=3
IMAX20=2
IMAX30=2
CNTP10=2
CNTN10=2
CNTD5=2
SUMD60=2
VSUMN20=2
VSUMD60=2
high_low_spread=2
MA10=2
MA20=2
sma_5=2
boll_mid=2
RANK10=1
IMAX10=1
CNTN20=1
CNTD20=1
SUMN20=1
SUMD5=1
SUMD30=1
VSUMD5=1
QTLD30=1
sma_20=1
macd=1
ema_60=1

parameters:
[boosting: gbdt]
[objective: regression]
[metric: rmse]
[tree_learner: serial]
[device_type: cpu]
[data_sample_strategy: bagging]
[data: ]
[valid: ]
[num_iterations: 33]
[learning_rate: 0.05]
[num_leaves: 63]
[num_threads: 0]
[seed: 0]
[deterministic: 0]
[force_col_wise: 0]
[force_row_wise: 0]
[histogram_pool_size: -1]
[max_depth: 8]
[min_data_in_leaf: 50]
[min_sum_hessian_in_leaf: 0.001]
[bagging_fraction: 0.8]
[pos_bagging_fraction: 1]
[neg_bagging_fraction: 1]
[bagging_freq: 5]
[bagging_seed: 3]
[bagging_by_query: 0]
[feature_fraction: 0.8]
[feature_fraction_bynode: 1]
[feature_fraction_seed: 2]
[extra_trees: 0]
[extra_seed: 6]
[early_stopping_round: 0]
[early_stopping_min_delta: 0]
[first_metric_only: 0]
[max_delta_step: 0]
[lambda_l1: 0]
[lambda_l2: 0]
[linear_lambda: 0]
[min_gain_to_split: 0]
[drop_rate: 0.1]
[max_drop: 50]
[skip_drop: 0.5]
[xgboost_dart_mode: 0]
[uniform_drop: 0]
[drop_seed: 4]
[top_rate: 0.2]
[other_rate: 0.1]
[min_data_per_group: 100]
[max_cat_threshold: 32]
[cat_l2: 10]
[cat_smooth: 10]
[max_cat_to_onehot: 4]
[top_k: 20]
[monotone_constraints: ]
[monotone_constraints_method: basic]
[monotone_penalty: 0]
[feature_contri: ]
[forcedsplits_filename: ]
[refit_decay_rate: 0.9]
[cegb_tradeoff: 1]
[cegb_penalty_split: 0]
[cegb_penalty_feature_lazy: ]
[cegb_penalty_feature_coupled: ]
[path_smooth: 0]
[interaction_constraints: ]
[verbosity: -1]
[saved_feature_importance_type: 0]
[use_quantized_grad: 0]
[num_grad_quant_bins: 4]
[quant_train_renew_leaf: 0]
[stochastic_rounding: 1]
[linear_tree: 0]
[max_bin: 255]
[max_bin_by_feature: ]
[min_data_in_bin: 3]
[bin_construct_sample_cnt: 200000]
[data_random_seed: 1]
[is_enable_sparse: 1]
[enable_bundle: 1]
[use_missing: 1]
[zero_as_missing: 0]
[feature_pre_filter: 1]
[pre_partition: 0]
[two_round: 0]
[header: 0]
[label_column: ]
[weight_column: ]
[group_column: ]
[ignore_column: ]
[categorical_feature: 186]
[forcedbins_filename: ]
[precise_float_parser: 0]
[parser_config_file: ]
[objective_seed: 5]
[num_class: 1]
[is_unbalance: 0]
[scale_pos_weight: 1]
[sigmoid: 1]
[boost_from_average: 1]
[reg_sqrt: 0]
[alpha: 0.9]
[fair_c: 1]
[poisson_max_delta_step: 0.7]
[tweedie_variance_power: 1.5]
[lambdarank_truncation_level: 30]
[lambdarank_norm: 1]
[label_gain: ]
[lambdarank_position_bias_regularization: 0]
[eval_at: ]
[multi_error_top_k: 1]
[auc_mu_weights: ]
[num_machines: 1]
[local_listen_port: 12400]
[time_out: 120]
[machine_list_filename: ]
[machines: ]
[gpu_platform_id: -1]
[gpu_device_id: -1]
[gpu_use_dp: 0]
[num_gpu: 1]

end of parameters

pandas_categorical:null
