tree
version=v4
num_class=1
num_tree_per_iteration=1
label_index=0
max_feature_idx=186
objective=regression
feature_names=KMID KLEN KMID2 KUP KUP2 KLOW KLOW2 KSFT KSFT2 OPEN0 HIGH0 LOW0 VWAP0 RANK5 RANK10 RANK20 RANK30 RANK60 RSV5 RSV10 RSV20 RSV30 RSV60 IMAX5 IMAX10 IMAX20 IMAX30 IMAX60 IMIN5 IMIN10 IMIN20 IMIN30 IMIN60 IMXD5 IMXD10 IMXD20 IMXD30 IMXD60 CNTP5 CNTP10 CNTP20 CNTP30 CNTP60 CNTN5 CNTN10 CNTN20 CNTN30 CNTN60 CNTD5 CNTD10 CNTD20 CNTD30 CNTD60 SUMP5 SUMP10 SUMP20 SUMP30 SUMP60 SUMN5 SUMN10 SUMN20 SUMN30 SUMN60 SUMD5 SUMD10 SUMD20 SUMD30 SUMD60 VSUMP5 VSUMP10 VSUMP20 VSUMP30 VSUMP60 VSUMN5 VSUMN10 VSUMN20 VSUMN30 VSUMN60 VSUMD5 VSUMD10 VSUMD20 VSUMD30 VSUMD60 CORR5 CORR10 CORR20 CORR30 CORR60 CORD5 CORD10 CORD20 CORD30 CORD60 high_low_spread open_close_spread high_close_spread low_close_spread ROC5 ROC10 ROC20 ROC30 ROC60 MA5 MA10 MA20 MA30 MA60 STD5 STD10 STD20 STD30 STD60 BETA5 BETA10 BETA20 BETA30 BETA60 RSQR5 RSQR10 RSQR20 RSQR30 RSQR60 RESI5 RESI10 RESI20 RESI30 RESI60 MAX5 MAX10 MAX20 MAX30 MAX60 MIN5 MIN10 MIN20 MIN30 MIN60 QTLU5 QTLU10 QTLU20 QTLU30 QTLU60 QTLD5 QTLD10 QTLD20 QTLD30 QTLD60 VMA5 VMA10 VMA20 VMA30 VMA60 VSTD5 VSTD10 VSTD20 VSTD30 VSTD60 WVMA5 WVMA10 WVMA20 WVMA30 WVMA60 sma_5 sma_20 ema_12 ema_26 rsi macd macd_signal volume_change obv volume_ma_5 volume_ma_20 volume_ratio kdj_k kdj_d kdj_j boll_mid boll_std atr_14 ema_60 volatility_10 volatility_20 return_1 return_5 return_10 industry_id
feature_infos=[-0.10126582533121109:0.12281487882137299] [0:0.14827995002269745] [-1:0.98795181512832642] [0:0.12811388075351715] [0:1] [0:0.046816479414701462] [0:1] [-0.10794780403375626:0.12505602836608887] [-1:1] [0.89061874151229858:1.1126760244369507] [1:1.1260210275650024] [0.88862276077270508:1] [0.005476905032992363:0.66190594434738159] [0.20000000298023224:1] [0.10000000149011612:1] [0.05000000074505806:1] [0.033333335071802139:1] [0.01666666753590107:1] [0:1] [0:1] [0:1] [0:1] [0:1] [0:0.80000001192092896] [0:0.89999997615814209] [0:0.94999998807907104] [0:0.96666663885116577] [0:0.98333334922790527] [0:0.80000001192092896] [0:0.89999997615814209] [0:0.94999998807907104] [0:0.96666663885116577] [0:0.98333334922790527] [-0.80000001192092896:0.80000001192092896] [-0.89999997615814209:0.89999997615814209] [-0.94999998807907104:0.94999998807907104] [-0.96666663885116577:0.96666663885116577] [-0.98333334922790527:0.98333334922790527] [0:1] [0:0.89999997615814209] [0.15000000596046448:0.75] [0.23333333432674408:0.69999998807907104] [0.30000001192092896:0.66666668653488159] [0:1] [0.10000000149011612:0.89999997615814209] [0.20000000298023224:0.80000001192092896] [0.30000001192092896:0.73333334922790527] [0.3333333432674408:0.66666668653488159] [-1:1] [-0.80000001192092896:0.80000001192092896] [-0.64999997615814209:0.55000001192092896] [-0.5:0.40000000596046448] [-0.36666667461395264:0.3333333432674408] [0:1] [0:0.96916300058364868] [0.048694778233766556:0.85449713468551636] [0.18639263510704041:0.77708333730697632] [0.23092783987522125:0.73168689012527466] [0:1] [0.030837005004286766:1] [0.14550285041332245:0.95130521059036255] [0.22291666269302368:0.81360739469528198] [0.26831310987472534:0.76907217502593994] [-1:1] [-1:0.93832600116729736] [-0.9026104211807251:0.70899432897567749] [-0.62721472978591919:0.55416667461395264] [-0.53814435005187988:0.4633738100528717] [0:1] [0.043829876929521561:0.91747188568115234] [0.24769286811351776:0.87292003631591797] [0:0.8488500714302063] [0:0.77718645334243774] [0:1] [0.082528121769428253:0.95617014169692993] [0.12707993388175964:0.75230711698532104] [0:0.76962065696716309] [0:0.62866097688674927] [-1:1] [-0.91234022378921509:0.83494377136230469] [-0.50461423397064209:0.74584013223648071] [-0.53924131393432617:0.69770020246505737] [-0.25732195377349854:0.55437290668487549] [-0.99978214502334595:0.99771004915237427] [-0.97752106189727783:0.97569763660430908] [-0.8451419472694397:0.94341158866882324] [-0.86664527654647827:0.93289083242416382] [-0.72948521375656128:0.9369584321975708] [-0.99618560075759888:0.99772149324417114] [-0.92915678024291992:0.96245545148849487] [-0.82010132074356079:0.87322092056274414] [-0.69364875555038452:0.8676726222038269] [-0.50515562295913696:0.81902718544006348] [0:411.43115234375] [-272.075439453125:200.73858642578125] [0:275.3934326171875] [-296.96038818359375:0] [0.82751321792602539:1.2781641483306885] [0.65227538347244263:1.3632746934890747] [0.58343058824539185:1.4190620183944702] [0.50466305017471313:1.5419462919235229] [0.33393502235412598:1.4852262735366821] [0.88582009077072144:1.1436861753463745] [0.8553968071937561:1.182847261428833] [0.74212366342544556:1.2799642086029053] [0.69416570663452148:1.2886703014373779] [0.58045530319213867:1.2674791812896729] [0.0011108797043561935:0.097289614379405975] [0.0026752767153084278:0.13319234549999237] [0.0042528552003204823:0.18420170247554779] [0.0081250919029116631:0.17739330232143402] [0.0085318665951490402:0.26682725548744202] [-0.067167378962039948:0.048541422933340073] [-0.040442109107971191:0.03769957646727562] [-0.025845764204859734:0.029778113588690758] [-0.015111669898033142:0.01915067620575428] [-0.0058293254114687443:0.013843501918017864] [0:0.9941176176071167] [0:0.95299327373504639] [1.269723156838154e-06:0.94706070423126221] [3.8569751836803334e-08:0.90872049331665039] [4.5266745907213135e-10:0.82424193620681763] [-0.087634406983852386:0.062435131520032883] [-0.16077712178230286:0.085172712802886963] [-0.21266855299472809:0.11801209300756454] [-0.27195429801940918:0.16242532432079315] [-0.3650137186050415:0.23792935907840729] [1:1.3485331535339355] [1:1.448911190032959] [1:1.5527727603912354] [1:1.5527727603912354] [1:1.6440072059631348] [0.79149520397186279:1] [0.68728119134902954:1] [0.56826138496398926:1] [0.49954873323440552:1] [0.32867026329040527:1] [0.92689937353134155:1.2338647842407227] [0.88465607166290283:1.3067420721054077] [0.83068782091140747:1.3961367607116699] [0.84280985593795776:1.4042359590530396] [0.65227538347244263:1.3732542991638184] [0.82513225078582764:1.0891139507293701] [0.77689617872238159:1.1499999761581421] [0.58576428890228271:1.2333333492279053] [0.58576428890228271:1.2325581312179565] [0.40580624341964722:1.2031413316726685] [0:12.30363941192627] [0:10.262344360351562] [0:8.3758430480957031] [0:7.1714272499084473] [0:5.5866951942443848] [0:6.1785411834716797] [0:5.3474678993225098] [0:4.2465000152587891] [0:4.0975737571716309] [0:3.9673895835876465] [0.15823045372962952:2.0396182537078857] [0.3580571711063385:2.7351512908935547] [0.53832834959030151:3.0504662990570068] [0:3.6094493865966797] [0:3.6603050231933594] [7.1774711608886719:8115.1474609375] [7.3880701065063477:7877.79296875] [7.348299503326416:7837.3662109375] [7.3951015472412109:7795.27392578125] [10.550904273986816:83.867988586425781] [-171.613037109375:452.35968017578125] [-139.13908386230469:378.70404052734375] [-0.91591304540634155:3.5141675472259521] [-776890432:16497080320] [0:1143341184] [0:1307887872] [0:2.5347387790679932] [1.2196382284164429:96.212547302246094] [2.6254346370697021:95.354568481445312] [-49.869503021240234:146.88848876953125] [7.5736112594604492:8743.1796875] [-711.51776123046875:-0.07960084080696106] [0.11293540149927139:294.08541870117188] [7.1949048042297363:7815.79345703125] [0.0031802661251276731:0.085088491439819336] [0.0048909438773989677:0.064556732773780823] [-0.10096153616905212:0.10056497156620026] [-0.21762785315513611:0.208439901471138] [-0.26647213101387024:0.53309482336044312] -1:4:0:6:10:5:1:3:9:7
tree_sizes=2111 1987 2108 1798 2081 1976 2078 1991 2368 2079 2163 1647 1625 2087 2176 2161 2257 2373 2087 2099 1992 1626 2087 1257 2107 1721 1995 2174 1921 1717 1539 1447 2200 1541 1715 2261 1704 2271 2180 1567 2276 1630 1908 1079 1167 1723 1261 1910 1818 1456 1812 1812 1911 1165 1916 1998 1928 2100 1913 2091 1836 2015 2284 2104 2009 1991 1546 2299 1725 1914 1273 1826 1176 1730 2097 1362 1728 2001 1816 2196 2090 1899 1274 1444 1174 2299 2098 1919 1460 1374 1668 1356 1731 1619 1631 1457 1999 1463 1642 1913 1828 1642 1902 1638 2193 2190 1557 2035 1552 1091 1177 1910 1364 2023 1910 1451 1855 1729 1357 1543 1732 1642 1936 1179 1750 1271 1177 1360 1090 1638 1619 1079 1535 1091 2094 2197 1822 2198 2293 2193 2191 1909 2093 1822 2011 1365 2375 1083 1449 1176 1914 1270 1721 1729 1821 1820 2397 1642 1356 2480 1637 2298 2007 1451 1359 2198 1641 2388 1272 1358 1910 1538 1447 1542 1451 1278 1811 987 1455 1564 2288 1736 1733 1916 2305 1930 1733 2006 1730 1731 2096 2194 2096 1637 2382 1269 1281 2094 1551 1090 1087 1358 993 2192 1089 2286 1643 2672 992 1547 1360 1645 1366 2018 1273 1260 1753 1844 1731 1456 1462 1461 2375 1456 1362 1734 1647 2193 1735 1559 1269 1181 1191 1550 1293 2009 2032 1172 1278 2104 1368 1185 1552 1555 2197 2102 2187 2005 1734

Tree=0
num_leaves=22
num_cat=0
split_feature=125 146 172 92 182 86 182 114 26 32 161 74 120 27 12 118 171 174 116 88 167
split_gain=0.075726 0.0432745 0.0417456 0.036643 0.0377911 0.0399931 0.0365676 0.0282379 0.0213335 0.0202989 0.0237282 0.0186402 0.0182895 0.0166417 0.0165107 0.015323 0.0136501 0.00991359 0.00849262 0.00841055 0.00581505
threshold=-0.074446719139814363 0.76176062226295482 81680132.000000015 0.50854292511940014 0.020475899800658229 0.58326753973960888 0.029397942125797275 -8.7790860561653958e-05 0.11666667088866235 0.77500000596046459 1.4676527976989748 0.47399617731571203 0.035823231562972076 0.45833332836627966 0.18599483370780948 0.11137327179312707 50611450.000000007 13.43172073364258 0.00053038753685541462 -0.13275422900915143 -3.7756270170211788
decision_type=2 2 2 2 2 2 2 2 2 2 2 2 2 2 2 2 2 2 2 2 2
left_child=2 -2 -1 4 9 7 -7 14 -5 10 11 -3 -11 18 -6 -10 -13 -14 -12 -15 -19
right_child=1 3 -4 8 5 6 -8 -9 15 12 13 16 17 19 -16 -17 -18 20 -20 -21 -22
leaf_value=0.0059005395343117509 0.002556745663343617 0.0049921104681807035 0.0043146709668246486 0.0025323343336413253 0.00490630789394602 0.0060453878521863381 0.0044907284736442725 0.0033142695661295533 0.003167934007770979 0.0027326584927243099 0.003781966258632698 0.0044499880347628239 0.0031758736359126282 0.0037125861053917864 0.0038331220782594909 0.0041753128577827064 0.0034578285001622112 0.0043522534057148883 0.0045768180284590709 0.0028203986335919428 0.0036298520933277906
leaf_weight=77 56 88 90 56 89 62 97 81 75 60 95 91 51 50 60 76 56 60 52 56 52
leaf_count=77 56 88 90 56 89 62 97 81 75 60 95 91 51 50 60 76 56 60 52 56 52
internal_value=0.00404095 0.00391782 0.00504588 0.00397614 0.00409098 0.0044872 0.00509695 0.00406567 0.00336584 0.00387421 0.00405481 0.00441657 0.003479 0.00371879 0.00447415 0.00367496 0.00407202 0.00375372 0.00406314 0.00324124 0.00401685
internal_weight=1530 1363 167 1307 1100 389 159 230 207 711 488 235 223 253 149 151 147 163 147 106 112
internal_count=1530 1363 167 1307 1100 389 159 230 207 711 488 235 223 253 149 151 147 163 147 106 112
is_linear=0
shrinkage=1


Tree=1
num_leaves=20
num_cat=0
split_feature=143 90 3 117 106 161 182 118 170 140 114 88 6 90 92 161 121 119 108
split_gain=0.0718963 0.0455912 0.0468534 0.0425805 0.0328676 0.0255175 0.0279962 0.0250531 0.0210168 0.0209228 0.0171986 0.024752 0.0163697 0.0152747 0.0145467 0.0134744 0.0128904 0.00772195 0.00693365
threshold=1.0605552196502688 0.54836636781692516 0.013623679522424938 0.13736446201801303 0.89061143994331371 1.2463119626045229 0.016128271818161014 0.3767582923173905 1938172096.0000002 1.0413966178894045 0.0058910627849400052 0.12966239452362063 0.12030150741338731 0.24526932835578921 0.18010470271110537 1.4612362384796145 0.067081429064273848 0.087524451315402998 0.015326642431318762
decision_type=2 2 2 2 2 2 2 2 2 2 2 2 2 2 2 2 2 2 2
left_child=1 2 5 -4 -3 6 18 8 12 -5 11 14 -6 -13 15 -7 -16 -14 -1
right_child=-2 4 3 9 7 10 -8 -9 -10 -11 -12 13 17 -15 16 -17 -18 -19 -20
leaf_value=0.00030379319629119305 0.0018540513797608371 -0.0016238874761719197 -0.0002326682349981589 0.0018235272607998922 0.00049205882944079347 0.00078002300499364333 0.0011050064403785986 0.00049538211381462 -0.0012722082578111441 0.00064248728775419305 0.00068036326296814706 -0.0012600421052056114 -0.00015382929730185424 -0.00027920802902073078 -0.00088011951271619183 -8.8524845872914581e-05 -0.00012106659940979046 -0.0010087136655264268 -0.00047956186870123929
leaf_weight=57 51 59 74 75 50 73 88 70 75 75 51 87 50 73 75 115 220 56 56
leaf_count=57 51 59 74 75 50 73 88 70 75 75 51 87 50 73 75 115 220 56 56
internal_value=8.28578e-06 -5.53613e-05 0.000102096 0.000748811 -0.000544791 -5.97635e-05 0.000436325 -0.000333274 -0.000584381 0.00123301 -0.000203443 -0.000273543 -0.000253695 -0.000812537 -9.49944e-05 0.00024873 -0.000314046 -0.000605466 -8.44182e-05
internal_weight=1530 1479 1119 224 360 895 201 301 231 150 694 643 156 160 483 188 295 106 113
internal_count=1530 1479 1119 224 360 895 201 301 231 150 694 643 156 160 483 188 295 106 113
is_linear=0
shrinkage=0.05


Tree=2
num_leaves=21
num_cat=1
split_feature=128 106 156 186 116 119 131 111 100 3 87 176 160 118 135 115 71 117 106 111
split_gain=0.0810705 0.0614287 0.0388391 0.0387658 0.0280179 0.0258497 0.0254555 0.0246114 0.0157948 0.0149266 0.0171942 0.0145717 0.0135773 0.0117946 0.0116025 0.0129055 0.0113216 0.0100125 0.00956782 0.00774541
threshold=1.1578503251075747 0.87547147274017345 0.28613817691802984 0 0.0047749900259077558 0.12556315213441852 1.26671439409256 0.070194646716117873 1.0597231984138491 0.010161126498132946 0.48176752030849462 0.19392354786396029 1.1423254013061526 0.17668402940034869 0.92416489124298107 -0.00056696013780310739 0.46439416706562048 0.19839511066675189 1.006875276565552 0.034034132957458503
decision_type=2 2 2 1 2 2 2 2 2 2 2 2 2 2 2 2 2 2 2 2
left_child=1 -1 5 8 7 -3 9 -2 14 10 18 -10 -11 -14 -4 -16 -12 -13 -5 -17
right_child=4 2 3 6 -6 -7 -8 -9 11 12 16 17 13 -15 15 19 -18 -19 -20 -21
leaf_value=-0.0015517608317976639 0.00058187776644601783 0.0011826623399262032 -0.00084132181962135529 -0.00029298396516074161 6.1178848651858669e-05 -9.7409647467870729e-05 0.00096154185873456295 0.0019456622946906123 -0.0016103901024953481 0.0010035011639307155 -0.0012113984705557903 -0.0010807491733834872 -0.00036385704037716747 0.00061458840235983111 -0.00061939019154579012 -0.00015717886042268645 -0.00029535311109232988 -0.00013464318150815008 0.00034409908393145624 0.00059368031422397309
leaf_weight=72 58 98 73 104 60 66 75 77 51 56 52 54 70 55 80 77 96 58 136 62
leaf_count=72 58 98 73 104 60 66 75 77 51 56 52 54 70 55 80 77 96 58 136 62
internal_value=7.87149e-06 -0.00013123 -5.02498e-05 -0.000157359 0.000960183 0.000667511 9.42272e-05 0.00135974 -0.000504434 -1.84377e-05 -0.000193349 -0.000909814 0.000356511 6.6659e-05 -0.000295419 -0.000113451 -0.000617207 -0.000590801 6.80298e-05 0.000177737
internal_weight=1530 1335 1263 1099 195 164 644 135 455 569 388 163 181 125 292 219 148 112 240 139
internal_count=1530 1335 1263 1099 195 164 644 135 455 569 388 163 181 125 292 219 148 112 240 139
cat_boundaries=0 1
cat_threshold=1155
is_linear=0
shrinkage=0.05


Tree=3
num_leaves=18
num_cat=0
split_feature=128 106 161 86 92 116 111 72 46 88 76 89 3 56 181 10 173
split_gain=0.0731661 0.0554394 0.0404982 0.0416089 0.0325756 0.0252861 0.0222118 0.020105 0.0193039 0.021786 0.0153875 0.0176587 0.0136081 0.0141741 0.0124858 0.0110751 0.00754316
threshold=1.1578503251075747 0.87547147274017345 1.193626940250397 0.4682364314794541 0.16368104517459872 0.0047749900259077558 0.070194646716117873 0.47579866647720342 0.45000000298023229 -0.052318172529339783 0.52874606847763073 1.0000000180025095e-35 0.016609231941401962 0.56683006882667553 0.017902459949254993 1.0096862316131594 1.0272678732872011
decision_type=2 2 2 2 2 2 2 2 2 2 2 2 2 2 2 2 2
left_child=1 -1 3 16 8 6 -2 -6 -4 15 12 -12 13 -9 -13 -10 -3
right_child=5 2 4 -5 7 -7 -8 10 9 -11 11 14 -14 -15 -16 -17 -18
leaf_value=-0.0014741728056833381 0.000552783884305772 0.00043635069420660578 0.0011384440560710952 0.0015961504192626521 -0.001069422685040356 5.8119902532780544e-05 0.0018483791633376054 -2.2569041844579136e-05 -1.2691087682642754e-05 -0.00067954476950551153 -2.4859123391491415e-05 -0.00047824233838053809 0.00054949197578499072 -0.00077581923801406491 -0.0013673751711469043 0.00080672328202149131 -0.00026762273338763536
leaf_weight=72 58 82 53 68 86 60 77 262 84 67 95 86 73 82 73 81 71
leaf_count=72 58 82 53 68 86 60 77 262 84 67 95 86 73 82 73 81 71
internal_value=7.47791e-06 -0.000124669 -4.77373e-05 0.000567049 -0.000178129 0.000912174 0.00129175 -0.000349665 0.000277497 8.08148e-05 -0.000257416 -0.000564208 -7.05452e-05 -0.000202123 -0.000886461 0.000389567 0.00010967
internal_weight=1530 1335 1263 221 1042 195 135 757 285 232 671 254 417 344 159 165 153
internal_count=1530 1335 1263 221 1042 195 135 757 285 232 671 254 417 344 159 165 153
is_linear=0
shrinkage=0.05


Tree=4
num_leaves=21
num_cat=0
split_feature=128 106 161 135 87 92 34 26 57 170 162 163 4 165 83 69 117 54 109 157
split_gain=0.0660324 0.0500341 0.0368574 0.0356752 0.054046 0.0310457 0.0230019 0.0204796 0.0199268 0.0189382 0.0154181 0.0213781 0.0151256 0.0152879 0.0129143 0.0123586 0.00993873 0.00870299 0.00817934 0.00650803
threshold=1.1578503251075747 0.87547147274017345 1.2060770988464358 0.96473950147628795 0.32402931153774267 0.16368104517459872 -0.45000000298023218 0.083333335816860213 0.52497404813766491 1441936768.0000002 336.57392883300787 77.633819580078139 0.19909910112619403 466.06021118164068 -0.031056076288223263 0.52480438351631176 0.20069657266139987 0.33391930162906652 0.022053665481507782 0.99079018831253063
decision_type=2 2 2 2 2 2 2 2 2 2 2 2 2 2 2 2 2 2 2 2
left_child=1 -1 3 4 -3 10 8 9 -2 18 11 -4 16 15 -12 -14 -9 -18 -7 -15
right_child=6 2 5 -5 -6 7 -8 12 -10 -11 14 -13 13 19 -16 -17 17 -19 -20 -21
leaf_value=-0.0014004641420291997 0.0010693549425341189 0.00028837760176399604 -0.00019938141223974526 -0.00022537625281796698 0.0023216246319112972 -2.0818933179335935e-05 0.0014411564583576325 -0.00095376829302544334 -0.0003221505455000607 -0.0013485665438305919 0.00028595508367288856 0.0010826429641950794 -1.9244345367042114e-06 -0.00081470415514290771 -0.00069198497731122195 0.00078315132694065342 0.0002562913202273194 -0.00065127440426684718 -0.00085812784796871714 -5.7271213044482725e-05
leaf_weight=72 50 91 50 97 51 70 92 83 53 84 85 93 160 61 56 73 50 56 50 53
leaf_count=72 50 91 50 97 51 70 92 83 53 84 85 93 160 61 56 73 50 56 50 53
internal_value=7.10402e-06 -0.000118435 -4.53504e-05 0.000513739 0.00101863 -0.000175841 0.000866565 -0.000346396 0.000353338 -0.000772761 0.000268562 0.000634383 -0.000184123 1.19015e-05 -0.000102447 0.000244044 -0.000544019 -0.000223177 -0.000369698 -0.000462564
internal_weight=1530 1335 1263 239 142 1024 195 740 103 204 284 143 536 347 141 233 189 106 120 114
internal_count=1530 1335 1263 239 142 1024 195 740 103 204 284 143 536 347 141 233 189 106 120 114
is_linear=0
shrinkage=0.05


Tree=5
num_leaves=20
num_cat=0
split_feature=144 91 3 86 121 69 87 123 182 153 6 174 111 70 171 163 26 165 15
split_gain=0.0570493 0.031602 0.0374979 0.0287991 0.0301256 0.0250949 0.0244308 0.0226778 0.0206493 0.0201432 0.0194386 0.0154344 0.0147102 0.0131153 0.010879 0.0104522 0.00869467 0.00748292 0.0057954
threshold=1.0844771862030032 0.56994909048080455 0.013623679522424938 0.59016975760459911 0.067081429064273848 0.50230145454406749 0.46919798851013189 -0.0023021588567644353 0.020743924193084243 0.42030544579029089 0.12534916400909427 60.392826080322273 0.037643902003765113 0.50013935565948497 44919616.000000007 56.470699310302741 0.41666667163372045 246.25342559814456 0.81250000000000011
decision_type=2 2 2 2 2 2 2 2 2 2 2 2 2 2 2 2 2 2 2
left_child=1 2 3 6 -5 9 11 -7 -6 -4 -3 15 -8 16 -12 -1 -14 -17 -13
right_child=-2 10 5 4 8 7 12 -9 -10 -11 14 18 13 -15 -16 17 -18 -19 -20
leaf_value=-0.00049144979265431678 0.0016653676774106261 3.0724890821147709e-05 -0.00058719155603577779 -0.00049904675551049082 0.00018944593762033478 0.0016558539479749901 5.9236607281491167e-05 0.00040044012931632876 0.0012241597585206693 0.00076260418438603384 -0.00042112756986957599 -0.00096544835523673103 -0.0010295983405894267 -0.001576411733409399 -0.0012415673865096609 0.00061445063898585501 -0.00014278890532575761 6.8387421123417775e-05 -0.00021840357970817154
leaf_weight=59 51 95 59 73 99 74 50 70 94 52 74 50 59 52 89 91 52 202 54
leaf_count=59 51 95 59 73 99 74 50 70 94 52 74 50 59 52 89 91 52 202 54
internal_value=2.1778e-05 -3.61109e-05 7.26517e-05 -7.39247e-05 0.000366149 0.000610098 -0.000248902 0.00104558 0.0006934 4.51452e-05 -0.000537768 -4.23958e-05 -0.000691 -0.000921133 -0.000869098 0.000115721 -0.000614156 0.000237984 -0.00057756
internal_weight=1499 1448 1190 935 266 255 669 144 193 111 258 456 213 163 163 352 111 293 104
internal_count=1499 1448 1190 935 266 255 669 144 193 111 258 456 213 163 163 352 111 293 104
is_linear=0
shrinkage=0.05


Tree=6
num_leaves=21
num_cat=0
split_feature=144 146 161 1 117 181 30 51 170 30 151 181 116 88 93 115 164 94 93 178
split_gain=0.051487 0.0316884 0.0345054 0.0379944 0.0293366 0.0310209 0.0219338 0.027196 0.0209396 0.019438 0.0178996 0.0148832 0.0132724 0.0130711 0.0122774 0.0118916 0.0111347 0.0079848 0.00606152 0.00571388
threshold=1.0844771862030032 0.74764597415924083 1.2191485166549685 0.038131920620799072 0.13736446201801303 0.042495217174291618 0.77500000596046459 1.0000000180025095e-35 1695493440.0000002 0.22500000149011615 1.7049857974052431 0.013320320285856726 0.00099507608683779857 0.43986010551452642 4.9275527000427255 0.0029242680175229911 125.38179397583009 3.2780888080596928 9.6556248664855975 -8.4019365310668928
decision_type=2 2 2 2 2 2 2 2 2 2 2 2 2 2 2 2 2 2 2 2
left_child=1 -1 3 11 8 6 9 10 15 12 -8 18 -6 -11 -13 17 -10 19 -3 -4
right_child=-2 2 4 -5 5 -7 7 -9 16 13 -12 14 -14 -15 -16 -17 -18 -19 -20 -21
leaf_value=-0.0011310119608727595 0.0015820992936485213 -0.00062715962665642311 0.00024273276765597986 0.0015671462787202363 0.00063174754479685086 0.0011012015157942175 -0.00021747867028925664 0.0013157007132902883 -0.00052803338426127115 -0.00029578642000721648 0.00067939571885423304 0.0011708979898976395 -0.00023480946141242622 -0.0011875678253402354 6.2863859231583776e-05 0.00045802116433580248 -0.0014833748586796469 -0.00089721402269788092 0.00014757230535906275 -0.00042005916828163204
leaf_weight=63 51 51 50 66 65 67 173 53 61 94 82 50 138 73 50 53 61 55 50 93
leaf_count=63 51 51 50 66 65 67 173 53 61 94 82 50 138 73 50 53 61 55 50 93
internal_value=2.06891e-05 -3.43054e-05 1.55809e-05 0.000526267 -0.000106381 7.48494e-05 -2.65748e-05 0.000285126 -0.000468355 -0.000286045 7.0928e-05 0.000184485 4.26595e-05 -0.000685607 0.000616881 -0.000207173 -0.0010057 -0.00038523 -0.000243629 -0.000188314
internal_weight=1499 1448 1385 267 1118 745 678 308 373 370 255 201 203 167 100 251 122 198 101 143
internal_count=1499 1448 1385 267 1118 745 678 308 373 370 255 201 203 167 100 251 122 198 101 143
is_linear=0
shrinkage=0.05


Tree=7
num_leaves=20
num_cat=0
split_feature=144 146 182 91 161 121 92 168 120 119 86 118 30 24 60 3 117 114 54
split_gain=0.046467 0.0288266 0.0316327 0.0310358 0.0288549 0.023923 0.0192305 0.0225228 0.0196456 0.0160065 0.0138725 0.0104663 0.0101136 0.0145919 0.00927975 0.0129764 0.00790943 0.00730889 0.00695807
threshold=1.0844771862030032 0.76176062226295482 0.020419208332896236 0.57944580912590038 1.2191485166549685 0.042159894481301315 0.25761556625366216 -1.3895483016967771 0.067463397979736342 0.11293812841176988 0.45946787297725683 0.46457433700561529 0.32500000298023229 0.55000001192092907 0.44856888055801397 0.0071074739098548898 0.1802608519792557 -0.0022385360207408662 0.34264461696147924
decision_type=2 2 2 2 2 2 2 2 2 2 2 2 2 2 2 2 2 2 2
left_child=1 -1 6 4 -4 -6 12 8 -8 -5 18 14 -3 17 -9 -16 -12 -14 -7
right_child=-2 2 3 9 5 10 7 11 -10 -11 16 -13 13 -15 15 -17 -18 -19 -20
leaf_value=-0.00097395040906735932 0.0015029943306181653 0.00062228416153582093 0.0012886435339010938 0.00028867318486407856 -0.00040935035015637476 0.00050224162385723232 -0.0015559178510179314 -0.00074970039249474445 -0.00035686003951317016 -0.00083118114438175098 0.00036221693404584978 0.0004646606010977518 -8.6359205365303272e-05 -0.00069938979727486453 -0.00040831691144579859 0.00041305065744866927 0.0011355696403351179 0.00057051970687933969 -0.00025672547254261785
leaf_weight=77 51 76 92 54 90 63 65 79 72 78 51 55 99 62 134 75 94 74 58
leaf_count=77 51 76 92 54 90 63 65 79 72 78 51 55 99 62 134 75 94 74 58
internal_value=1.96546e-05 -3.25901e-05 2.02799e-05 0.000300755 0.000499289 0.000295298 -0.000185378 -0.000383821 -0.000925756 -0.000373059 0.000533713 -0.000167363 0.000120901 -4.1248e-05 -0.000288062 -0.000113568 0.000863563 0.000194618 0.000138439
internal_weight=1499 1448 1371 580 448 356 791 480 137 132 266 343 311 235 288 209 145 173 121
internal_count=1499 1448 1371 580 448 356 791 480 137 132 266 343 311 235 288 209 145 173 121
is_linear=0
shrinkage=0.05


Tree=8
num_leaves=24
num_cat=1
split_feature=127 147 106 186 161 118 120 106 32 83 32 109 25 127 72 157 131 181 170 56 131 119 107
split_gain=0.0436277 0.0489304 0.0279992 0.0256002 0.0203138 0.0190827 0.019872 0.0177923 0.0177922 0.0167225 0.0151121 0.0183465 0.0138524 0.0121335 0.0117717 0.0114852 0.0108365 0.0113342 0.0104701 0.00995613 0.00730725 0.0120798 0.0071839
threshold=1.1105496883392336 0.7865024507045747 0.86821043491363536 0 1.2191485166549685 0.26929670572280889 0.18491633981466296 0.91650187969207775 0.37500000000000006 0.59103620052337658 0.091666668653488173 0.02872877195477486 0.27500000596046453 1.0357747077941897 0.49199475347995764 0.75878873467445385 1.2101489901542666 0.023426113650202755 1245720128.0000002 0.41802790760993963 1.158575236797333 0.12930221855640414 0.013815976213663818
decision_type=2 2 2 1 2 2 2 2 2 2 2 2 2 2 2 2 2 2 2 2 2 2 2
left_child=2 -2 -1 4 -4 6 9 -3 -7 14 12 -12 -6 -10 22 -16 17 -13 -11 -8 21 -21 -5
right_child=1 7 3 5 10 8 19 -9 13 18 11 16 -14 -15 15 -17 -18 -19 -20 20 -22 -23 -24
leaf_value=-0.0012092313793062822 0.0020710810775344726 -0.00046264489318235534 0.00089907152711994707 -0.00038940554555405734 0.00016186847827123497 -0.00029985796404101157 -0.00056040694852037222 0.00070064948222785641 9.2404411615072083e-05 -0.00062000309710408784 -0.0002829144444619707 -0.00014001602322747143 -0.00097066214161545597 0.0011199299882904044 -0.00074178033740049702 0.00015281189054112173 0.0011955101738783049 0.00088320270643453113 -0.0016333528546092569 0.00055774771130125058 0.00073673165180662182 -0.00051053656619677145 -0.0012096872161468947
leaf_weight=53 50 54 99 56 54 97 52 84 56 52 87 59 54 59 51 121 54 50 50 51 50 55 51
leaf_count=53 50 54 99 56 54 97 52 84 56 52 87 59 54 59 51 121 54 50 50 51 50 55 51
internal_value=1.86719e-05 0.000730988 -8.34757e-05 -3.60472e-05 0.000259478 -0.000205331 -0.000354309 0.000245447 0.000198888 -0.000568895 8.98557e-05 0.000303373 -0.000404397 0.00061957 -0.000368607 -0.000112445 0.000616299 0.00032935 -0.00111674 3.8755e-05 0.000238476 3.44927e-06 -0.000780381
internal_weight=1499 188 1311 1258 457 801 589 138 212 381 358 250 108 115 279 172 163 109 102 208 156 106 107
internal_count=1499 188 1311 1258 457 801 589 138 212 381 358 250 108 115 279 172 163 109 102 208 156 106 107
cat_boundaries=0 1
cat_threshold=80
is_linear=0
shrinkage=0.05


Tree=9
num_leaves=21
num_cat=0
split_feature=127 147 121 119 110 91 106 182 159 158 144 92 116 91 134 121 121 157 86 101
split_gain=0.039374 0.0441597 0.0275011 0.0266363 0.0256001 0.022698 0.0270769 0.0233813 0.0224729 0.0168739 0.0161107 0.0149667 0.0178344 0.0138122 0.012866 0.0167181 0.0108335 0.0107242 0.0106383 0.00665355
threshold=1.1105496883392336 0.7865024507045747 0.031878691166639335 0.54914295673370372 0.052014019340276725 0.56994909048080455 0.93168973922729503 0.020419208332896236 1.0010117888450625 0.88564071059227001 0.98578086495399486 0.25761556625366216 -0.0015700339572504161 0.6265506148338319 0.958856761455536 0.36028166115283972 0.28348875045776373 0.99079018831253063 0.36315128207206732 1.0481598377227785
decision_type=2 2 2 2 2 2 2 2 2 2 2 2 2 2 2 2 2 2 2 2
left_child=2 -2 4 5 10 7 -7 11 -9 -3 -1 18 -13 -8 15 -10 -14 -12 19 -4
right_child=1 9 3 -5 -6 6 13 8 14 -11 17 12 16 -15 -16 -17 -18 -19 -20 -21
leaf_value=0.0004946466616600893 0.0019675270282896238 0.00096666448043470146 -0.00026791075007149987 0.00090817512027570053 -0.0013645695777709729 -0.0015181746810912064 -0.00077237707789338736 0.0013800231954038918 0.00042961760846083052 -0.00018358042852923974 -0.00016174492512332047 -0.0011235694369922083 0.00014394721358313353 0.00024885621928267849 0.00074589952475742096 -0.00068686186010381801 -0.00054327436290822881 -0.0011122598468700745 0.00081903329381591413 0.0003310631826923996
leaf_weight=53 50 50 102 80 70 51 56 53 76 88 73 60 131 81 77 60 102 50 51 85
leaf_count=53 50 50 102 80 70 51 56 53 76 88 73 60 131 81 77 60 102 50 51 85
internal_value=1.77383e-05 0.000694439 -7.93019e-05 3.07598e-05 -0.000555788 -4.05024e-05 -0.000534695 7.607e-05 0.000458702 0.000233175 -0.000234114 -0.000115606 -0.00035485 -0.000168582 0.000229453 -6.29469e-05 -0.000156897 -0.000548133 0.000178925 4.35013e-06
internal_weight=1499 188 1311 1065 246 985 188 797 266 138 176 531 293 137 213 136 233 123 238 187
internal_count=1499 188 1311 1065 246 985 188 797 266 138 176 531 293 137 213 136 233 123 238 187
is_linear=0
shrinkage=0.05


Tree=10
num_leaves=22
num_cat=0
split_feature=125 96 166 109 130 86 8 91 158 121 179 106 6 108 88 119 161 84 53 144 36
split_gain=0.0525639 0.035832 0.0243057 0.0299208 0.0230401 0.0260089 0.022035 0.02086 0.0212716 0.0211864 0.0419176 0.0175384 0.0151255 0.0148447 0.0131428 0.00925035 0.017421 0.0117304 0.00846866 0.00794564 0.00687717
threshold=-0.074446719139814363 -2.0564422607421871 65.933860778808608 0.066829346120357527 1.0751785635948183 0.62563487887382518 -0.56559139490127552 0.17979203909635547 1.0847589373588564 0.10502897575497629 5.7045590877532968 0.91774854063987743 0.1031947284936905 0.021658695302903656 -0.28354443609714503 0.16242482513189319 1.4612362384796145 0.29885299503803259 0.12018464505672456 1.0148385763168337 0.21666666865348819
decision_type=2 2 2 2 2 2 2 2 2 2 2 2 2 2 2 2 2 2 2 2 2
left_child=1 -1 3 4 5 15 -5 8 13 10 -9 -11 -13 -6 19 16 17 -2 -3 -10 -17
right_child=2 18 -4 6 7 -7 -8 9 14 11 -12 12 -14 -15 -16 20 -18 -19 -20 -21 -22
leaf_value=0.0019134150221900741 0.00020571334973956007 -0.00014505016156181227 -0.0010833125152081872 0.0012893853726489077 5.1223337752642214e-05 0.0012333118627258742 -4.9949720804371674e-05 -0.00024534527198595335 -0.00053329664207819221 -0.0011322925998327122 -0.0020051184106526562 0.00044419237997428315 -0.00037437845392318932 0.0010694742505512618 -0.0010367246831176054 -0.00070627560232120845 -0.000299838356612208 0.0011998180121881889 0.00077520311227999631 0.00028875305277214277 3.8834103861518088e-05
leaf_weight=54 73 50 60 68 91 51 56 76 53 51 61 82 181 59 51 60 92 50 50 66 64
leaf_count=54 73 50 60 68 91 51 56 76 53 51 61 82 181 59 51 60 92 50 50 66 64
internal_value=5.21108e-07 0.000875533 -9.96661e-05 -5.37371e-05 -0.000132587 0.000180591 0.000684524 -0.000291004 1.7751e-05 -0.000510076 -0.00102889 -0.000283712 -0.000119159 0.000451735 -0.000365176 2.22174e-05 0.000220571 0.000609821 0.000315076 -7.73699e-05 -0.000321703
internal_weight=1499 154 1345 1285 1161 390 124 771 320 451 137 314 263 150 170 339 215 123 100 119 124
internal_count=1499 154 1345 1285 1161 390 124 771 320 451 137 314 263 150 170 339 215 123 100 119 124
is_linear=0
shrinkage=0.05


Tree=11
num_leaves=16
num_cat=1
split_feature=125 96 166 109 111 156 8 186 86 116 54 118 92 111 120
split_gain=0.0474389 0.0323383 0.0219359 0.0270035 0.0301255 0.0240942 0.0199407 0.0197503 0.0236916 0.0170357 0.0170151 0.0145819 0.0229791 0.0134341 0.00828048
threshold=-0.074446719139814363 -2.0564422607421871 65.933860778808608 0.066829346120357527 0.10047379508614541 0.21805221587419513 -0.67117118835449208 0 0.64033266901969921 0.0017206852207891645 0.40353323519229894 0.32520341873168951 0.5430530607700349 0.047769401222467429 0.11959929019212724
decision_type=2 2 2 2 2 2 2 1 2 2 2 2 2 2 2
left_child=1 -1 3 4 5 -2 -5 8 9 -7 -6 12 -9 -13 -3
right_child=2 14 -4 6 10 7 -8 11 -10 -11 -12 13 -14 -15 -16
leaf_value=0.0018177442759325559 0.0010256488831673779 0.00075430825466173699 -0.0010291468943857277 0.001294667748056856 -0.00026611571421381085 0.0002281199330116455 2.6384690644345177e-05 -0.00028022835591400507 0.00094320408232572556 -0.00060971580908720407 -0.0015405439894477075 0.00068340698631158482 -0.0013822637502771786 -0.0002999206954690392 -0.00015566292900984991
leaf_weight=54 50 50 60 61 50 206 63 440 82 86 55 68 53 71 50
leaf_count=54 50 50 60 61 50 206 63 440 82 86 55 68 53 71 50
internal_value=4.95052e-07 0.000831756 -9.46828e-05 -5.10502e-05 -0.000125957 -4.56447e-05 0.000650298 -9.88899e-05 0.000187239 -1.86399e-05 -0.000933673 -0.000266952 -0.000398703 0.000181132 0.000299323
internal_weight=1499 154 1345 1285 1161 1056 124 1006 374 292 105 632 493 139 100
internal_count=1499 154 1345 1285 1161 1056 124 1006 374 292 105 632 493 139 100
cat_boundaries=0 1
cat_threshold=26
is_linear=0
shrinkage=0.05


Tree=12
num_leaves=16
num_cat=0
split_feature=125 96 121 109 110 146 115 71 118 133 173 92 46 91 21
split_gain=0.0428136 0.0291854 0.0205968 0.0422612 0.0284524 0.0211901 0.02034 0.0193775 0.0126555 0.0143619 0.0116387 0.0109865 0.00914812 0.00789378 0.00769809
threshold=-0.074446719139814363 -2.0564422607421871 0.036158755421638496 0.066829346120357527 0.050580138340592391 0.80853334069252025 0.0008934426004998387 0.5299857258796693 0.34235922992229467 0.97992569208145153 0.65348464250564586 0.51400545239448558 0.51666668057441723 0.36493541300296789 0.20509387552738192
decision_type=2 2 2 2 2 2 2 2 2 2 2 2 2 2 2
left_child=1 -1 4 5 6 -4 12 8 10 -10 -7 -12 -2 -5 -3
right_child=2 14 3 13 -6 7 -8 -9 9 -11 11 -13 -14 -15 -16
leaf_value=0.001726857046850017 -0.00098663765141585231 0.00072305046157271141 -0.00088047019542707725 0.00054106835693043347 -0.0012903781241710441 0.00041998619611339523 0.00066475882556039359 0.00065708622040928997 0.00083632179054235912 -0.0001053443616428365 -0.00019904052590150997 -0.00088859015157280593 -0.00011494257648658224 0.0014251719273161143 -0.00015433742838558828
leaf_weight=54 54 50 79 51 78 67 54 93 69 98 519 65 68 50 50
leaf_count=54 54 50 79 51 78 67 54 93 69 98 519 65 68 50 50
internal_value=4.70301e-07 0.000790168 -8.99487e-05 4.46021e-06 -0.000495461 -9.49364e-05 -0.000143168 -2.68165e-05 -0.000104571 0.000283727 -0.00020418 -0.000275788 -0.000500775 0.000978743 0.000284357
internal_weight=1499 154 1345 1091 254 990 176 911 818 167 651 584 122 101 100
internal_count=1499 154 1345 1091 254 990 176 911 818 167 651 584 122 101 100
is_linear=0
shrinkage=0.05


Tree=13
num_leaves=21
num_cat=0
split_feature=125 120 166 86 71 90 44 92 127 85 133 85 35 25 111 29 149 71 53 161
split_gain=0.0386393 0.0217719 0.0199298 0.0219133 0.0272848 0.0287583 0.0265784 0.0199773 0.0180065 0.0170081 0.0133595 0.0131162 0.0162938 0.0140184 0.0116503 0.00949053 0.0104641 0.00737934 0.00732103 0.00569775
threshold=-0.074446719139814363 0.054736405611038215 65.933860778808608 0.59811276197433483 0.49867707490921026 -0.04561695642769336 0.45000000298023229 0.16368104517459872 1.0713992714881899 -0.092633683234453187 0.98469281196594249 -1.0000000180025095e-35 -0.57500001788139332 0.12500000372529033 0.070840440690517439 0.75000000000000011 1.6384541988372805 0.44872108101844793 0.39703705906867987 1.4304960370063784
decision_type=2 2 2 2 2 2 2 2 2 2 2 2 2 2 2 2 2 2 2 2
left_child=1 -1 3 7 5 -5 -6 11 9 -9 -3 13 -13 -2 -10 -7 -17 -11 -19 -14
right_child=2 10 -4 4 6 15 -8 8 14 17 -12 12 19 -15 -16 16 -18 18 -20 -21
leaf_value=0.0015955324690188647 -0.00073496592740411875 0.00089626055596454541 -0.00097616180816354847 0.00093743935841220354 6.5654669351016107e-05 6.9671305764131832e-05 0.001323449290570212 -0.0010319023639947938 -0.00043143863110868335 -0.00059693956035347185 -0.0002426679530175284 0.0010782451918930746 0.00040794423839543017 0.00025179084536020664 -0.0013859376078002126 -0.0010496635580035326 -0.00011430168896266776 -0.0001647080671441213 0.00036069251287015078 -0.00028121813034670334
leaf_weight=51 71 52 60 55 78 80 91 55 66 59 51 60 61 73 62 67 54 193 101 59
leaf_count=51 71 52 60 55 78 80 91 55 66 59 51 60 61 73 62 67 54 193 101 59
internal_value=4.46786e-07 0.00075066 -8.54512e-05 -4.38616e-05 0.000249854 -7.56519e-05 0.000742929 -0.000189012 -0.000376373 -0.000214051 0.000332325 0.000120943 0.000405486 -0.000234735 -0.000893774 -0.000352866 -0.000632229 -8.66236e-05 1.57867e-05 6.91061e-05
internal_weight=1499 154 1345 1285 425 256 169 860 536 408 103 324 180 144 128 201 121 353 294 120
internal_count=1499 154 1345 1285 425 256 169 860 536 408 103 324 180 144 128 201 121 353 294 120
is_linear=0
shrinkage=0.05


Tree=14
num_leaves=22
num_cat=0
split_feature=125 96 64 86 92 76 92 123 7 76 171 153 141 152 161 181 131 120 53 162 97
split_gain=0.034872 0.0256463 0.0180791 0.0219494 0.0268669 0.02533 0.019092 0.0167771 0.0145522 0.0136357 0.0135371 0.0105151 0.0103395 0.00961998 0.0105585 0.00958439 0.00781831 0.00797677 0.00750871 0.00689167 0.00649061
threshold=-0.074446719139814363 -2.0564422607421871 0.51432201266288768 0.59811276197433483 0.50076571106910717 0.47026549279689794 0.16368104517459872 -0.027452263981103894 -0.021252144128084179 0.52304562926292431 9518021.5000000019 0.47425194084644323 1.1014316678047182 0.22219116985797885 1.5932289958000185 0.017902459949254993 1.2069976925849917 0.053434494882822044 0.12018464505672456 19.815693855285648 1.0200209617614748
decision_type=2 2 2 2 2 2 2 2 2 2 2 2 2 2 2 2 2 2 2 2 2
left_child=1 -1 3 6 5 -5 10 -8 -7 -6 -2 16 15 -10 -15 19 17 -12 -3 -9 -17
right_child=2 18 -4 4 9 8 7 12 13 -11 11 -13 -14 14 -16 20 -18 -19 -20 -21 -22
leaf_value=0.0015911882272188517 0.00084439742934608948 -0.00019429014333582017 -0.00098626541406496098 0.0014976373566825268 7.0860711717683401e-05 0.00098062766372064374 -0.0011925625794642007 -0.0005015872893131423 -0.0003590610833683362 -0.00096005901052396633 -0.00053230715538858317 -0.00060097276962610088 -0.00077474221607824506 0.0009061060581064108 -5.4973364055443273e-05 -0.00015438410083598068 0.00067871462441889535 0.00022512782210343526 0.00067223798664053903 0.00013143198197195527 -0.00086424688054431676
leaf_weight=54 53 50 53 53 79 59 56 54 75 54 53 62 86 51 65 62 51 101 50 211 67
leaf_count=54 53 50 53 53 79 59 56 54 75 54 53 62 86 51 65 62 51 101 50 211 67
internal_value=4.24445e-07 0.000713127 -8.11787e-05 -4.40505e-05 0.000244714 0.000504754 -0.000191131 -0.000373584 0.000294262 -0.000347708 0.000114478 -3.04129e-05 -0.000278037 8.22438e-05 0.00036757 -0.000169619 0.000142147 -3.55479e-05 0.000238974 2.43938e-06 -0.000523073
internal_weight=1499 154 1345 1292 436 303 856 536 250 133 320 267 480 191 116 394 205 154 100 265 129
internal_count=1499 154 1345 1292 436 303 856 536 250 133 320 267 480 191 116 394 205 154 100 265 129
is_linear=0
shrinkage=0.05


Tree=15
num_leaves=22
num_cat=0
split_feature=76 100 161 19 172 11 6 73 6 26 108 161 110 32 92 171 86 111 128 111 110
split_gain=0.0341099 0.0240462 0.0227834 0.0226929 0.0204931 0.0185375 0.0168835 0.0165878 0.0135048 0.0127464 0.0140195 0.0122133 0.0121797 0.0120446 0.0118127 0.0114629 0.0114074 0.00985531 0.00798536 0.00797096 0.0074155
threshold=0.50781938433647167 1.149164140224457 1.3402842879295351 0.77399060130119335 82683268.000000015 0.97133120894432079 0.040404496714472778 0.49973407387733465 0.0097648003138601797 0.18333333730697635 0.035514991730451591 1.5932289958000185 0.046005599200725562 0.70833331346511852 0.40850400924682623 56925954.000000007 0.47862739861011511 0.079012285917997374 1.0318583250045779 0.04536812752485276 0.032055094838142402
decision_type=2 2 2 2 2 2 2 2 2 2 2 2 2 2 2 2 2 2 2 2 2
left_child=3 4 -3 5 15 -1 8 12 -7 14 -11 16 13 -8 -6 17 -9 18 -2 -20 -21
right_child=1 2 -4 -5 9 6 7 11 -10 10 -12 -13 -14 -15 -16 -17 -18 -19 19 20 -22
leaf_value=0.0011283908551008241 -0.00042744776061833065 0.0012811952407937499 -0.000163961696040739 -0.00050412689038857041 -0.00058148996847238944 0.00032761696443074097 0.00046480559836157464 0.00032419147238873977 0.0014489318734849804 3.3594008397942942e-05 -0.00098336411187860732 -7.9753968610610766e-05 -0.00068857175958253556 -0.00047116262667259436 -0.0016071827499567568 0.00058263710145679815 0.0011922044421931897 -0.00067474453672929958 0.0005428863491457154 -0.00054790251946542409 0.00023552987569466985
leaf_weight=74 96 50 60 81 61 58 89 87 50 91 54 74 73 56 52 55 67 82 73 55 67
leaf_count=74 96 50 60 81 61 58 89 87 50 91 54 74 73 56 52 55 67 82 73 55 67
internal_value=3.12977e-05 -0.000193353 0.000492928 0.000283515 -0.000303399 0.000385106 0.000285823 0.000149994 0.000846744 -0.000655384 -0.000345135 0.00044816 -0.000161849 0.000103328 -0.00105349 -9.12206e-05 0.000701833 -0.000190583 -5.41526e-05 0.000129623 -0.000117657
internal_weight=1505 796 110 709 686 628 554 446 108 258 145 228 218 145 113 428 154 373 291 195 122
internal_count=1505 796 110 709 686 628 554 446 108 258 145 228 218 145 113 428 154 373 291 195 122
is_linear=0
shrinkage=0.05


Tree=16
num_leaves=23
num_cat=0
split_feature=161 76 88 148 182 124 172 172 120 172 6 70 103 83 119 160 144 44 120 78 159 117
split_gain=0.0311916 0.0222289 0.0227817 0.0222121 0.023209 0.0209634 0.0189034 0.0185609 0.017562 0.0167637 0.0149878 0.0230015 0.0117387 0.0107687 0.0104761 0.00904323 0.00902131 0.0123538 0.00766138 0.0112061 0.00619849 0.00546171
threshold=1.2795779109001162 0.50781938433647167 -0.79655778408050526 0.95332899689674389 0.014349823817610742 -0.068231884390115724 87727360.000000015 123375792.00000001 0.014620341826230289 14923430.500000002 0.040404496714472778 0.55602422356605541 1.0277632474899294 0.61037147045135509 0.1219337321817875 1.0741481781005862 1.0008628964424136 0.45000000298023229 0.25253172218799597 0.11121971532702447 1.2523980736732485 0.25748708844184881
decision_type=2 2 2 2 2 2 2 2 2 2 2 2 2 2 2 2 2 2 2 2 2 2
left_child=3 5 20 4 -1 -2 9 13 -7 -5 -10 18 -9 16 -8 -11 17 -4 19 -12 -3 -18
right_child=1 2 7 6 -6 8 14 12 10 15 11 -13 -14 -15 -16 -17 21 -19 -20 -21 -22 -23
leaf_value=3.073956898403524e-05 0.00088255202973886295 0.00072240926900121857 0.00017852857752047758 -0.00029985901904001368 0.0013376002601461904 -0.00085608727482086025 0.00011910813767462968 -0.00048986126682764198 0.00081941413009190001 0.0013015235029160976 0.0006529940740644223 -0.00095314282606440517 -0.001502063660381446 -0.00079143629031282875 -0.00088528831957201308 0.00039774909359215185 -0.00017681189799784787 -0.00078009197133949051 -0.00024421561643248426 -0.0001971572628432206 -6.493257739878442e-06 0.00047167050417637756
leaf_weight=52 79 50 54 50 98 53 50 54 63 50 113 55 61 84 54 62 63 89 75 59 70 67
leaf_count=52 79 50 54 50 98 53 50 54 63 50 113 55 61 84 54 62 63 89 75 59 70 67
internal_value=2.97328e-05 -0.000110954 -0.000317936 0.000398021 0.000884555 0.000135592 0.00012366 -0.00047433 -5.58017e-06 0.000461381 0.000117918 -2.84204e-05 -0.00102677 -0.000296374 -0.000402405 0.00080122 -0.000144047 -0.000418095 0.000177489 0.000361372 0.000297216 0.000157406
internal_weight=1505 1089 592 416 150 497 266 472 418 162 365 302 115 357 104 112 273 143 247 172 120 130
internal_count=1505 1089 592 416 150 497 266 472 418 162 365 302 115 357 104 112 273 143 247 172 120 130
is_linear=0
shrinkage=0.05


Tree=17
num_leaves=24
num_cat=1
split_feature=76 113 37 186 116 131 151 119 77 68 181 92 119 170 54 109 89 112 27 154 55 4 126
split_gain=0.0280833 0.0215159 0.0227924 0.0212166 0.0461705 0.0385952 0.0225799 0.0180539 0.0281832 0.0205582 0.0153965 0.014729 0.0141239 0.0113307 0.00980855 0.00949062 0.0110405 0.00941188 0.00810595 0.00759861 0.00607698 0.00397722 0.00304548
threshold=0.50781938433647167 0.0042310084681957969 0.72499999403953563 0 0.00465081143192947 1.2863473296165469 1.1464238166809084 0.051916304975748069 0.49355605244636541 0.50161319971084606 0.029925241135060791 0.51557993888854992 0.08986686542630197 504227744.00000006 0.32094158232212072 0.034103287383914001 -0.14166817814111707 -0.0071449782699346534 0.47499999403953558 0.31111767888069158 0.40802900493144995 0.31357917189598089 0.0042154833208769569
decision_type=2 2 2 1 2 2 2 2 2 2 2 2 2 2 2 2 2 2 2 2 2 2 2
left_child=1 2 7 4 5 6 -2 8 -1 10 14 15 -3 -8 -9 19 -17 -10 -11 -5 -21 -15 -22
right_child=3 12 -4 11 -6 -7 13 9 17 18 -12 -13 -14 21 -16 16 -18 -19 -20 20 22 -23 -24
leaf_value=0.0015601548001723132 0.0010012370867635973 -0.00092662735365923836 0.0012038805383684425 -0.00055229747134993932 -0.0010406720533758156 0.0016557731424101949 0.00040003500170453254 0.00057636603043647488 -0.00028503892398850224 -3.2387817288705713e-05 0.0010847638206362971 -0.0010388890368930287 0.0001115993583049585 -0.00074867082089839277 -0.00040914848618116349 -0.0001620404936077718 -0.0011875002996398593 0.00065386476198909811 -0.00073265411775638419 0.00047721310565656611 -0.00034947365644544145 -0.00014397911819777131 0.00011669584517081743
leaf_weight=60 56 55 75 74 68 51 59 50 51 97 61 76 81 57 51 52 53 56 72 57 76 52 65
leaf_count=60 56 55 75 74 68 51 59 50 51 97 61 76 81 57 51 52 53 56 72 57 76 52 65
internal_value=2.82462e-05 0.000257101 0.00039129 -0.000175595 0.000122348 0.00041438 0.000131742 0.000268912 0.000692747 5.50743e-05 0.000457545 -0.000395168 -0.000308272 -0.00015809 7.873e-05 -0.000275881 -0.000679654 0.00020635 -0.000330726 -0.000120013 4.15474e-05 -0.000460194 -0.000134573
internal_weight=1505 709 573 796 343 275 224 498 167 331 162 453 136 168 101 377 105 107 169 272 198 109 141
internal_count=1505 709 573 796 343 275 224 498 167 331 162 453 136 168 101 377 105 107 169 272 198 109 141
cat_boundaries=0 1
cat_threshold=592
is_linear=0
shrinkage=0.05


Tree=18
num_leaves=21
num_cat=0
split_feature=161 1 47 124 182 8 181 172 122 83 168 4 106 121 153 95 33 51 133 100
split_gain=0.0266313 0.0204622 0.031582 0.0191455 0.0151754 0.0205099 0.0160045 0.013439 0.0121522 0.0120878 0.0184234 0.0121104 0.0111049 0.00969568 0.00733747 0.00880567 0.00705942 0.00784491 0.00662485 0.00543804
threshold=1.2795779109001162 0.034396240487694747 0.4916666597127915 -0.071405529975891099 0.029397942125797275 -0.61132967472076405 0.029760623350739483 71333360.000000015 -0.0048772748559713355 0.60640922188758861 -0.67790830135345448 0.41042780876159674 0.92416274547576915 0.17852808535099032 0.20788405090570453 0.45703750848770147 -0.50000001490116108 -0.050000002607703202 0.97667092084884655 1.0387982130050661
decision_type=2 2 2 2 2 2 2 2 2 2 2 2 2 2 2 2 2 2 2 2
left_child=1 8 7 -2 6 -6 9 -3 -1 11 -11 14 -7 -12 -5 -16 -10 -18 -13 -20
right_child=3 2 -4 4 5 12 -8 -9 16 10 13 18 -14 -15 15 -17 17 -19 19 -21
leaf_value=0.00074059873055822424 0.00058292218838237549 0.0009061018940901347 0.0018406414489921493 -0.00057499367474137171 0.00018841744563865683 -0.0015413950486154314 0.00057791888461632688 -0.00022568988187467092 -0.00042609304961435305 -0.001237310556314049 0.00037296083263208858 0.00075279879873912589 -0.00052995083729158443 -0.00055315725156735709 -0.00052256328770589012 8.2632156602699562e-05 0.00063392674024262494 -0.00019449444886189527 -0.00024425221818719052 0.0004599083634765031
leaf_weight=57 93 51 51 95 54 51 83 54 87 59 50 57 58 65 81 233 51 65 58 52
leaf_count=57 93 51 51 95 54 51 83 54 87 59 50 57 58 65 81 233 51 65 58 52
internal_value=2.68339e-05 0.000367137 0.00081985 -0.000103162 -0.000167224 -0.000608428 -8.08906e-05 0.000324038 9.55083e-05 -0.000153799 -0.000519014 -4.34733e-05 -0.0010032 -0.000150497 -0.000189972 -7.34851e-05 -8.56255e-05 0.000169725 0.000315318 8.86237e-05
internal_weight=1505 416 156 1089 996 163 833 105 260 750 174 576 109 115 409 314 203 116 167 110
internal_count=1505 416 156 1089 996 163 833 105 260 750 174 576 109 115 409 314 203 116 167 110
is_linear=0
shrinkage=0.05


Tree=19
num_leaves=21
num_cat=1
split_feature=76 106 186 153 113 37 88 162 86 81 123 142 140 8 53 169 124 121 176 159
split_gain=0.0243895 0.0198725 0.0211374 0.0260623 0.0187516 0.0200666 0.0157429 0.0156899 0.0159224 0.025591 0.0163949 0.0186377 0.0137845 0.013358 0.0139716 0.0123643 0.0113667 0.00730468 0.00704227 0.00386997
threshold=0.50781938433647167 0.91031110286712658 0 0.21923596411943438 0.0042310084681957969 0.72499999403953563 0.047963572666049011 443.92716979980474 -0.094636499881744371 0.064527295529842391 0.0098728355951607245 1.0107754468917849 1.0287431478500368 0.21132376790046695 0.19319156557321551 -0.016918153502047058 -0.03176870942115783 0.18371725082397464 15.743250846862795 1.2495762109756472
decision_type=2 2 1 2 2 2 2 2 2 2 2 2 2 2 2 2 2 2 2 2
left_child=4 -2 3 -3 5 7 16 8 -1 10 11 -10 -8 14 -5 -6 -4 -18 -9 -19
right_child=1 2 6 13 15 -7 12 18 9 -11 -12 -13 -14 -15 -16 -17 17 19 -20 -21
leaf_value=-0.00035040794753017092 -0.00096279604741270519 0.0011632142009520828 -0.00067156759741919818 -0.00026908947166974669 9.1924091046451638e-05 0.0011264916807413102 -0.00021798179823235843 -0.00060118632975597087 0.00097732780381815858 0.0015177621028450287 -0.00043836609452577814 -4.2978681003053984e-05 -0.0011688119681540555 -0.0006128473162902992 0.00063505077544808353 -0.00088564271969722918 -0.00023178042895513805 0.00068396409721268973 0.00010293872693109316 9.8067653004638123e-05
leaf_weight=55 71 61 64 77 83 75 72 60 111 58 52 75 81 64 96 53 96 51 87 63
leaf_count=55 71 61 64 77 83 75 72 60 111 58 52 75 81 64 96 53 96 51 87 63
internal_value=2.54922e-05 -0.000164471 -8.62903e-05 0.000233697 0.000238765 0.000364039 -0.00030787 0.000249211 0.000430834 0.000575997 0.000346491 0.000565914 -0.000721362 4.31543e-06 0.00023263 -0.000289039 -8.82147e-05 8.95691e-05 -0.000184459 0.000360179
internal_weight=1505 796 725 298 709 573 427 498 351 296 238 186 153 237 173 136 274 210 147 114
internal_count=1505 796 725 298 709 573 427 498 351 296 238 186 153 237 173 136 274 210 147 114
cat_boundaries=0 1
cat_threshold=592
is_linear=0
shrinkage=0.05


Tree=20
num_leaves=20
num_cat=0
split_feature=159 148 86 111 91 30 91 89 178 92 171 118 3 10 108 178 17 131 117
split_gain=0.0247717 0.0233471 0.0224217 0.0256197 0.0252378 0.0198362 0.0192823 0.0155001 0.0138325 0.0130687 0.00969665 0.0157323 0.013379 0.0128602 0.0121363 0.0105104 0.0126223 0.00603191 0.00599813
threshold=0.77169284224510204 0.56388702988624584 0.63537245988845836 0.11793189495801927 0.56994909048080455 0.22500000149011615 0.3884419202804566 1.0000000180025095e-35 -8.7731561660766584 0.55516403913497936 41371598.000000007 0.33475016057491308 0.010670296382158996 1.0088469982147219 0.017514759674668316 -7.1221034526824942 0.36249999701976782 1.2048953175544741 0.27861517667770391
decision_type=2 2 2 2 2 2 2 2 2 2 2 2 2 2 2 2 2 2 2
left_child=-1 -2 3 10 5 6 -4 -7 -9 -6 13 12 18 14 -3 17 -17 -15 -12
right_child=1 2 4 -5 9 7 -8 8 -10 -11 11 -13 -14 15 -16 16 -18 -19 -20
leaf_value=0.0010480819527001585 0.00069999992921019726 -9.2057104772065105e-06 0.00034064950970267611 -0.0013463639254321326 -0.00098853455149635152 0.00072078317996329135 0.0016915505263023082 -0.00083580311071479094 0.00030654244781647513 8.6926063203575553e-05 -0.00052176139465450681 0.00028059253483661448 -0.0010440830866654698 -0.00025968879459561955 -0.00091451364591753543 0.0011452701211892419 2.7300518430659878e-05 0.00039558992249658331 -7.7080985496510177e-05
leaf_weight=50 89 86 56 52 56 64 50 53 53 57 182 80 85 118 65 50 51 50 130
leaf_count=50 89 86 56 52 56 64 50 53 53 57 182 80 85 118 65 50 51 50 130
internal_value=-4.58365e-05 -8.41658e-05 -0.000136326 -0.000267371 0.000183368 0.000441062 0.000977867 0.000106349 -0.00026463 -0.000446046 -0.00020482 -0.000359079 -0.00048798 -2.96263e-05 -0.000398908 0.000177666 0.000580751 -6.46654e-05 -0.000336478
internal_weight=1477 1427 1338 949 389 276 106 170 106 113 897 477 397 420 151 269 101 168 312
internal_count=1477 1427 1338 949 389 276 106 170 106 113 897 477 397 420 151 269 101 168 312
is_linear=0
shrinkage=0.05


Tree=21
num_leaves=16
num_cat=0
split_feature=159 148 121 179 3 119 119 106 51 161 154 87 119 55 127
split_gain=0.0223565 0.0210708 0.0215163 0.0237357 0.0186819 0.018008 0.0180941 0.0149382 0.0203622 0.0119458 0.0119387 0.0106338 0.0114343 0.00993072 0.0042306
threshold=0.77169284224510204 0.56388702988624584 0.10138948261737825 8.3746814727783221 0.0088036567904055136 0.54343736171722423 0.0034364641178399329 0.92209014296531688 0.083333335816860213 1.2145489454269411 0.79535979032516491 0.54938724637031566 0.094699375331401839 0.41328318417072302 1.0618202686309817
decision_type=2 2 2 2 2 2 2 2 2 2 2 2 2 2 2
left_child=-1 -2 3 11 13 6 -4 8 -8 -9 -11 12 -3 -5 -13
right_child=1 2 5 4 -6 -7 7 9 -10 10 -12 14 -14 -15 -16
leaf_value=0.00099567785713588824 0.00066499992658310895 0.00069942403212884703 0.00085777998575198874 -0.00091254643615684477 -0.0013128869204879984 0.00074776919602489035 -0.0013091823276753483 0.00048478441107994405 5.9040918635079068e-05 -0.00021863412456754841 0.0004275941632059745 -0.00015444462732352223 -0.00026862017636761139 1.0061121595624302e-05 -0.00073336825048757445
leaf_weight=50 89 67 51 50 95 77 57 98 52 449 85 78 56 70 53
leaf_count=50 89 67 51 50 95 77 57 98 52 449 85 78 56 70 53
internal_value=-4.35447e-05 -7.99576e-05 -0.00012951 -0.000402439 -0.000789057 1.77899e-05 -5.31803e-05 -0.000115878 -0.000656452 -2.26461e-05 -0.00011577 -7.51831e-05 0.000258688 -0.000374359 -0.000388666
internal_weight=1477 1427 1338 469 215 869 792 741 109 632 534 254 123 120 131
internal_count=1477 1427 1338 469 215 869 792 741 109 632 534 254 123 120 131
is_linear=0
shrinkage=0.05


Tree=22
num_leaves=21
num_cat=0
split_feature=156 121 86 161 12 113 126 117 151 151 161 15 43 163 145 89 127 163 32 153
split_gain=0.0193943 0.0188324 0.0243376 0.033651 0.0208706 0.0142471 0.0132152 0.0129787 0.0122328 0.015431 0.0100453 0.0158064 0.0126805 0.0120639 0.00865559 0.00839551 0.00829779 0.00821935 0.00758721 0.00524019
threshold=0.21805221587419513 0.10138948261737825 0.63537245988845836 1.4800989627838137 0.042039036750793464 -0.013098259922116993 -0.10227056592702864 0.40970836579799658 0.74037355184555065 1.1309258937835696 1.2968130707740786 0.21249999850988391 0.70000001788139354 346.12753295898443 0.98647123575210582 -0.38382475078105921 1.0649060010910036 442.86650085449224 0.34166666865348821 0.29129086434841162
decision_type=2 2 2 2 2 2 2 2 2 2 2 2 2 2 2 2 2 2 2 2
left_child=-1 4 5 -4 -2 -3 -7 18 -6 14 17 12 -12 -13 -10 -11 19 -8 -5 -17
right_child=1 2 3 7 8 6 10 -9 9 15 11 13 -14 -15 -16 16 -18 -19 -20 -21
leaf_value=0.00072595539988982733 -0.0010372786748225683 -0.00090641398660059518 0.001444986690588009 -0.00059703939869144905 -0.0008280398969418457 0.00072623102183284828 0.00053646486060946093 0.00060667756520049851 0.00076155554888828196 0.00022959628437298684 0.0004661225575511948 -0.00096859810688412805 -0.00043408729501196271 -0.00023459275143746002 -9.0795699649771577e-05 -0.00063971715810475871 -0.0010311258003930562 -0.00026308654044987636 0.00023381035210331903 4.5814658681462921e-05
leaf_weight=78 87 52 65 61 62 51 90 82 68 53 106 87 62 157 53 50 50 50 50 63
leaf_count=78 87 52 65 61 62 51 90 82 68 53 106 87 62 157 53 50 50 50 50 63
internal_value=-4.13675e-05 -8.41489e-05 4.96945e-05 0.000461019 -0.000335587 -0.000112323 -4.38445e-05 0.00012963 -0.000182587 -6.38386e-05 -0.000114993 -0.000239329 0.000133902 -0.000496308 0.000388212 -0.00031707 -0.000494821 0.000250911 -0.000222783 -0.000257518
internal_weight=1477 1399 913 258 486 655 603 193 399 337 552 412 168 244 121 216 163 140 111 113
internal_count=1477 1399 913 258 486 655 603 193 399 337 552 412 168 244 121 216 163 140 111 113
is_linear=0
shrinkage=0.05


Tree=23
num_leaves=12
num_cat=0
split_feature=159 106 181 76 12 6 157 27 36 128 26
split_gain=0.0196841 0.0177477 0.0229087 0.0146201 0.0131285 0.0118097 0.0112278 0.014749 0.0119453 0.010251 0.0101386
threshold=0.77169284224510204 0.8890606462955476 0.040773879736661918 0.44764925539493566 0.0082116597332060354 0.086372680962085738 1.0320117473602297 0.87500000000000011 -0.88333332538604725 1.1546790599823 0.31666667759418493
decision_type=2 2 2 2 2 2 2 2 2 2 2
left_child=-1 5 3 -3 -5 -2 7 9 -8 -6 -10
right_child=1 2 -4 4 6 -7 8 -9 10 -11 -12
leaf_value=0.00093583596030475747 -5.1442034309729929e-05 0.0007676718028269534 0.00084781238368426186 -0.00066887289526149345 -0.00020343588215962239 -0.001046160698830578 0.00086322971094655344 0.00048130340272699556 -0.00030667549362914446 -0.00094508749827190177 0.00024022079407283551
leaf_weight=50 50 50 72 95 539 74 51 74 131 51 240
leaf_count=50 50 50 72 95 539 74 51 74 131 51 240
internal_value=-3.92991e-05 -7.34664e-05 -1.90703e-05 -6.97734e-05 -0.000105228 -0.000645064 -5.59224e-05 -0.000184089 0.000145742 -0.000267545 4.71119e-05
internal_weight=1477 1427 1303 1231 1181 124 1086 664 422 590 371
internal_count=1477 1427 1303 1231 1181 124 1086 664 422 590 371
is_linear=0
shrinkage=0.05


Tree=24
num_leaves=21
num_cat=1
split_feature=1 106 186 141 36 158 173 120 112 8 160 108 174 119 153 68 103 129 111 121
split_gain=0.017401 0.0162762 0.01911 0.020957 0.0266046 0.0199595 0.0177551 0.0160698 0.0154906 0.0119619 0.0119012 0.0103796 0.00882466 0.0105178 0.00808936 0.00722193 0.00708204 0.00565752 0.00808837 0.0100392
threshold=0.065344739705324187 0.8890606462955476 0 1.1593257188796999 0.31666667759418493 1.0398309230804446 0.93520274758338939 0.063725020736455931 -0.01431872136890888 0.15470086038112643 1.3256323337554934 0.041375461965799339 9.9740157127380389 0.12749955058097842 0.2986408025026322 0.50793027877807628 1.0114714503288271 1.1362852454185488 0.070600546896457686 0.053493211045861251
decision_type=2 2 1 2 2 2 2 2 2 2 2 2 2 2 2 2 2 2 2 2
left_child=1 11 3 4 8 6 -6 10 -3 14 15 -1 13 -9 -10 -4 -12 18 19 -14
right_child=-2 2 7 -5 5 -7 -8 12 9 -11 16 -13 17 -15 -16 -17 -18 -19 -20 -21
leaf_value=-0.00018504849436727386 0.00074996253603256194 -0.00088114365231621063 -0.00051134229595198246 0.0009396564347844106 0.00037268059501723163 -4.6150789182055511e-05 0.0016861703059985304 -0.00096551520953653376 -0.00019127658087232836 -0.00060045995932843876 -0.00064615510421572257 -0.0011747755443838497 -0.00045201336796444301 5.5006023014321536e-05 0.00046922284365531861 -0.0013004972560131075 0.00013067776966072672 0.00043775729985403206 -0.00057436748338990254 0.00028519220926423683
leaf_weight=54 67 67 59 80 53 79 50 50 83 67 50 52 62 51 105 57 71 84 55 181
leaf_count=54 67 67 59 80 53 79 50 50 83 67 50 52 62 51 105 57 71 84 55 181
internal_value=-3.73341e-05 -7.47447e-05 -2.63106e-05 0.000184701 6.85311e-05 0.000551729 0.0010103 -0.000197289 -0.000204581 -2.68172e-05 -0.000537245 -0.000670575 -3.45633e-05 -0.000450203 0.000177619 -0.000899117 -0.000190328 7.53308e-05 -2.68297e-05 9.70986e-05
internal_weight=1477 1410 1304 584 504 182 103 720 322 255 237 106 483 101 188 116 121 382 298 243
internal_count=1477 1410 1304 584 504 182 103 720 322 255 237 106 483 101 188 116 121 382 298 243
cat_boundaries=0 1
cat_threshold=538
is_linear=0
shrinkage=0.05


Tree=25
num_leaves=17
num_cat=0
split_feature=90 114 146 145 85 82 93 128 53 123 72 115 110 111 157 158
split_gain=0.0216174 0.0293836 0.01681 0.0145627 0.0140082 0.0156996 0.0254375 0.0124896 0.0137511 0.0123545 0.0121815 0.0148628 0.0110897 0.00762724 0.00685962 0.00492732
threshold=0.54836636781692516 0.0076220496557652959 0.77715250849723827 1.0923278331756594 0.74745213985443126 -0.033526727929711335 9.9811096191406268 1.0131466984748843 0.071884501725435271 0.015250720083713533 0.51913195848464977 0.0045728785917162904 0.037105809897184379 0.036517865955829627 0.8149394989013673 1.035625219345093
decision_type=2 2 2 2 2 2 2 2 2 2 2 2 2 2 2 2
left_child=1 3 -2 4 5 6 15 -7 12 -10 11 13 -9 -4 -15 -1
right_child=2 -3 10 -5 -6 7 -8 8 9 -11 -12 -13 -14 14 -16 -17
leaf_value=0.00036496014543809001 -0.0011985968659864741 0.00099955484305003987 8.128292881596236e-05 0.00076801092750212693 0.00074054679606857035 -0.0006304800614060906 -0.0012179759433525812 0.0001017407978199319 0.00028493703383417079 -0.00029380308062302776 -0.00087192909157758039 0.00062870452162314908 -0.00088988164826039765 -0.00098558674333617093 -0.00015735826551099309 -0.00031509617754062148
leaf_weight=50 50 84 81 63 58 65 71 54 522 112 56 60 59 50 50 57
leaf_count=50 50 84 81 63 58 65 71 54 522 112 56 60 59 50 50 57
internal_value=-3.01409e-06 9.78671e-05 -0.000350429 2.96927e-05 -1.46909e-05 -5.89372e-05 -0.000484207 3.42869e-05 9.21314e-05 0.000182699 -0.00020764 -5.32824e-05 -0.000416009 -0.000279355 -0.000571473 2.68715e-06
internal_weight=1542 1195 347 1111 1048 990 178 812 747 634 297 241 113 181 100 107
internal_count=1542 1195 347 1111 1048 990 178 812 747 634 297 241 113 181 100 107
is_linear=0
shrinkage=0.05


Tree=26
num_leaves=20
num_cat=0
split_feature=90 114 170 83 90 86 121 92 91 73 93 165 3 96 53 125 111 68 136
split_gain=0.0195097 0.0265187 0.0198649 0.0140291 0.0186553 0.0165422 0.0166955 0.0172436 0.0123261 0.0142218 0.0119612 0.0114997 0.0103969 0.0102043 0.00837173 0.00956102 0.00639266 0.00381361 0.00240593
threshold=0.54836636781692516 0.0076220496557652959 2192670336.0000005 0.56600821018219005 0.26608224213123327 0.59811276197433483 0.14936918020248416 0.42062792181968695 -0.33475016057491297 0.53420627117156994 7.0632047653198251 372.68136596679693 0.0089624091051518934 -0.34422646462917322 0.063718039542436614 -0.015297714620828627 0.065921042114496245 0.41949559748172766 0.91196730732917797
decision_type=2 2 2 2 2 2 2 2 2 2 2 2 2 2 2 2 2 2 2
left_child=1 3 13 5 10 8 -7 -8 -1 14 -5 12 -11 16 -10 -16 17 -2 -13
right_child=2 -3 -4 4 -6 6 7 -9 9 11 -12 18 -14 -15 15 -17 -18 -19 -20
leaf_value=0.00072077097791241784 -0.00035766487604947683 0.00094957710179663824 -0.0009446234162775605 -0.00018153496391089404 0.00020002611576787983 -8.6965765697474953e-05 0.0014631717347524942 0.00027910501250859895 -0.0007823851859704461 0.00021075586231847547 -0.0011835132530182712 5.3539876360446224e-05 0.0010725965672463646 0.00045767542555216593 7.2695292406673874e-05 -0.00047778800140859507 -0.00063611823134602965 0.00022512364904272186 -0.00043696264945901933
leaf_weight=55 52 84 96 53 92 71 62 61 62 107 68 50 52 62 196 132 76 61 50
leaf_count=55 52 84 96 53 92 71 62 61 62 107 68 50 52 62 196 132 76 61 50
internal_value=-2.86338e-06 9.29738e-05 -0.000332908 2.82081e-05 -0.00033661 0.000114741 0.000523544 0.000875952 2.08742e-06 -5.8818e-05 -0.00074463 0.000228397 0.000492616 -9.89448e-05 -0.000249558 -0.000148841 -0.00028154 -4.30622e-05 -0.000191711
internal_weight=1542 1195 347 1111 213 898 194 123 704 649 121 259 159 251 390 328 189 113 100
internal_count=1542 1195 347 1111 213 898 194 123 704 649 121 259 159 251 390 328 189 113 100
is_linear=0
shrinkage=0.05


Tree=27
num_leaves=22
num_cat=0
split_feature=129 175 120 92 117 29 108 170 1 110 121 168 177 170 134 12 178 88 110 175 131
split_gain=0.0162976 0.0274312 0.0166245 0.0237495 0.0206703 0.0195382 0.0181676 0.0123248 0.0146597 0.014238 0.0155749 0.0127155 0.0215876 0.0121182 0.0100982 0.0081848 0.0069595 0.0154776 0.00837272 0.0101138 0.00510051
threshold=1.1330804228782656 9.3301486968994158 0.051974218338727958 0.34837108850479132 0.51762560009956371 0.65000000596046459 0.042231192812323577 287762768.00000006 0.032069116830825813 0.050580138340592391 0.077185258269310011 -1.6601113080978391 860.45309448242199 2583420416.0000005 0.97947728633880626 0.33043329417705541 -2.3132743835449214 -0.072017710655927644 0.034026088193058975 32.653766632080085 1.1099751591682436
decision_type=2 2 2 2 2 2 2 2 2 2 2 2 2 2 2 2 2 2 2 2 2
left_child=7 13 3 -3 5 -4 -7 8 14 11 -11 12 -9 -2 20 16 18 -18 19 -13 -1
right_child=1 2 4 -5 -6 6 -8 9 -10 10 -12 15 -14 -15 -16 -17 17 -19 -20 -21 -22
leaf_value=-1.8002182495062395e-05 -4.4037655387665074e-06 0.0015956194869998356 0.00056651809335980449 0.0002003849807508351 0.00080616252443431544 4.2852899030932398e-05 -0.0011632068714737575 -0.0011357279525502036 0.00072872371814810318 -0.0014001008473569529 -0.00026963874299839609 0.00025711973483504897 0.00015036332884554184 -0.0010411823379542387 0.00043223288631168919 -0.00048419411958437546 -0.00016017003293270068 0.0010718976917705732 0.00043795975646429255 -0.00046494892539963525 -0.0006136683303866185
leaf_weight=75 63 61 74 61 97 76 53 73 80 50 78 77 59 51 69 74 52 50 69 131 69
leaf_count=75 63 61 74 61 97 76 53 73 80 50 78 77 59 51 69 74 52 50 69 131 69
internal_value=-2.72022e-06 0.000219973 0.000405884 0.000898002 0.000205757 -8.1137e-05 -0.00045266 -0.000121372 0.000151634 -0.000233561 -0.000711226 -0.000129046 -0.000560884 -0.000468226 -6.51137e-05 -3.21234e-06 9.06997e-05 0.000443785 -3.93172e-05 -0.000197645 -0.000303426
internal_weight=1542 536 422 122 300 203 129 1006 293 713 128 585 132 114 213 453 379 102 277 208 144
internal_count=1542 536 422 122 300 203 129 1006 293 713 128 585 132 114 213 453 379 102 277 208 144
is_linear=0
shrinkage=0.05


Tree=28
num_leaves=19
num_cat=1
split_feature=90 114 170 145 30 41 88 120 186 86 87 88 112 160 157 5 172 54
split_gain=0.0172137 0.0233575 0.0173134 0.0128888 0.0128795 0.0137181 0.0128695 0.0143675 0.0127829 0.0116588 0.0114928 0.00939739 0.00878686 0.00861946 0.00841283 0.00947089 0.00778259 0.0105046
threshold=0.54836636781692516 0.0076220496557652959 2192670336.0000005 1.0923278331756594 0.12500000372529033 0.55000001192092907 -0.56560006737709034 0.050752546638250358 0 0.36315128207206732 0.32402931153774267 0.80133357644081127 -0.01334452675655484 0.97809153795242321 1.0066426992416384 0.0041888859122991571 42567386.000000007 0.29077710211277014
decision_type=2 2 2 2 2 2 2 2 1 2 2 2 2 2 2 2 2 2
left_child=1 3 11 4 5 9 7 -6 10 -1 -8 14 -10 -14 15 -2 -9 -18
right_child=2 -3 -4 -5 6 -7 8 16 12 -11 -12 -13 13 -15 -16 -17 17 -19
leaf_value=0.00020950563257792965 -1.2301521854934053e-06 0.00089136439838468848 -0.00088368113188153075 0.00072124595917846335 0.00069177266604836208 -0.00020248883493574491 -0.00034152043875895869 0.00031924548495729319 -0.000613099904192278 0.0012839566422032888 -0.0012908048167882954 0.00051922999828821052 0.00054637153385086892 -0.00010647124828960676 0.00031537491781637075 -0.00079614829074871091 0.00014995758507540708 -0.00065529462992771313
leaf_weight=50 69 84 96 63 90 60 88 94 67 51 50 50 62 274 50 82 81 81
leaf_count=50 69 84 96 63 90 60 88 94 67 51 50 50 62 274 50 82 81 81
internal_value=-2.5842e-06 8.74371e-05 -0.0003126 2.66541e-05 -1.51009e-05 0.000396321 -8.97785e-05 0.000148371 -0.000242088 0.00075205 -0.000639149 -9.41785e-05 -8.8077e-05 1.39938e-05 -0.000246768 -0.000432908 -4.26688e-05 -0.000252669
internal_weight=1542 1195 347 1111 1048 161 887 346 541 101 138 251 403 336 201 151 256 162
internal_count=1542 1195 347 1111 1048 161 887 346 541 101 138 251 403 336 201 151 256 162
cat_boundaries=0 1
cat_threshold=137
is_linear=0
shrinkage=0.05


Tree=29
num_leaves=17
num_cat=0
split_feature=90 114 170 91 30 83 178 71 73 182 47 170 7 92 45 57
split_gain=0.0155353 0.0210802 0.0156254 0.0121759 0.0114251 0.013431 0.0170295 0.0135304 0.0135816 0.0137449 0.0125953 0.0119969 0.0093671 0.00912739 0.00657842 0.00553733
threshold=0.54836636781692516 0.0076220496557652959 2192670336.0000005 -0.35243465006351465 0.12500000372529033 0.56600821018219005 -6.6882100105285636 0.43118225038051611 0.53420627117156994 0.02689022105187178 0.45833332836627966 331595952.00000006 -0.02006783057004213 0.47109432518482214 0.52500000596046459 0.52250120043754589
decision_type=2 2 2 2 2 2 2 2 2 2 2 2 2 2 2 2
left_child=1 3 13 -1 10 7 11 -6 12 -10 -5 -7 -9 14 15 -2
right_child=2 -3 -4 4 5 6 -8 8 9 -11 -12 -13 -14 -15 -16 -17
leaf_value=0.00077230137769500014 0.00030678704044839831 0.00084679616954547654 -0.00083949707179726836 -0.00012772892859564829 0.00056260563889230341 -0.00035580317169121747 0.00014975073711618529 -0.00064736870342585462 2.807913252896609e-05 0.00095136120775714521 0.00076437778174455006 -0.0014251466234461131 -0.00010041769741711996 0.00031380245830708495 -0.00072411734617475545 -0.00043734537903219464
leaf_weight=52 50 84 96 70 97 54 66 112 208 50 91 51 260 90 61 50
leaf_count=52 50 84 96 70 97 54 66 112 208 50 91 51 260 90 61 50
internal_value=-2.45499e-06 8.30652e-05 -0.00029697 2.53214e-05 -1.13575e-05 -8.08964e-05 -0.000479604 1.2885e-05 -7.17546e-05 0.00020701 0.000376505 -0.000875199 -0.000265091 -8.94695e-05 -0.000314901 -6.52792e-05
internal_weight=1542 1195 347 1111 1059 898 171 727 630 258 161 105 372 251 161 100
internal_count=1542 1195 347 1111 1059 898 171 727 630 258 161 105 372 251 161 100
is_linear=0
shrinkage=0.05


Tree=30
num_leaves=15
num_cat=0
split_feature=149 146 161 135 39 91 72 182 182 148 159 75 114 111
split_gain=0.015555 0.0188143 0.0123637 0.0162234 0.0277857 0.0133561 0.0118544 0.00950522 0.0129393 0.0119122 0.0095067 0.00994666 0.00788919 0.00709799
threshold=0.48612593114376074 0.74764597415924083 1.2145489454269411 0.96473950147628795 0.45000000298023229 0.30866628885269171 0.46661888062953955 0.03794649429619313 0.029397942125797275 1.3839564919471743 0.93532389402389537 0.56999722123146068 0.0025710413465276365 0.062183100730180747
decision_type=2 2 2 2 2 2 2 2 2 2 2 2 2 2
left_child=-1 -2 3 4 -3 -5 -4 8 10 -10 13 -12 -6 -8
right_child=1 2 6 5 12 -7 7 -9 9 -11 11 -13 -14 -15
leaf_value=0.00068407091361300009 -0.00091900758741844809 0.0015606604429765367 -0.00075780823781590727 0.0003072045758248322 0.00056649389225640336 -0.00078124125017590518 -9.9986015559425738e-05 0.00044655485849417971 -0.0011001133649033827 -0.00014179493357207524 -3.4912311308522093e-05 0.00057956962076762106 -0.00031735238260444023 -0.0008880344577537815
leaf_weight=71 63 51 66 63 51 51 62 83 59 72 673 73 50 53
leaf_count=71 63 51 66 63 51 51 62 83 59 72 673 73 50 53
internal_value=-3.87542e-05 -7.36661e-05 -3.5815e-05 0.000271157 0.000609324 -0.000179732 -0.000107379 -6.74458e-05 -0.000110452 -0.000573404 -4.00144e-05 2.5218e-05 0.000128946 -0.000463174
internal_weight=1541 1470 1407 266 152 114 1141 1075 992 131 861 746 101 115
internal_count=1541 1470 1407 266 152 114 1141 1075 992 131 861 746 101 115
is_linear=0
shrinkage=0.05


Tree=31
num_leaves=14
num_cat=0
split_feature=149 146 161 172 46 134 72 182 108 136 88 71 145
split_gain=0.0140384 0.0169799 0.0111582 0.0149826 0.0167791 0.0257767 0.0106986 0.00857846 0.012803 0.011599 0.00923306 0.0108009 0.0107596
threshold=0.48612593114376074 0.74764597415924083 1.2145489454269411 14923430.500000002 0.48333333432674414 0.97051218152046215 0.46661888062953955 0.03794649429619313 0.043953882530331619 0.91899821162223827 -0.54515635967254628 0.47132611274719244 0.99994546175003063
decision_type=2 2 2 2 2 2 2 2 2 2 2 2 2
left_child=-1 -2 3 -3 -5 -6 -4 8 10 -10 12 -12 -8
right_child=1 2 6 4 5 -7 7 -9 9 -11 11 -13 -14
leaf_value=0.00064986734244190355 -0.00087305721406462714 -0.00033572616057905467 -0.00071991782716588314 -0.00010659404389722721 0.0016945155832777696 0.00020600896806916518 -0.00019479166568316943 0.00042422712477750192 -0.0011750381119854866 -0.00015149174132309256 -0.0004350255051371454 8.8454955921308703e-06 0.00043006255249941573
leaf_weight=71 63 76 66 72 52 66 112 83 50 62 217 372 179
leaf_count=71 63 76 66 72 52 66 112 83 50 62 217 372 179
internal_value=-3.68165e-05 -6.99828e-05 -3.40243e-05 0.000257599 0.00049493 0.000861961 -0.00010201 -6.40735e-05 -0.000104929 -0.000608432 -4.08471e-05 -0.000154686 0.000189569
internal_weight=1541 1470 1407 266 190 118 1141 1075 992 112 880 589 291
internal_count=1541 1470 1407 266 190 118 1141 1075 992 112 880 589 291
is_linear=0
shrinkage=0.05


Tree=32
num_leaves=22
num_cat=1
split_feature=91 26 31 113 186 12 157 168 68 180 71 157 33 27 161 123 116 46 129 136 168
split_gain=0.0132153 0.0134079 0.0198411 0.0184752 0.0174713 0.0200323 0.0202019 0.0121115 0.0152104 0.0158513 0.0119384 0.00927501 0.0090897 0.00890044 0.0088551 0.00788628 0.0077521 0.00646336 0.00623973 0.00606898 0.005046
threshold=-0.35243465006351465 0.35000000894069677 0.28333334624767309 0.0078928736038506048 0 0.24076993763446811 0.71315234899520885 -13.917551040649412 0.50793027877807628 133.3059005737305 0.53863242268562328 1.2758855223655703 -0.50000001490116108 0.45833332836627966 1.4771686792373659 -0.0049129645340144626 -5.1793573220493265e-05 0.55000001192092907 1.095214903354645 0.96778038144111644 0.10273338481783868
decision_type=2 2 2 2 1 2 2 2 2 2 2 2 2 2 2 2 2 2 2 2 2
left_child=-1 2 -2 4 5 6 -3 -4 12 -10 11 16 18 -8 -11 -7 19 -14 -9 -6 -18
right_child=1 3 7 -5 10 15 13 8 9 14 -12 -13 17 -15 -16 -17 20 -19 -20 -21 -22
leaf_value=0.00074855061964346822 -0.0010150517931686262 0.0015847153514258418 0.00053483722894255201 -0.00065855746964566279 0.00046597180167267543 0.00030305869464064019 0.00094822207592423421 5.9302414684921881e-05 1.6000344097448438e-06 -0.0013902245384347877 0.00068547038776159755 0.00040933963525500425 1.5345547534894966e-05 0.00014731626762798058 -0.00050495727214423054 -0.00058498856239020834 -0.00080105414739451732 0.00077252053158065564 -0.00059665904689663613 -0.00026271867289598855 -0.00025776927776102336
leaf_weight=52 74 51 59 82 62 50 54 79 73 56 50 69 63 97 57 50 52 51 67 53 240
leaf_count=52 74 51 59 82 62 50 54 79 73 56 50 69 63 97 57 50 52 51 67 53 240
internal_value=-3.49756e-05 -6.23385e-05 -0.000250436 5.73413e-05 0.00012824 0.000423775 0.000724327 -0.000138394 -0.000227454 -0.000572679 -4.85734e-05 -0.000126699 1.95156e-05 0.000433733 -0.000943674 -0.000140965 -0.000217576 0.000354082 -0.000241721 0.000130141 -0.000354519
internal_weight=1541 1489 579 910 828 302 202 505 446 186 526 476 260 151 113 100 407 114 146 115 292
internal_count=1541 1489 579 910 828 302 202 505 446 186 526 476 260 151 113 100 407 114 146 115 292
cat_boundaries=0 1
cat_threshold=24
is_linear=0
shrinkage=0.05


Tree=33
num_leaves=15
num_cat=0
split_feature=149 113 27 121 106 121 110 86 86 146 146 32 21 100
split_gain=0.0124438 0.015288 0.0175922 0.0188775 0.0151488 0.0140535 0.0220957 0.0131004 0.0120672 0.0116708 0.0114806 0.0092151 0.00800056 0.00999376
threshold=0.48612593114376074 0.0078928736038506048 0.85833334922790538 0.21343857795000079 0.91031110286712658 0.068963397294282927 0.062131749466061599 0.47862739861011511 0.66686958074569713 0.96052676439285289 0.95953431725502025 0.35833333432674414 0.044227112084627158 1.0286893248558047
decision_type=2 2 2 2 2 2 2 2 2 2 2 2 2 2
left_child=-1 2 4 7 -2 10 8 -4 9 -7 -6 -5 -12 -14
right_child=1 -3 3 11 5 6 -8 -9 -10 -11 12 -13 13 -15
leaf_value=0.00061328246054882319 -0.00095862788229715079 -0.00074562778690261231 0.0002560786757782229 -0.00055055991272886541 -0.0010513202578580356 -0.00038728384799924243 0.00083683193150089867 0.0013161345450615983 0.00048135727974635734 4.7210697992527577e-05 -0.0006891524809775133 0.00031987577439234458 -0.00058346351730246431 0.0002358257239196777
leaf_weight=71 50 78 55 55 51 256 78 62 94 390 66 68 56 111
leaf_count=71 50 78 55 55 51 256 78 62 94 390 66 68 56 111
internal_value=-3.32269e-05 -6.44528e-05 -2.62835e-05 0.000363148 -0.000107415 -6.87938e-05 3.64156e-05 0.000817818 -4.79526e-05 -0.000124973 -0.000371826 -6.93434e-05 -0.000223096 -3.8906e-05
internal_weight=1541 1470 1392 240 1152 1102 818 117 740 646 284 123 233 167
internal_count=1541 1470 1392 240 1152 1102 818 117 740 646 284 123 233 167
is_linear=0
shrinkage=0.05


Tree=34
num_leaves=17
num_cat=0
split_feature=106 102 1 53 44 12 116 57 173 111 92 102 21 26 98 90
split_gain=0.0116148 0.0181621 0.0154676 0.0145371 0.0166132 0.0202088 0.0181834 0.0112795 0.00993258 0.0103822 0.00907582 0.0102734 0.00818952 0.00778703 0.00591599 0.00586598
threshold=0.8890606462955476 1.0196497440338137 0.03615629859268666 0.06155002303421498 0.55000001192092907 0.18197204172611239 -0.00033926978358067567 0.55393481254577648 0.63020393252372753 0.10047379508614541 0.51071289181709301 0.99215230345726024 0.12936861813068393 0.18333333730697635 1.0666397213935854 0.1501484885811806
decision_type=2 2 2 2 2 2 2 2 2 2 2 2 2 2 2 2
left_child=1 -1 8 -4 6 -6 -5 -8 -2 10 11 -10 14 -12 -13 -14
right_child=2 -3 3 4 5 -7 7 -9 9 -11 13 12 15 -15 -16 -17
leaf_value=-0.00099266169550052538 0.00042299293606695514 0.00017993413332417625 -0.00049406140448991212 0.0009006763897979489 0.0014785964702381396 0.00021679812972809397 -0.00069896110450871842 0.00024766328106544773 -0.00049919752020672822 -0.00072755393494470123 -0.0009588662130922518 -0.00041754944637668401 -7.4785070917187117e-05 -0.00014898459616438553 0.00010557680752358663 0.00030188238480112804
leaf_weight=75 88 59 50 52 65 62 61 65 99 68 51 131 160 71 92 292
leaf_count=75 88 59 50 52 65 62 61 65 99 68 51 131 160 71 92 292
internal_value=-3.15655e-05 -0.00047637 1.07968e-05 0.00029618 0.000425728 0.0008626 0.000114026 -0.000210623 -8.55065e-05 -0.000131925 -8.67215e-05 -2.35432e-05 4.62195e-05 -0.000487542 -0.000201731 0.000168549
internal_weight=1541 134 1407 355 305 127 178 126 1052 964 896 774 675 122 223 452
internal_count=1541 134 1407 355 305 127 178 126 1052 964 896 774 675 122 223 452
is_linear=0
shrinkage=0.05


Tree=35
num_leaves=23
num_cat=0
split_feature=172 118 1 26 106 86 117 88 159 113 170 86 157 143 161 146 163 132 15 88 70 132
split_gain=0.0141037 0.0162721 0.0155673 0.0212687 0.0162443 0.018573 0.0152056 0.0171217 0.0178689 0.0141486 0.0113933 0.010945 0.0085185 0.00784403 0.00734256 0.00726405 0.00595674 0.00687141 0.011604 0.00474473 0.00296531 0.00275437
threshold=82683268.000000015 0.42893204092979437 0.033620072528719909 0.28333334624767309 1.0186620354652407 0.61471128463745128 0.26476784050464636 -0.015640533529222008 1.2613740563392641 -0.0099279056303203089 3529051520.0000005 0.64702033996582042 0.64489841461181652 0.97079390287399303 1.2191485166549685 0.97422522306442272 141.42733001708987 0.99378710985183727 0.21249999850988391 -0.46839106082916254 0.4958872795104981 0.9841962754726411
decision_type=2 2 2 2 2 2 2 2 2 2 2 2 2 2 2 2 2 2 2 2 2 2
left_child=2 6 12 -4 5 -5 7 9 -9 -2 11 20 15 -14 -15 -1 21 18 -18 -11 -8 -16
right_child=1 -3 3 4 -6 -7 10 8 -10 19 -12 -13 13 14 16 -17 17 -19 -20 -21 -22 -23
leaf_value=-0.00087090374767689763 -0.00093088672643609576 0.00043431333213401297 -0.00034068577248309677 -6.6789134006184107e-05 0.0013974231385401692 0.0010746619593099518 -0.00034509070606932778 -0.00048142102351359103 -0.0017364909098552814 0.0004368880328256637 -0.00058232010116728526 0.00075143637303633367 -0.00051343653414126793 0.0005115109145388192 -0.00056171567185419225 -6.5047704165094888e-05 0.00076308097544640504 -0.00024092707716633977 -3.7476637747736197e-05 -0.00025193175914319004 0.0001715209661365496 -8.553347550781064e-05
leaf_weight=54 51 78 73 90 54 59 61 61 53 50 71 55 60 86 52 58 79 84 106 50 51 73
leaf_count=54 51 78 73 90 54 59 61 61 53 50 71 55 60 86 52 58 79 84 106 50 51 73
internal_value=-4.44556e-05 -0.000237643 7.64944e-05 0.000391249 0.000654458 0.000385195 -0.000341843 -0.00060237 -0.00106492 -0.000253162 -5.17592e-05 0.000173809 -5.67454e-05 2.55622e-05 9.2937e-05 -0.000453585 1.5732e-06 0.0001341 0.000304383 9.24781e-05 -0.000109848 -0.000283625
internal_weight=1509 581 928 276 203 149 503 265 114 151 238 167 652 540 480 112 394 269 185 100 112 125
internal_count=1509 581 928 276 203 149 503 265 114 151 238 167 652 540 480 112 394 269 185 100 112 125
is_linear=0
shrinkage=0.05


Tree=36
num_leaves=17
num_cat=0
split_feature=172 118 106 154 156 110 62 182 19 88 92 93 171 93 146 117
split_gain=0.0127286 0.0146856 0.0140376 0.014529 0.0135947 0.0137349 0.0126747 0.0106605 0.011882 0.0130756 0.0104579 0.00805542 0.00755955 0.00753123 0.00677013 0.00615
threshold=82683268.000000015 0.42893204092979437 0.93479710817337047 0.6556634008884431 0.21805221587419513 0.06746555864810945 0.40407425165176397 0.029397942125797275 0.79682847857475292 0.74523770809173595 0.42062792181968695 19.262817382812504 60791418.000000007 2.7276436090469365 0.96150973439216625 0.18664089590311053
decision_type=2 2 2 2 2 2 2 2 2 2 2 2 2 2 2 2
left_child=4 2 6 10 -1 7 -2 8 9 12 11 15 14 -12 -6 -4
right_child=1 -3 3 -5 5 -7 -8 -9 -10 -11 13 -13 -14 -15 -16 -17
leaf_value=0.00076998631568410652 -0.00021595656230080052 0.00041259767770101559 -0.0006573579892938142 0.00043788395124937768 -0.00027038523180452294 0.0006083861383916209 -0.0011808256698052654 -0.00069346682038316039 -0.0006738408674117004 0.00084408388145675419 -0.00030656751279639139 0.00043624074876424859 0.00050370593984444534 -0.0011743940331507474 8.9419589748783288e-05 1.5759774063374439e-05
leaf_weight=65 61 78 65 79 223 89 77 59 59 50 50 50 67 50 316 71
leaf_count=65 61 78 65 79 223 89 77 59 59 50 50 50 67 50 316 71
internal_value=-4.22328e-05 -0.00022576 -0.00032475 -0.000162336 7.26697e-05 2.01488e-05 -0.000754326 -4.74909e-05 5.81338e-06 6.69408e-05 -0.000328131 -0.000106437 2.8201e-06 -0.000740481 -5.94421e-05 -0.000305951
internal_weight=1509 581 503 365 928 863 138 774 715 656 286 186 606 100 539 136
internal_count=1509 581 503 365 928 863 138 774 715 656 286 186 606 100 539 136
is_linear=0
shrinkage=0.05


Tree=37
num_leaves=23
num_cat=0
split_feature=156 151 182 81 151 117 123 183 1 88 69 91 126 12 124 110 151 170 22 11 137 132
split_gain=0.0117042 0.0184948 0.0126073 0.0124865 0.016428 0.013728 0.0156689 0.0156568 0.0228348 0.0119499 0.0112955 0.0109171 0.0134778 0.0101287 0.00881595 0.00807111 0.00780262 0.00788263 0.00689229 0.00665152 0.00448397 0.00269171
threshold=0.24916281551122668 0.71488913893699657 0.021066155284643177 -0.02031344827264547 1.7566453218460085 0.019755257293581966 0.015598539263010027 -0.031286569312214844 0.031267458572983749 0.10145380720496179 0.41696181893348699 0.29502676427364355 -0.07666455581784247 0.061804752796888358 -0.023412612266838547 0.044252507388591773 1.2894666790962221 1766481856.0000002 0.47519119083881384 0.99100440740585338 1.0153852701187136 0.99408903717994701
decision_type=2 2 2 2 2 2 2 2 2 2 2 2 2 2 2 2 2 2 2 2 2 2
left_child=2 14 -1 4 10 -5 7 -7 18 -10 13 12 -6 -3 -2 -13 19 20 -9 -12 -18 -21
right_child=1 3 -4 5 11 6 -8 8 9 -11 16 15 -14 -15 -16 -17 17 -19 -20 21 -22 -23
leaf_value=-0.00017764470508996896 -0.0002685911690350622 -0.00024424013128736987 0.0008162127707132291 -0.00047943636875484802 0.0011210858112899586 -0.0003599133957440274 -0.00053874751619231481 0.00044646362196848108 0.00059068697143811744 0.0016838431741343811 0.00033711933378981489 0.00012175234146378635 7.9548487541969962e-05 -0.0011973230927694767 -0.0012075242726132275 -0.0006609403942432027 0.00013112617402189893 -0.00087030503087426867 -0.00011519603737145769 -0.00050803362621361608 -0.0005074416098001099 5.7700124452821915e-06
leaf_weight=54 50 50 78 73 50 62 54 144 50 50 88 93 82 63 50 51 56 67 88 52 54 50
leaf_count=54 50 50 78 73 50 62 54 144 50 50 88 93 82 63 50 51 56 67 88 52 54 50
internal_value=-4.01212e-05 -8.3235e-05 0.000409635 -3.19568e-05 -0.00016175 0.00015638 0.000259984 0.000369455 0.000505663 0.00113727 -0.00033849 0.000145624 0.00047407 -0.000775605 -0.000738058 -0.000155451 -0.000203902 -0.000442764 0.00023342 1.86171e-05 -0.000182353 -0.000256169
internal_weight=1509 1377 132 1277 756 521 448 394 332 100 480 276 132 113 100 144 367 177 232 190 110 102
internal_count=1509 1377 132 1277 756 521 448 394 332 100 480 276 132 113 100 144 367 177 232 190 110 102
is_linear=0
shrinkage=0.05


Tree=38
num_leaves=22
num_cat=0
split_feature=88 90 5 106 68 158 182 31 4 87 32 106 110 92 88 132 71 110 161 27 69
split_gain=0.0114718 0.0144189 0.0138229 0.0134862 0.0106543 0.0152167 0.0133578 0.0184408 0.0124939 0.0105654 0.0100609 0.00858821 0.00791457 0.00804457 0.00760232 0.00760225 0.00749432 0.0071097 0.00868627 0.00668949 0.00486267
threshold=0.88478887081146251 0.54836636781692516 0.018528234213590625 0.9291236698627473 0.50588279962539684 1.454404950141907 0.027710364200174812 0.55000001192092907 0.24882445484399798 0.36448483169078832 0.041666667908430106 1.0844965577125552 0.046005599200725562 0.33135484158992773 -0.54515635967254628 0.97382295131683361 0.49025420844554907 0.033825872465968139 1.5932289958000185 0.75833332538604747 0.43938289582729345
decision_type=2 2 2 2 2 2 2 2 2 2 2 2 2 2 2 2 2 2 2 2 2
left_child=1 2 4 15 8 6 7 9 10 -6 -1 12 16 -14 -9 -3 -10 -12 -19 20 -5
right_child=-2 3 -4 19 5 -7 -8 14 11 -11 17 -13 13 -15 -16 -17 -18 18 -20 -21 -22
leaf_value=-0.00075954965686833022 0.00064532261362034923 -0.0012780612977221608 0.00070758526102615777 -7.118845277200935e-06 -0.00019472683652896772 0.00035392485455364235 -0.0010874703066127206 -0.00014592019962409223 0.00019500000823333315 0.00080434901960246613 -0.00031912897301433416 0.00088739727076494557 -0.00062834149907575916 0.00025579073811762631 -0.00081323713438055548 -0.00041857934817737672 0.00086926716009016938 0.00069893929655990455 -0.00019469712984013872 0.00024143164814449848 -0.00061857385011830342
leaf_weight=56 59 50 68 58 55 91 55 71 174 51 95 51 50 53 107 53 54 57 52 75 74
leaf_count=56 59 50 68 58 55 91 55 71 174 51 95 51 50 53 107 53 54 57 52 75 74
internal_value=-3.81151e-05 -6.5924e-05 1.62965e-05 -0.000368283 -2.75539e-05 -0.00022016 -0.000374265 -0.000236144 0.00010145 0.000285961 -0.000165911 0.000283423 0.000190363 -0.0001734 -0.00054706 -0.000835804 0.000354695 -2.9508e-06 0.000272617 -0.000135652 -0.000349904
internal_weight=1509 1450 1140 310 1072 430 339 284 642 106 260 382 331 103 178 103 228 204 109 207 132
internal_count=1509 1450 1140 310 1072 430 339 284 642 106 260 382 331 103 178 103 228 204 109 207 132
is_linear=0
shrinkage=0.05


Tree=39
num_leaves=15
num_cat=1
split_feature=170 182 156 0 162 123 50 91 163 186 6 151 160 4
split_gain=0.0105982 0.0177667 0.0122541 0.0124338 0.0116214 0.00915119 0.00811042 0.00771289 0.00969296 0.0109705 0.00749294 0.00659237 0.00614171 0.00433002
threshold=3764040448.0000005 0.039719892665743835 0.21805221587419513 -0.035780506208539002 143.32051086425784 0.015598539263010027 -0.075000001117587076 0.56994909048080455 331.39321899414068 0 0.12534916400909427 1.7566453218460085 1.3296114206314089 0.32449981570243841
decision_type=2 2 2 2 2 2 2 2 2 1 2 2 2 2
left_child=1 2 -1 -4 6 7 -2 8 9 -5 -9 -10 -7 -12
right_child=4 -3 3 5 -6 12 -8 10 11 -11 13 -13 -14 -15
leaf_value=0.00059628263329310964 0.00030955626479827532 0.00093689076951704916 -0.0008264272701233174 0.00048310543302250154 -0.00094439733204328353 -0.00073765267162587047 -0.00053052355897307277 0.00019678526236853266 -0.00020530132246303915 -9.9878548840139099e-06 -0.00077508608158041172 0.00029262332253117217 -4.0780901684213371e-05 -0.00019346499518633209
leaf_weight=75 59 50 51 222 63 71 56 59 305 228 64 85 57 64
leaf_count=75 59 50 51 222 63 71 56 59 305 228 64 85 57 64
internal_value=-3.62094e-05 1.22484e-05 -2.38423e-05 -6.24073e-05 -0.000398554 -2.86713e-05 -9.95261e-05 2.10151e-05 8.5666e-05 0.000243785 -0.000269395 -9.67793e-05 -0.000427327 -0.000484276
internal_weight=1509 1331 1281 1206 178 1155 115 1027 840 450 187 390 128 128
internal_count=1509 1331 1281 1206 178 1155 115 1027 840 450 187 390 128 128
cat_boundaries=0 1
cat_threshold=24
is_linear=0
shrinkage=0.05


Tree=40
num_leaves=23
num_cat=0
split_feature=3 153 117 172 1 103 172 170 121 109 88 138 179 121 45 116 87 153 158 1 168 27
split_gain=0.0174714 0.0181113 0.017353 0.0121408 0.0111862 0.0108983 0.0103131 0.00937959 0.0101051 0.00960813 0.00832596 0.00785168 0.00773759 0.0159413 0.0127553 0.00694429 0.00594231 0.00471751 0.00431065 0.00478384 0.00359632 0.00352359
threshold=0.013623679522424938 0.19728397578001025 0.37497811019420629 113858640.00000001 0.03457718342542649 0.97788259387016307 41001546.000000007 558993216.00000012 0.068963397294282927 0.064164865761995329 0.46667523682117468 1.041317939758301 8.8787136077880877 0.36028166115283972 0.52500000596046459 0.00031462236074730759 0.35479891300201422 0.27017071843147283 0.78453490138053905 0.023288885131478313 -0.060476711019873612 0.45833332836627966
decision_type=2 2 2 2 2 2 2 2 2 2 2 2 2 2 2 2 2 2 2 2 2 2
left_child=5 -2 3 6 -4 -1 -3 12 15 10 11 20 13 14 -7 17 -13 -9 -14 21 -10 -20
right_child=1 2 4 -5 -6 7 -8 8 9 -11 -12 16 18 -15 -16 -17 -18 -19 19 -21 -22 -23
leaf_value=-0.00071993886108791076 0.0011198395796088597 -0.00030903325230330949 0.00010594830420450308 -0.00074165062601024522 0.0011185680475318805 0.0013327812436797943 0.00058512280120339712 -0.0004983158219670948 0.00060388739985379894 0.00061728012811976913 -0.00055232052791758348 0.00025485845439035597 -0.00046744823496555908 -0.0001331341276495045 0.00025434053597313451 -0.00077579019554199801 -0.00038861988284247489 0.00011162997722495957 8.1191267604784417e-05 0.00031441741589333105 3.5779510373966055e-05 -0.00043287975032095955
leaf_weight=63 59 65 50 57 60 52 64 66 60 51 84 51 50 90 58 92 121 61 75 96 52 60
leaf_count=63 59 65 50 57 60 52 64 66 60 51 84 51 50 90 58 92 121 61 75 96 52 60
internal_value=1.23083e-05 0.000319912 0.000160467 -0.000133943 0.000658286 -8.00768e-05 0.000134579 -4.40524e-05 -0.000169745 -2.58833e-05 -0.000115017 1.43259e-05 0.000122666 0.000360372 0.000764149 -0.000444987 -0.000197821 -0.00020535 -4.65188e-05 4.45915e-05 0.000340123 -0.000147285
internal_weight=1537 355 296 186 110 1182 129 1119 638 419 368 284 481 200 110 219 172 127 281 231 112 135
internal_count=1537 355 296 186 110 1182 129 1119 638 419 368 284 481 200 110 219 172 127 281 231 112 135
is_linear=0
shrinkage=0.05


Tree=41
num_leaves=16
num_cat=0
split_feature=3 91 4 157 110 106 173 181 108 99 100 87 34 6 135
split_gain=0.0157679 0.0191163 0.0224019 0.0117831 0.0109075 0.00996561 0.00932102 0.00694505 0.00702894 0.00866573 0.00692671 0.0139418 0.00848525 0.00596718 0.00466692
threshold=0.013623679522424938 0.47844171524047857 0.44311775267124182 0.79038161039352428 0.045124920085072524 0.8890606462955476 0.63020393252372753 0.041570212692022331 0.042231192812323577 1.1400739550590517 1.0793120265007021 0.35479891300201422 0.65000000596046459 0.13408239930868152 0.95878583192825328
decision_type=2 2 2 2 2 2 2 2 2 2 2 2 2 2 2
left_child=5 2 -2 -4 -5 -1 -7 8 9 10 12 -12 -8 -3 -10
right_child=1 13 3 4 -6 6 7 -9 14 -11 11 -13 -14 -15 -16
leaf_value=-0.00065037599567186193 0.0013977998581363774 0.00011668418252079841 0.00084644867042158497 0.00045199483900952532 -0.00055365895596668662 0.00043978493115617466 2.1845376939750665e-05 0.00047974119879654612 -0.00014650608837837354 0.000498429702692813 0.00028956927324179561 -0.00071596265179241442 -0.00060768528595779852 -0.00057360844158600753 -0.00081110451437780293
leaf_weight=71 61 71 59 56 52 93 577 52 50 63 50 111 59 56 56
leaf_count=71 61 71 59 56 52 93 577 52 50 63 50 111 59 56 56
internal_value=1.16929e-05 0.000303916 0.000577753 0.000278215 -3.22088e-05 -7.6073e-05 -3.93714e-05 -8.3145e-05 -0.000113445 -6.60941e-05 -0.000110718 -0.000403686 -3.65545e-05 -0.000187697 -0.000497615
internal_weight=1537 355 228 167 108 1182 1111 1018 966 860 797 161 636 127 106
internal_count=1537 355 228 167 108 1182 1111 1018 966 860 797 161 636 127 106
is_linear=0
shrinkage=0.05


Tree=42
num_leaves=19
num_cat=0
split_feature=159 146 148 30 88 129 27 37 119 121 131 31 161 159 84 5 120 4
split_gain=0.0150315 0.0166917 0.0186576 0.0101921 0.0109483 0.0113546 0.0103118 0.0118709 0.0102295 0.00949004 0.00889066 0.00828462 0.00807175 0.00770569 0.00768038 0.00800772 0.0070821 0.00313429
threshold=0.77169284224510204 0.76958847045898449 0.56388702988624584 0.17500000447034839 1.0000000180025095e-35 1.0949187874794009 0.84166666865348827 0.14166667312383655 0.39737159013748174 0.038816316053271301 1.2508127093315127 0.11666667088866235 1.5040547251701357 1.2416263818740847 0.15750912576913836 0.0035849445266649131 0.3133379071950913 0.29777145385742193
decision_type=2 2 2 2 2 2 2 2 2 2 2 2 2 2 2 2 2 2
left_child=-1 -2 -3 6 5 12 7 13 9 -7 14 -9 -5 -4 -6 -16 -8 -14
right_child=1 2 3 4 10 8 16 11 -10 -11 -12 -13 17 -15 15 -17 -18 -19
leaf_value=0.0008007019460913806 -0.00072228099574203955 0.0007045686093186559 0.00079550155308606924 0.00064386792962940666 -0.00086082624682121502 -0.0008449720456714235 0.00083289694667644347 3.8029237867494186e-05 0.00047205248850202354 -0.00013003815642605333 0.00015633212542161346 -0.00085449409889931226 -0.00026101116228136772 -3.5802059158283687e-05 3.0482415342703465e-05 -0.00059044996387119352 0.00013515416640350877 0.00026345352874606822
leaf_weight=58 80 93 50 98 83 57 81 52 56 250 75 52 52 63 100 108 66 63
leaf_count=58 80 93 50 98 83 57 81 52 56 250 75 52 52 63 100 108 66 63
internal_value=1.11082e-05 -1.98562e-05 2.0311e-05 -2.84148e-05 -0.000115242 2.06355e-05 0.000196286 -2.27494e-05 -0.000149416 -0.000262778 -0.000329082 -0.000408232 0.000310442 0.000332031 -0.000454189 -0.000291925 0.000519625 2.63043e-05
internal_weight=1537 1479 1399 1306 942 576 364 217 363 307 366 104 213 113 291 208 147 115
internal_count=1537 1479 1399 1306 942 576 364 217 363 307 366 104 213 113 291 208 147 115
is_linear=0
shrinkage=0.05


Tree=43
num_leaves=10
num_cat=0
split_feature=159 146 148 10 7 184 105 85 173
split_gain=0.0135659 0.0150642 0.0168385 0.00970278 0.0198199 0.00877787 0.00704369 0.00694461 0.00717301
threshold=0.77169284224510204 0.76958847045898449 0.56388702988624584 1.0461177229881289 -0.032621588557958596 -0.074045896530151353 1.0563089251518252 0.7967548966407777 1.312410354614258
decision_type=2 2 2 2 2 2 2 2 2
left_child=-1 -2 -3 4 -4 6 -6 8 -7
right_child=1 2 3 -5 5 7 -8 -9 -10
leaf_value=0.00076066687176754738 -0.00068616695964010435 0.00066934017532114544 0.00088697851379341349 -0.00071005006157793106 5.4549215361475949e-05 9.9767714222012972e-06 -0.00068861244231315649 0.00048589234721086024 -0.00048963318426663489
leaf_weight=58 80 93 60 50 50 910 88 70 78
leaf_count=58 80 93 60 50 50 910 88 70 78
internal_value=1.05528e-05 -1.88634e-05 1.92955e-05 -2.69941e-05 1.97623e-07 -4.42897e-05 -0.000419351 4.63132e-06 -2.94661e-05
internal_weight=1537 1479 1399 1306 1256 1196 138 1058 988
internal_count=1537 1479 1399 1306 1256 1196 138 1058 988
is_linear=0
shrinkage=0.05


Tree=44
num_leaves=11
num_cat=0
split_feature=166 156 181 106 173 157 110 158 89 57
split_gain=0.0106563 0.0179186 0.00996724 0.0152394 0.00816573 0.0168495 0.0101805 0.0125188 0.00957716 0.00955063
threshold=66.46228408813478 0.20110190659761432 0.049248972907662399 0.8890606462955476 1.2929086685180666 0.94658562541008007 0.06535192579030992 0.89253297448158275 -0.73672577738761891 0.57499131560325634
decision_type=2 2 2 2 2 2 2 2 2 2
left_child=1 -1 3 -3 6 -6 8 -8 -5 -10
right_child=-2 2 -4 4 5 -7 7 -9 9 -11
leaf_value=0.00088085744993198509 -0.0007006321068140953 -0.00066900845810161482 0.00063509185982461608 0.00066795336218395578 -0.0010545594749811035 0.00014889840601950489 0.0010337960353353993 7.0946806808933622e-05 -9.5902211155713687e-05 0.00036920846210619418
leaf_weight=60 51 87 59 51 52 66 56 85 843 127
leaf_count=60 51 87 59 51 52 66 56 85 843 127
internal_value=1.00252e-05 3.44152e-05 -1.19953e-06 -2.8662e-05 1.48616e-05 -0.000381439 5.51055e-05 0.000453355 1.07279e-07 -3.50063e-05
internal_weight=1537 1486 1426 1367 1280 118 1162 141 1021 970
internal_count=1537 1486 1426 1367 1280 118 1162 141 1021 970
is_linear=0
shrinkage=0.05


Tree=45
num_leaves=17
num_cat=0
split_feature=5 119 92 75 111 72 117 75 113 129 182 94 124 97 119 49
split_gain=0.0120865 0.0116528 0.0102535 0.0119654 0.010638 0.0163981 0.0126932 0.012097 0.0123257 0.0120784 0.0105285 0.010443 0.00719561 0.00563449 0.00539406 0.00520732
threshold=0.02238220535218716 0.57298174500465404 0.0061768305022269496 0.56893852353096019 0.048410069197416312 0.47099164128303533 0.49404837191104894 0.47059215605258947 -0.012791357934474943 1.1865954995155337 0.02132584992796183 1.128776013851166 0.0021513674873858695 1.036136329174042 0.12055142223834993 -1.0000000180025095e-35
decision_type=2 2 2 2 2 2 2 2 2 2 2 2 2 2 2 2
left_child=1 2 14 4 5 -4 7 11 -9 15 12 -6 -7 -5 -1 -8
right_child=-2 -3 3 13 6 10 9 8 -10 -11 -12 -13 -14 -15 -16 -17
leaf_value=0.00064847454107648723 0.00071577257654603784 0.00050905302310495879 -0.00077821323571635923 0.00076036295557787529 -0.000395296398550272 0.00012916709111455166 -0.00055288418828110611 -0.00097810746860259637 -0.00018354802754780015 0.00064100142700493151 0.00062026344947786662 -0.0013937105069106277 -0.00038858702132331575 4.6975315912746853e-05 4.284084202645975e-05 8.2636829888956125e-05
leaf_weight=66 54 89 59 50 50 248 63 58 308 58 82 55 92 62 83 66
leaf_count=66 54 89 59 50 50 248 63 58 308 58 82 55 92 62 83 66
internal_value=-1.90589e-05 -4.57083e-05 -8.09752e-05 -0.000127674 -0.000176164 2.55812e-06 -0.000306811 -0.000445185 -0.000309462 4.17134e-05 0.000111718 -0.000918275 -1.09311e-05 0.000365452 0.000311108 -0.000227734
internal_weight=1543 1489 1400 1251 1139 481 658 471 366 187 422 105 340 112 149 129
internal_count=1543 1489 1400 1251 1139 481 658 471 366 187 422 105 340 112 149 129
is_linear=0
shrinkage=0.05


Tree=46
num_leaves=12
num_cat=0
split_feature=5 119 159 107 85 143 12 158 87 36 41
split_gain=0.0109081 0.0105166 0.00938139 0.0127502 0.0108444 0.0135794 0.0112758 0.0103743 0.0141129 0.0128685 0.00693328
threshold=0.02238220535218716 0.57298174500465404 1.8641463518142702 0.017096890136599544 -0.32463319599628443 1.0407602787017824 0.33043329417705541 0.81912794709205639 0.48469664156436926 0.31666667759418493 0.45000000298023229
decision_type=2 2 2 2 2 2 2 2 2 2 2
left_child=1 2 4 -4 -1 6 7 9 -9 -6 -8
right_child=-2 -3 3 -5 5 -7 10 8 -10 -11 -12
leaf_value=-0.00073596587571412772 0.00067998395881861348 0.000483600372206822 -0.00014859027162726439 0.00087880409485259058 -6.9242550576429648e-06 -0.00066645412083269793 -6.7284935956944111e-05 0.00015214494225950013 -0.00027723490216280991 0.00079132844603413519 -0.00075204022648028552
leaf_weight=67 54 89 63 58 115 92 68 393 373 90 81
leaf_count=67 54 89 63 58 115 92 68 393 373 90 81
internal_value=-1.8106e-05 -4.34229e-05 -7.69265e-05 0.00034388 -0.000116737 -8.25056e-05 -3.45384e-05 2.76083e-05 -5.69395e-05 0.000343528 -0.000439534
internal_weight=1543 1489 1400 121 1279 1212 1120 971 766 205 149
internal_count=1543 1489 1400 121 1279 1212 1120 971 766 205 149
is_linear=0
shrinkage=0.05


Tree=47
num_leaves=19
num_cat=0
split_feature=3 69 90 89 12 75 136 171 85 83 86 159 101 2 160 146 5 132
split_gain=0.0103814 0.0211002 0.0173936 0.0148913 0.0101352 0.00978675 0.00873916 0.00775113 0.00720315 0.00748079 0.00654385 0.00618435 0.00600618 0.00675328 0.00609771 0.00578695 0.00575137 0.00479772
threshold=0.014262598473578693 0.47404897212982183 0.48525635898113256 0.30684128403663641 0.33550812304019934 0.56893852353096019 0.82338237762451183 148028360.00000003 -0.092633683234453187 -0.1130426488816738 0.60304275155067455 1.344976603984833 0.89268130064010631 -0.62401831150054921 1.471863389015198 0.99010035395622265 0.0019685116130858664 0.98160660266876232
decision_type=2 2 2 2 2 2 2 2 2 2 2 2 2 2 2 2 2 2
left_child=4 -2 3 -3 5 6 7 10 9 -8 17 -6 -10 16 -15 -7 -14 -1
right_child=1 2 -4 -5 11 15 8 -9 12 -11 -12 -13 13 14 -16 -17 -18 -19
leaf_value=-0.00074698409906497022 -0.00038198534478923606 0.00044251116144683754 -9.9584863423124732e-05 0.0015011505216122869 -0.00076825443298101747 0.00076233599663777442 -8.6183102330719329e-06 -0.00085673797804159681 0.00059867620858473382 -0.00070621827507597068 0.00020832658293798114 -6.1082520755007864e-05 0.00011782245902687242 0.00025409710605035611 -0.00016948445515784747 4.6683018081239427e-05 -0.00055895200338064953 -9.5362948259367336e-05
leaf_weight=56 95 89 76 53 81 57 92 57 51 66 66 50 53 291 120 56 77 57
leaf_count=56 95 89 76 53 81 57 92 57 51 66 66 50 53 291 120 56 77 57
internal_value=-1.72007e-05 0.000239896 0.000510899 0.000837637 -8.26244e-05 -3.30712e-05 -8.35829e-05 -0.000348946 -8.18597e-08 -0.000300021 -0.000187247 -0.000498341 7.99694e-05 3.1071e-05 0.000130424 0.000407676 -0.000283036 -0.00041829
internal_weight=1543 313 218 142 1230 1099 986 236 750 158 179 131 592 541 411 113 130 113
internal_count=1543 313 218 142 1230 1099 986 236 750 158 179 131 592 541 411 113 130 113
is_linear=0
shrinkage=0.05


Tree=48
num_leaves=18
num_cat=0
split_feature=5 121 110 105 75 56 91 87 121 90 106 151 87 154 68 158 184
split_gain=0.00956822 0.00911066 0.0163677 0.011785 0.010434 0.0118829 0.014378 0.017965 0.023906 0.00940072 0.00920641 0.00858984 0.00725638 0.0100324 0.00698804 0.00618856 0.00369612
threshold=0.02238220535218716 0.036158755421638496 0.049889655783772476 1.1033428907394411 0.5712934434413911 0.54388159513473522 0.57252931594848644 0.23322516679763797 0.36028166115283972 0.23677412420511249 0.93361830711364757 0.94610074162483226 0.082950592041015639 0.62086293101310741 0.49828428030014044 1.0175397396087649 -0.0094034485518932325
decision_type=2 2 2 2 2 2 2 2 2 2 2 2 2 2 2 2 2
left_child=1 2 11 4 5 10 7 -7 -9 -4 -3 -1 14 -14 -12 -13 -8
right_child=-2 3 9 -5 -6 6 16 8 -10 -11 12 15 13 -15 -16 -17 -18
leaf_value=0.00042471245790911275 0.00063747161464696681 -0.00084233290411066274 -0.00029621495655281286 0.00055746315936726441 0.00052618043679103727 -0.00017490264763182496 -0.00060927309683427423 0.0013880622139508824 0.00011207530758263986 -0.0012386186081196435 0.00062946040961171757 -0.0005755973555980592 -0.00034008063638963043 0.00018828990329435079 -0.00016401550892624074 0.00010519998902473451 -9.9807037349819443e-06
leaf_weight=71 54 50 51 95 80 88 53 71 76 55 55 71 387 117 56 63 50
leaf_count=71 54 50 51 95 80 88 53 71 76 55 55 71 387 117 56 63 50
internal_value=-1.63406e-05 -4.00518e-05 -0.00028076 2.34967e-05 -2.33424e-05 -6.71728e-05 0.000174225 0.000390122 0.000728368 -0.000785198 -0.000189868 -1.99279e-05 -0.000136822 -0.000217423 0.000229148 -0.000255521 -0.000318354
internal_weight=1543 1489 311 1178 1083 1003 338 235 147 106 665 205 615 504 111 134 103
internal_count=1543 1489 311 1178 1083 1003 338 235 147 106 665 205 615 504 111 134 103
is_linear=0
shrinkage=0.05


Tree=49
num_leaves=14
num_cat=0
split_feature=110 106 3 132 142 82 12 111 1 70 87 90 163
split_gain=0.00909236 0.0119844 0.0144695 0.0166572 0.0169692 0.0077229 0.00928152 0.00919288 0.00906606 0.00840164 0.0105659 0.00475477 0.00467586
threshold=0.099111914634704604 0.86821043491363536 0.016431177966296676 0.98335009813308727 0.98224526643753063 -0.095554359257221208 0.33617945015430456 0.045993868261575706 0.028376520611345771 0.43242408335208898 0.36448483169078832 0.16084957122802737 19.459788322448734
decision_type=2 2 2 2 2 2 2 2 2 2 2 2 2
left_child=1 -1 5 4 -4 -3 7 8 11 -9 -11 -7 -8
right_child=-2 2 3 -5 -6 6 12 9 -10 10 -12 -13 -14
leaf_value=-0.00077326128777241584 0.00053712620209692651 -0.00068378548091277489 0.00017071988861841551 -0.00021036941184052814 0.0014071990628938445 -0.00015797050151900607 -0.00018832961151686809 0.00037907288339601394 0.00062510378490688722 0.00011248565241983934 -0.00035123748248783637 0.00021539573107452826 -0.0007921553076812416
leaf_weight=54 71 50 56 68 55 146 75 73 89 187 358 205 56
leaf_count=54 71 50 56 68 55 146 75 73 89 187 358 205 56
internal_value=-1.55236e-05 -4.21799e-05 -1.4339e-05 0.000405872 0.00078339 -7.50475e-05 -4.94488e-05 -2.92262e-07 0.000174379 -0.000124654 -0.000192125 6.00924e-05 -0.000446454
internal_weight=1543 1472 1418 179 111 1239 1189 1058 440 618 545 351 131
internal_count=1543 1472 1418 179 111 1239 1189 1058 440 618 545 351 131
is_linear=0
shrinkage=0.05


Tree=50
num_leaves=18
num_cat=0
split_feature=110 161 110 179 175 86 128 46 30 70 178 110 182 182 178 93 92
split_gain=0.0125923 0.0119687 0.0189467 0.016308 0.0239048 0.014149 0.00803386 0.00893259 0.0122074 0.0104943 0.00789268 0.00692163 0.00643495 0.0061012 0.00835363 0.00559358 0.00534511
threshold=0.099111914634704604 1.2463119626045229 0.060988957062363632 8.4380936622619647 28.587705612182621 0.33564618229866033 1.0280697941780093 0.48333333432674414 0.87500000000000011 0.42989812791347509 -9.1166601181030256 0.021448720246553424 0.030272413045167926 0.019342547282576564 -3.1070328950881954 4.7454521656036386 0.40405389666557318
decision_type=2 2 2 2 2 2 2 2 2 2 2 2 2 2 2 2 2
left_child=1 2 3 4 -1 -5 11 8 10 -9 -8 -3 13 15 -15 -11 -12
right_child=-2 6 -4 5 -6 -7 7 9 -10 12 16 -13 -14 14 -16 -17 -18
leaf_value=-0.00023896102725773054 0.00072234176743008643 -7.9498264397746739e-06 0.0011905700510251337 0.00014837166927682998 0.0011127816306931589 -0.00090349162970736739 0.00039922595112302318 0.00047546920740777358 0.00078959335275600366 -1.0128689945027558e-05 0.00010330316172257881 -0.00065049896714442998 -0.00056121127304423787 0.00025566724194452871 -0.00047248715145542519 -0.0004815134857806357 -0.00049903602938275731
leaf_weight=58 68 75 50 83 75 52 99 70 73 115 79 95 90 173 51 139 69
leaf_count=58 68 75 50 83 75 52 99 70 73 115 79 95 90 173 51 139 69
internal_value=5.73908e-05 2.61206e-05 0.000297046 0.000130344 0.0005233 -0.00025679 -5.02573e-05 5.95344e-06 0.000221535 -0.000102175 5.36471e-05 -0.000367021 -0.000173364 -0.000100338 8.98821e-05 -0.000268091 -0.000177517
internal_weight=1514 1446 318 268 133 135 1128 958 320 638 247 170 568 478 224 254 148
internal_count=1514 1446 318 268 133 135 1128 958 320 638 247 170 568 478 224 254 148
is_linear=0
shrinkage=0.05


Tree=51
num_leaves=18
num_cat=0
split_feature=127 53 12 75 161 160 92 108 120 169 172 170 161 116 124 12 118
split_gain=0.0114018 0.0179275 0.0145495 0.0101439 0.0093546 0.0111927 0.0124782 0.00946992 0.00842213 0.00906362 0.00793775 0.00587254 0.0111632 0.0100831 0.00906274 0.00420384 0.00415789
threshold=1.1105496883392336 0.06155002303421498 0.17745077610015872 0.56657662987709057 1.2795779109001162 1.1522186994552615 0.31217931210994726 0.017713632434606556 0.0060130427591502675 0.65869656205177318 42240244.000000007 642427328.00000012 1.469667434692383 0.0037763356231153016 0.0018323550466448071 0.16127725690603259 0.28875590860843664
decision_type=2 2 2 2 2 2 2 2 2 2 2 2 2 2 2 2 2
left_child=3 -2 -3 4 5 6 7 -1 -6 11 -7 12 -10 16 -14 -5 -13
right_child=1 2 -4 15 8 10 -8 -9 9 -11 -12 13 14 -15 -16 -17 -18
leaf_value=0.00012011039754511063 -0.00039597369625470513 0.0012195787031078658 0.00021670244126844888 0.00066542868679001312 -0.0005876214535490955 0.00014589676441876994 0.00042154303750024599 -0.00080660000647185363 0.00062667265823309693 -0.00071954655477562556 0.0010010280301403014 -0.00016358786286252425 9.7317556570962322e-05 -0.00082945265361922802 -0.00063940504584096233 8.3688002975903597e-05 0.00025973314448492603
leaf_weight=51 51 69 76 75 89 51 86 60 82 51 58 256 230 50 51 53 75
leaf_count=51 51 69 76 75 89 51 86 60 82 51 58 256 230 50 51 53 75
internal_value=5.45213e-05 0.000410335 0.000693933 1.60814e-06 -4.3885e-05 0.000194388 -3.05465e-05 -0.000380814 -0.000126364 -7.47264e-05 0.000600921 -3.0525e-05 0.00011339 -0.000167641 -3.63937e-05 0.000424552 -6.76692e-05
internal_weight=1514 196 145 1318 1190 306 197 111 884 795 109 744 363 381 281 128 331
internal_count=1514 196 145 1318 1190 306 197 111 884 795 109 744 363 381 281 128 331
is_linear=0
shrinkage=0.05


Tree=52
num_leaves=19
num_cat=0
split_feature=110 161 110 179 175 86 120 119 128 135 59 161 30 3 121 126 30 119
split_gain=0.0109717 0.00992186 0.0167646 0.0141481 0.0214347 0.0127052 0.00779953 0.0108903 0.0094168 0.00801343 0.0134569 0.0124394 0.00677212 0.00574374 0.0046796 0.00560003 0.00463164 0.00329968
threshold=0.099111914634704604 1.2463119626045229 0.060988957062363632 8.4380936622619647 28.587705612182621 0.33564618229866033 0.0094056334346532839 0.0031457144068554048 1.0549358725547793 0.9270915985107423 0.49196390807628637 1.5052338838577273 0.17500000447034839 0.013623679522424938 0.12622985988855365 -0.072026297450065599 0.72499999403953563 0.15994941443204883
decision_type=2 2 2 2 2 2 2 2 2 2 2 2 2 2 2 2 2 2
left_child=1 2 3 4 -1 -5 8 -8 -3 10 11 -9 -13 14 15 -11 -16 -12
right_child=-2 6 -4 5 -6 -7 7 9 -10 13 17 12 -14 -15 16 -17 -18 -19
leaf_value=-0.0002433233877848673 0.00067248421135659823 -0.00084231449279741359 0.0011097761852433905 0.00013581850818962881 0.0010366770997788991 -0.0008609337989372971 0.00068752440552502373 0.00063423075550637247 -3.5169855474090453e-05 -0.00063663407984445349 -0.00035895042372950621 8.2631169204211584e-05 -0.00062578753730180802 0.00045377050098143932 -0.00011870932755682002 -2.5812062003623538e-05 0.00026805827644053458 -0.00087553619253584111
leaf_weight=58 68 64 50 83 75 52 55 58 83 51 56 74 62 84 124 142 206 69
leaf_count=58 68 64 50 83 75 52 55 58 83 51 56 74 62 84 124 142 206 69
internal_value=5.17952e-05 2.26065e-05 0.000269281 0.000112472 0.000478481 -0.000248116 -4.69346e-05 3.96025e-06 -0.00038658 -3.66402e-05 -0.000239536 2.11405e-05 -0.000240324 6.99887e-05 8.34875e-06 -0.000187221 0.000122727 -0.000644106
internal_weight=1514 1446 318 268 133 135 1128 981 147 926 319 194 136 607 523 193 330 125
internal_count=1514 1446 318 268 133 135 1128 981 147 926 319 194 136 607 523 193 330 125
is_linear=0
shrinkage=0.05


Tree=53
num_leaves=11
num_cat=0
split_feature=3 82 71 145 143 57 83 85 87 6
split_gain=0.0102876 0.0115719 0.0137072 0.0101648 0.0110858 0.0127286 0.00945851 0.00652429 0.0101586 0.00380128
threshold=0.029555217362940315 0.044718084856867797 0.53937628865242015 1.0718657970428469 1.0407602787017824 0.58839794993400585 0.31155608594417578 -0.33874025940895075 0.71851938962936412 0.10050505027174951
decision_type=2 2 2 2 2 2 2 2 2 2
left_child=1 2 3 4 5 7 -7 -1 -9 -3
right_child=-2 9 -4 -5 -6 6 -8 8 -10 -11
leaf_value=-0.00055245303311701776 0.00074728033853484796 -0.0001715963214619792 0.00086191919651285465 0.00057279555863138612 -0.00072390630124502032 -2.1246960712797489e-05 0.00080693548965962919 -6.7489517188231983e-05 0.00040026503508906232 -0.0007465495558439247
leaf_weight=57 51 58 52 82 51 58 85 828 135 57
leaf_count=57 51 58 52 82 51 58 85 828 135 57
internal_value=4.92054e-05 2.48706e-05 6.59434e-05 3.40061e-05 -2.38665e-06 2.92535e-05 0.000471029 -3.26817e-05 -1.91645e-06 -0.000456573
internal_weight=1514 1463 1348 1296 1214 1163 143 1020 963 115
internal_count=1514 1463 1348 1296 1214 1163 143 1020 963 115
is_linear=0
shrinkage=0.05


Tree=54
num_leaves=19
num_cat=0
split_feature=110 137 26 182 177 162 116 112 103 92 53 118 181 71 83 178 131 152
split_gain=0.00975115 0.00955789 0.00948953 0.0147688 0.00967015 0.0214688 0.0150885 0.00933708 0.00893741 0.00850802 0.00746872 0.0063262 0.00668299 0.0056323 0.00632426 0.00529153 0.00498314 0.00233178
threshold=0.099111914634704604 1.1076440811157229 0.25000000745058065 0.026971488259732727 409.25582885742193 186.60262298583987 -0.0003658567438833415 1.0000000180025095e-35 1.0107467174530032 0.51071289181709301 0.27003200352191931 0.068156994879245772 0.027312817052006725 0.49578671157360082 0.74554118514060985 -1.2096393704414365 1.1009192466735842 0.25542026758193975
decision_type=2 2 2 2 2 2 2 2 2 2 2 2 2 2 2 2 2 2
left_child=1 2 3 9 5 6 -4 10 -7 13 -8 16 17 14 15 -1 -6 -13
right_child=-2 -3 4 -5 11 8 7 -9 -10 -11 -12 12 -14 -15 -16 -17 -18 -19
leaf_value=0.00011056641314076488 0.00063189186651417171 0.00068480209066854936 0.00058929359848783889 -0.00099581156368367383 -0.00014820269446667788 0.00032424775919935199 -0.00016847343219106626 -0.0006152579938832394 0.0011479393723052517 -0.00068445878607475746 0.00042886635395310199 -0.00029864106472414677 -0.00077567483785256344 0.000359058081067349 -0.0006158624755163842 -0.00043784937827565177 0.00046628688428902373 6.8987377176754085e-05
leaf_weight=205 68 52 97 50 65 60 159 74 73 53 78 91 51 82 51 56 67 82
leaf_count=205 68 52 97 50 65 60 159 74 73 53 78 91 51 82 51 56 67 82
internal_value=4.67452e-05 1.92279e-05 -5.59984e-06 -0.000180858 9.15054e-05 0.000224679 4.48448e-05 -0.000124967 0.000776349 -8.97002e-05 2.81194e-05 -0.000110873 -0.000272673 -9.6946e-06 -0.00010661 -7.10134e-06 0.000163697 -0.000124389
internal_weight=1514 1446 1394 497 897 541 408 311 133 447 237 356 224 394 312 261 132 173
internal_count=1514 1446 1394 497 897 541 408 311 133 447 237 356 224 394 312 261 132 173
is_linear=0
shrinkage=0.05


Tree=55
num_leaves=20
num_cat=0
split_feature=119 117 107 70 71 0 151 160 68 10 10 169 170 136 172 119 121 119 179
split_gain=0.0109998 0.0128088 0.0148807 0.0128174 0.00769861 0.00712675 0.00601318 0.0062204 0.005836 0.00679382 0.00791967 0.00668654 0.00766128 0.0068676 0.0060741 0.00589186 0.00519974 0.00507717 0.00469053
threshold=0.0031457144068554048 0.41448727250099188 0.035270564258098609 0.56110823154449474 0.51425424218177807 -0.025460633449256417 1.6184052824974062 1.1971866488456728 0.50727194547653209 1.021361291408539 1.0142071247100832 0.21359555423259738 2223918080.0000005 0.82513222098350536 133254096.00000001 0.08986686542630197 0.10399246588349344 0.23819588124752047 12.779643058776857
decision_type=2 2 2 2 2 2 2 2 2 2 2 2 2 2 2 2 2 2 2
left_child=16 3 4 5 6 -2 7 -3 11 10 15 12 13 -7 -14 -10 -1 -8 -9
right_child=1 2 -4 -5 -6 8 17 18 9 -11 -12 -13 14 -15 -16 -17 -18 -19 -20
leaf_value=6.5399009198539285e-05 0.00032340769178987544 -0.00052395548089897894 0.00096278412305624581 -0.00072249438458432767 0.00047994629690651129 -0.00034796031368909751 -4.2051125183206751e-05 0.00030620515397784592 2.3645153988530543e-05 -0.00078050084613585989 0.00034413528834086136 0.00047129978878989023 -0.00081181225778290339 0.00018261160261959851 -7.792863869798128e-05 -0.00065277789301656348 0.00072719853225452699 0.00060275898793852841 -0.00032003293104531218
leaf_weight=51 91 89 52 90 89 87 72 67 53 65 51 56 59 204 54 82 71 53 54
leaf_count=51 91 89 52 90 89 87 72 67 53 65 51 56 59 204 54 82 71 53 54
internal_value=-4.37301e-06 -4.49432e-05 0.000164497 -0.000156707 6.65936e-05 -9.32147e-05 -4.32225e-05 -0.000206657 -0.000146538 -0.000340463 -0.000186687 -4.07219e-05 -0.000111695 2.3987e-05 -0.000461107 -0.000387219 0.000450545 0.000231348 2.6727e-05
internal_weight=1490 1368 476 892 424 802 335 210 711 251 186 460 404 291 113 135 122 125 121
internal_count=1490 1368 476 892 424 802 335 210 711 251 186 460 404 291 113 135 122 125 121
is_linear=0
shrinkage=0.05


Tree=56
num_leaves=19
num_cat=1
split_feature=119 117 107 70 37 76 186 47 118 132 1 69 151 160 32 121 119 179
split_gain=0.00992734 0.0115599 0.0134298 0.0115677 0.00738159 0.006948 0.00634077 0.0121463 0.00814141 0.00790171 0.0075766 0.00730466 0.0054269 0.00561391 0.00521811 0.00469276 0.00458215 0.00423321
threshold=0.0031457144068554048 0.41448727250099188 0.035270564258098609 0.56110823154449474 0.69166666269302379 0.48581622540950781 0 0.52500000596046459 0.32071380317211157 0.98262622952461254 0.036427497863769538 0.47952051460742956 1.6184052824974062 1.1971866488456728 0.12500000372529033 0.10399246588349344 0.23819588124752047 12.779643058776857
decision_type=2 2 2 2 2 2 1 2 2 2 2 2 2 2 2 2 2 2
left_child=15 3 5 4 6 -3 7 -2 9 10 -8 -10 13 -7 -11 -1 -14 -15
right_child=1 2 -4 -5 -6 12 8 -9 11 14 -12 -13 16 17 -16 -17 -18 -19
leaf_value=6.2129050396227597e-05 -0.00088314384300666954 0.00045594898941324965 0.00091464492192104585 -0.00068636967991349404 0.00032774999623491553 -0.00049775770430131349 -0.00062642404276219525 -3.7082554094971567e-05 -0.00014144985820726457 -0.00038868092720051588 0.00010267389292130246 0.00064330965108018836 -3.9948570656633822e-05 0.00029089490617208402 0.00015520927253735706 0.00069083859943161712 0.00057262103608699585 -0.0003040312919135128
leaf_weight=51 78 89 52 90 94 89 124 93 52 58 50 69 72 67 184 71 53 54
leaf_count=51 78 89 52 90 94 89 124 93 52 58 50 69 72 67 184 71 53 54
internal_value=-4.15436e-06 -4.2696e-05 0.000156272 -0.000148872 -8.8554e-05 6.32639e-05 -0.000143826 -0.000399635 -5.39212e-05 -0.000159923 -0.000416913 0.000306058 -4.10613e-05 -0.000196325 2.48554e-05 0.000428017 0.000219781 2.53907e-05
internal_weight=1490 1368 476 892 802 424 708 171 537 416 174 121 335 210 242 122 125 121
internal_count=1490 1368 476 892 802 424 708 171 537 416 174 121 335 210 242 122 125 121
cat_boundaries=0 1
cat_threshold=641
is_linear=0
shrinkage=0.05


Tree=57
num_leaves=21
num_cat=0
split_feature=119 117 107 70 3 69 123 3 9 148 156 71 88 163 27 104 163 151 184 118
split_gain=0.00895942 0.0104328 0.0121204 0.0108318 0.0100647 0.00887037 0.00992324 0.00809536 0.00790764 0.0081212 0.00774092 0.00652902 0.00742112 0.00947217 0.00577764 0.00556511 0.00448355 0.0044284 0.0038011 0.00276668
threshold=0.0031457144068554048 0.41448727250099188 0.035270564258098609 0.52459692955017101 0.01508662384003401 0.48925271630287176 -0.0069938777014613143 0.0055149374529719361 0.99226319789886486 0.90141624212265026 0.42989295721054083 0.48125994205474859 0.14451057463884356 362.27005004882818 0.50833332538604747 1.0480274558067324 199.54793548583987 1.6184052824974062 -0.027541957795619961 0.1991216987371445
decision_type=2 2 2 2 2 2 2 2 2 2 2 2 2 2 2 2 2 2 2 2
left_child=16 3 11 4 8 -5 7 -7 14 -10 -11 17 13 -13 -2 -12 -1 18 -3 -19
right_child=1 2 -4 5 -6 6 -8 -9 9 10 15 12 -14 -15 -16 -17 -18 19 -20 -21
leaf_value=4.8977453215960789e-05 -0.00014341552324857241 -0.00067476029376988531 0.0008689126820872143 -0.00099672344027258437 0.00044734584582563971 -0.00039867720298934729 -0.00065806533509864739 0.00048037835629656913 -0.00060635264212321072 0.00058638885561306561 -0.00016086340729235091 0.00087020185244610949 -7.9526533212022832e-05 -2.3105214990209788e-05 -0.00089617940805692342 0.00029604162898197374 0.00066351221628818333 0.00034618022866477708 -6.724620042779647e-05 -0.00017472985792846884
leaf_weight=51 52 52 52 53 93 50 88 55 53 58 249 73 96 50 50 91 71 52 51 50
leaf_count=51 52 52 52 53 93 50 88 55 53 58 249 73 96 50 50 91 71 52 51 50
internal_value=-3.94665e-06 -4.05612e-05 0.000148458 -0.000141428 -3.39083e-05 -0.000423777 -0.000266439 6.17805e-05 -0.000114843 -2.49254e-05 5.25009e-05 6.01007e-05 0.000249931 0.000507069 -0.000512417 -3.85741e-05 0.000406617 -0.000142694 -0.000373952 9.08321e-05
internal_weight=1490 1368 476 892 646 246 193 105 553 451 398 424 219 123 102 340 122 205 103 102
internal_count=1490 1368 476 892 646 246 193 105 553 451 398 424 219 123 102 340 122 205 103 102
is_linear=0
shrinkage=0.05


Tree=58
num_leaves=19
num_cat=0
split_feature=121 182 110 53 84 119 117 87 75 136 182 180 141 83 181 123 108 170
split_gain=0.00847377 0.0133422 0.01039 0.013292 0.0145502 0.00936167 0.00658612 0.00689365 0.00648756 0.0068421 0.0100264 0.0136503 0.00885919 0.00782918 0.00772582 0.00744911 0.00445556 0.00432195
threshold=0.031878691166639335 0.031883485615253455 0.06059516221284867 0.18265254050493243 0.37068499624729162 0.0031457144068554048 0.40970836579799658 0.28947941958904272 0.56999722123146068 0.82513222098350536 0.02132584992796183 340.34860229492193 1.0866377353668215 -0.14414927363395688 0.021495530381798748 0.0080422251485288161 0.032859986647963531 1615903424.0000002
decision_type=2 2 2 2 2 2 2 2 2 2 2 2 2 2 2 2 2 2
left_child=1 6 5 -4 -5 -2 7 -1 9 14 12 -12 15 -14 -7 -11 -16 -9
right_child=2 -3 3 4 -6 8 -8 17 -10 10 11 -13 13 -15 16 -17 -18 -19
leaf_value=0.00017960052966866326 0.00049467780976023858 -0.0009918823086918565 -0.00010497048484892177 0.0013511566357919946 0.0002762331090771648 -1.356560135415445e-05 0.00034492506019598789 -0.00017025818282799833 0.00039892676255216689 8.8345000986009839e-05 0.00069058765645244535 -0.00027904326531730982 -4.6953128767199814e-05 -0.00084165261417273169 -0.00098048747030963362 -0.00057084496779134493 -0.00034236167626597493 -0.0008029651831285182
leaf_weight=59 82 50 92 50 85 90 63 53 70 300 97 58 55 71 51 50 59 55
leaf_count=59 82 50 92 50 85 90 63 53 70 300 97 58 55 71 51 50 59 55
internal_value=-3.74931e-06 -0.000251622 5.36097e-05 0.000358504 0.000674353 -1.67982e-05 -9.06959e-05 -0.000255032 -6.33477e-05 -0.000102288 -2.15151e-05 0.000327758 -0.000135249 -0.00049476 -0.000357126 -5.82499e-06 -0.00063822 -0.00049247
internal_weight=1490 280 1210 227 135 983 230 167 901 831 631 155 476 126 200 350 110 108
internal_count=1490 280 1210 227 135 983 230 167 901 831 631 155 476 126 200 350 110 108
is_linear=0
shrinkage=0.05


Tree=59
num_leaves=21
num_cat=2
split_feature=86 160 121 121 150 154 87 37 186 55 186 57 8 72 150 34 122 87 71 117
split_gain=0.00861895 0.0192926 0.00970342 0.0115698 0.0176796 0.0109584 0.00825999 0.00771439 0.0106768 0.0126046 0.00701695 0.0111581 0.00598289 0.00554048 0.0055348 0.00529092 0.00494098 0.00486051 0.00436771 0.00435453
threshold=0.60169759392738353 1.04393607378006 0.031878691166639335 0.32151615619659429 1.1251224279403689 0.53090882301330578 0.67511481046676647 0.45833332836627966 0 0.3647537380456925 1 0.57596468925476085 -0.56077754497528065 0.47099164128303533 1.1375738978385928 0.55000001192092907 0.0039255656301975259 0.35479891300201422 0.47649133205413824 0.17272356897592547
decision_type=2 2 2 2 2 2 2 2 1 2 1 2 2 2 2 2 2 2 2 2
left_child=6 -2 -3 4 -4 -5 7 8 9 -1 11 -9 -7 -10 -12 16 17 -15 -6 -18
right_child=1 2 3 5 18 12 -8 10 13 -11 14 -13 -14 15 -16 -17 19 -19 -20 -21
leaf_value=-6.6419253533240411e-05 0.0010606103610404751 -0.00037923090213943009 0.0011614689976549477 -0.00062431521595470493 -0.0002421426482874713 0.00058427783984576684 -0.00052556182058604878 -0.0010363744137394547 -0.0004979787688277308 0.0010084860664695348 0.00039857165406415745 -0.00013615031468039497 -0.00016351728985750084 0.00036488870460832514 -0.00030759508195582648 -0.00047610485350014646 -0.00053992483780558153 -4.2724219477377393e-05 0.00041549611743539573 3.4802772778574662e-05
leaf_weight=50 54 98 61 63 51 53 97 61 60 60 55 79 54 164 56 50 52 132 50 90
leaf_count=50 54 98 61 63 51 53 97 61 60 60 55 79 54 164 56 50 52 132 50 90
internal_value=-3.56185e-06 0.000169811 5.79429e-05 0.000186988 0.000489353 -0.000101147 -8.69737e-05 -4.01717e-05 4.97911e-05 0.000476568 -0.00027601 -0.000493165 0.000206886 -4.37736e-05 3.88109e-05 1.11743e-05 6.67998e-05 0.000183115 8.34211e-05 -0.000175661
internal_weight=1490 484 430 332 162 170 1006 909 658 110 251 140 107 548 111 488 438 296 101 142
internal_count=1490 484 430 332 162 170 1006 909 658 110 251 140 107 548 111 488 438 296 101 142
cat_boundaries=0 1 2
cat_threshold=16 24
is_linear=0
shrinkage=0.05


Tree=60
num_leaves=18
num_cat=1
split_feature=98 120 175 35 12 3 10 125 186 3 4 21 117 115 112 91 27
split_gain=0.00712767 0.0184765 0.00894214 0.00836142 0.0153223 0.0148932 0.011291 0.00786768 0.0087137 0.0100567 0.00860243 0.010198 0.00579422 0.00690765 0.00634984 0.00521914 0.00346395
threshold=1.0847430229187014 0.051974218338727958 10.43291234970093 0.67499998211860668 0.17745077610015872 0.024392090737819675 1.0247898697853091 -0.062801640480756746 0 0.013623679522424938 0.14334638416767123 0.40603348612785345 0.22114725410938266 -0.0016992971068248151 0.0045715975575149068 0.46993581950664526 0.45833332836627966
decision_type=2 2 2 2 2 2 2 2 1 2 2 2 2 2 2 2 2
left_child=3 -2 -3 5 6 7 -5 -1 9 10 -9 -12 13 -10 16 -15 -14
right_child=1 2 -4 4 -6 -7 -8 8 12 -11 11 -13 14 15 -16 -17 -18
leaf_value=-0.00055332311465134711 0.00091395849933080086 -0.0004360882437726775 0.00028987150715238387 0.000174355550953966 -0.00043971019057447423 -0.00089336330494420096 0.0011585269404082177 0.00044152436405610118 -0.00067035357853117517 0.00067923361704743009 0.00012465320339650476 -0.0006383675734656101 0.00025688335374070449 -0.00035121295941115192 -0.0005071276702801697 0.00018348013347862529 -9.8489380755684887e-05
leaf_weight=72 74 76 96 68 51 55 51 92 86 80 123 68 160 110 50 78 120
leaf_count=72 74 76 96 68 51 55 51 92 86 80 123 68 160 110 50 78 120
internal_value=7.08318e-06 0.000253325 -3.09014e-05 -4.08404e-05 0.000285387 -9.15339e-05 0.000596143 -4.90887e-05 -1.15449e-05 0.000179309 4.43236e-05 -0.000146998 -0.000127111 -0.000299169 1.18977e-05 -0.000129372 0.000104581
internal_weight=1510 246 172 1264 170 1094 119 1039 967 363 283 191 604 274 330 188 280
internal_count=1510 246 172 1264 170 1094 119 1039 967 363 283 191 604 274 330 188 280
cat_boundaries=0 1
cat_threshold=26
is_linear=0
shrinkage=0.05


Tree=61
num_leaves=20
num_cat=0
split_feature=121 182 181 112 33 126 85 120 32 155 32 11 25 88 183 128 84 120 178
split_gain=0.00829133 0.0129891 0.00948278 0.00778056 0.0101875 0.0115931 0.0100909 0.00878608 0.010263 0.0118911 0.00838318 0.00803162 0.00758719 0.00682141 0.00591298 0.00585816 0.00578065 0.0051924 0.0049274
threshold=0.031878691166639335 0.031883485615253455 0.044758979231119163 0.0048387718852609405 -0.50000001490116108 -0.10140407830476759 0.052393324673175819 0.025727450847625736 0.14166667312383655 0.43452836573123937 0.24166666716337207 0.98538303375244152 0.57500001788139354 -0.62540817260742176 -0.013599939178675411 1.0919116139411928 0.1105255037546158 0.092664115130901351 -8.847068786621092
decision_type=2 2 2 2 2 2 2 2 2 2 2 2 2 2 2 2 2 2 2
left_child=1 12 3 4 7 -6 17 15 9 -9 -10 -8 16 -12 -13 -2 -1 -7 -5
right_child=2 -3 -4 18 5 6 11 8 10 -11 13 14 -14 -15 -16 -17 -18 -19 -20
leaf_value=-9.7093156202592792e-06 -2.4953351627724869e-05 -0.00095699564861955453 0.00055821648722889628 -2.3680029527681387e-05 0.00095241675030243085 -0.00059110180518473499 0.00082380410740076886 -0.0011053517796527658 0.00055340541934790295 -0.00016485435697361254 0.00016841535515423034 -0.00023410486211369354 0.00031581729073237782 -0.00037580336998631933 0.00034418253575046489 0.00070529684994396103 -0.00061078375225002274 7.7057193439464931e-05 -0.00062128626986772623
leaf_weight=90 57 51 90 68 52 54 62 54 55 89 104 62 81 129 154 53 72 63 70
leaf_count=90 57 51 90 68 52 54 62 54 55 89 104 62 81 129 154 53 72 63 70
internal_value=6.72902e-06 -0.00023155 6.43394e-05 2.48643e-05 7.39853e-05 0.000250618 0.000158229 -7.19571e-05 -0.000173752 -0.000520007 -1.82687e-06 0.000322178 -7.92966e-05 -0.00013289 0.000178193 0.000326894 -0.000276854 -0.000231324 -0.000326814
internal_weight=1510 294 1216 1126 988 447 395 541 431 143 288 278 243 233 216 110 162 117 138
internal_count=1510 294 1216 1126 988 447 395 541 431 143 288 278 243 233 216 110 162 117 138
is_linear=0
shrinkage=0.05


Tree=62
num_leaves=23
num_cat=0
split_feature=121 110 90 181 35 176 33 126 172 120 115 120 37 158 179 90 52 26 86 147 156 101
split_gain=0.00748774 0.0137439 0.0129537 0.0122157 0.00950054 0.0104579 0.0117166 0.0101723 0.00962596 0.0140619 0.00931961 0.0082258 0.00768226 0.00765138 0.00680153 0.00648504 0.00489118 0.00477349 0.00458216 0.00441945 0.00401913 0.00285652
threshold=0.032671887427568443 0.051138145849108703 0.23677412420511249 0.02050705906003714 0.67499998211860668 52.599943161010749 -0.50000001490116108 -0.10140407830476759 83572160.000000015 0.13187546283006671 0.003159137326292694 0.059337442740798003 0.10833333432674409 1.0890393853187563 13.611393451690676 0.27029447257518774 1.0000000180025095e-35 0.28333334624767309 0.31098158657550817 1.0469634532928469 0.55186638236045849 0.90940439701080333
decision_type=2 2 2 2 2 2 2 2 2 2 2 2 2 2 2 2 2 2 2 2 2 2
left_child=1 3 -3 19 5 6 8 -8 9 12 -6 -7 -2 15 17 -9 -13 -10 -15 -1 -11 -22
right_child=4 2 -4 -5 10 11 7 13 14 20 -12 16 -14 18 -16 -17 -18 -19 -20 -21 21 -23
leaf_value=-0.00053661982833024229 0.00088000676788624332 -0.00012832262057960387 -0.0012390850729738865 0.00066250590993811127 4.6335522088219021e-05 -0.00083024280148882618 0.00096756292041391136 2.1646313985387433e-05 -0.00047780672157717746 -0.00050436533367946351 0.00085089743095548482 0.00017097069013625392 0.00015472273650469589 -0.00039523123149622064 -0.00072998695616011654 0.00068642444200225699 -0.00041400026143362213 0.00013044736285034258 0.00020560262341370197 2.9931747075686045e-05 -0.00027007053361428136 0.00022646275608470507
leaf_weight=61 64 53 52 55 73 56 51 59 55 65 71 73 85 62 70 97 70 78 65 79 56 60
leaf_count=61 64 53 52 55 73 56 51 59 55 65 71 73 85 62 70 97 70 78 65 79 56 60
internal_value=6.39257e-06 -0.000217216 -0.000678415 3.11211e-05 6.18328e-05 1.03391e-05 8.53682e-05 0.000317562 -6.01344e-05 0.000106521 0.000443029 -0.000316547 0.000466254 0.000200425 -0.000331052 0.000435002 -0.000115379 -0.000121086 -8.77178e-05 -0.000216923 -0.000189613 -1.3243e-05
internal_weight=1510 300 105 195 1210 1066 867 334 533 330 144 199 149 283 203 156 143 133 127 140 181 116
internal_count=1510 300 105 195 1210 1066 867 334 533 330 144 199 149 283 203 156 143 133 127 140 181 116
is_linear=0
shrinkage=0.05


Tree=63
num_leaves=21
num_cat=1
split_feature=26 136 137 107 186 171 157 120 182 88 90 120 119 133 84 171 22 157 121 20
split_gain=0.00680942 0.0109419 0.0109304 0.00990058 0.00752801 0.0121068 0.018246 0.0104885 0.00733648 0.00722326 0.0148324 0.00798471 0.00720895 0.00726639 0.00697151 0.00696887 0.00523548 0.0039301 0.00319281 0.00396156
threshold=0.28333334624767309 0.7283792793750764 1.0267999768257143 0.035759912803769119 0 37273942.000000007 0.73944866657257091 0.085969440639019026 0.028793410398066047 -0.052318172529339783 0.26608224213123327 0.068938802927732482 0.54343736171722423 0.9301794469356538 0.45872879028320318 104554344.00000001 0.099529594182968154 0.79989138245582592 0.40263658761978155 0.12893330305814746
decision_type=2 2 2 2 1 2 2 2 2 2 2 2 2 2 2 2 2 2 2 2
left_child=8 2 -2 4 5 7 -7 -3 9 14 11 -11 13 -6 15 16 -1 -9 19 -15
right_child=1 3 -4 -5 12 6 -8 17 -10 10 -12 -13 -14 18 -16 -17 -18 -19 -20 -21
leaf_value=0.00079763360621265241 -0.00093305993895046412 0.00057115296098856022 0.00011242650821805 0.00064159850720734747 -0.00067865871105288319 0.0013628589481903385 0.0001910960118987967 -0.00056839169857859689 -0.0007072062541185148 -0.0010298135435956423 0.0001959465941763483 -0.00022993835029410547 0.00051562312760506767 -0.00041673221744138484 -0.00033160303088075577 -0.00026687793922610585 0.00018812334876489143 -1.2019437323127838e-05 0.00022681348241509545 2.9053821346837063e-06
leaf_weight=56 50 57 50 89 51 52 92 54 51 65 90 60 50 81 71 50 95 77 85 184
leaf_count=56 50 57 50 89 51 52 92 54 51 65 90 60 50 81 71 50 95 77 85 184
internal_value=6.07294e-06 8.5067e-05 -0.000410317 0.000141877 8.50761e-05 0.000261364 0.000614233 4.98442e-06 -0.000136645 -7.68943e-05 -0.000293484 -0.000645873 -4.9397e-05 -0.00012108 9.43069e-05 0.000244753 0.000414167 -0.000241364 -3.98331e-05 -0.000125361
internal_weight=1510 972 100 872 783 332 144 188 538 487 215 125 451 401 272 201 151 131 350 265
internal_count=1510 972 100 872 783 332 144 188 538 487 215 125 451 401 272 201 151 131 350 265
cat_boundaries=0 1
cat_threshold=26
is_linear=0
shrinkage=0.05


Tree=64
num_leaves=20
num_cat=0
split_feature=121 182 181 105 181 111 155 1 86 82 26 173 70 138 159 69 75 148 148
split_gain=0.00661733 0.0104066 0.00904322 0.00863265 0.00892685 0.00674224 0.0109197 0.00813367 0.00707776 0.00601427 0.00643302 0.00505615 0.0040863 0.00496375 0.00422564 0.00395766 0.0037077 0.0034862 0.00423924
threshold=0.032671887427568443 0.030674169771373275 0.024970843456685547 1.1141227483749392 0.049248972907662399 0.049475658684968955 0.26545104384422308 0.03615629859268666 0.29404048621654516 0.032649574801325805 0.45000000298023229 0.89515280723571788 0.51202398538589489 1.0369748473167422 1.5079219937324526 0.50622910261154186 0.49807628989219671 1.0772231817245486 1.3766706585884096
decision_type=2 2 2 2 2 2 2 2 2 2 2 2 2 2 2 2 2 2 2
left_child=1 2 11 4 5 7 -7 12 17 10 -10 -1 13 14 -2 -14 -13 -8 -19
right_child=3 -3 -4 -5 -6 6 8 -9 9 -11 -12 16 15 -15 -16 -17 -18 18 -20
leaf_value=-0.00057898621504840961 0.0004607104817564117 -0.00076437968998036997 0.0005470560393296182 0.00055981819452426867 0.00063208952350051785 -0.00072368246359772782 5.5072696550968645e-06 0.00062361593787807609 -7.722657101112419e-05 -0.00040509922494363438 0.0003742936088889199 -0.00025627191084317424 -0.00052442491120446529 -0.00015900237541870182 -7.6906293272223413e-05 2.3655240742085371e-05 0.0003009438705311029 -0.00082764777046395472 -0.00018872443852160361
leaf_weight=62 129 65 50 80 57 67 52 71 152 56 164 72 51 83 51 93 51 50 54
leaf_count=62 129 65 50 80 57 67 52 71 152 56 164 72 51 83 51 93 51 50 54
internal_value=5.76929e-06 -0.000204442 -4.9565e-05 5.78877e-05 2.23528e-05 -1.00377e-05 -0.000122376 0.000129798 -4.60738e-05 7.24735e-05 0.000157107 -0.000210814 4.36523e-05 0.000160883 0.000308386 -0.000170456 -2.52312e-05 -0.000328764 -0.000495899
internal_weight=1510 300 235 1210 1130 1073 595 478 528 372 316 185 407 263 180 144 123 156 104
internal_count=1510 300 235 1210 1130 1073 595 478 528 372 316 185 407 263 180 144 123 156 104
is_linear=0
shrinkage=0.05


Tree=65
num_leaves=20
num_cat=0
split_feature=91 11 157 14 127 32 133 158 157 91 85 173 31 30 183 171 56 152 96
split_gain=0.00633795 0.00724727 0.00791604 0.00676042 0.0179806 0.010277 0.00952026 0.0093505 0.0123957 0.00794481 0.0077215 0.00660754 0.00468907 0.0065377 0.00464159 0.00375561 0.00339971 0.00348043 0.00246501
threshold=0.54134556651115429 0.99663314223289501 0.79038161039352428 0.17500000447034839 1.1105496883392336 0.14166667312383655 0.89832735061645519 0.70135033130645763 0.71661657094955455 0.27302668988704687 0.48085129261016851 1.1825930476188662 0.28333334624767309 0.32500000298023229 -0.0028300423873588438 45244662.000000007 0.37586127221584326 0.21860518306493762 -1.784279406070709
decision_type=2 2 2 2 2 2 2 2 2 2 2 2 2 2 2 2 2 2 2
left_child=3 2 18 5 6 10 -5 -8 9 -9 -1 16 14 -14 -10 -4 -7 -18 -2
right_child=1 -3 15 4 -6 11 7 8 12 -11 -12 -13 13 -15 -16 -17 17 -19 -20
leaf_value=-0.00021164503921884009 -0.00046379347520996821 0.00016411603356519824 0.00018330621355664591 -0.0005990020492622121 0.00088990036821263898 -0.00010220077245535591 -0.00056314788602963644 0.00024745002086825452 0.00016287565103320287 0.001080329896096373 -0.000981703951359069 -0.00046572070469092408 0.00058736182081702286 2.3868743413180634e-05 -0.00041992981183988556 -0.00034920516360976257 8.4335555680831113e-05 0.00057948427652703576 -0.00096028186118928731
leaf_weight=90 50 85 57 55 67 85 51 67 54 50 51 54 64 263 93 79 83 62 50
leaf_count=90 50 85 57 55 67 85 51 67 54 50 51 54 64 263 93 79 83 62 50
internal_value=-3.46039e-05 -0.000231753 -0.000374333 1.86213e-05 0.000107544 -0.000141231 3.23392e-05 8.64261e-05 0.000142481 0.000603382 -0.000490177 3.20137e-05 2.8714e-05 0.000134155 -0.000205838 -0.00012602 0.000148873 0.000296054 -0.000712038
internal_weight=1510 321 236 1189 764 425 697 642 591 117 141 284 474 327 147 136 230 145 100
internal_count=1510 321 236 1189 764 425 697 642 591 117 141 284 474 327 147 136 230 145 100
is_linear=0
shrinkage=0.05


Tree=66
num_leaves=15
num_cat=0
split_feature=51 121 182 159 75 147 176 100 92 68 150 172 150 109
split_gain=0.00709322 0.00888566 0.00743075 0.00665573 0.011653 0.00939089 0.00540443 0.00758085 0.00545351 0.00780756 0.00732848 0.0054106 0.00644289 0.00603077
threshold=0.18333333730697635 0.077185258269310011 0.040608391165733344 1.8641463518142702 0.43175181746482855 0.9143948256969453 -7.0814905166625968 1.0507939457893374 0.40850400924682623 0.5731276571750642 1.1715688705444338 52512494.000000007 1.5711337327957156 0.01698497869074345
decision_type=2 2 2 2 2 2 2 2 2 2 2 2 2 2
left_child=2 -2 3 4 -1 -5 7 -6 11 10 -10 13 -13 -8
right_child=1 -3 -4 5 6 -7 8 -9 9 -11 -12 12 -14 -15
leaf_value=-0.00067819086276964908 -0.00088567163560205611 -6.2830179364832709e-07 0.00056238395793895642 0.000843961238598579 3.4871775845008246e-05 -3.7853488499201158e-05 0.00032961894638566791 -0.00067704910327168839 0.00041277442568801899 -0.00068822192219418618 -0.00019624447984515042 0.00012401075499952834 0.00066793695879971133 -0.00012624850313328791
leaf_weight=72 53 61 56 51 79 74 95 71 67 56 188 206 74 307
leaf_count=72 53 61 56 51 79 74 95 71 67 56 188 206 74 307
internal_value=-3.28737e-05 -0.000412096 -1.90576e-06 -2.5488e-05 -6.12303e-05 0.000321927 -2.23666e-05 -0.000302104 1.98898e-05 -0.000153629 -3.62277e-05 9.90162e-05 0.000267763 -1.85186e-05
internal_weight=1510 114 1396 1340 1215 125 1143 150 993 311 255 682 280 402
internal_count=1510 114 1396 1340 1215 125 1143 150 993 311 255 682 280 402
is_linear=0
shrinkage=0.05


Tree=67
num_leaves=23
num_cat=1
split_feature=51 121 26 91 186 148 36 37 11 88 93 117 131 97 111 29 119 120 123 152 139 51
split_gain=0.00640163 0.00801931 0.00720286 0.00855916 0.0127276 0.0132203 0.00845268 0.00891165 0.0125026 0.00834536 0.00672214 0.00637933 0.00937671 0.00689583 0.00921249 0.0090457 0.00649616 0.0058045 0.00575925 0.00507518 0.00398347 0.00654135
threshold=0.18333333730697635 0.077185258269310011 0.25000000745058065 0.0022388143115676944 0 1.1831087470054629 0.78333333134651195 0.72499999403953563 0.98845112323760997 -0.052318172529339783 14.938550949096681 0.47415193915367132 1.1857962012290957 1.0565388202667239 0.075306821614503874 0.25000000745058065 0.12055142223834993 0.087192501872777953 0.016822223551571373 0.23219171911478045 1.0262268185615542 -0.18333333730697629
decision_type=2 2 2 2 1 2 2 2 2 2 2 2 2 2 2 2 2 2 2 2 2 2
left_child=2 -2 3 9 5 -5 7 11 -9 17 20 13 16 15 -15 -4 -13 -1 -17 -14 -6 -22
right_child=1 -3 6 4 10 -7 -8 8 -10 -11 -12 12 19 14 -16 18 -18 -19 -20 -21 21 -23
leaf_value=0.00068931964147301943 -0.00084138806340425221 -5.968843995150729e-07 -0.00036002032376841059 -0.0013672625339845232 0.00012356784521086543 -0.00022857493552146479 -0.00045222831057103844 0.0010048063239878502 4.414010976181656e-06 -0.00040142107771736434 0.00042328723793616518 0.00039382245703291119 0.00027277586287482335 2.6294880775111227e-05 -0.00074734114791879071 0.00036861252116864311 -0.00037217343475980845 2.1579927609612544e-06 -0.0002201599357918757 0.00097829550714567844 4.7659074261900969e-05 -0.00070338878049633303
leaf_weight=63 53 61 84 52 56 50 68 64 61 52 52 50 50 87 69 192 62 60 53 52 50 69
leaf_count=63 53 61 84 52 56 50 68 64 61 52 52 50 50 87 69 192 62 60 53 52 50 69
internal_value=-3.12301e-05 -0.000391491 -1.81047e-06 -0.000152904 -0.000303181 -0.000736843 8.3561e-05 0.000127777 0.000516615 0.000129616 -7.26588e-05 5.82419e-05 0.000285638 -4.20937e-05 -0.00031589 8.77308e-05 -3.0211e-05 0.000354119 0.000241245 0.000632453 -0.000224178 -0.000387822
internal_weight=1510 114 1396 504 329 102 892 824 125 175 227 699 214 485 156 329 112 123 245 102 175 119
internal_count=1510 114 1396 504 329 102 892 824 125 175 227 699 214 485 156 329 112 123 245 102 175 119
cat_boundaries=0 1
cat_threshold=152
is_linear=0
shrinkage=0.05


Tree=68
num_leaves=17
num_cat=0
split_feature=91 71 70 181 27 68 117 11 157 6 112 112 68 5 96 180
split_gain=0.00566844 0.00674888 0.0110003 0.00805156 0.0158559 0.0135202 0.00956647 0.00647349 0.00695875 0.00618008 0.00650887 0.00462152 0.0038935 0.00492162 0.00349387 0.00222148
threshold=0.54134556651115429 0.55328279733657848 0.55602422356605541 0.026262817904353145 0.52500000596046459 0.454818144440651 0.10562736541032793 0.99663314223289501 0.82498839497566234 0.03670033626258374 -0.013757459819316862 -0.0054219893645495168 0.61579051613807689 0.0019436364527791741 -1.6830735802650449 133.3059005737305
decision_type=2 2 2 2 2 2 2 2 2 2 2 2 2 2 2 2
left_child=1 2 3 9 -5 6 -6 8 14 -1 15 -10 13 -12 -2 -11
right_child=7 -3 -4 4 5 -7 -8 -9 11 10 12 -13 -14 -15 -16 -17
leaf_value=-0.00046267465126842167 -0.00037744181598802179 0.00055648308033206769 -0.00052988674052239343 0.00094043071409548405 -0.00015977206251894434 -0.00044026081066213783 0.00071652513276603718 0.00015802538652839277 0.00022858653562785739 -0.0001324243464405299 0.00037867326536797922 -0.00037495137771267244 0.00039022204992806463 -5.1411898959589975e-05 -0.00094709779151861426 -0.00060374996613245463
leaf_weight=79 57 56 92 67 51 83 80 85 58 50 79 70 81 421 51 50
leaf_count=79 57 56 92 67 51 83 80 85 58 50 79 70 81 421 51 50
internal_value=-2.96686e-05 2.0667e-05 -5.8164e-06 4.04991e-05 0.000269185 5.9028e-05 0.000375371 -0.000216114 -0.000350868 -4.40543e-05 4.50815e-06 -0.000101473 6.86381e-05 1.65416e-05 -0.000646446 -0.000368087
internal_weight=1510 1189 1133 1041 281 214 131 321 236 760 681 128 581 500 108 100
internal_count=1510 1189 1133 1041 281 214 131 321 236 760 681 128 581 500 108 100
is_linear=0
shrinkage=0.05


Tree=69
num_leaves=19
num_cat=0
split_feature=51 52 30 119 107 126 176 73 10 102 120 87 91 30 163 88 2 10
split_gain=0.0058341 0.0075189 0.00705391 0.0133226 0.00839269 0.00903966 0.00841868 0.00949996 0.00894094 0.0073839 0.00717463 0.00661525 0.00602714 0.00471257 0.00582554 0.00464767 0.00603743 0.00400925
threshold=0.18333333730697635 0.10833333432674409 0.12500000372529033 0.027530901134014133 0.039463261142373092 0.04308810085058213 8.5280427932739276 0.54745230078697216 1.0260024666786196 1.0409070253372195 0.092664115130901351 0.58095946907997142 0.447556883096695 0.37500000000000006 939.45510864257824 -0.81785503029823292 -0.11237373948097228 1.0216745734214785
decision_type=2 2 2 2 2 2 2 2 2 2 2 2 2 2 2 2 2 2
left_child=2 -2 3 -1 5 6 9 13 11 15 -6 -9 -5 -8 -15 -4 -17 -14
right_child=1 -3 4 12 10 -7 7 8 -10 -11 -12 -13 17 14 -16 16 -18 -19
leaf_value=0.0009150402764914492 2.6895423471959758e-05 -0.00078535799636613639 0.00022311165460754033 0.00035331945214141908 0.00074817743654038125 -0.00072443449667017302 0.0003035642191780089 0.00033273503370552098 0.00087171100953128185 -0.00082112611431226726 -5.6083328564892766e-05 -0.00024596903263284875 -0.00043587949801482916 -0.00031798570013761185 0.00022320124866498175 -0.00010642205510429787 -0.00067838105639496534 0.00013266517566271912
leaf_weight=56 58 56 60 94 57 55 54 141 50 51 54 76 68 236 63 159 65 57
leaf_count=56 58 56 60 94 57 55 54 141 50 51 54 76 68 236 63 159 65 57
internal_value=-2.81851e-05 -0.000372106 -9.98804e-08 0.000226823 -5.57679e-05 -0.000101122 -6.52247e-05 4.38985e-05 0.000268942 -0.000267184 0.000356915 0.000130055 5.08408e-05 -0.000126319 -0.000203956 -0.000167708 -0.000272392 -0.000176623
internal_weight=1510 114 1396 275 1121 1010 955 620 267 335 111 217 219 353 299 284 224 125
internal_count=1510 114 1396 275 1121 1010 955 620 267 335 111 217 219 353 299 284 224 125
is_linear=0
shrinkage=0.05


Tree=70
num_leaves=12
num_cat=0
split_feature=145 71 133 133 143 110 158 159 170 178 88
split_gain=0.0103118 0.00872937 0.00910199 0.00762423 0.00581818 0.0103488 0.0197899 0.00815688 0.00722713 0.00548188 0.00478842
threshold=1.0863515138626101 0.55328279733657848 0.88903635740280162 0.9197768270969392 1.0303522944450381 0.067882865667343154 0.95469704270362865 1.2146297097206118 525861088.00000006 -11.140806198120115 -0.052318172529339783
decision_type=2 2 2 2 2 2 2 2 2 2 2
left_child=1 2 -1 -4 5 8 -7 -6 9 -5 -10
right_child=-2 -3 3 4 7 6 -8 -9 10 -11 -12
leaf_value=-0.00069107191000232265 0.00057949757743203513 0.00053020764054963361 0.00045642982127901637 -0.00011446386128757997 -0.00071693924109651622 0.0010901895832799271 -0.00022757175447623014 3.8482556753608929e-05 -4.0055479728669694e-05 0.00023896601810520225 -0.00034024047255038024
leaf_weight=52 77 70 80 192 73 58 56 70 275 256 257
leaf_count=52 77 70 80 192 73 58 56 70 275 256 257
internal_value=1.57651e-05 -1.43999e-05 -4.22469e-05 -1.66289e-05 -4.72228e-05 -8.01814e-06 0.000442868 -0.000347152 -6.04682e-05 8.74961e-05 -0.00018507
internal_weight=1516 1439 1369 1317 1237 1094 114 143 980 448 532
internal_count=1516 1439 1369 1317 1237 1094 114 143 980 448 532
is_linear=0
shrinkage=0.05


Tree=71
num_leaves=18
num_cat=0
split_feature=127 160 34 135 125 85 87 112 27 118 177 182 25 180 3 120 121
split_gain=0.00999571 0.0198894 0.0119493 0.0113612 0.00714841 0.00533213 0.00835199 0.00822283 0.00932711 0.00736029 0.00723991 0.00692447 0.0106989 0.00613211 0.00397746 0.0039164 0.0033011
threshold=1.1105496883392336 1.5019203424453738 -0.35000000894069666 0.80725526809692394 0.039676327258348472 -0.055542800575494759 0.36448483169078832 -0.013757459819316862 0.45833332836627966 0.4922225177288056 104.01764297485353 0.01325682131573558 0.22500000149011615 242.52793121337893 0.007188282674178482 0.059337442740798003 0.18751320987939837
decision_type=2 2 2 2 2 2 2 2 2 2 2 2 2 2 2 2 2
left_child=3 2 -2 -1 5 6 16 13 11 10 -10 15 -13 14 -7 -9 -5
right_child=1 -3 -4 4 -6 7 -8 8 9 -11 -12 12 -14 -15 -16 -17 -18
leaf_value=-0.00074488737985423841 -0.00040154302843898465 0.0011155428375231923 0.00053381657790234913 -0.00029002590246299015 0.00056973893258075879 -0.00041296746503041292 -0.00081946176437222508 -0.00038435421814210719 -0.0005350204631668021 0.0004810239067392461 -3.5947784461946553e-05 0.00080767237905820372 0.00015299510045257327 -0.00077668465793249205 0.00021148958196635267 0.00015010385434442296 0.00020016505694647713
leaf_weight=54 76 59 62 77 52 51 51 50 96 51 299 100 166 50 51 109 62
leaf_count=54 76 59 62 77 52 51 51 50 96 51 299 100 166 50 51 109 62
internal_value=1.49768e-05 0.00034719 1.8691e-05 -3.4641e-05 -4.32221e-06 -2.89316e-05 -0.000272181 1.62466e-05 7.54649e-05 -8.42559e-05 -0.000157241 0.000243078 0.000399114 -0.00032309 -0.000100739 -1.79647e-05 -7.13796e-05
internal_weight=1516 197 138 1319 1265 1213 190 1023 871 446 395 425 266 152 102 159 139
internal_count=1516 197 138 1319 1265 1213 190 1023 871 446 395 425 266 152 102 159 139
is_linear=0
shrinkage=0.05


Tree=72
num_leaves=11
num_cat=0
split_feature=145 71 133 133 174 110 158 170 87 27
split_gain=0.00914729 0.00771273 0.0081049 0.00670228 0.00527416 0.00546835 0.0154313 0.00531508 0.00639788 0.00630771
threshold=1.0863515138626101 0.55328279733657848 0.88903635740280162 0.9197768270969392 4.8530855178833017 0.06535192579030992 0.94871830940246593 461274464.00000006 0.42257879674434667 0.45833332836627966
decision_type=2 2 2 2 2 2 2 2 2 2
left_child=1 2 -1 -4 -5 7 -7 9 -9 -6
right_child=-2 -3 3 4 5 6 -8 8 -10 -11
leaf_value=-0.00065261442561257777 0.00054517558030481761 0.00049773050686521207 0.0004273515913644133 -0.00054274182900781835 0.00027209110492929075 0.0007543817429078362 -0.00024992019986568362 1.1231071100912384e-05 -0.00031468805175579565 -0.00011190975773090546
leaf_weight=52 77 70 80 51 203 77 76 286 318 226
leaf_count=52 77 70 80 51 203 77 76 286 318 226
internal_value=1.4228e-05 -1.41827e-05 -4.03579e-05 -1.61838e-05 -4.48684e-05 -2.3459e-05 0.000255513 -6.47781e-05 -0.000160362 6.97969e-05
internal_weight=1516 1439 1369 1317 1237 1186 153 1033 604 429
internal_count=1516 1439 1369 1317 1237 1186 153 1033 604 429
is_linear=0
shrinkage=0.05


Tree=73
num_leaves=17
num_cat=0
split_feature=127 160 171 135 92 86 183 35 158 26 169 114 91 72 157 86
split_gain=0.00852167 0.0179772 0.0107684 0.0102213 0.00748396 0.00794439 0.00816309 0.00752958 0.006469 0.00517311 0.00511443 0.0045456 0.00447584 0.00669253 0.00432843 0.00368947
threshold=1.1105496883392336 1.5019203424453738 111563884.00000001 0.80725526809692394 0.50854292511940014 0.10224806144833566 0.014717014972120525 0.52500000596046459 0.70135033130645763 0.11666667088866235 -0.052528159692883485 -0.00022473675926448775 0.56994909048080455 0.47920048236846929 0.99884340167045604 -0.015378324780613182
decision_type=2 2 2 2 2 2 2 2 2 2 2 2 2 2 2 2
left_child=3 2 -2 -1 5 10 8 9 -7 -6 14 -11 13 -10 -5 -12
right_child=1 -3 -4 4 7 6 -8 -9 12 11 15 -13 -14 -15 -16 -17
leaf_value=-0.00070597132529386455 0.00034611671817401661 0.0010507425695353866 -0.00056892549276680638 -0.00024066463057291306 -0.00085263202675448088 -0.00047006583726033569 0.00059439471791170777 0.00025485680751301639 -0.00020121874827054855 6.7587573461683605e-05 -0.00019741630331447432 -0.00057843349399572274 -0.0001972841483137095 0.00025974101110839238 0.00029474483606846711 -0.00073527114959142639
leaf_weight=54 87 59 51 75 52 50 86 51 96 56 88 53 94 438 76 50
leaf_count=54 87 59 51 75 52 50 86 51 96 56 88 53 94 438 76 50
internal_value=1.35166e-05 0.000320258 7.94894e-06 -3.22969e-05 -3.53926e-06 5.10295e-05 0.000135497 -0.000274581 7.72884e-05 -0.000442292 -0.000172268 -0.000246533 0.000120868 0.000176872 2.8813e-05 -0.000392291
internal_weight=1516 197 138 1319 1265 1053 764 212 678 161 289 109 628 534 151 138
internal_count=1516 197 138 1319 1265 1053 764 212 678 161 289 109 628 534 151 138
is_linear=0
shrinkage=0.05


Tree=74
num_leaves=21
num_cat=0
split_feature=3 90 89 105 106 166 121 88 134 109 115 160 91 118 3 66 32 162 170 106
split_gain=0.00840038 0.011179 0.0182542 0.00935675 0.00848287 0.00791096 0.00729502 0.00537401 0.00661779 0.00567987 0.00593443 0.0068825 0.00483878 0.00419378 0.00339194 0.00444194 0.00301984 0.00365464 0.00263979 0.00187074
threshold=0.012970190495252611 0.48845206201076513 0.30684128403663641 1.0689942240715029 0.8890606462955476 46.710237503051765 0.18371725082397464 -0.56560006737709034 0.90188071131706249 0.019520873203873638 -0.0044111083261668673 1.0818728208541872 0.4769382923841477 0.3767582923173905 0.0052100564353168019 -0.16100230067968366 0.25833334028720861 1182.6171875000002 1794477824.0000002 1.0131366252899172
decision_type=2 2 2 2 2 2 2 2 2 2 2 2 2 2 2 2 2 2 2 2
left_child=4 2 3 5 -1 -2 -3 14 -9 12 -11 -12 16 -13 18 -16 -10 -18 19 -6
right_child=1 6 -4 -5 7 -7 -8 8 9 10 11 13 -14 -15 15 -17 17 -19 -20 -21
leaf_value=-0.00056487875962566738 -0.00062421509881096431 0.00031594345085837771 0.0010170171115099775 0.00065041542041469188 -0.00012943868319085459 0.0002485941840522746 -0.00044111083026531026 0.00036703382049935223 0.00021123209015720272 0.00013955122627546551 -0.00073936895648654471 -0.00034947068986680198 0.00039832394369073782 0.00012655516948143486 0.00057985851706642932 6.1629261257290963e-05 -0.00049673245634949124 4.6439690040642743e-05 -0.00031584190753528675 0.00024500384578358432
leaf_weight=76 50 52 84 52 53 54 82 69 55 73 87 167 68 64 78 88 64 60 50 90
leaf_count=76 50 52 84 52 53 54 82 69 55 73 87 167 68 64 78 88 64 60 50 90
internal_value=1.28408e-05 0.000218509 0.000422768 0.000102788 -5.45147e-05 -0.000171026 -0.000147329 -1.81285e-05 -9.81263e-05 -0.000148434 -0.000267008 -0.000360337 3.92684e-05 -0.000217585 0.000139416 0.000305135 -9.71326e-05 -0.000233907 -3.11917e-06 0.000106224
internal_weight=1516 374 240 156 1142 104 134 1066 707 638 391 318 247 231 359 166 179 124 193 143
internal_count=1516 374 240 156 1142 104 134 1066 707 638 391 318 247 231 359 166 179 124 193 143
is_linear=0
shrinkage=0.05


Tree=75
num_leaves=13
num_cat=0
split_feature=119 106 182 57 153 51 62 119 72 174 85 137
split_gain=0.00684048 0.00575199 0.0118097 0.0106815 0.00662692 0.00617749 0.00874044 0.00698721 0.0136424 0.00726866 0.00660423 0.00613699
threshold=0.59214788675308239 0.91031110286712658 0.036135096102952964 0.61822849512100231 0.38735361397266393 0.18333333730697635 0.40906348824501043 0.087524451315402998 0.51527658104896557 9.9740157127380389 -0.33874025940895075 1.0581492185592654
decision_type=2 2 2 2 2 2 2 2 2 2 2 2
left_child=1 3 5 4 -1 6 -3 8 9 -8 -9 -12
right_child=-2 2 -4 -5 -6 -7 7 10 -10 -11 11 -13
leaf_value=-0.00096856569686609045 0.00044473161065980101 0.00062339461135427253 0.0005566727038687811 0.00031709893322001269 -0.00024528388702166901 -0.00055708801440535654 -0.00041062331466545248 -0.00066824792572828175 0.00082033090353622259 0.0001083708453269807 -4.5292434161309117e-05 -0.00062795267203728149
leaf_weight=52 80 52 91 52 81 54 85 57 58 327 470 50
leaf_count=52 80 52 91 52 81 54 85 57 58 327 470 50
internal_value=-5.19317e-06 -3.03814e-05 8.30326e-06 -0.00029051 -0.000528071 -3.49766e-05 -9.3223e-06 -4.07466e-05 0.000102369 1.29681e-06 -0.000157323 -0.000101317
internal_weight=1509 1429 1244 185 133 1153 1099 1047 470 412 577 520
internal_count=1509 1429 1244 185 133 1153 1099 1047 470 412 577 520
is_linear=0
shrinkage=0.05


Tree=76
num_leaves=17
num_cat=0
split_feature=119 149 111 71 90 170 86 69 138 118 183 94 163 56 17 120
split_gain=0.00617354 0.00597383 0.00675731 0.0105678 0.00871109 0.0120627 0.00957847 0.00842909 0.00949144 0.00792675 0.00669715 0.00642555 0.00348527 0.00421629 0.00589591 0.00315206
threshold=0.59214788675308239 2.0498207807540898 0.047769401222467429 0.53141045570373546 -0.035146677866578095 3362252672.0000005 -0.05596626736223697 0.41696181893348699 1.0925267934799197 0.032648818567395217 -0.013949816580861805 1.9497903585433962 51.37773513793946 0.47390042245388037 0.16250000149011615 0.20279783755540851
decision_type=2 2 2 2 2 2 2 2 2 2 2 2 2 2 2 2
left_child=1 2 3 10 6 7 -4 -6 9 -9 -1 -8 -12 14 -14 -15
right_child=-2 -3 4 -5 5 -7 11 8 -10 -11 12 -13 13 15 -16 -17
leaf_value=-0.00040293323459131844 0.00042249502552294872 0.00043944484375130671 -0.00043324653556088121 0.00055787880416090132 -0.00056574326938631442 -0.00080483805902120545 7.1922105730903382e-05 0.00028394825863939285 0.00052934749574584813 -0.00028925309038730154 -0.00022292842976513166 0.00072952067441560842 8.0203535478983519e-05 -0.00015384458101076843 0.00078095989335382073 0.00027426978166618236
leaf_weight=91 80 65 56 96 99 83 95 79 60 255 79 61 71 120 52 67
leaf_count=91 80 65 56 96 99 83 95 79 60 255 79 61 71 120 52 67
internal_value=-4.93351e-06 -2.88623e-05 -5.1179e-05 7.89882e-05 -0.000146327 -0.000247182 0.000127696 -0.000153297 -4.96619e-05 -0.000153676 -1.679e-05 0.00032906 7.35418e-05 0.000149094 0.000376458 -4.56013e-07
internal_weight=1509 1429 1364 576 788 576 212 493 394 334 480 156 389 310 123 187
internal_count=1509 1429 1364 576 788 576 212 493 394 334 480 156 389 310 123 187
is_linear=0
shrinkage=0.05


Tree=77
num_leaves=20
num_cat=0
split_feature=161 123 132 92 91 179 131 95 95 112 121 76 42 128 135 87 116 54 152
split_gain=0.00569948 0.0102224 0.00896942 0.0199711 0.00812991 0.0120058 0.0058769 0.00595798 0.0079846 0.0064554 0.00621984 0.00542403 0.00867171 0.00532907 0.00481918 0.00358746 0.00337616 0.00334657 0.00156362
threshold=1.2776894569396975 0.02490930259227753 0.97213137149810802 0.24827344715595248 0.32450649142265325 10.062622070312502 1.330289959907532 6.9885265827178964 4.6370403766632089 0.0012153283460065725 0.094480589032173171 0.50218787789344799 0.4916666597127915 1.0792118906974795 0.92351064085960399 0.23904806375503543 0.00068773364182561647 0.34373974800109869 0.28397996723651892
decision_type=2 2 2 2 2 2 2 2 2 2 2 2 2 2 2 2 2 2 2
left_child=2 6 3 -1 13 -6 7 8 9 11 -9 12 -2 -4 -13 -12 -11 -17 -19
right_child=1 -3 4 -5 5 -7 -8 10 -10 16 15 14 -14 -15 -16 17 -18 18 -20
leaf_value=-0.00012307382851196009 8.0810137081979998e-05 -0.0006866977977493193 -1.6064160687771314e-05 0.0011358977632447758 8.8144382468834966e-05 -0.0008843956542014163 -0.00052432807725771066 -0.00054193853206600448 0.00052991524479990262 -4.5063654868178726e-05 -0.00034585969406692477 -0.00045014808050904392 0.0008755131659449498 0.00061044831285647476 6.9810509028006809e-05 0.00042146892150049097 -0.00061493300034374631 0.00010317570982358346 -0.00024429521137313178
leaf_weight=63 105 62 75 63 84 51 56 84 89 51 71 54 51 62 255 50 53 69 61
leaf_count=63 105 62 75 63 84 51 56 84 89 51 71 54 51 62 255 50 53 69 61
internal_value=-4.68683e-06 -6.28472e-05 0.000157665 0.000506412 -3.88628e-06 -0.00027926 -2.59752e-05 2.12927e-06 8.95178e-05 2.06331e-05 -0.000169517 0.000100279 0.000340617 0.000267467 -2.1056e-05 -4.48824e-05 -0.000335478 7.38365e-05 -5.98683e-05
internal_weight=1509 1111 398 126 272 135 1049 993 658 569 335 465 156 137 309 251 104 180 130
internal_count=1509 1111 398 126 272 135 1049 993 658 569 335 465 156 137 309 251 104 180 130
is_linear=0
shrinkage=0.05


Tree=78
num_leaves=18
num_cat=0
split_feature=119 149 111 71 170 153 70 74 154 89 160 147 9 58 135 72 2
split_gain=0.00544426 0.00529591 0.00600684 0.0086688 0.00701803 0.00780098 0.00988454 0.00842875 0.00800989 0.00615678 0.00560831 0.00510254 0.00530526 0.00529511 0.00419945 0.00476239 0.00313094
threshold=0.59214788675308239 2.0498207807540898 0.046279411762952812 0.53141045570373546 3913991680.0000005 0.24439423531293872 0.53316643834114086 0.58969712257385265 0.35938745737075811 0.70670929551124584 1.1971866488456728 1.1184255480766299 0.99530300498008739 0.8360363543033601 0.94152703881263744 0.49220672249794012 -0.14112836122512815
decision_type=2 2 2 2 2 2 2 2 2 2 2 2 2 2 2 2 2
left_child=1 2 3 11 5 8 7 9 10 -7 -4 12 -1 -14 -13 -16 -9
right_child=-2 -3 4 -5 -6 6 -8 16 -10 -11 -12 14 13 -15 15 -17 -18
leaf_value=0.00021117434616220031 0.00039693707025435288 0.00041401167791963632 -0.00029219696369328559 0.0005231833370959541 -0.00055537478183396158 -8.0264326796617954e-05 -0.00071035352884791798 -0.0002169796912896488 0.00067883904401761744 0.00047086656575427493 0.00027718020315279675 -0.00020547254225088945 -0.00059300290341842191 3.3015055578289321e-06 1.826286572716473e-06 0.00051960162575899937 -0.00077101466463942671
leaf_weight=60 80 65 87 92 88 259 78 51 56 63 86 62 89 64 85 93 51
leaf_count=60 80 65 87 92 88 259 78 51 56 63 86 62 89 64 85 93 51
internal_value=-4.45249e-06 -2.69236e-05 -4.79359e-05 8.06904e-05 -0.00013353 -8.27467e-05 -0.000193066 -9.79047e-05 0.000159089 2.75656e-05 -9.15398e-06 -9.17575e-06 -0.000187303 -0.000343568 0.000148912 0.000272349 -0.000493997
internal_weight=1509 1429 1364 545 819 731 502 424 229 322 173 453 213 153 240 178 102
internal_count=1509 1429 1364 545 819 731 502 424 229 322 173 453 213 153 240 178 102
is_linear=0
shrinkage=0.05


Tree=79
num_leaves=22
num_cat=0
split_feature=161 123 100 103 86 85 182 88 121 126 140 179 147 84 121 121 41 27 127 120 120
split_gain=0.00518137 0.00900323 0.00835388 0.0111728 0.0125432 0.00606793 0.00541456 0.00616232 0.00749857 0.00924092 0.00628673 0.00584217 0.00795322 0.00819443 0.004831 0.0044185 0.00590399 0.00458943 0.00437314 0.00313939 0.00291547
threshold=1.2776894569396975 0.02490930259227753 1.1441402435302737 1.0158448219299319 0.43837673962116247 0.41922263801097875 0.039719892665743835 1.0000000180025095e-35 0.081163771450519576 -0.067667093127965913 1.1315711736679079 1.4929748773574831 1.0679530501365664 0.34660205245018011 0.15710706263780597 0.37147633731365209 0.48333333432674414 0.42499999701976782 1.0641792416572573 0.04934359900653363 0.15788079053163531
decision_type=2 2 2 2 2 2 2 2 2 2 2 2 2 2 2 2 2 2 2 2 2
left_child=2 6 3 4 14 18 7 8 9 -2 15 -9 13 -13 -1 16 -10 -17 -5 -14 -21
right_child=1 -3 -4 5 -6 -7 -8 11 10 -11 -12 12 19 -15 -16 17 -18 -19 -20 20 -22
leaf_value=-0.00021104362128592674 -0.00079250342334069926 -0.00064515296028055729 0.00074146071397430773 -0.00033487007588389262 0.00096547038410790267 -0.00066141736402641987 0.00045326826016857272 0.0002112219452252854 6.2153283828938731e-05 4.6455292139082017e-05 0.00064612639395993923 -0.0010410335520646186 -0.00036490806992884304 -0.00026560166328657022 0.00042327894256092034 0.00021527447987162169 0.00067219631005250224 -0.00027630622511225298 0.00028725060539344622 0.00035422840749150982 -0.00012396046224132399
leaf_weight=71 52 62 52 56 55 55 56 72 121 89 57 56 66 87 52 79 59 119 57 51 85
leaf_count=71 52 62 52 56 55 55 56 72 121 89 57 56 66 87 52 79 59 119 57 51 85
internal_value=-4.22986e-06 -5.96838e-05 0.000150567 6.17627e-05 0.000337794 -0.000230699 -2.50803e-05 -5.20566e-05 5.39235e-05 -0.000262948 0.000156634 -0.000198446 -0.000283942 -0.000569267 5.71253e-05 8.28211e-05 0.000262112 -8.01705e-05 -2.1057e-05 -8.19551e-05 5.53604e-05
internal_weight=1509 1111 398 346 178 168 1049 993 576 141 435 417 345 143 123 378 180 198 113 202 136
internal_count=1509 1111 398 346 178 168 1049 993 576 141 435 417 345 143 123 378 180 198 113 202 136
is_linear=0
shrinkage=0.05


Tree=80
num_leaves=21
num_cat=0
split_feature=166 26 170 135 70 92 141 0 158 12 91 119 159 121 161 165 111 117 83 84
split_gain=0.0083693 0.00676109 0.0149147 0.00865796 0.00706645 0.00706509 0.00889046 0.00700005 0.00626202 0.0101482 0.0091042 0.00603031 0.00592738 0.00468232 0.00544562 0.00693852 0.00439121 0.00331033 0.00314902 0.00426402
threshold=65.933860778808608 0.68333333730697643 3240815872.0000005 0.87829434871673595 0.53698450326919567 0.40206454694271093 1.1551197171211245 -0.015469406265765427 0.98280799388885509 0.060024341568350799 0.45906871557235723 0.080966502428054823 0.92726296186447155 0.40595772862434393 1.5807479619979861 145.64517211914065 0.079012285917997374 0.28294920921325689 0.72320613265037548 0.574712634086609
decision_type=2 2 2 2 2 2 2 2 2 2 2 2 2 2 2 2 2 2 2 2
left_child=1 3 8 -1 5 6 7 -5 9 -3 -11 -6 -9 14 15 -7 18 -16 19 -10
right_child=-2 2 -4 4 11 13 -8 12 16 10 -12 -13 -14 -15 17 -17 -18 -19 -20 -21
leaf_value=-0.000664451420447289 -0.00063265326863620438 -0.00026642717300502211 0.00094681051601323168 -0.00041323354565644298 3.9542903794898412e-06 -0.00016551625574181715 0.00063450906693105933 -0.00029325964854365338 0.00013426609950242674 0.0010126267124748775 0.00011414905651084458 -0.0007215282456094369 0.00023497654637429977 0.00022493010581596396 -0.00026087082310200291 -0.00088933070260931602 -0.00043545269113565155 0.00029536949405842023 0.00036234377170330846 -0.00044184732527915353
leaf_weight=54 50 51 56 66 54 81 80 64 84 59 54 61 312 65 54 56 64 53 55 52
leaf_count=54 50 51 56 66 54 81 80 64 84 59 54 61 312 65 54 56 64 53 55 52
internal_value=3.54241e-06 2.51084e-05 0.000180431 -4.867e-05 -1.35197e-05 3.73166e-05 0.000149485 6.16983e-05 7.80035e-05 0.000319032 0.000583266 -0.000380867 0.000145064 -0.000152173 -0.00025263 -0.000461382 -7.70109e-05 1.46501e-05 4.30953e-05 -8.60126e-05
internal_weight=1525 1475 475 1000 946 831 522 442 419 164 113 115 376 309 244 137 255 107 191 136
internal_count=1525 1475 475 1000 946 831 522 442 419 164 113 115 376 309 244 137 255 107 191 136
is_linear=0
shrinkage=0.05


Tree=81
num_leaves=19
num_cat=0
split_feature=166 26 170 135 75 92 169 157 119 142 5 172 87 127 42 168 46 162
split_gain=0.0075533 0.00610188 0.0134605 0.00781381 0.00643505 0.00633452 0.00850002 0.00578146 0.00539494 0.00537048 0.0046842 0.00388932 0.00567068 0.00713853 0.00325763 0.00453417 0.00389773 0.00308739
threshold=65.933860778808608 0.68333333730697643 3240815872.0000005 0.87829434871673595 0.463201254606247 0.40206454694271093 0.36754116415977484 0.57816621661186229 0.080966502428054823 1.0113527774810793 0.012481671757996084 27762486.000000004 0.6196744740009309 1.0479929447174074 0.52500000596046459 4.2045590877532968 0.51666668057441723 244.729850769043
decision_type=2 2 2 2 2 2 2 2 2 2 2 2 2 2 2 2 2 2
left_child=1 3 7 -1 8 6 9 -3 -5 10 -6 -7 -13 -14 16 -16 17 -9
right_child=-2 2 -4 4 5 11 -8 14 -10 -11 -12 12 13 -15 15 -17 -18 -19
leaf_value=-0.0006312288456279526 -0.00060102061240468183 0.00056217569991823214 0.00089946998549359197 -2.5689108323686842e-06 0.00020109813453523707 0.00015352595877135891 0.00074220733672604499 0.00047383418027670639 -0.00068545182055190638 -0.00038529985431523528 -0.00030237203587980821 -0.00053421101864924744 -0.00049664336116984496 0.00026868393604392903 -0.00056267555535389243 7.0426963418046193e-05 -0.00018195725926129798 4.6807922793030893e-05
leaf_weight=54 50 53 56 55 360 81 53 77 61 56 53 99 50 78 52 62 81 94
leaf_count=54 50 53 56 55 360 81 53 77 61 56 53 99 50 78 52 62 81 94
internal_value=3.36529e-06 2.3853e-05 0.00017141 -4.62365e-05 -1.28437e-05 3.59081e-05 0.000142011 7.41033e-05 -0.000361671 7.41851e-05 0.000136488 -0.000143916 -0.000250052 -3.0272e-05 3.42618e-06 -0.000218357 0.000103757 0.000239095
internal_weight=1525 1475 475 1000 946 830 522 419 116 469 413 308 227 128 366 114 252 171
internal_count=1525 1475 475 1000 946 830 522 419 116 469 413 308 227 128 366 114 252 171
is_linear=0
shrinkage=0.05


Tree=82
num_leaves=12
num_cat=0
split_feature=72 35 123 1 181 12 143 112 107 179 84
split_gain=0.00686145 0.00499357 0.00611933 0.00752193 0.00584682 0.00570722 0.00435796 0.0051608 0.0116838 0.00785709 0.00172679
threshold=0.53230026364326488 0.72499999403953563 -0.051441650837659829 0.049453625455498702 0.039217798039317138 0.16151197254657748 0.97395756840705883 -0.013757459819316862 0.020018652081489566 13.611393451690676 0.34660205245018011
decision_type=2 2 2 2 2 2 2 2 2 2 2
left_child=1 2 -1 4 6 -3 10 9 -9 -8 -4
right_child=-2 5 3 -5 -6 -7 7 8 -10 -11 -12
leaf_value=0.00048834008639907374 -0.00051199511353549883 0.00069603844795461845 -0.0005330221358305538 -0.00044294533335499116 0.00041279816375338545 -3.2029180996081168e-05 -2.5224614308591789e-05 2.9598774493882651e-06 0.00061686722266998933 -0.00071564303483942894 -0.00012149010025314056
leaf_weight=61 62 57 52 99 84 51 156 710 87 56 50
leaf_count=61 62 57 52 99 84 51 156 710 87 56 50
internal_value=3.19703e-06 2.50302e-05 -1.04911e-06 -2.41192e-05 1.05785e-05 0.000352229 -1.98324e-05 1.1653e-05 6.99736e-05 -0.000207599 -0.000331291
internal_weight=1525 1463 1355 1294 1195 108 1111 1009 797 212 102
internal_count=1525 1463 1355 1294 1195 108 1111 1009 797 212 102
is_linear=0
shrinkage=0.05


Tree=83
num_leaves=14
num_cat=0
split_feature=133 104 37 37 37 130 107 179 168 24 75 112 119
split_gain=0.00707249 0.00596239 0.00685932 0.00655318 0.0142353 0.00682797 0.007052 0.00655556 0.00870864 0.00686002 0.00476523 0.0062993 0.00312216
threshold=0.8869454860687257 0.94516459107398998 0.84166666865348827 0.45833332836627966 0.50833332538604747 1.2783486843109133 0.035759912803769119 1.8446506261825564 5.2318701744079599 0.35000000894069677 0.45998065173625952 -0.016549855470657345 0.1219337321817875
decision_type=2 2 2 2 2 2 2 2 2 2 2 2 2
left_child=-1 -2 3 5 -5 6 10 -6 9 -9 -3 -12 -10
right_child=1 2 -4 4 7 -7 -8 8 12 -11 11 -13 -14
leaf_value=-0.00049538403220461026 0.00056285204115556558 -0.00034966948193070903 0.00049712252216790257 -0.00089765607890363811 -0.00057151984102686169 0.00059482738502925645 0.00051484577676147285 2.7963152665290094e-05 -2.2770049283280972e-05 0.00075029304463424971 -0.00052223097305977722 5.8119936302356668e-05 -0.00058153274829965092
leaf_weight=68 50 98 68 61 51 54 66 84 50 54 50 721 50
leaf_count=68 50 98 68 61 51 54 66 84 50 54 50 721 50
internal_value=3.03718e-06 2.62991e-05 7.23184e-06 -1.76468e-05 -0.000203586 4.81555e-05 1.6583e-05 -5.70862e-05 5.31495e-05 0.000310614 -2.12597e-05 2.04837e-05 -0.000302151
internal_weight=1525 1457 1407 1339 350 989 935 289 238 138 869 771 100
internal_count=1525 1457 1407 1339 350 989 935 289 238 138 869 771 100
is_linear=0
shrinkage=0.05


Tree=84
num_leaves=11
num_cat=0
split_feature=100 35 120 78 35 181 121 26 173 37
split_gain=0.00675629 0.00766524 0.00887305 0.00669869 0.00458821 0.00649811 0.00997252 0.00581482 0.00698997 0.00558027
threshold=0.81932327151298534 0.72499999403953563 0.18491633981466296 0.55403351783752453 0.62500000000000011 0.039217798039317138 0.33057290315628057 0.81666666269302379 1.319561839103699 0.14166667312383655
decision_type=2 2 2 2 2 2 2 2 2 2
left_child=-1 3 -3 4 5 7 -7 8 9 -2
right_child=1 2 -4 -5 -6 6 -8 -9 -10 -11
leaf_value=-0.00054640073552339647 0.00012975694778659722 -4.439994383439491e-05 0.00084259839208305316 -0.00051759173340190417 -0.00036517742601184489 0.00092428380763158197 -6.0108420109587175e-05 0.00043102305982658335 -0.00058708239043623494 -0.00010815055444535439
leaf_weight=54 460 54 59 62 75 50 53 74 53 531
leaf_count=54 460 54 59 62 75 50 53 74 53 531
internal_value=2.88532e-06 2.30495e-05 0.000418723 -9.87479e-06 1.44141e-05 3.77306e-05 0.000417752 2.71967e-06 -2.7639e-05 2.28078e-06
internal_weight=1525 1471 113 1358 1296 1221 103 1118 1044 991
internal_count=1525 1471 113 1358 1296 1221 103 1118 1044 991
is_linear=0
shrinkage=0.05


Tree=85
num_leaves=23
num_cat=0
split_feature=106 142 86 67 184 44 1 52 176 26 116 110 117 88 114 158 118 181 1 75 138 126
split_gain=0.00663646 0.00822794 0.00800714 0.00915869 0.0113014 0.00959648 0.0061484 0.00505649 0.00482891 0.00468393 0.00867547 0.00601665 0.00519082 0.00751943 0.00487013 0.00618708 0.00682084 0.00557601 0.00452955 0.00400451 0.00255173 0.00251347
threshold=0.88407909870147716 0.9977710247039796 0.63083043694496166 0.10786961391568185 -0.026296278461813923 0.45000000298023229 0.030946741811931137 -0.14166667312383649 3.7063790559768681 0.28333334624767309 0.0017824574606493118 0.060016339644789703 0.27861517667770391 -0.21213898062705991 -0.00040616746991872782 0.84169188141822826 0.11744436994194986 0.020141267217695717 0.029644535854458812 0.50281772017478954 1.0284722447395327 0.0075177447870373735
decision_type=2 2 2 2 2 2 2 2 2 2 2 2 2 2 2 2 2 2 2 2 2 2
left_child=1 -1 7 5 -5 -4 8 18 -7 10 12 14 13 -9 15 -11 -17 21 19 -2 -14 -16
right_child=2 -3 3 4 -6 6 -8 9 -10 11 -12 -13 20 -15 17 16 -18 -19 -20 -21 -22 -23
leaf_value=-0.0007557015116560706 -0.00026042287674684657 8.6625176097512391e-05 -0.00047609852426830915 0.00011180670383402099 0.0011080848942219745 0.00041782193782273686 0.00068304887347578726 7.2589994586171375e-05 -0.00022364320130166139 -0.00035160998648886262 -0.00069541561796683375 0.00047038375106926098 0.0003832446040697895 -0.00078617817605845623 -0.00025588907212560722 -1.9293077717963104e-05 0.00059314326953154983 -0.00058959124491020582 0.00058823124398329064 0.00033546036429470409 -0.00010078105809746908 9.5122598994588347e-05
leaf_weight=64 59 53 64 59 55 50 54 52 71 60 83 57 56 50 102 111 77 73 52 54 53 102
leaf_count=64 59 53 64 59 55 50 54 52 71 60 83 57 56 50 102 111 77 73 52 54 53 102
internal_value=-1.2438e-05 -0.000374135 1.79196e-05 0.000223705 0.000592467 4.78107e-05 0.000239412 -5.18617e-05 4.1425e-05 -9.96872e-05 -0.000262359 -1.7513e-05 -9.20091e-05 -0.000348375 -7.04846e-05 9.04593e-05 0.000231545 -0.000214579 0.000202048 2.43355e-05 0.000147893 -8.03832e-05
internal_weight=1511 117 1394 353 114 239 175 1041 121 876 294 582 211 102 525 248 188 277 165 113 109 204
internal_count=1511 117 1394 353 114 239 175 1041 121 876 294 582 211 102 525 248 188 277 165 113 109 204
is_linear=0
shrinkage=0.05


Tree=86
num_leaves=21
num_cat=0
split_feature=106 86 101 91 89 117 102 136 26 72 121 6 5 173 111 21 153 95 85 155
split_gain=0.00600049 0.00755491 0.0110657 0.00767758 0.00803806 0.00804124 0.00711506 0.00614122 0.00650532 0.00520046 0.00542893 0.00515524 0.00810373 0.00546101 0.00868069 0.00674589 0.00446131 0.00393179 0.00334267 0.00301855
threshold=0.88631507754325878 0.63083043694496166 0.85356533527374279 0.24854221940040591 0.71715262532234203 0.39617441594600683 1.0152850747108462 0.89463996887207042 0.083333335816860213 0.51445323228836071 0.17272807657718661 0.01992063503712416 0.0017566977767273786 1.1825930476188662 0.058868059888482101 0.28037397563457495 0.44778370857238775 2.7535525560379033 0.43232606351375585 0.30797624588012701
decision_type=2 2 2 2 2 2 2 2 2 2 2 2 2 2 2 2 2 2 2 2
left_child=6 7 -3 -4 5 17 -1 8 -2 10 -10 -9 -13 14 19 -15 18 -5 -12 -14
right_child=1 2 3 4 -6 -7 -8 11 9 -11 16 12 13 15 -16 -17 -18 -19 -20 -21
leaf_value=-0.00071151882257254335 -0.0006425556200220328 0.00072303258513061169 0.00060667812078743456 -0.00020828736904898986 0.00043188512610303688 0.00023584704645650669 5.3082794956622073e-05 -0.00040066130798853313 0.00033532097737693943 -0.0005715990531504812 -0.00023560776689643691 0.00064721600232085872 0.00025146094890848928 -0.00057580877180778969 0.00055241639838028136 0.00014312527584202066 -0.00053413787282535622 -0.00082914968724271244 0.00029483470165427277 -9.508458882074173e-05
leaf_weight=64 71 83 52 51 58 54 58 60 76 51 66 58 85 73 89 59 57 51 54 241
leaf_count=64 71 83 52 51 58 54 58 60 76 51 66 58 85 73 89 59 57 51 54 241
internal_value=-1.18161e-05 1.77137e-05 0.000219011 6.17408e-05 -7.06739e-05 -0.000257523 -0.00034802 -4.9837e-05 -0.000211636 -0.000110994 -1.81443e-05 4.14031e-05 8.52442e-05 2.56567e-05 0.000114756 -0.000254467 -0.000169915 -0.000518719 3.09134e-06 -4.72762e-06
internal_weight=1511 1389 349 266 214 156 122 1040 375 304 253 665 605 547 415 132 177 102 120 326
internal_count=1511 1389 349 266 214 156 122 1040 375 304 253 665 605 547 415 132 177 102 120 326
is_linear=0
shrinkage=0.05


Tree=87
num_leaves=19
num_cat=0
split_feature=119 135 119 170 172 168 17 141 101 121 170 70 1 7 84 32 93 159
split_gain=0.00567689 0.00759071 0.00515437 0.00718861 0.0056375 0.00750748 0.00523879 0.00778783 0.00704164 0.00934802 0.00438461 0.00522434 0.00671081 0.00436681 0.00409406 0.00383911 0.00551327 0.00446944
threshold=0.59214788675308239 0.79272305965423595 0.0031457144068554048 717503072.00000012 87727360.000000015 -4.7274262905120841 0.43750000000000006 1.0432303547859194 0.88758689165115368 0.29658579826354986 -21408649.999999996 0.52478793263435375 0.018040225841104988 -0.033833684399724 0.64328372478485119 0.37500000000000006 9.5805206298828143 1.2244928479194643
decision_type=2 2 2 2 2 2 2 2 2 2 2 2 2 2 2 2 2 2
left_child=1 -1 3 -3 6 -6 10 8 9 -8 -4 12 -12 -7 -10 16 -15 -17
right_child=-2 2 4 -5 5 13 7 -9 14 -11 11 -13 -14 15 -16 17 -18 -19
leaf_value=-0.00060504719097350193 0.00039335267120339091 -6.2486024423075525e-05 -0.00023513584993884625 0.00073664505166476076 -0.00071704149595461794 -0.00053419836650730351 0.0006711687626900837 -0.00060423791286060198 -3.7372409219273865e-05 -0.00016639940525149747 1.2511086424638052e-07 -9.2090678693229798e-05 0.00052087490278180423 -0.00035291970214023976 -0.00052135519041668539 0.00053148725439768898 0.0002542820078955489 -6.5433838157148309e-05
leaf_weight=56 82 60 61 53 58 51 72 63 148 62 96 97 174 133 62 52 52 79
leaf_count=56 82 60 61 53 58 51 72 63 148 62 96 97 174 133 62 52 52 79
internal_value=-1.12253e-05 -3.44411e-05 -1.1168e-05 0.000312328 -4.01799e-05 -0.000188424 3.52736e-05 -9.31566e-05 4.42586e-07 0.000283637 0.000157402 0.000222647 0.000335719 -0.000104882 -0.000180263 -3.55936e-05 -0.000182247 0.000171512
internal_weight=1511 1429 1373 113 1260 425 835 407 344 134 428 367 270 367 210 316 185 131
internal_count=1511 1429 1373 113 1260 425 835 407 344 134 428 367 270 367 210 316 185 131
is_linear=0
shrinkage=0.05


Tree=88
num_leaves=14
num_cat=0
split_feature=88 146 115 183 110 69 154 134 88 136 83 132 146
split_gain=0.00549347 0.00697293 0.00819996 0.00721629 0.00860609 0.00490599 0.00528436 0.00455039 0.006504 0.00481838 0.00468601 0.00456956 0.00416895
threshold=0.88478887081146251 0.80853334069252025 0.0036602189065888528 0.017903077416121963 0.042485957965254791 0.57903605699539196 0.20523098856210711 0.90673163533210765 -0.90749049186706532 0.90577238798141491 0.73206806182861339 0.98209545016288768 0.87637928128242504
decision_type=2 2 2 2 2 2 2 2 2 2 2 2 2
left_child=1 2 -1 5 -5 7 -7 12 -9 11 -11 -10 -3
right_child=-2 3 -4 4 -6 6 -8 8 9 10 -12 -13 -14
leaf_value=8.2306688776812882e-05 0.00043900032863558201 0.0006003067594504281 -0.00065298704583975642 -6.1221473277265471e-05 0.00078611097727433298 9.7519962183272875e-05 -0.00054081714677093337 0.00044216789586909135 -0.00047016972772110158 7.7998813880276237e-05 -0.00038832932234489836 -7.7093308151564678e-05 2.1295732896570413e-05
leaf_weight=65 65 58 91 58 62 51 89 67 118 461 61 198 67
leaf_count=65 65 58 91 58 62 51 89 67 118 461 61 198 67
internal_value=-1.0664e-05 -3.08771e-05 -0.000346615 7.30507e-06 0.000376567 -3.05679e-05 -0.00030828 7.17934e-06 -3.18783e-05 -6.97794e-05 2.35045e-05 -0.000223875 0.000289957
internal_weight=1511 1446 156 1290 120 1170 140 1030 905 838 522 316 125
internal_count=1511 1446 156 1290 120 1170 140 1030 905 838 522 316 125
is_linear=0
shrinkage=0.05


Tree=89
num_leaves=13
num_cat=0
split_feature=119 135 92 183 149 122 92 31 116 72 77 10
split_gain=0.00498153 0.00647218 0.00487956 0.00479695 0.00612338 0.00670015 0.00644726 0.00508282 0.00429599 0.00424806 0.00503273 0.00180219
threshold=0.59214788675308239 0.79272305965423595 0.0080190305598080176 0.017903077416121963 2.0498207807540898 0.0058962486218661079 0.31674267351627355 0.55000001192092907 -0.00074828651850111772 0.52302581071853649 0.49355605244636541 1.0108112096786501
decision_type=2 2 2 2 2 2 2 2 2 2 2 2
left_child=1 -1 8 4 5 9 -7 -5 -3 10 -4 -8
right_child=-2 2 3 7 -6 6 11 -9 -10 -11 -12 -13
leaf_value=-0.00055876877158880236 0.00036885986337438227 0.00057193887818905915 0.00016492629649966434 0.00058157321667143453 0.00041446762880696045 -0.00073909024614368798 -0.00033822206912321106 -7.1999948494969008e-05 3.6014975395791349e-05 -0.00046668194793580498 -0.00010333613424021928 6.2913177056803503e-05
leaf_weight=56 82 63 259 60 60 74 56 59 92 56 538 56
leaf_count=56 82 63 259 60 60 74 56 59 92 56 538 56
internal_value=-1.01308e-05 -3.18784e-05 -1.03883e-05 -4.40137e-05 -7.66652e-05 -0.000105027 -0.000376935 0.000257533 0.000253842 -4.57364e-05 -1.61593e-05 -0.000137654
internal_weight=1511 1429 1373 1218 1099 1039 186 119 155 853 797 112
internal_count=1511 1429 1373 1218 1099 1039 186 119 155 853 797 112
is_linear=0
shrinkage=0.05


Tree=90
num_leaves=16
num_cat=1
split_feature=159 116 123 160 71 75 146 186 11 168 157 153 41 115 182
split_gain=0.00799926 0.00666778 0.00686021 0.00756623 0.00623503 0.0071318 0.00563502 0.00553415 0.00524541 0.00796521 0.00768786 0.00434353 0.00414688 0.00599987 0.00486198
threshold=0.77169284224510204 0.0063760620541870603 0.015598539263010027 1.3379205465316775 0.55059632658958446 0.46251787245273596 1.0346667766571047 0 0.99095705151557933 0.26709632575511938 0.73072153329849254 0.26126632094383245 0.41666667163372045 -0.0015662777004763482 0.019342547282576564
decision_type=2 2 2 2 2 2 2 1 2 2 2 2 2 2 2
left_child=-1 2 4 -4 5 6 11 8 9 -7 -10 -2 14 -14 -9
right_child=1 -3 3 -5 -6 7 -8 12 10 -11 -12 -13 13 -15 -16
leaf_value=0.00065293136099353437 -0.00016017251541451251 -0.00053029203745113185 -0.00065305656653809785 5.0905180614790879e-05 0.00059530524554752954 0.00090931704723161758 0.00018268022619190115 -7.3986267055331094e-06 0.00051472391251560401 0.00020966241718269887 -7.5222480149076917e-05 -0.0007705619149121711 -0.00049626434853053077 -4.689025504359915e-06 0.00051692651214213601
leaf_weight=50 62 55 73 80 54 59 51 130 76 131 202 55 80 277 67
leaf_count=50 62 55 73 80 54 59 51 130 76 131 202 55 80 277 67
internal_value=3.11206e-05 9.7084e-06 3.09683e-05 -0.000284972 6.98259e-05 4.59806e-05 -0.000255922 9.56084e-05 0.000219748 0.000426924 8.60578e-05 -0.000447108 -1.29925e-05 -0.000114846 0.000170925
internal_weight=1502 1452 1397 153 1244 1190 168 1022 468 190 278 117 554 357 197
internal_count=1502 1452 1397 153 1244 1190 168 1022 468 190 278 117 554 357 197
cat_boundaries=0 1
cat_threshold=88
is_linear=0
shrinkage=0.05


Tree=91
num_leaves=13
num_cat=0
split_feature=159 123 71 133 80 71 182 101 88 91 89 128
split_gain=0.00721933 0.00587559 0.00946432 0.00714758 0.00486695 0.00820362 0.00615853 0.00589209 0.00445496 0.00391419 0.00365773 0.00344365
threshold=0.77169284224510204 0.015598539263010027 0.5520613193511964 0.89476847648620617 0.1119515784084797 0.49867707490921026 0.036225151270627982 0.84682658314704906 -0.90749049186706532 0.25804643332958227 -0.46693573892116541 1.1121554374694826
decision_type=2 2 2 2 2 2 2 2 2 2 2 2
left_child=-1 2 3 -2 5 6 8 -7 -5 10 -3 -9
right_child=1 9 -4 4 -6 7 -8 11 -10 -11 -12 -13
leaf_value=0.00062028478797583381 -0.00056206311455039837 -0.00038543792068958287 0.00071919631530181511 0.00043765821252204581 -0.00036833021907595512 0.0007648278161308126 -0.0005603710232535377 7.4668910307974464e-05 -2.2929336613250278e-05 -0.00059124725316383987 0.00021935391629813238 0.00044825203532890636
leaf_weight=50 51 50 50 57 68 51 50 212 665 61 50 87
leaf_count=50 51 50 50 57 68 51 50 212 665 61 50 87
internal_value=2.95646e-05 9.22298e-06 4.47421e-05 1.75683e-05 4.24096e-05 6.7303e-05 -2.37306e-05 0.000268097 1.34328e-05 -0.000275592 -8.3042e-05 0.00018337
internal_weight=1502 1452 1291 1241 1190 1122 772 350 722 161 100 299
internal_count=1502 1452 1291 1241 1190 1122 772 350 722 161 100 299
is_linear=0
shrinkage=0.05


Tree=92
num_leaves=17
num_cat=0
split_feature=159 74 133 37 4 153 181 157 5 27 118 110 182 159 10 158
split_gain=0.00651545 0.00584008 0.00536282 0.00437131 0.00777295 0.00517361 0.00568472 0.0067171 0.00754698 0.00508443 0.00486848 0.00557134 0.00382526 0.00345433 0.00318333 0.00358109
threshold=0.77169284224510204 0.3366877436637879 0.89476847648620617 0.72499999403953563 0.33193278312683111 0.28079316020011907 0.012520422693341972 0.93365171551704418 0.0015904635656625035 0.55833333730697643 0.1654649153351784 0.045049499720335014 0.014008799567818643 1.2704125642776491 1.0280213952064516 0.82345628738403331
decision_type=2 2 2 2 2 2 2 2 2 2 2 2 2 2 2 2
left_child=-1 -2 -3 5 -5 10 13 8 -8 -9 14 12 -12 -7 15 -4
right_child=1 2 3 4 -6 6 7 9 -10 -11 11 -13 -14 -15 -16 -17
leaf_value=0.0005892705383594148 0.00048760680839953489 -0.00043872375947622851 0.000127590168394529 0.00059347100376063843 -0.00015383698881153384 0.00055429887634764544 0.00033229411637876184 0.00030227110847875463 -0.00031552601120845219 -0.0001112661567993032 -2.3478849208913745e-05 -0.00034075427228923551 0.00059500819025561221 7.4732440989464525e-05 -0.0005700654992100158 -0.00032840933884953675
leaf_weight=50 61 70 63 81 61 81 56 198 228 119 50 55 50 70 73 136
leaf_count=50 61 70 63 81 61 81 56 198 228 119 50 55 50 70 73 136
internal_value=2.80864e-05 8.76184e-06 -1.22371e-05 1.03625e-05 0.000272444 -2.12029e-05 5.77221e-05 -1.11854e-05 -0.000187787 0.000147032 -0.0001602 6.34515e-05 0.000285765 0.000331983 -0.000287648 -0.000184048
internal_weight=1502 1452 1391 1321 142 1179 752 601 284 317 427 155 100 151 272 199
internal_count=1502 1452 1391 1321 142 1179 752 601 284 317 427 155 100 151 272 199
is_linear=0
shrinkage=0.05


Tree=93
num_leaves=16
num_cat=0
split_feature=71 133 70 71 160 100 182 110 15 170 6 119 70 88 72
split_gain=0.0061961 0.00678008 0.00447593 0.00744844 0.006453 0.006146 0.00560711 0.00559906 0.00651128 0.00672434 0.00501561 0.00594586 0.00432248 0.0035925 0.0034168
threshold=0.55328279733657848 0.89476847648620617 0.55602422356605541 0.49867707490921026 1.0573959946632387 1.1658752560615542 0.020475899800658229 0.051260685548186309 0.31250000000000006 2546130688.0000005 0.18433827161788943 0.2789513915777207 0.41941680014133459 0.22567462921142581 0.47730360925197607
decision_type=2 2 2 2 2 2 2 2 2 2 2 2 2 2 2
left_child=1 -1 3 5 -5 7 13 12 9 -9 11 -8 -3 -6 -14
right_child=-2 2 -4 4 6 -7 10 8 -10 -11 -12 -13 14 -15 -16
leaf_value=-0.00051537735334325897 0.0005003777415726235 0.00040901866583194452 -0.00032833102433721569 0.00066753093240127994 0.00011402143006884589 0.00037820709256331875 0.00091705890469408278 0.00030928831860924571 -0.00074343420214451029 -0.00049480829044254145 2.8512874789921176e-05 0.00016037882553064265 -0.0003381261863724767 -0.00037498997138292966 3.4691246627317457e-06
leaf_weight=60 66 57 83 69 93 83 54 52 61 52 81 50 86 63 492
leaf_count=60 66 57 83 69 93 83 54 52 61 52 81 50 86 63 492
internal_value=2.6682e-05 4.91051e-06 2.75975e-05 5.04452e-05 0.000226558 -3.13288e-05 0.000137329 -7.38181e-05 -0.000333312 -9.276e-05 0.000323512 0.00055327 -6.39052e-06 -8.34639e-05 -4.73565e-05
internal_weight=1502 1436 1376 1293 410 883 341 800 165 104 185 104 635 156 578
internal_count=1502 1436 1376 1293 410 883 341 800 165 104 185 104 635 156 578
is_linear=0
shrinkage=0.05


Tree=94
num_leaves=16
num_cat=0
split_feature=159 123 71 75 71 170 54 117 147 174 159 100 91 39 89
split_gain=0.00575216 0.00525845 0.00794649 0.00669886 0.00619054 0.00761092 0.0059159 0.00579314 0.00569527 0.00620582 0.00470492 0.00425848 0.00365902 0.0031682 0.00316564
threshold=0.77169284224510204 0.015598539263010027 0.5520613193511964 0.46251787245273596 0.48272407054901129 3764040448.0000005 0.47589449584484106 0.019755257293581966 1.1252959966659548 33.352272033691413 1.0543292760849001 1.1697982549667361 0.25804643332958227 0.55000001192092907 -0.46693573892116541
decision_type=2 2 2 2 2 2 2 2 2 2 2 2 2 2 2
left_child=-1 2 3 6 5 11 -2 -6 9 -9 -10 13 14 -5 -3
right_child=1 12 -4 4 7 -7 -8 8 10 -11 -12 -13 -14 -15 -16
leaf_value=0.00055263722773088377 8.044863716349938e-06 -0.00035740399884525689 0.00065880241914419461 -0.00010080727882779185 -0.00022190770567697793 -0.00056005982092196627 -0.00057720730773030211 0.00027388967284826092 0.00079932581034622028 -0.00030140132752521449 0.00029097108267816976 0.00044805642979803918 -0.00056744484917261185 0.00023105072138908628 0.00020523609383963048
leaf_weight=50 90 50 50 358 73 65 83 131 63 73 164 51 61 90 50
leaf_count=50 90 50 50 358 73 65 83 131 63 73 164 51 61 90 50
internal_value=2.53479e-05 7.19059e-06 4.07926e-05 1.5893e-05 6.26473e-05 -5.1148e-05 -0.000272741 0.00018999 0.000259754 6.80257e-05 0.000432056 1.51432e-05 -0.000262252 -3.41394e-05 -7.6084e-05
internal_weight=1502 1452 1291 1241 1068 564 173 504 431 204 227 499 161 448 100
internal_count=1502 1452 1291 1241 1068 564 173 504 431 204 227 499 161 448 100
is_linear=0
shrinkage=0.05


Tree=95
num_leaves=14
num_cat=0
split_feature=122 183 62 98 10 174 109 182 7 159 73 24 119
split_gain=0.00678262 0.0075444 0.00608788 0.00512719 0.00867814 0.00775154 0.00525244 0.0073411 0.00722856 0.00505389 0.00403186 0.00258788 0.00256803
threshold=0.019856104627251629 0.020060459151864055 0.38929098844528204 1.0847430229187014 1.0450214147567751 14.902994155883791 0.019236929714679721 0.01292985398322344 -0.030395369045436379 1.2465080022811892 0.65707468986511242 1.0000000180025095e-35 0.1413187459111214
decision_type=2 2 2 2 2 2 2 2 2 2 2 2 2
left_child=1 2 -1 4 6 11 7 12 -8 -9 -10 -5 -4
right_child=-2 -3 3 5 -6 -7 8 9 10 -11 -12 -13 -14
leaf_value=0.00043924835436091485 -0.00046844928431840211 0.00049831970860088998 0.00013560256631980542 -0.00020021601395503816 -0.00066855747509180223 0.00065128972563621549 0.00046008738953297822 0.00083065109781902996 -6.0774029971158325e-05 0.00013684538607090221 -0.00032290809411568796 0.00022436668325955157 -0.00020485631144113558
leaf_weight=77 70 83 116 76 56 67 52 52 418 53 226 68 106
leaf_count=77 70 83 116 76 56 67 52 52 418 53 226 68 106
internal_value=1.22595e-05 3.54662e-05 7.36313e-06 -1.84161e-05 -6.24964e-05 0.000207 -2.93201e-05 0.000135969 -0.000106977 0.000480444 -0.000152765 2.81371e-07 -2.69589e-05
internal_weight=1520 1450 1367 1290 1079 211 1023 327 696 105 644 144 222
internal_count=1520 1450 1367 1290 1079 211 1023 327 696 105 644 144 222
is_linear=0
shrinkage=0.05


Tree=96
num_leaves=20
num_cat=0
split_feature=159 30 88 47 86 120 172 93 159 51 179 90 86 172 100 176 167 97 85
split_gain=0.00669567 0.00547743 0.00780473 0.00732977 0.00747799 0.00633047 0.00807464 0.00799628 0.00578149 0.00468716 0.00742392 0.0047879 0.00622434 0.00429986 0.00659034 0.00521733 0.00382701 0.00259561 0.0025869
threshold=0.77169284224510204 0.12500000372529033 0.43986010551452642 0.45833332836627966 0.60679003596305858 0.087988879531621947 38892118.000000007 9.2528562545776385 0.91446787118911754 0.050000002607703216 10.196046352386476 -0.14339616149663922 0.080221623182296767 49496744.000000007 1.0492388010025027 22.405229568481449 3.6135219335556035 1.0109382271766665 0.16459228098392489
decision_type=2 2 2 2 2 2 2 2 2 2 2 2 2 2 2 2 2 2 2
left_child=-1 3 8 16 17 6 -4 -7 -3 11 -11 12 -10 14 -13 -15 -2 -5 -14
right_child=1 2 5 4 -6 7 -8 -9 9 10 -12 13 18 15 -16 -17 -18 -19 -20
leaf_value=0.00056375230971135134 -0.00035473226932997539 -0.0004225536346036409 -6.563558258052331e-05 0.00039024312798028406 0.0007458287036616896 0.00028495617468587102 -0.0008789182165760156 -0.00045851919649462418 -9.7202803171176535e-05 0.00063085947571380526 -8.8538024664068461e-05 -2.7886313133206126e-05 0.00021319134847726674 -7.8385090694155232e-05 -0.00060937576643657642 0.0004779216167797266 0.00016487308845064357 -8.2857744132195583e-05 0.00071689321174254973
leaf_weight=53 74 70 51 50 78 76 76 69 92 80 65 118 50 192 83 54 68 69 52
leaf_count=53 74 70 51 50 78 76 76 69 92 80 65 118 50 192 83 54 68 69 52
internal_value=1.16465e-05 -8.30001e-06 -6.1265e-05 0.000167937 0.000365328 -0.000294582 -0.000552324 -6.88356e-05 1.28732e-05 5.16517e-05 0.000308371 -6.42057e-06 0.000201007 -9.64451e-05 -0.000268004 4.3731e-05 -0.000105907 0.000115924 0.000469981
internal_weight=1520 1467 1128 339 197 272 127 145 856 786 145 641 194 447 201 246 142 119 102
internal_count=1520 1467 1128 339 197 272 127 145 856 786 145 641 194 447 201 246 142 119 102
is_linear=0
shrinkage=0.05


Tree=97
num_leaves=14
num_cat=0
split_feature=122 183 62 185 10 1 109 136 7 184 118 73 119
split_gain=0.00613343 0.00668128 0.00542489 0.00453947 0.00780171 0.00742169 0.00469857 0.00756631 0.00697854 0.00425643 0.00377248 0.00348961 0.0024555
threshold=0.019856104627251629 0.020060459151864055 0.38929098844528204 -0.079665817320346818 1.0450214147567751 0.042359288781881339 0.019236929714679721 0.93204143643379223 -0.030727483332157132 -0.08061137422919272 0.093229494988918318 0.65707468986511242 0.1413187459111214
decision_type=2 2 2 2 2 2 2 2 2 2 2 2 2
left_child=1 2 -1 5 6 9 7 -5 -8 -4 -11 -10 -9
right_child=-2 -3 3 4 -6 -7 8 12 11 10 -12 -13 -14
leaf_value=0.00041437634852202303 -0.00044606059006972439 0.0004687054686918743 -0.00035554219031473623 0.00051392323238479034 -0.00063304511339603263 0.00071437692382600156 0.00046942048362689099 0.0001230492580056418 -5.8532986418387464e-05 0.0005177136936981697 -9.0557140020581969e-05 -0.00030075549219511799 -0.00020235357515048237
leaf_weight=77 70 83 50 92 56 52 50 131 424 50 52 229 104
leaf_count=77 70 83 50 92 56 52 50 131 424 50 52 229 104
internal_value=1.10642e-05 3.31323e-05 6.68567e-06 -1.76494e-05 -5.8301e-05 0.000198761 -2.70528e-05 0.000129528 -9.98862e-05 2.23658e-05 0.000207615 -0.000143478 -2.09588e-05
internal_weight=1520 1450 1367 1290 1086 204 1030 327 703 152 102 653 235
internal_count=1520 1450 1367 1290 1086 204 1030 327 703 152 102 653 235
is_linear=0
shrinkage=0.05


Tree=98
num_leaves=16
num_cat=0
split_feature=159 122 30 123 123 119 88 119 37 120 172 121 29 17 159
split_gain=0.00594388 0.00643484 0.005572 0.0103986 0.00932061 0.00876364 0.00526599 0.00811543 0.00675401 0.00621292 0.00740625 0.00509506 0.00372364 0.00516856 0.00485939
threshold=0.77169284224510204 0.018516122363507751 0.12500000372529033 -0.049780534580349915 -0.037808397784829133 0.035877555608749397 0.18234175443649295 0.49754434823989874 -0.10833333432674407 0.067463397979736342 43267542.000000007 0.17436728626489642 0.55000001192092907 0.73750001192092907 1.1502522230148318
decision_type=2 2 2 2 2 2 2 2 2 2 2 2 2 2 2
left_child=-1 2 5 -4 -5 -2 7 8 -6 10 -8 -11 14 -14 -7
right_child=1 -3 3 4 6 12 9 -9 -10 11 -12 -13 13 -15 -16
leaf_value=0.00053069892818248781 0.00072794193179106517 -0.00043589724484197827 0.00059007519120050055 -0.00072900351078715182 0.00018749352380946849 0.00059127186478387253 -8.6446547936702703e-05 0.00056722868674004344 -0.00016501027017267649 0.00023224174467107638 -0.00083854977781458678 -0.00028846620546613377 0.00013234109188757699 -0.00051021932249925301 -2.1936208795523272e-05
leaf_weight=53 63 83 62 52 232 60 64 66 328 96 67 92 81 51 70
leaf_count=53 63 83 62 52 232 60 64 66 328 96 67 92 81 51 70
internal_value=1.0511e-05 -8.28242e-06 1.73621e-05 -3.82157e-05 -7.72869e-05 0.00019846 -4.14253e-05 4.2831e-05 -1.8973e-05 -0.000206768 -0.00047111 -2.25728e-05 7.11421e-05 -0.000115921 0.000261083
internal_weight=1520 1467 1384 1059 997 325 945 626 560 319 131 188 262 132 130
internal_count=1520 1467 1384 1059 997 325 945 626 560 319 131 188 262 132 130
is_linear=0
shrinkage=0.05


Tree=99
num_leaves=19
num_cat=0
split_feature=3 165 24 161 118 1 0 158 31 173 81 87 111 119 87 56 111 46
split_gain=0.00512672 0.010171 0.00832114 0.00602515 0.00426069 0.00414748 0.00432066 0.0092293 0.00464459 0.00624858 0.00539352 0.00519768 0.0045509 0.00405969 0.00527313 0.00386083 0.00260158 0.00183499
threshold=0.013623679522424938 43.391820907592781 0.65000000596046459 1.3578001260757449 0.12169058993458749 0.051581988111138351 -0.025137750431895253 0.99849396944046032 1.0000000180025095e-35 1.3272315859794619 -0.02031344827264547 0.35198108851909643 0.048715913668274886 0.13557481020689013 0.45759090781211859 0.41802790760993963 0.10161769390106203 0.51666668057441723
decision_type=2 2 2 2 2 2 2 2 2 2 2 2 2 2 2 2 2 2
left_child=5 -2 3 -3 -5 6 7 -1 12 10 11 15 -8 14 -12 -10 -13 -15
right_child=1 2 -4 4 -6 -7 8 -9 9 -11 13 16 -14 17 -16 -17 -18 -19
leaf_value=0.00074315572686662733 0.0008387234286637978 0.00054911275764526286 -0.000336586859559881 0.00033652010676615769 -0.0002696227989417821 -0.00038974716613965132 -2.4090047809295359e-05 -0.00015354245386940116 0.00046028746462451961 -0.00048702364681503242 0.00015907218555327621 -0.00025401765303501055 -0.00068907896188562213 0.00016642509271386425 0.00077011213069016343 -2.4941934379441127e-05 0.00013806635705986993 -0.00018585071287388394
leaf_weight=55 50 90 89 53 64 79 50 60 62 64 102 275 53 81 54 121 50 68
leaf_count=55 50 90 89 53 64 79 50 60 62 64 102 275 53 81 54 121 50 68
internal_value=9.98546e-06 0.000179132 6.77149e-05 0.000241545 4.95476e-06 -3.98653e-05 -1.46227e-05 0.000275313 -4.86458e-05 -1.13423e-05 2.61037e-05 -7.36844e-05 -0.000366269 0.000192308 0.000370586 0.000139453 -0.000193697 5.65493e-06
internal_weight=1520 346 296 207 117 1174 1095 115 980 877 813 508 103 305 156 183 325 149
internal_count=1520 346 296 207 117 1174 1095 115 980 877 813 508 103 305 156 183 325 149
is_linear=0
shrinkage=0.05


Tree=100
num_leaves=18
num_cat=0
split_feature=77 3 4 33 6 122 137 123 71 87 36 116 161 146 173 87 55
split_gain=0.00625283 0.00636936 0.00897226 0.00587701 0.0055615 0.0073817 0.00370135 0.00480829 0.0054594 0.0045151 0.00468244 0.00434928 0.00371728 0.0036681 0.00361636 0.00373687 0.0027497
threshold=0.4660069346427918 0.013623679522424938 0.48799309134483343 -0.50000001490116108 0.088194783776998534 0.0034321516286581759 1.0003056526184084 -0.022993115708231922 0.51454883813858043 0.37623427808284765 -0.81666666269302357 0.0022041752235963945 1.5710616707801821 0.98723950982093822 0.61593198776245128 0.67707785964012157 0.48531806468963629
decision_type=2 2 2 2 2 2 2 2 2 2 2 2 2 2 2 2 2
left_child=-1 6 3 -3 -4 -6 16 11 9 10 -9 12 -8 -12 -11 -16 -2
right_child=1 2 4 -5 5 -7 7 8 -10 14 13 -13 -14 -15 15 -17 -18
leaf_value=-0.00051914376894335692 -0.00057163425491704733 0.00018189128144877032 -0.00033379855074697944 0.00092459844903746758 -0.00012131639393859811 0.00064179440621176453 -0.0006235260438303687 0.0005809936992591247 0.00040104169972397834 0.00024434003947047339 0.00023646242599352263 4.9697310294442141e-05 -8.5258710170053206e-05 -0.00016137142284370148 -6.7668335184903409e-05 -0.00041756963152786561 -8.9559019943408213e-05
leaf_weight=59 55 50 74 57 73 56 79 51 92 62 125 87 54 108 266 107 64
leaf_count=59 55 50 74 57 73 56 79 51 92 62 125 87 54 108 266 107 64
internal_value=-1.45059e-05 5.88699e-06 0.000207032 0.000577539 1.17404e-05 0.000209957 -4.83348e-05 -1.78597e-05 3.83792e-05 -8.02542e-06 0.000147044 -0.000225177 -0.000404981 5.20588e-05 -0.000109266 -0.000168042 -0.000312367
internal_weight=1519 1460 310 107 203 129 1150 1031 811 719 284 220 133 233 435 373 119
internal_count=1519 1460 310 107 203 129 1150 1031 811 719 284 220 133 233 435 373 119
is_linear=0
shrinkage=0.05


Tree=101
num_leaves=16
num_cat=0
split_feature=77 169 13 183 122 132 10 112 107 119 27 132 172 31 114
split_gain=0.00564318 0.00427976 0.00529124 0.00775665 0.0169244 0.00681559 0.0097557 0.0049188 0.0074765 0.00589069 0.00491653 0.00424378 0.00346827 0.00345438 0.00297852
threshold=0.4660069346427918 0.82056137919425975 0.94999998807907116 0.0076855719089508065 0.0082779699005186575 0.96923038363456737 1.0202038288116457 -0.013757459819316862 0.020135024562478069 0.13975954800844195 0.5416666865348817 0.98111867904663097 105178884.00000001 0.58333334326744091 0.0012231038417667153
decision_type=2 2 2 2 2 2 2 2 2 2 2 2 2 2 2
left_child=-1 2 3 5 -5 6 -2 9 11 12 -6 -9 -7 -4 -11
right_child=1 -3 13 4 10 7 -8 8 -10 14 -12 -13 -14 -15 -16
leaf_value=-0.00049318658341890428 -7.3957600275015225e-05 0.0004303050407335768 -8.6595890166386708e-05 0.0010694946152518311 0.00030033809324098013 -0.00027962277514391497 0.0008177617426823688 -0.00034600906885158192 0.0004566893626470119 0.0002869510954187717 -0.000260185860025632 -9.8272762393394703e-06 -0.00078870259601165329 -0.00060760590682835567 -0.00025880680244881664
leaf_weight=59 71 57 72 53 83 81 54 115 75 50 74 511 57 57 50
leaf_count=59 71 57 72 53 83 81 54 115 75 50 74 511 57 57 50
internal_value=-1.37806e-05 5.59264e-06 -1.16622e-05 1.92357e-05 0.000296941 -3.55744e-05 0.000311265 -8.17459e-05 -1.50657e-05 -0.000278144 3.61421e-05 -7.15859e-05 -0.000489895 -0.00031681 1.40721e-05
internal_weight=1519 1460 1403 1274 210 1064 125 939 701 238 157 626 138 129 100
internal_count=1519 1460 1403 1274 210 1064 125 939 701 238 157 626 138 129 100
is_linear=0
shrinkage=0.05


Tree=102
num_leaves=19
num_cat=0
split_feature=77 3 1 121 26 88 104 71 3 71 170 6 85 90 83 10 84 123
split_gain=0.00509297 0.00552282 0.00580083 0.00692386 0.00591111 0.00344554 0.00594588 0.00446206 0.00359598 0.00406983 0.00808795 0.00478901 0.00396158 0.00312975 0.003113 0.00421335 0.00298233 0.00259815
threshold=0.4660069346427918 0.013623679522424938 0.032069116830825813 0.24154400080442431 0.71666666865348827 -0.56560006737709034 1.0921476483345034 0.43118225038051611 0.011411562096327545 0.46497765183448797 2965509376.0000005 0.47421585023403173 0.51696982979774486 0.14011051505804065 -0.80993980169296254 1.0069329142570498 0.35908135771751409 -0.008650452829897402
decision_type=2 2 2 2 2 2 2 2 2 2 2 2 2 2 2 2 2 2
left_child=-1 5 16 4 -4 7 8 -2 9 12 11 -11 13 -7 -9 -16 -3 -17
right_child=1 2 3 -5 -6 6 -8 14 -10 10 -12 -13 -14 -15 15 17 -18 -19
leaf_value=-0.00046852725381540949 0.0004722699918784201 -0.00038907961620134306 0.0002399406529784082 3.1642530612248753e-05 0.00096995567881477717 -0.00033909212326487355 -0.00063418055894726426 -0.0002772213466653882 -0.00042756156009318149 -9.9082479424355424e-05 0.00060177039785980528 0.0004189772646378854 -0.00054064753305500574 0.0001841946563863237 -0.00020217551824489854 4.6383767977305169e-05 0.00014447155355645175 0.00043799968803796222
leaf_weight=59 60 50 54 94 57 53 50 76 64 356 57 51 67 62 84 90 55 80
leaf_count=59 60 50 54 94 57 53 50 76 64 356 57 51 67 62 84 90 55 80
internal_value=-1.30916e-05 5.31301e-06 0.000192615 0.000347408 0.000614813 -4.51771e-05 -0.000107175 7.56388e-05 -7.00616e-05 -3.46437e-05 4.39556e-05 -3.41659e-05 -0.000235029 -5.69723e-05 3.52409e-06 8.75267e-05 -0.0001096 0.000230674
internal_weight=1519 1460 310 205 111 1150 760 390 710 646 464 407 182 115 330 254 105 170
internal_count=1519 1460 310 205 111 1150 760 390 710 646 464 407 182 115 330 254 105 170
is_linear=0
shrinkage=0.05


Tree=103
num_leaves=16
num_cat=0
split_feature=77 3 4 90 165 179 133 128 182 72 112 87 51 90 115
split_gain=0.0045964 0.00498435 0.00778392 0.00574791 0.00464763 0.00516946 0.0030276 0.00411112 0.00365108 0.00551656 0.00473227 0.00435471 0.00419138 0.0043904 0.00354021
threshold=0.4660069346427918 0.013623679522424938 0.48799309134483343 0.42313754558563238 341.88975524902349 6.3478963375091562 0.93630579113960277 1.0877543091773989 0.03123504109680653 0.51024970412254345 -0.022731800563633438 -0.17374603450298307 -0.18333333730697629 -0.13883587718009946 0.00080830595106817793
decision_type=2 2 2 2 2 2 2 2 2 2 2 2 2 2 2
left_child=-1 6 3 -3 5 -4 7 -2 10 -10 -8 -12 13 -13 -14
right_child=1 2 4 -5 -6 -7 8 -9 9 -11 11 12 14 -15 -16
leaf_value=-0.00044510088930295195 -3.3826429166648994e-05 0.0008911401140789234 -7.2467296854786882e-05 0.00015817730648295936 -0.00030177819010135956 0.00058387746691005305 -0.00049269230787883449 -0.00059830479630777105 0.00060735875200147607 -8.2664348695592101e-05 0.00041634897734857748 0.0005381091982307448 -0.00020987749030367114 1.0503909077244742e-05 4.561801770973391e-05
leaf_weight=59 78 54 75 53 78 50 56 55 56 60 54 53 370 154 214
leaf_count=59 78 54 75 53 78 50 56 55 56 60 54 53 370 154 214
internal_value=-1.2437e-05 5.04736e-06 0.000182984 0.000528084 1.08437e-06 0.000190071 -4.29182e-05 -0.000267257 -1.35799e-05 0.00025045 -4.75726e-05 -1.80736e-05 -4.77308e-05 0.000145591 -0.000116254
internal_weight=1519 1460 310 107 203 125 1150 133 1017 116 901 845 791 207 584
internal_count=1519 1460 310 107 203 125 1150 133 1017 116 901 845 791 207 584
is_linear=0
shrinkage=0.05


Tree=104
num_leaves=22
num_cat=0
split_feature=12 51 72 3 4 158 27 118 143 94 161 132 86 121 89 158 181 157 12 84 3
split_gain=0.00447324 0.00486968 0.0039935 0.00393594 0.00691313 0.00590181 0.0055719 0.00636595 0.00391739 0.00346897 0.00452713 0.00645198 0.00579475 0.00383345 0.00349425 0.00318999 0.00242699 0.00459638 0.00239751 0.00287456 0.0024507
threshold=0.42415675520896917 -1.0000000180025095e-35 0.45222282409667974 0.013623679522424938 0.48799309134483343 0.95961639285087597 0.47499999403953558 0.1255598068237305 1.0439094901084902 -0.54774001240730275 1.5004112124443056 0.99105873703956615 0.5806434452533723 0.15296515822410586 0.13077058643102649 1.0867637991905215 0.013809029944241049 0.9869474768638612 0.16675696521997455 0.26744413375854498 0.0047069899737834939
decision_type=2 2 2 2 2 2 2 2 2 2 2 2 2 2 2 2 2 2 2 2 2
left_child=2 -2 -1 8 5 -5 -6 -8 9 13 11 12 -11 15 -13 -4 -15 -18 19 -12 -20
right_child=1 -3 3 4 6 -7 7 -9 -10 10 18 14 -14 16 -16 -17 17 -19 20 -21 -22
leaf_value=-0.00039905924689388457 1.3883854262530805e-05 -0.00068394706200342634 -0.00060463020618342742 0.00090049469645600783 0.00034337348457969105 0.00017794127638738318 -0.00059636795352032226 0.00012842743936661546 -0.00036894884131568793 0.0002299639088589094 -0.00022003222231918097 0.00023992544052058902 0.00085945455468026922 0.00026592285431991427 -0.00026350401275084114 -8.4391037582240094e-05 -0.00037832786617179192 0.00020277408353678537 -0.0004935340324904383 0.00015743770841195387 -5.5439666612073781e-06
leaf_weight=57 50 50 61 50 75 65 56 66 74 136 75 60 50 62 81 57 74 63 53 154 50
leaf_count=57 50 50 61 50 75 65 56 66 74 136 75 60 50 62 81 57 74 63 53 154 50
internal_value=-1.18152e-05 -0.000335032 1.09626e-05 2.81221e-05 0.00018405 0.000492095 4.22648e-06 -0.000204266 -1.82107e-05 8.38217e-06 7.37603e-05 0.000205809 0.000399182 -0.00012753 -4.92787e-05 -0.000353328 6.36041e-06 -0.000111106 -5.62997e-05 3.38122e-05 -0.000256646
internal_weight=1519 100 1419 1362 312 115 197 122 1050 976 659 327 186 317 141 118 199 137 332 229 103
internal_count=1519 100 1419 1362 312 115 197 122 1050 976 659 327 186 317 141 118 199 137 332 229 103
is_linear=0
shrinkage=0.05


Tree=105
num_leaves=22
num_cat=0
split_feature=166 60 154 158 167 37 182 120 12 34 160 24 100 37 88 10 107 37 71 95 26
split_gain=0.00507002 0.00549633 0.0106261 0.00889385 0.00704979 0.00581489 0.0085648 0.0123464 0.00784883 0.00592896 0.00579489 0.00486042 0.00445463 0.00420751 0.0042447 0.0041837 0.00408213 0.00382066 0.00347669 0.00267183 0.00116117
threshold=65.933860778808608 0.42065313458442694 0.61174434423446666 0.88810837268829357 0.27204532921314245 0.4916666597127915 0.019848997704684738 0.15788079053163531 0.18107689917087558 -0.65000000596046437 1.013298571109772 0.55000001192092907 0.93572676181793224 0.17500000447034839 0.4900337159633637 1.0130338072776797 0.012675341684371235 0.65833333134651195 0.47301682829856878 3.1050033569335942 0.65000000596046459
decision_type=2 2 2 2 2 2 2 2 2 2 2 2 2 2 2 2 2 2 2 2 2
left_child=1 2 3 -1 5 6 13 8 -8 -7 -6 17 -5 14 16 -9 -3 19 -15 -12 -21
right_child=-2 4 -4 12 10 9 7 15 -10 -11 11 -13 -14 18 -16 -17 -18 -19 -20 20 -22
leaf_value=0.0008470810005168721 -0.00049613498795898282 0.00014832998549287393 -0.00026435546696008174 0.00039378172283069298 -0.00072602140503048125 -0.00065999677859383214 0.0009658006243019676 -0.00040297619601844023 0.00018994051920994285 6.8046889747266619e-05 -0.00043274049274228765 -0.00054948936182181124 -0.00019380631528540771 -6.7299794262418389e-05 -0.00043760285134125947 0.00020620585650220395 -0.00023535305775002408 0.00032471412968042616 0.00050046573388889167 0.00015238365844849779 -0.00018182019349278919
leaf_weight=70 54 146 89 78 53 58 78 51 56 54 59 61 55 52 85 63 132 53 56 53 51
leaf_count=70 54 146 89 78 53 58 78 51 56 54 59 61 55 52 85 63 132 53 56 53 51
internal_value=-2.04121e-05 -2.73215e-06 0.000191177 0.000390893 -5.15017e-05 2.61406e-05 7.83423e-05 0.000316163 0.000641561 -0.000308976 -0.000247019 -0.000155369 0.000150794 -4.68794e-05 -0.000128393 -6.6323e-05 -3.38505e-05 -4.40664e-05 0.000227097 -0.000163977 -1.15048e-05
internal_weight=1507 1453 292 203 1161 831 719 248 134 112 330 277 133 471 363 114 278 216 108 163 104
internal_count=1507 1453 292 203 1161 831 719 248 134 112 330 277 133 471 363 114 278 216 108 163 104
is_linear=0
shrinkage=0.05


Tree=106
num_leaves=15
num_cat=1
split_feature=166 143 5 36 186 130 71 91 131 83 83 159 141 72
split_gain=0.00457569 0.00526974 0.00508606 0.00602515 0.0042194 0.00579535 0.0101316 0.00609719 0.00887924 0.00626172 0.0039159 0.00387315 0.0034697 0.0029197
threshold=65.933860778808608 0.94347658753395092 0.02238220535218716 0.78333333134651195 0 1.0982108116149905 0.51903811097145092 0.14476430416107181 1.2339026331901553 0.7819826900959016 0.64426562190055858 0.90786391496658336 1.0552943348884585 0.49269644916057592
decision_type=2 2 2 2 1 2 2 2 2 2 2 2 2 2
left_child=1 -1 3 4 5 6 12 8 -7 -9 11 -6 -3 -13
right_child=-2 2 -4 -5 10 7 -8 9 -10 -11 -12 13 -14 -15
leaf_value=0.0004522737695163519 -0.000471328234103836 -2.2866716160006509e-05 0.00044000592034743085 -0.00050804805664070459 -0.00047139693399681252 -0.00017481597031630456 0.00088882175105391083 -0.0002516636536531879 0.00052471783971554944 0.00035358978917793141 -0.00042247240301022482 -0.00025272120647886452 0.0004565193660018849 8.1300773593944082e-05
leaf_weight=61 54 154 57 66 51 86 50 294 96 50 95 88 50 255
leaf_count=61 54 154 57 66 51 86 50 294 96 50 95 88 50 255
internal_value=-1.93915e-05 -2.59555e-06 -2.25288e-05 -4.22774e-05 -1.8053e-05 5.41452e-05 0.000250967 -3.98686e-05 0.000194169 -0.000163691 -0.000131631 -6.48452e-05 9.46299e-05 -4.39583e-06
internal_weight=1507 1453 1392 1335 1269 780 254 526 182 344 489 394 204 343
internal_count=1507 1453 1392 1335 1269 780 254 526 182 344 489 394 204 343
cat_boundaries=0 1
cat_threshold=563
is_linear=0
shrinkage=0.05


Tree=107
num_leaves=20
num_cat=1
split_feature=166 65 154 176 167 86 134 3 37 91 182 120 99 160 160 169 116 186 156
split_gain=0.00412956 0.00488479 0.00941081 0.00912654 0.00610916 0.00680222 0.00577589 0.00521099 0.00505062 0.00551329 0.00533055 0.0108885 0.00490357 0.00449393 0.00422907 0.00409951 0.00395972 0.00417552 0.00408301
threshold=65.933860778808608 0.15953091531991961 0.61174434423446666 24.684310913085941 0.27204532921314245 0.67334821820259105 0.96393451094627391 0.017490207217633728 0.4916666597127915 0.21886763721704486 0.019342547282576564 0.053434494882822044 1.1459334492683413 1.2437105774879458 1.3569203615188601 0.065211154520511641 7.9346602433361127e-05 0 0.76019704341888439
decision_type=2 2 2 2 2 2 2 2 2 2 2 2 2 2 2 2 2 1 2
left_child=1 4 3 -3 7 6 14 8 10 -10 16 -12 -13 -8 -6 -5 17 -1 -18
right_child=-2 2 -4 15 5 -7 13 -9 9 -11 11 12 -14 -15 -16 -17 18 -19 -20
leaf_value=3.0379930724794735e-05 -0.00044776183484053169 0.00094706433708514252 -0.00024835392711762587 0.00037806026685234919 -0.00082659285823890097 0.00020704871908362426 -0.00035136144842524541 0.00048092862022619152 2.5645664045084998e-05 -0.00071322083194263553 0.00069941244717618384 0.00017784320232028413 -0.00041053564765696556 0.00026745489642780745 -0.00027384437463786948 -0.00015647902848662664 0.00050699859828729941 -0.0003293887148000416 -0.00010011479799718004
leaf_weight=160 54 51 89 94 74 70 71 58 51 50 81 111 52 50 65 58 53 157 58
leaf_count=160 54 51 89 94 74 70 71 58 51 50 81 111 52 50 65 58 53 157 58
internal_value=-1.8422e-05 -2.46577e-06 0.000180338 0.000368287 -4.84422e-05 -0.000230449 -0.000348237 2.38349e-05 -1.04619e-05 -0.00034013 3.90864e-05 0.000225595 -9.86048e-06 -9.56522e-05 -0.000568113 0.000174091 -6.72408e-05 -0.000157234 0.000189768
internal_weight=1507 1453 292 203 1161 330 260 831 773 101 672 244 163 121 139 152 428 317 111
internal_count=1507 1453 292 203 1161 330 260 831 773 101 672 244 163 121 139 152 428 317 111
cat_boundaries=0 1
cat_threshold=51
is_linear=0
shrinkage=0.05


Tree=108
num_leaves=15
num_cat=0
split_feature=101 22 114 115 122 35 64 56 156 156 110 0 107 121
split_gain=0.00452423 0.00416498 0.00739746 0.00700417 0.00485807 0.0060708 0.00579687 0.00538874 0.00909412 0.00750835 0.00683528 0.00433678 0.00385382 0.00346221
threshold=1.2163002490997317 0.108452957123518 -0.0066266537178307763 -0.0015255452599376438 -0.023333028890192505 0.72499999403953563 0.42917934060096746 0.58048835396766674 0.5972198247909547 0.40738730132579809 0.074102174490690245 0.0018407735042274 0.035759912803769119 0.11582117527723314
decision_type=2 2 2 2 2 2 2 2 2 2 2 2 2 2
left_child=1 2 -1 13 -3 6 7 10 9 -9 12 -7 -6 -4
right_child=-2 4 3 -5 5 11 -8 8 -10 -11 -12 -13 -14 -15
leaf_value=0.00070170862811871557 -0.00048526024533202873 -0.00050986812802875645 -0.00050640934767460968 0.00046367741288700563 -6.521103654429451e-05 5.3003877429382258e-05 -0.00055243605788828901 9.0371552248731926e-05 -0.0002657101497262422 0.00094420684220564838 -0.0005277302806222763 0.00068115666755329588 0.00032859666582012062 7.6310795207973573e-05
leaf_weight=55 50 52 52 59 719 61 55 51 57 52 76 50 68 50
leaf_count=55 50 52 52 59 719 61 55 51 57 52 76 50 68 50
internal_value=-1.76001e-05 -1.55134e-06 0.00020108 3.00573e-05 -3.68199e-05 -1.61315e-05 -5.23854e-05 -2.55009e-05 0.000241014 0.000521434 -7.49127e-05 0.000335956 -3.11844e-05 -0.000220762
internal_weight=1507 1457 216 161 1241 1189 1078 1023 160 103 863 111 787 102
internal_count=1507 1457 216 161 1241 1189 1078 1023 160 103 863 111 787 102
is_linear=0
shrinkage=0.05


Tree=109
num_leaves=10
num_cat=0
split_feature=101 166 184 5 36 35 106 113 3
split_gain=0.00408312 0.00413421 0.00435283 0.00450668 0.00566585 0.00432281 0.00435964 0.00779151 0.00686572
threshold=1.2163002490997317 65.933860778808608 0.042377553880214698 0.02238220535218716 0.78333333134651195 0.72499999403953563 1.1057893037796023 -0.013669053558260201 0.0066289189271628865
decision_type=2 2 2 2 2 2 2 2 2
left_child=1 2 3 4 5 6 7 -1 -8
right_child=-2 -3 -4 -5 -6 -7 8 -9 -10
leaf_value=-0.00059169399100937885 -0.0004609972309553996 -0.00043078122452479208 0.00047318215515406337 0.00044142761220097203 -0.00046495132429460204 0.00042911619266146377 -0.00014983423054218295 -1.4084034459593276e-05 0.00064348668956275409
leaf_weight=62 50 54 50 55 68 57 50 1001 60
leaf_count=62 50 54 50 55 68 57 50 1001 60
internal_value=-1.67201e-05 -1.47377e-06 1.50498e-05 -1.88042e-06 -2.06647e-05 3.89753e-06 -1.67653e-05 -4.77734e-05 0.000282886
internal_weight=1507 1457 1403 1353 1298 1230 1173 1063 110
internal_count=1507 1457 1403 1353 1298 1230 1173 1063 110
is_linear=0
shrinkage=0.05


Tree=110
num_leaves=11
num_cat=0
split_feature=36 37 125 110 126 47 7 112 9 87
split_gain=0.00401545 0.00525275 0.00347401 0.00446762 0.00705879 0.00418737 0.00389237 0.00381861 0.00416367 0.00328067
threshold=0.81666666269302379 0.85833334922790538 0.039676327258348472 0.078745011240243926 -0.13475600630044934 0.50833332538604747 0.0263946857303381 -0.014515838120132683 0.98474976420402538 0.61426588892936718
decision_type=2 2 2 2 2 2 2 2 2 2
left_child=1 2 3 4 -1 -5 7 9 -9 -6
right_child=-2 -3 -4 5 6 -7 -8 8 -10 -11
leaf_value=0.00048398782689075331 -0.00035036409561526905 0.00049728189239561164 0.00040833771881629153 -0.00052941952281368063 -0.00040207793860864863 5.6247416625196553e-05 0.00039259486745452576 -0.00043315382842824791 3.1900712788255295e-05 7.2740308197988382e-05
leaf_weight=76 76 56 51 76 116 51 56 51 855 53
leaf_count=76 76 56 51 76 116 51 56 51 855 53
internal_value=3.85295e-06 2.25348e-05 3.33921e-06 -1.21442e-05 1.75367e-05 -0.00029423 -1.38075e-05 -3.49782e-05 5.72215e-06 -0.00025317
internal_weight=1517 1441 1385 1334 1207 127 1131 1075 906 169
internal_count=1517 1441 1385 1334 1207 127 1131 1075 906 169
is_linear=0
shrinkage=0.05


Tree=111
num_leaves=19
num_cat=0
split_feature=86 44 156 92 136 137 73 171 31 87 176 107 122 159 170 88 70 157
split_gain=0.00382074 0.00924511 0.00995563 0.00606963 0.00487157 0.00591607 0.00547129 0.00437073 0.00435495 0.00394237 0.00273177 0.00405409 0.006006 0.00376956 0.00349501 0.00325571 0.00311025 0.00297937
threshold=0.63083043694496166 0.45000000298023229 0.64339333772659313 0.3600472360849381 0.82513222098350536 1.0502663850784304 0.56701520085334789 7121674.7500000009 0.31666667759418493 0.74405723810195934 -4.3912382125854483 0.035759912803769119 0.0040922539774328479 1.5695892572402956 331595952.00000006 -0.34097759425640101 0.51511177420616161 0.92983514070510875
decision_type=2 2 2 2 2 2 2 2 2 2 2 2 2 2 2 2 2 2
left_child=4 8 -3 -4 5 6 -1 -6 -2 -5 17 12 13 16 -14 -16 -12 -9
right_child=1 2 3 9 7 -7 -8 10 -10 -11 11 -13 14 -15 15 -17 -18 -19
leaf_value=-0.0003720883626608585 -0.00047106804334492021 0.00071781443855893721 0.00054802798192980068 -0.00035448909206868426 0.00041561557058406419 -0.00062604009921491993 0.00017954445713492593 2.1559002576395872e-05 6.0092037994425402e-05 0.00019724604336842589 0.00025177736798725212 0.00039173427809146237 7.6401956760616726e-05 -0.00023754141672655419 -0.0001957527872561936 -0.00071648547516535758 -6.4861701296116544e-05 -0.00051172739093255425
leaf_weight=87 70 95 51 69 62 71 93 50 86 61 234 65 51 78 71 52 116 55
leaf_count=87 70 95 51 69 62 71 93 50 86 61 234 65 51 78 71 52 116 55
internal_value=3.6603e-06 0.000129415 0.000303312 8.57552e-05 -4.64097e-05 -0.000239533 -8.70781e-05 1.17127e-05 -0.000178249 -9.5598e-05 -2.07251e-05 1.65926e-05 -2.39128e-05 7.67844e-05 -0.000271605 -0.0004159 0.000146834 -0.000257781
internal_weight=1517 432 276 181 1085 251 180 834 156 130 772 667 602 428 174 123 350 105
internal_count=1517 432 276 181 1085 251 180 834 156 130 772 667 602 428 174 123 350 105
is_linear=0
shrinkage=0.05


Tree=112
num_leaves=13
num_cat=0
split_feature=175 140 155 130 108 183 126 71 119 32 130 7
split_gain=0.00386037 0.00551617 0.00857671 0.00571995 0.00552219 0.00804587 0.00500509 0.00461869 0.005669 0.00340311 0.00291347 0.0024528
threshold=9.3301486968994158 1.1315711736679079 0.41634745895862585 1.2179931402206423 0.052582321688532836 -0.034001074731349938 0.04308810085058213 0.47086133062839514 0.16242482513189319 0.14166667312383655 1.16103732585907 -0.0062898679170757523
decision_type=2 2 2 2 2 2 2 2 2 2 2 2
left_child=9 3 -3 4 5 -2 7 10 -9 -1 -7 -11
right_child=1 2 -4 -5 -6 6 -8 8 -10 11 -12 -13
leaf_value=-0.00056237710215590101 -0.00047871516803696314 -0.00012984723277776014 0.00067924848761841919 -0.00040100811635229976 0.00049340023615513935 -0.00014537876529398347 -0.00030592823574184685 0.00028698276587266869 -2.7934545491465665e-05 0.00017583817524819797 0.00026729862382875153 -0.00030980156790554671
leaf_weight=52 81 57 77 84 60 265 95 349 242 52 51 52
leaf_count=52 81 57 77 84 60 265 95 349 242 52 51 52
internal_value=3.47728e-06 3.04811e-05 0.000335081 -2.7841e-06 2.64817e-05 6.13639e-07 3.93618e-05 7.55278e-05 0.000158032 -0.000232113 -7.87758e-05 -6.69817e-05
internal_weight=1517 1361 134 1227 1143 1083 1002 907 591 156 316 104
internal_count=1517 1361 134 1227 1143 1083 1002 907 591 156 316 104
is_linear=0
shrinkage=0.05


Tree=113
num_leaves=20
num_cat=1
split_feature=6 5 135 158 90 90 31 116 157 109 173 186 141 131 84 106 87 131 132
split_gain=0.00367714 0.0133447 0.00725888 0.00532394 0.00373246 0.00687582 0.00819136 0.0056472 0.00474049 0.00399499 0.0035496 0.00467651 0.00651366 0.0035454 0.00298908 0.00280577 0.00261729 0.00219856 0.00137201
threshold=0.041997354477643974 0.00089355235104449104 0.80725526809692394 1.2455801963806155 0.48110990226268774 0.40610289573669439 0.31666667759418493 0.0045272910501807937 0.79038161039352428 0.04370642080903054 1.1289448738098147 0 1.1432251334190371 1.1643594503402712 0.50381049513816845 1.0003967285156252 0.44696754217147833 1.19488000869751 0.98335009813308727
decision_type=2 2 2 2 2 2 2 2 2 2 2 1 2 2 2 2 2 2 2
left_child=1 3 -2 14 5 7 -7 10 16 15 11 17 -13 -12 -1 18 -6 -4 -10
right_child=2 -3 4 -5 8 6 -8 -9 9 -11 13 12 -14 -15 -16 -17 -18 -19 -20
leaf_value=-0.0004298419574785141 -0.00057636340352473781 0.00083585722594900795 4.5136192144127563e-05 0.00040009749776072568 -7.6861702138558038e-05 0.00083755646130731834 -2.1803893576833182e-05 -0.0004759727017793419 -0.00042885657001811602 0.00036148257364904319 5.8235595377559652e-05 9.4965019273441969e-05 0.00063358462624575032 -0.00038601245786869481 6.6830417925437498e-05 0.00018681902729258582 -0.00052804548231102271 -0.0004072945198678444 -7.2856356142438018e-05
leaf_weight=69 58 59 50 50 50 57 54 58 59 58 94 346 67 86 54 50 90 58 50
leaf_count=69 58 59 50 50 50 57 54 58 59 58 94 346 67 86 54 50 90 58 50
internal_value=3.30342e-06 0.000186509 -2.97735e-05 -3.49444e-05 -3.93629e-06 5.19262e-05 0.000419489 -1.82813e-06 -0.000140072 6.27459e-06 3.74021e-05 0.000103535 0.000178033 -0.000154016 -0.000211791 -0.000123298 -0.000366908 -0.00018107 -0.000265554
internal_weight=1517 232 1285 173 1227 870 111 759 357 217 701 521 413 180 123 159 140 108 109
internal_count=1517 232 1285 173 1227 870 111 759 357 217 701 521 413 180 123 159 140 108 109
cat_boundaries=0 1
cat_threshold=1664
is_linear=0
shrinkage=0.05


Tree=114
num_leaves=19
num_cat=0
split_feature=37 106 175 86 84 168 168 102 31 85 37 46 95 173 182 91 159 84
split_gain=0.00362733 0.00375933 0.00735277 0.00402689 0.0089553 0.00571085 0.005234 0.00693554 0.0044988 0.00471027 0.00443412 0.0058626 0.00350368 0.00343325 0.00372897 0.00228889 0.00465586 0.00365391
threshold=0.87500000000000011 0.8890606462955476 55.083951950073249 0.63083043694496166 0.20942853391170504 -0.57421088218688954 1.0000000180025095e-35 1.0399149060249331 0.11666667088866235 0.8019811511039735 0.24166666716337207 0.48333333432674414 0.52254083752632152 1.2296524047851565 0.019661922939121727 0.36745448410511022 1.1919885873794558 0.58572179079055797
decision_type=2 2 2 2 2 2 2 2 2 2 2 2 2 2 2 2 2 2
left_child=1 2 -1 6 -5 -6 10 12 -7 -10 11 -3 -8 14 -13 16 -14 -17
right_child=-2 3 -4 4 5 8 7 -9 9 -11 -12 13 15 -15 -16 17 -18 -19
leaf_value=-0.00070323478826718542 0.00037457326650924404 0.00041133784266405627 0.00011068501860011436 0.0007561309960915681 -0.00036345153818659196 0.00053923810739130813 -0.00038025646399979625 -0.00068609934982801369 -0.00019055251679371093 0.00036065297702757212 0.00039006558512078807 -0.00010393313281037126 -0.0003504521826921894 -0.00038368296126267329 0.00032447481496648785 0.00028898063427961769 0.00016985993505277551 -0.00018862014749174705
leaf_weight=55 63 73 56 53 65 60 84 55 96 65 90 210 109 74 67 107 71 64
leaf_count=55 63 73 56 53 65 60 84 55 96 65 90 210 109 74 67 107 71 64
internal_value=3.13825e-06 -1.29556e-05 -0.000292609 1.0158e-05 0.000159157 4.85292e-05 -4.01515e-05 -0.000157076 0.0001697 3.19839e-05 7.1313e-05 3.65325e-06 -9.01874e-05 -8.11359e-05 -3.10994e-07 -2.07692e-05 -0.000145218 0.000110229
internal_weight=1517 1454 111 1343 339 286 1004 490 221 161 514 424 435 351 277 351 180 171
internal_count=1517 1454 111 1343 339 286 1004 490 221 161 514 424 435 351 277 351 180 171
is_linear=0
shrinkage=0.05


Tree=115
num_leaves=14
num_cat=0
split_feature=77 88 133 134 31 183 117 72 156 158 161 162 131
split_gain=0.00461019 0.00435848 0.0054654 0.00444302 0.00618931 0.00433977 0.00523092 0.00578756 0.00383472 0.00366125 0.0045825 0.00630381 0.00596437
threshold=0.54814109206199657 0.89229881763458263 0.88903635740280162 0.88119402527809154 0.21666666865348819 -0.021436230279505249 0.18664089590311053 0.5026088058948518 0.46341767907142645 0.70135033130645763 1.469667434692383 330.08848571777349 1.0829898118972781
decision_type=2 2 2 2 2 2 2 2 2 2 2 2 2
left_child=1 2 -1 4 -4 6 7 -5 -8 -7 11 -11 -12
right_child=-2 -3 3 5 -6 9 8 -9 -10 10 12 -13 -14
leaf_value=-0.00046029155474212587 -0.00048325406446654632 0.00045444032145371919 0.00070658830562444152 -0.00037852824957229007 -3.5855762129000651e-05 -0.00029184562557756658 -0.00079077396396314741 0.00029921073619334495 -0.00019560668852290739 0.00034050869838789699 -0.00045733949886389867 -5.34156366172413e-05 2.4187640649491852e-05
leaf_weight=66 51 51 52 56 61 84 50 72 59 242 76 175 418
leaf_count=66 51 51 52 56 61 84 50 72 59 242 76 175 418
internal_value=-1.59513e-05 3.4998e-07 -1.60629e-05 5.73566e-06 0.0003058 -2.17865e-05 -0.000214067 2.69993e-06 -0.000468619 2.4013e-05 5.31372e-05 0.000175193 -4.98935e-05
internal_weight=1513 1462 1411 1345 113 1232 237 128 109 995 911 417 494
internal_count=1513 1462 1411 1345 113 1232 237 128 109 995 911 417 494
is_linear=0
shrinkage=0.05


Tree=116
num_leaves=18
num_cat=1
split_feature=34 128 18 135 170 118 112 182 181 107 69 183 86 167 186 88 159
split_gain=0.00395794 0.00716539 0.00808394 0.00784479 0.00543389 0.00614681 0.00563815 0.00453108 0.00629935 0.0039787 0.00374646 0.00338163 0.00475567 0.00435829 0.00424143 0.00364788 0.00289995
threshold=-0.74999999999999989 1.1807928681373598 0.083651401102542891 0.79924288392066967 3097665664.0000005 0.21561779826879504 -0.0054963650181889525 0.025059551000595096 0.013320320285856726 0.032529883086681373 0.48883230984210974 -0.013599939178675411 0.10224806144833566 2.9052160978317265 0 0.077162630856037154 1.4123556613922121
decision_type=2 2 2 2 2 2 2 2 2 2 2 2 2 2 1 2 2
left_child=7 3 -3 -2 9 6 -6 8 10 11 -1 13 16 15 -14 -5 -13
right_child=1 2 -4 4 5 -7 -8 -9 -10 -11 -12 12 14 -15 -16 -17 -18
leaf_value=-6.028263401406418e-05 -0.00061915564846119612 2.4744670794931271e-05 0.00087924005172681065 -0.00010251360398797262 0.00046516150057141208 0.00074409958021715288 -0.00025651181444488231 -0.00048402769101135907 0.00024699960899473206 -0.0003345260634981144 -0.00062696145979862202 -2.3518781360834047e-05 0.00030166359965854946 0.00018126976115201586 -1.0179359000492538e-05 -0.00061583544946367268 -0.00048546328518568772
leaf_weight=70 51 62 50 80 50 50 59 86 96 97 50 106 214 61 220 61 50
leaf_count=70 51 62 50 80 50 50 59 86 96 97 50 106 214 61 220 61 50
internal_value=-1.51537e-05 2.5231e-05 0.000406216 -1.35955e-05 1.58735e-05 0.000285087 7.4531e-05 -0.000177094 -5.48884e-05 -3.2276e-05 -0.000296399 4.74197e-06 6.51953e-05 -0.00017183 0.000150303 -0.000324589 -0.000171578
internal_weight=1513 1211 112 1099 1048 159 109 302 216 889 120 792 590 202 434 141 156
internal_count=1513 1211 112 1099 1048 159 109 302 216 889 120 792 590 202 434 141 156
cat_boundaries=0 1
cat_threshold=600
is_linear=0
shrinkage=0.05


Tree=117
num_leaves=17
num_cat=0
split_feature=77 88 51 170 30 86 34 71 34 170 170 175 182 103 77 90
split_gain=0.00404061 0.00394037 0.00514292 0.00660689 0.00501752 0.00820714 0.00446977 0.00698424 0.00517782 0.00572742 0.00849595 0.00504097 0.00452272 0.00362109 0.00256941 0.00210862
threshold=0.54814109206199657 0.89229881763458263 0.15000000596046451 1794477824.0000002 0.12500000372529033 0.6582910716533662 0.55000001192092907 0.48406319320201879 -0.74999999999999989 2734513408.0000005 3764040448.0000005 29.465137481689457 0.024462482891976837 1.0290601253509524 0.49149195849895483 0.49384488165378576
decision_type=2 2 2 2 2 2 2 2 2 2 2 2 2 2 2 2
left_child=1 2 4 -4 5 14 8 -8 12 11 -11 -10 13 -6 -1 -16
right_child=-2 -3 3 -5 6 -7 7 -9 9 10 -12 -13 -14 -15 15 -17
leaf_value=-0.00018314398550761066 -0.00045178426633926807 0.00043272226626583032 -2.4946927515895971e-05 -0.00075069996282064284 -0.00036177146223855157 0.00072910387658339467 9.3983438971918072e-05 -0.0007156699519678992 0.00015801132196825553 0.00082637052559252967 2.5440789632060084e-05 -0.00013743399209888713 -0.00054348759598645338 0.00013900515814677949 0.00042193744448013607 -2.4392301558834212e-05
leaf_weight=70 51 51 79 52 59 60 50 57 271 57 79 309 69 93 55 51
leaf_count=70 51 51 79 52 59 60 50 57 271 57 79 309 69 93 55 51
internal_value=-1.42997e-05 9.61386e-07 -1.46444e-05 -0.000313032 1.58937e-05 0.000224105 -3.11732e-05 -0.000337327 3.78786e-06 6.90879e-05 0.000361125 6.10284e-07 -0.000207772 -5.53752e-05 5.19459e-05 0.000207194
internal_weight=1513 1462 1411 131 1280 236 1044 107 937 716 136 580 221 152 176 106
internal_count=1513 1462 1411 131 1280 236 1044 107 937 716 136 580 221 152 176 106
is_linear=0
shrinkage=0.05


Tree=118
num_leaves=13
num_cat=0
split_feature=84 77 133 77 69 84 102 125 42 3 92 117
split_gain=0.00369976 0.00536204 0.0046394 0.00445861 0.00448922 0.00641327 0.0058358 0.007312 0.00521211 0.00644822 0.00435014 0.00400746
threshold=0.85617113113403331 0.46469940245151525 0.88903635740280162 0.54814109206199657 0.51478707790374767 -0.29799605906009669 1.0399149060249331 -0.074446719139814363 0.42499999701976782 0.014181264676153662 0.50854292511940014 0.34852902591228491
decision_type=2 2 2 2 2 2 2 2 2 2 2 2
left_child=1 -1 -3 4 6 11 7 -4 -7 -10 -9 -6
right_child=-2 2 3 -5 5 8 -8 10 9 -11 -12 -13
leaf_value=-0.00053929446090478456 0.00034684160268892922 -0.00047114152306985144 0.00058236856067378539 -0.00045746663224417722 -0.00031488582111993121 0.00072163479083842087 -0.00044850525086929585 1.3521847688831803e-05 2.5990723711226228e-05 0.00058823083838920151 -0.00031485047119620834 0.00022141304261326283
leaf_weight=50 68 53 50 50 95 55 81 582 181 71 122 55
leaf_count=50 68 53 50 50 95 55 81 582 181 71 122 55
internal_value=-1.35847e-05 -3.0546e-05 -1.23112e-05 5.80948e-06 2.37381e-05 0.00014972 -4.52126e-05 -1.88808e-06 0.000280647 0.0001844 -4.33836e-05 -0.000118243
internal_weight=1513 1445 1395 1342 1292 457 835 754 307 252 704 150
internal_count=1513 1445 1395 1342 1292 457 835 754 307 252 704 150
is_linear=0
shrinkage=0.05


Tree=119
num_leaves=15
num_cat=0
split_feature=84 80 133 69 84 161 143 128 180 91 154 181 91 92
split_gain=0.00333903 0.00504753 0.00584524 0.00418388 0.00583911 0.0059187 0.00525199 0.00709253 0.00521576 0.00459053 0.00413581 0.00425987 0.0039915 0.00321748
threshold=0.85617113113403331 0.1785666570067406 0.88903635740280162 0.52556741237640392 -0.29799605906009669 1.6837145090103152 1.0407602787017824 1.1807928681373598 132.12221527099612 0.007151293335482479 0.31974470615386968 0.012245755642652513 0.20922099798917773 0.50281071662902843
decision_type=2 2 2 2 2 2 2 2 2 2 2 2 2 2
left_child=1 2 -1 6 9 8 7 10 -6 -5 11 -4 -10 -12
right_child=-2 -3 3 4 5 -7 -8 -9 12 -11 13 -13 -14 -15
leaf_value=-0.00053562212502298527 0.00032949953216730677 -0.00049442558179829839 -3.6491467592171278e-06 0.0001926578708244946 0.00072227566546159022 -0.0002152631386849737 -0.00053274507781508266 0.00047020133976783491 0.00050388540156705156 -0.00039319353822360719 4.3978449318277624e-05 -0.00057672397959120439 -9.5683710325787646e-06 -0.00022763946477677901
leaf_weight=51 68 56 59 61 75 51 53 68 67 74 534 72 87 137
leaf_count=51 68 56 59 61 75 51 53 68 67 74 534 72 87 137
internal_value=-1.29055e-05 -2.90187e-05 -1.0255e-05 9.77025e-06 0.000141629 0.000271858 -4.95161e-05 -2.0078e-05 0.000380343 -0.000128475 -6.16478e-05 -0.000318622 0.000213817 -1.14786e-05
internal_weight=1513 1445 1389 1338 415 280 923 870 229 135 802 131 154 671
internal_count=1513 1445 1389 1338 415 280 923 870 229 135 802 131 154 671
is_linear=0
shrinkage=0.05


Tree=120
num_leaves=17
num_cat=0
split_feature=110 110 140 58 30 83 161 98 131 150 111 111 69 82 86 6
split_gain=0.00380396 0.00536453 0.00597176 0.00699807 0.00445017 0.00668418 0.00585461 0.00358223 0.00370702 0.00352168 0.00351514 0.00532276 0.00498826 0.00450187 0.00350815 0.00240364
threshold=0.099111914634704604 0.079862322658300414 1.1523174643516543 0.86724138259887706 0.12500000372529033 0.82138440012931835 1.1746006608009341 0.9694100320339204 1.0910345911979678 1.0745319128036501 0.04536812752485276 0.0405688975006342 0.58367943763732921 -0.0065676220692694178 0.32184939086437231 0.14559159427881244
decision_type=2 2 2 2 2 2 2 2 2 2 2 2 2 2 2 2
left_child=1 2 4 -4 6 10 -1 -8 -9 -7 11 14 13 -12 -6 -10
right_child=-2 -3 3 -5 5 9 7 8 15 -11 12 -13 -14 -15 -16 -17
leaf_value=0.00063393516409353029 0.00037916959612630311 -0.00041515072151900641 0.00078542169895417136 -3.8889384607090526e-05 0.00016377885349752236 -0.00069516828247287779 0.00036144802931327528 -0.00042940348166510772 0.00033125938027537042 -0.00012699515635540592 0.00017568401635927191 0.00057100092169275749 -0.00055217028803829303 -0.0001693195190995211 -0.00016260552345056265 -0.0001179047742719858
leaf_weight=52 65 78 52 51 184 60 66 51 53 50 142 50 57 283 149 68
leaf_count=52 65 78 52 51 184 60 66 51 53 50 142 50 57 283 149 68
internal_value=4.9874e-06 -1.18327e-05 1.11635e-05 0.000377268 -1.86458e-05 -6.97915e-05 0.00015331 4.82992e-05 -7.18625e-05 -0.000436908 -2.31062e-05 8.99664e-05 -0.000112954 -5.40477e-05 1.7739e-05 7.88365e-05
internal_weight=1511 1446 1368 103 1265 975 290 238 172 110 865 383 482 425 333 121
internal_count=1511 1446 1368 103 1265 975 290 238 172 110 865 383 482 425 333 121
is_linear=0
shrinkage=0.05


Tree=121
num_leaves=16
num_cat=0
split_feature=110 110 140 53 30 68 68 110 30 87 110 119 37 3 6
split_gain=0.00343307 0.00484149 0.00538951 0.00631576 0.00401628 0.00560639 0.00514256 0.00435351 0.00439771 0.00569823 0.00413123 0.00389301 0.00368708 0.00270519 0.00261075
threshold=0.099111914634704604 0.079862322658300414 1.1523174643516543 0.1311987638473511 0.12500000372529033 0.60635817050933849 0.74467816948890697 0.051260685548186309 0.72499999403953563 0.1949846148490906 0.063064701855182662 0.13752553611993792 0.27500000596046453 0.0081086847931146639 0.15026882290840152
decision_type=2 2 2 2 2 2 2 2 2 2 2 2 2 2 2
left_child=1 2 4 -4 5 11 7 8 12 -10 -9 13 -6 -1 -13
right_child=-2 -3 3 -5 6 -7 -8 10 9 -11 -12 14 -14 -15 -16
leaf_value=2.9221486793489775e-05 0.00036021111577820894 -0.00039439318594444424 -3.6944913837460799e-05 0.00074615061278634066 -0.00024125181258785903 0.00060523573976954345 -0.00050320444366546335 -0.00047090564355562262 0.00042242410372158418 8.4629710149621009e-06 7.9494674243435912e-05 0.00011409967137627642 0.00010463432771742239 0.00053108071605674923 -0.00034205811614013593
leaf_weight=58 65 78 51 52 222 54 63 99 114 307 52 55 118 50 73
leaf_count=58 65 78 51 52 222 54 63 99 114 307 52 55 118 50 73
internal_value=4.73803e-06 -1.12411e-05 1.06053e-05 0.000358404 -1.77135e-05 0.000145644 -6.63019e-05 -3.61212e-05 1.25406e-05 0.000120557 -0.000281364 4.04836e-05 -0.000121209 0.000261564 -0.000146053
internal_weight=1511 1446 1368 103 1265 290 975 912 761 421 151 236 340 108 128
internal_count=1511 1446 1368 103 1265 290 975 912 761 421 151 236 340 108 128
is_linear=0
shrinkage=0.05


Tree=122
num_leaves=19
num_cat=1
split_feature=127 95 157 186 170 136 121 145 182 148 20 102 147 147 170 141 158 119
split_gain=0.00345172 0.0034825 0.00313023 0.0076334 0.00848341 0.00649969 0.00607108 0.0044307 0.004462 0.00564993 0.00604781 0.00533083 0.00434919 0.00338326 0.00259236 0.00399881 0.00223637 0.00189772
threshold=1.1588666439056399 0.075955808162689223 0.71882966160774242 0 2634456192.0000005 0.82055443525314342 0.25298596918582922 0.85036188364028942 0.019342547282576564 0.8712696135044099 0.28977894783020025 1.0376419425010683 0.76053383946418773 1.5259839296340945 280920544.00000006 1.0866377353668215 0.84492436051368724 0.17213241010904315
decision_type=2 2 2 1 2 2 2 2 2 2 2 2 2 2 2 2 2 2
left_child=1 -1 3 16 5 -5 -7 -4 12 10 -10 13 -9 -11 17 -16 -3 -14
right_child=-2 2 7 4 -6 6 -8 8 9 11 -12 -13 14 -15 15 -17 -18 -19
leaf_value=-0.00035413974131058372 0.00039704542590428629 -0.00045209140924306864 -0.00048178754277957851 -0.00032990654816625038 0.00088445248448988439 0.00065448954704541923 -2.207538452080732e-05 -0.00047152231425669119 0.00078625949565860182 8.5251484194889374e-06 6.5160545853446122e-05 -0.00044540218664782547 0.00031359526516614247 0.00045735232357401405 -3.094036625393507e-05 -0.00045758952482837894 -1.2690923361319688e-05 -6.1344111498542862e-05
leaf_weight=70 54 51 53 51 50 70 63 74 54 262 63 57 67 50 213 74 67 68
leaf_count=70 54 51 53 51 50 70 63 74 54 262 63 57 67 50 213 74 67 68
internal_value=4.50113e-06 -1.00475e-05 7.31834e-06 0.000136119 0.000294348 0.000149991 0.000334011 -3.64864e-05 -1.24528e-05 9.52189e-05 0.000397975 -7.77018e-07 -0.000117954 8.04526e-05 -5.59536e-05 -0.000140947 -0.000186773 0.000124737
internal_weight=1511 1457 1387 352 234 184 133 1035 982 486 117 369 496 312 422 287 118 135
internal_count=1511 1457 1387 352 234 184 133 1035 982 486 117 369 496 312 422 287 118 135
cat_boundaries=0 1
cat_threshold=673
is_linear=0
shrinkage=0.05


Tree=123
num_leaves=11
num_cat=0
split_feature=19 138 120 150 123 123 77 71 8 6
split_gain=0.00342527 0.0055196 0.00828528 0.00328043 0.00302375 0.00346565 0.00324755 0.00418978 0.0032241 0.00475463
threshold=0.79153022170066845 1.0014969110488894 0.089006625115871443 0.82163539528846752 -0.052649516612291329 -0.040009940043091767 0.47684496641159063 0.5299857258796693 -0.96059963107109059 0.21244469285011294
decision_type=2 2 2 2 2 2 2 2 2 2
left_child=1 2 -1 -2 -3 -6 -7 8 -8 -10
right_child=3 4 -4 -5 5 6 7 -9 9 -11
leaf_value=-0.00010337960833567196 -0.00054279882107813912 0.00029808537471511117 0.00077490730227196009 1.6376294561447212e-05 -0.00037540584253843972 -0.00033045974105142461 -0.00034963940517974111 0.00046561526940058686 0.00013248630333031257 -8.8958108177265415e-05
leaf_weight=50 54 78 58 51 66 71 63 50 475 495
leaf_count=50 54 78 58 51 66 71 63 50 475 495
internal_value=4.27607e-06 2.48486e-05 0.000368293 -0.000271199 -3.7277e-06 -2.30239e-05 -2.87039e-06 1.86059e-05 -3.03054e-06 1.94812e-05
internal_weight=1511 1406 108 105 1298 1220 1154 1083 1033 970
internal_count=1511 1406 108 105 1298 1220 1154 1083 1033 970
is_linear=0
shrinkage=0.05


Tree=124
num_leaves=17
num_cat=1
split_feature=19 138 120 127 186 119 136 174 176 92 131 163 174 83 150 169
split_gain=0.0030913 0.00498144 0.00747746 0.00313913 0.00404452 0.00449873 0.00356205 0.00401775 0.004452 0.00335448 0.00308413 0.00332446 0.00509022 0.00324967 0.00296058 0.00265221
threshold=0.79153022170066845 1.0014969110488894 0.089006625115871443 1.1588666439056399 0 0.10498856380581857 0.82513222098350536 44.451778411865241 4.2129836082458505 0.39615420997142797 1.0658472776412966 174.91920471191409 11.23191022872925 0.40385176241397863 0.82163539528846752 -0.18433097749948499
decision_type=2 2 2 2 1 2 2 2 2 2 2 2 2 2 2 2
left_child=1 2 -1 4 5 -3 7 8 9 -6 -8 13 -13 -12 -2 -10
right_child=14 3 -4 -5 6 -7 10 -9 15 -11 11 12 -14 -15 -16 -17
leaf_value=-9.8210632881091443e-05 -0.0005156588808016817 7.6867668611700084e-07 0.00073616194390994905 0.00036966655147639194 0.00030531161696503495 -0.00062470977036041563 -0.00021364552841292273 0.0002023617328328934 -0.00069090618155314592 -0.00026014018049132649 -0.00010351969912194019 -0.00013099284088047023 0.00030825431966072936 0.0002438610732497182 1.5557481688744041e-05 -0.00024707656246091486
leaf_weight=50 54 57 58 54 54 58 87 72 50 51 251 86 283 92 51 103
leaf_count=50 54 57 58 54 54 58 87 72 50 51 251 86 283 92 51 103
internal_value=4.06227e-06 2.36061e-05 0.000349878 -3.54132e-06 -1.97417e-05 -0.000289515 1.02114e-05 -0.000127892 -0.000220056 3.06636e-05 6.73782e-05 0.000101717 0.000205882 -1.03447e-05 -0.00025764 -0.000392119
internal_weight=1511 1406 108 1298 1244 115 1129 330 258 105 799 712 369 343 105 153
internal_count=1511 1406 108 1298 1244 115 1129 330 258 105 799 712 369 343 105 153
cat_boundaries=0 1
cat_threshold=640
is_linear=0
shrinkage=0.05


Tree=125
num_leaves=12
num_cat=0
split_feature=97 7 175 127 170 119 143 76 119 92 111
split_gain=0.00793232 0.00518966 0.00379443 0.00347295 0.0107435 0.00307185 0.00341268 0.00366412 0.00630171 0.00485632 0.00220324
threshold=0.95589834451675426 -0.042931826785206788 8.3008069992065447 1.1097634434700014 1387978240.0000002 0.59214788675308239 0.9651453197002412 0.51799771189689647 0.13557481020689013 0.50654792785644542 0.074236478656530394
decision_type=2 2 2 2 2 2 2 2 2 2 2
left_child=-1 -2 10 5 -5 6 -4 8 -8 -9 -3
right_child=1 2 3 4 -6 -7 7 9 -10 -11 -12
leaf_value=0.00056797572574769065 -0.00045069924636314125 -6.5111093577112036e-05 -0.00030475084045161917 -0.00010984415297297011 0.00083060474157369197 0.00032490396069728635 0.00027418038347321467 -1.9860654546611576e-05 -8.4564854932183734e-05 -0.00045898980083006175 -0.0005058184457187243
leaf_weight=61 65 61 94 73 52 70 263 422 229 74 53
leaf_count=61 65 61 94 73 52 70 263 422 229 74 53
internal_value=9.38568e-06 -1.40168e-05 6.38894e-06 3.10628e-05 0.000281383 3.90134e-06 -1.68659e-05 1.05239e-05 0.000107203 -8.53759e-05 -0.000270001
internal_weight=1517 1456 1391 1277 125 1152 1082 988 492 496 114
internal_count=1517 1456 1391 1277 125 1152 1082 988 492 496 114
is_linear=0
shrinkage=0.05


Tree=126
num_leaves=11
num_cat=0
split_feature=97 7 175 99 69 115 170 102 177 20
split_gain=0.00715892 0.00468367 0.00342447 0.00383383 0.00355636 0.00343516 0.00352723 0.0038104 0.00269842 0.00220957
threshold=0.95589834451675426 -0.042931826785206788 8.3008069992065447 1.1605363488197329 0.65271261334419262 0.0062171735335141429 558993216.00000012 0.99180927872657787 860.45309448242199 0.058534597977995879
decision_type=2 2 2 2 2 2 2 2 2 2
left_child=-1 -2 9 4 5 6 7 -4 -8 -3
right_child=1 2 3 -5 -6 -7 8 -9 -10 -11
leaf_value=0.00053957694727301475 -0.00042816426900502006 -5.1316981047361357e-05 -0.00031202429459275058 0.00038925547504082457 0.00041313694392346623 0.00027362452648438715 -0.00016842975814774705 0.00011302310216079009 0.00013446144898650878 -0.00049265681346988234
leaf_weight=61 65 61 60 70 52 98 475 435 87 53
leaf_count=61 65 61 60 70 52 98 475 435 87 53
internal_value=8.9164e-06 -1.33159e-05 6.06949e-06 2.95096e-05 8.64617e-06 -9.56467e-06 -3.58206e-05 6.15022e-05 -0.000121541 -0.000256501
internal_weight=1517 1456 1391 1277 1207 1155 1057 495 562 114
internal_count=1517 1456 1391 1277 1207 1155 1057 495 562 114
is_linear=0
shrinkage=0.05


Tree=127
num_leaves=13
num_cat=0
split_feature=97 7 139 99 41 167 128 83 20 24 58 117
split_gain=0.00646093 0.00422701 0.00357599 0.00746816 0.00350169 0.00639466 0.00523467 0.00442524 0.00365721 0.00352646 0.00476923 0.00271719
threshold=0.95589834451675426 -0.042931826785206788 1.1723274588584902 1.1632968783378603 0.51666668057441723 0.033094063401222236 1.1221980452537539 0.79084157943725597 0.55687665939331066 0.75000000000000011 0.57355311512947094 0.26476784050464636
decision_type=2 2 2 2 2 2 2 2 2 2 2 2
left_child=-1 -2 3 4 7 -6 8 9 -7 10 -3 -9
right_child=1 2 -4 -5 5 6 -8 11 -10 -11 -12 -13
leaf_value=0.00051259809969466362 -0.00040675607348720615 0.00033664296175879381 -0.00035343753949167547 0.00059407146700488577 0.00064113993389325503 -0.00031688982153557139 0.00044528802946655242 -0.00058237804365364411 9.6455573739976072e-05 -0.0003859483376988371 -3.0835726894772556e-05 -9.6275753611208589e-05
leaf_weight=61 65 102 66 55 53 90 63 58 132 58 657 57
leaf_count=61 65 102 66 55 53 90 63 58 132 58 657 57
internal_value=8.47058e-06 -1.26501e-05 5.76602e-06 2.36584e-05 -1.04451e-06 0.000136821 4.30358e-05 -5.10431e-05 -7.11169e-05 -1.01671e-05 1.85488e-05 -0.00034144
internal_weight=1517 1456 1391 1325 1270 338 285 932 222 817 759 115
internal_count=1517 1456 1391 1325 1270 338 285 932 222 817 759 115
is_linear=0
shrinkage=0.05


Tree=128
num_leaves=10
num_cat=0
split_feature=97 7 139 99 125 69 121 6 11
split_gain=0.00583099 0.00381488 0.00322733 0.00674002 0.00330848 0.00355678 0.00267597 0.00530619 0.00529138
threshold=0.95589834451675426 -0.042931826785206788 1.1723274588584902 1.1632968783378603 -0.088371925055980668 0.64955255389213573 0.099004592746496214 0.062391867861151702 0.97992894053459179
decision_type=2 2 2 2 2 2 2 2 2
left_child=-1 -2 3 4 -3 6 8 -8 -6
right_child=1 2 -4 -5 5 -7 7 -9 -10
leaf_value=0.00048696819261540892 -0.00038641825649672406 0.00038572151283658044 -0.00033576565575927047 0.00056436789989344446 -0.00062571540821227247 0.00038274875810459909 0.00027285279733746393 -4.9275862829459165e-05 -7.2391043336182115e-05
leaf_weight=61 65 53 66 55 50 53 160 636 318
leaf_count=61 65 53 66 55 50 53 160 636 318
internal_value=8.04705e-06 -1.20176e-05 5.47772e-06 2.24755e-05 -9.92283e-07 -1.78336e-05 -3.60731e-05 1.54736e-05 -0.000147571
internal_weight=1517 1456 1391 1325 1270 1217 1164 796 368
internal_count=1517 1456 1391 1325 1270 1217 1164 796 368
is_linear=0
shrinkage=0.05


Tree=129
num_leaves=16
num_cat=0
split_feature=97 112 138 102 179 179 172 170 160 92 27 78 118 137 3
split_gain=0.00526247 0.00265756 0.00681837 0.00473382 0.00265997 0.00505989 0.00783929 0.00399944 0.00480879 0.00480264 0.00656627 0.00444338 0.00293786 0.00427382 0.00307892
threshold=0.95589834451675426 0.0048387718852609405 1.0007182359695437 0.98758417367935192 12.508948802948 16.843072891235355 84994680.000000015 45490968.000000007 0.89718434214591991 0.39615420997142797 0.84166666865348827 0.015484497416764499 0.12428586557507516 1.0320801734924319 0.0078575816005468386
decision_type=2 2 2 2 2 2 2 2 2 2 2 2 2 2 2
left_child=-1 2 -2 -3 7 6 -6 -4 -9 11 -11 -10 13 -7 -14
right_child=1 3 4 -5 5 12 -8 8 9 10 -12 -13 14 -15 -16
leaf_value=0.00046261978129566212 0.00050544571570505716 -0.00045654550766297447 -0.00034408085675039505 0.00015552863398767718 -3.3275511801983954e-05 -9.2986322393793581e-05 -0.00082447695643038204 0.00053158034010826114 0.00029290899465870423 -0.00024185077996799581 0.00028648822571528565 -4.2827871590758532e-05 7.3960494259466424e-06 0.00045759335133390366 -0.00046481404317332041
leaf_weight=61 66 83 64 51 71 77 56 52 229 239 78 173 99 65 53
leaf_count=61 66 83 64 51 71 77 56 52 229 239 78 173 99 65 53
internal_value=7.6447e-06 -1.14168e-05 1.00897e-05 -0.000223592 -1.59402e-05 -0.000118415 -0.000382152 3.57266e-05 6.7254e-05 3.36727e-05 -0.000111849 0.000148425 -4.48746e-06 0.00015904 -0.000157256
internal_weight=1517 1456 1322 134 1256 421 127 835 771 719 317 402 294 142 152
internal_count=1517 1456 1322 134 1256 421 127 835 771 719 317 402 294 142 152
is_linear=0
shrinkage=0.05


Tree=130
num_leaves=16
num_cat=0
split_feature=158 74 86 31 158 89 89 75 3 130 75 87 1 156 2
split_gain=0.0039846 0.00609674 0.00440563 0.00765813 0.00966813 0.00876178 0.00777654 0.0049992 0.00439113 0.00601106 0.00436825 0.00391986 0.00377398 0.00423548 0.00244234
threshold=1.698401212692261 0.46751108765602117 0.60304275155067455 0.18333333730697635 1.035625219345093 0.11181078851222993 0.54658979177474987 0.43175181746482855 0.022095869295299057 1.2530580163002016 0.57235077023506176 0.74825987219810497 0.034292224794626243 0.44231939315795904 0.28679654002189642
decision_type=2 2 2 2 2 2 2 2 2 2 2 2 2 2 2
left_child=2 -2 7 4 -4 -5 -7 -1 9 10 12 -8 14 -14 -9
right_child=1 -3 3 5 -6 6 11 8 -10 -11 -12 -13 13 -15 -16
leaf_value=-0.00052841395206581967 0.00070431369594206995 3.0328486923568978e-06 0.0007638798787714526 0.00037119926192788531 -4.141080295736554e-05 -0.000556028615464239 -0.00018147442855883533 4.4743369363233048e-05 0.0004050992489461422 -0.00059325193119898016 0.00038744380090065538 0.00039480575246852827 -0.00057477484572790308 -2.2639886045748e-05 -0.00020140590849581659
leaf_weight=57 51 79 84 95 67 91 72 426 51 52 56 50 71 68 132
leaf_count=57 51 79 84 95 67 91 72 426 51 52 56 50 71 68 132
internal_value=1.35854e-05 0.000278151 -1.14828e-05 0.000114882 0.000406565 -2.81187e-05 -0.000206218 -7.50112e-05 -4.48196e-05 -7.33238e-05 -3.74191e-05 5.4706e-05 -7.15544e-05 -0.000304666 -1.34855e-05
internal_weight=1502 130 1372 459 151 308 213 913 856 805 753 122 697 139 558
internal_count=1502 130 1372 459 151 308 213 913 856 805 753 122 697 139 558
is_linear=0
shrinkage=0.05


Tree=131
num_leaves=10
num_cat=0
split_feature=160 56 51 119 72 37 1 10 118
split_gain=0.00367253 0.00518393 0.00526061 0.00406444 0.00333922 0.00360991 0.00314212 0.00562087 0.00137988
threshold=0.86364084482193004 0.65060797333717357 0.15000000596046451 0.0031457144068554048 0.52137562632560741 0.72499999403953563 0.049453625455498702 1.0294172167778017 0.10016951337456705
decision_type=2 2 2 2 2 2 2 2 2
left_child=-1 2 3 -2 5 6 7 -5 -6
right_child=1 -3 -4 4 8 -7 -8 -9 -10
leaf_value=-0.00036075509958050496 0.00036859499694615164 0.00045213316714026681 -0.00035301757166923789 -9.949707901233801e-06 -0.00043546082363788563 0.00033250566648539945 -0.00032347788960164926 0.0003855432342005419 -8.8701069881835795e-05
leaf_weight=63 85 69 94 813 52 95 66 101 64
leaf_count=63 85 69 94 813 52 95 66 101 64
internal_value=1.29061e-05 2.92651e-05 7.9674e-06 3.45603e-05 1.07208e-05 3.82226e-05 9.69512e-06 3.37536e-05 -0.000244145
internal_weight=1502 1439 1370 1276 1191 1075 980 914 116
internal_count=1502 1439 1370 1276 1191 1075 980 914 116
is_linear=0
shrinkage=0.05


Tree=132
num_leaves=15
num_cat=0
split_feature=158 69 122 86 31 161 51 117 87 99 7 10 3 12
split_gain=0.00354714 0.0055482 0.00416702 0.00470509 0.00925543 0.0126581 0.00519142 0.0055625 0.00422586 0.00419036 0.00353507 0.00387296 0.00287085 0.00265194
threshold=1.698401212692261 0.53502529859542858 0.019856104627251629 0.64467918872833263 0.18333333730697635 1.5710616707801821 -0.15000000596046445 0.4426113516092301 0.71851938962936412 0.98542946577072155 -0.030727483332157132 1.0294172167778017 0.015779471024870876 0.2297993749380112
decision_type=2 2 2 2 2 2 2 2 2 2 2 2 2 2
left_child=2 -2 3 8 5 -5 -6 9 10 -8 -1 12 13 -12
right_child=1 -3 -4 4 6 -7 7 -9 -10 -11 11 -13 -14 -15
leaf_value=-0.00033598565416468771 -5.6882363423937938e-07 0.00066842062560859702 -0.00038439683865388517 0.0010906578481404319 0.00043267594167463235 2.687768900269193e-05 -0.00058813082203304284 0.00027267895109348424 -0.00041550627649161324 -3.4710578190025051e-05 6.9428448726170696e-05 0.00038888297162234915 -0.00033163274941067197 -0.00016423782009205865
leaf_weight=80 79 51 71 54 53 58 66 61 73 71 494 63 67 161
leaf_count=80 79 51 71 54 53 58 66 61 73 71 494 63 67 161
internal_value=1.22608e-05 0.000261881 -1.13913e-05 8.96493e-06 0.000161814 0.000539772 -6.83603e-06 -0.000124483 -5.01868e-05 -0.000301322 -1.93564e-05 1.29116e-05 -1.98948e-05 1.19929e-05
internal_weight=1502 130 1372 1301 363 112 251 198 938 137 865 785 722 655
internal_count=1502 130 1372 1301 363 112 251 198 938 137 865 785 722 655
is_linear=0
shrinkage=0.05


Tree=133
num_leaves=10
num_cat=0
split_feature=111 110 80 76 126 158 112 93 125
split_gain=0.0032298 0.00477486 0.00476607 0.00354184 0.00331393 0.00391339 0.00301311 0.00397552 0.00308932
threshold=0.13709912449121478 0.096755303442478194 0.1785666570067406 0.45657810568809515 -0.13475600630044934 0.63498494029045116 -0.013757459819316862 10.595233440399172 -0.015015177894383667
decision_type=2 2 2 2 2 2 2 2 2
left_child=1 2 3 -1 -5 -6 7 -7 -8
right_child=-2 -3 -4 4 5 6 8 -9 -10
leaf_value=0.00042798014078728581 -0.00037552536920814489 0.00049136167850382718 -0.00042809550412736526 0.00037690677326882922 -0.0004228983652730541 -1.6071702312246817e-05 0.00015519001744254593 -0.00048723759464337492 -2.6568167883356817e-05
leaf_weight=53 52 53 60 59 54 149 405 64 553
leaf_count=53 52 53 60 59 54 149 405 64 553
internal_value=1.16478e-05 2.55326e-05 7.85975e-06 2.74239e-05 1.08901e-05 -6.73848e-06 1.24525e-05 -0.000157643 5.02711e-05
internal_weight=1502 1450 1397 1337 1284 1225 1171 213 958
internal_count=1502 1450 1397 1337 1284 1225 1171 213 958
is_linear=0
shrinkage=0.05


Tree=134
num_leaves=21
num_cat=0
split_feature=158 69 151 42 19 86 31 91 89 84 170 86 17 173 86 122 114 131 56 112
split_gain=0.00320765 0.00503933 0.00371758 0.00699886 0.00698159 0.00404898 0.00649205 0.00822562 0.00581991 0.0052837 0.00447964 0.00440789 0.0042626 0.00568408 0.00329521 0.00361524 0.00304875 0.00295306 0.00275932 0.00247683
threshold=1.698401212692261 0.53502529859542858 0.72091567516326915 0.52500000596046459 0.4240365624427796 0.63760671019554149 0.18333333730697635 0.54134556651115429 0.11181078851222993 0.59205523133277904 636452896.00000012 0.5096096694469453 0.35416665673255926 0.97205954790115368 0.42386899888515478 0.0024172245757654314 -0.0032792083220556374 1.1795864701271059 0.50864672660827648 -0.001559890864882618
decision_type=2 2 2 2 2 2 2 2 2 2 2 2 2 2 2 2 2 2 2 2
left_child=2 -2 3 4 -1 10 7 -7 -8 -10 12 14 13 -4 15 16 -12 -17 -14 -20
right_child=1 -3 5 -5 -6 6 8 -9 9 -11 11 -13 18 -15 -16 17 -18 -19 19 -21
leaf_value=-0.00035092871066926706 -1.6847572232673203e-06 0.00063588725016041497 0.00065274164600011254 -0.00069117224635027188 0.00034987756891606488 0.00095162413770095544 0.00037852169697974832 5.3607644832820871e-05 -0.0004978956070800241 0.00010095500489114783 0.00029547900909970165 -0.00045167547270046689 -0.00026024521882225766 1.9653497218267803e-05 0.0002725343368750101 -0.00013211163416993111 -0.00013044022479435726 -0.0006398925908142701 0.00028763372878855964 -0.00011904411179683747
leaf_weight=77 79 51 65 55 66 51 76 51 65 85 61 91 88 78 61 67 135 50 78 72
leaf_count=77 79 51 65 55 66 51 76 51 65 85 61 91 88 78 61 67 135 50 78 72
internal_value=1.10654e-05 0.00024844 -1.14264e-05 -0.000211839 -2.74797e-05 2.2374e-05 0.000171501 0.000502616 2.20602e-05 -0.000158547 -3.54437e-05 -0.00013959 9.16637e-05 0.000307421 -6.36543e-05 -0.000129174 2.11627e-06 -0.000349112 -3.7972e-05 9.24284e-05
internal_weight=1502 130 1372 198 143 1174 328 102 226 150 846 465 381 143 374 313 196 117 238 150
internal_count=1502 130 1372 198 143 1174 328 102 226 150 846 465 381 143 374 313 196 117 238 150
is_linear=0
shrinkage=0.05


Tree=135
num_leaves=22
num_cat=0
split_feature=159 118 73 182 41 107 130 86 87 155 113 10 30 87 93 73 10 69 103 84 110
split_gain=0.00242991 0.00581099 0.00403943 0.00573735 0.00377254 0.00373128 0.00422186 0.00365765 0.00362934 0.00488716 0.00802076 0.0046797 0.00348364 0.00504807 0.00276595 0.00270466 0.00303673 0.00318079 0.00265135 0.00216914 0.00198934
threshold=1.8641463518142702 0.042952517047524459 0.53420627117156994 0.029397942125797275 0.48333333432674414 0.026940690353512767 1.2514269948005678 0.59811276197433483 0.70515036582946788 0.27254842221736914 -0.0010847201338037846 1.0244239568710329 0.77500000596046459 0.33837361633777624 7.4630000591278085 0.57581076025962841 1.0247898697853091 0.48738074302673345 1.0230609774589541 -0.057749487459659569 0.028335158713161949
decision_type=2 2 2 2 2 2 2 2 2 2 2 2 2 2 2 2 2 2 2 2 2
left_child=2 -2 3 8 -5 6 12 -7 9 10 -1 14 15 -14 20 -4 17 -17 -15 -16 -11
right_child=1 -3 5 4 -6 7 -8 -9 -10 11 -12 -13 13 18 19 16 -18 -19 -20 -21 -22
leaf_value=-0.00017411186463983828 0.00060118614341123392 -9.0464612833174012e-05 0.00025120291932164378 -0.00016830640253039816 -0.00077070042159403771 2.3707722721155734e-06 -0.00043997923234664817 0.00053264682429586866 0.0003387540128852169 -0.00046963283138240752 0.00061450126574657464 -0.0005379812900587357 0.00057397480242856087 -0.00025698709691641855 0.00031608598535111767 -0.00034606964652090762 0.00016478232288828226 5.4081997252069422e-05 0.00020827763992777284 -9.0453493365440295e-05 -9.4311782471245023e-05
leaf_weight=76 52 73 59 53 51 60 51 71 52 62 56 78 63 50 51 147 71 75 79 92 82
leaf_count=76 52 73 59 53 51 60 51 71 52 62 56 78 63 50 51 147 71 75 79 92 82
internal_value=-1.38281e-05 0.000197262 -3.29624e-05 -0.000123194 -0.000463711 4.81965e-05 -4.99079e-06 0.000289772 -5.86883e-05 -0.000100272 0.000160451 -0.000194561 3.57894e-05 0.000207109 -0.000101227 -5.76579e-05 -0.000119852 -0.000210883 2.79425e-05 5.45361e-05 -0.000255908
internal_weight=1504 125 1379 653 104 726 595 131 549 497 132 365 544 192 287 352 293 222 129 143 144
internal_count=1504 125 1379 653 104 726 595 131 549 497 132 365 544 192 287 352 293 222 129 143 144
is_linear=0
shrinkage=0.05


Tree=136
num_leaves=18
num_cat=0
split_feature=109 136 93 119 159 69 127 89 136 101 110 107 169 27 160 158 120
split_gain=0.00374402 0.0077111 0.00572846 0.00349069 0.00422551 0.00459591 0.00373465 0.00341923 0.00593962 0.00427352 0.00425516 0.00300273 0.00289632 0.00288028 0.00188456 0.00224679 0.001632
threshold=0.019236929714679721 0.93132641911506664 8.612150192260744 0.59214788675308239 1.8641463518142702 0.58367943763732921 1.1512414813041689 0.11181078851222993 0.76073744893074047 0.8729398548603059 0.077932398766279234 0.021976950578391555 0.12912923842668536 0.59166666865348827 1.028978228569031 1.2612501382827761 0.071199607104063048
decision_type=2 2 2 2 2 2 2 2 2 2 2 2 2 2 2 2 2
left_child=1 2 -1 4 5 6 7 8 -2 -10 13 -6 -7 -9 -3 16 -16
right_child=3 14 -4 -5 11 12 -8 10 9 -11 -12 -13 -14 -15 15 -17 -18
leaf_value=0.0008788255721738097 0.00048986282529519729 0.00022630924302240217 0.00012927244641524829 0.0002792332317717597 -3.7437763078812101e-05 -0.00014735651690852278 0.00034162568335887049 -0.0002612755221790771 -0.00048729194794969562 3.1021840851415205e-06 -0.00061149420432263506 0.00050523911241907632 -0.00063675669030676698 2.6514779136989326e-05 -0.0004508440794654912 0.00012190403133846464 -6.4641888876410078e-05
leaf_weight=50 55 57 52 73 52 59 52 198 52 305 54 50 62 155 51 68 59
leaf_count=50 55 57 52 73 52 59 52 198 52 305 54 50 62 155 51 68 59
internal_value=-1.31367e-05 0.000133667 0.0004967 -5.55297e-05 -7.78677e-05 -0.000109377 -6.92646e-05 -9.53529e-05 6.18796e-06 -6.83278e-05 -0.000198141 0.00022858 -0.000398124 -0.000134909 -2.39056e-05 -0.000104031 -0.000243699
internal_weight=1504 337 102 1167 1094 992 871 819 412 357 407 102 121 353 235 178 110
internal_count=1504 337 102 1167 1094 992 871 819 412 357 407 102 121 353 235 178 110
is_linear=0
shrinkage=0.05


Tree=137
num_leaves=22
num_cat=0
split_feature=109 136 93 182 119 92 151 27 177 178 121 156 46 148 20 37 100 6 160 158 120
split_gain=0.00337898 0.00695927 0.00516994 0.00373875 0.00405295 0.00498105 0.00457447 0.00517607 0.00518554 0.00671189 0.00498232 0.00701397 0.00412002 0.00296685 0.00296102 0.00293479 0.00251237 0.00184183 0.00170081 0.00202772 0.00147288
threshold=0.019236929714679721 0.93132641911506664 8.612150192260744 0.017824407666921619 0.57939445972442638 1.0000000180025095e-35 1.5813555717468264 0.84166666865348827 378.19636535644537 -6.3016161918640128 0.36028166115283972 0.38028647005558019 0.55000001192092907 0.87665218114852916 0.15245349705219272 0.20833333581686023 1.1053206920623782 0.30940172076225286 1.028978228569031 1.2612501382827761 0.071199607104063048
decision_type=2 2 2 2 2 2 2 2 2 2 2 2 2 2 2 2 2 2 2 2 2
left_child=1 2 -1 13 5 -5 7 8 9 -7 11 -9 -8 -2 16 -10 -15 -16 -3 20 -20
right_child=3 18 -4 4 -6 6 12 10 15 -11 -12 -13 -14 14 17 -17 -18 -19 19 -21 -22
leaf_value=0.00083488430036231871 -0.00048569583533597852 0.00021499377858402258 0.00012280881837796188 0.00044718799097329164 0.00042579594396470986 -0.00070999516704076723 -7.1198907289165352e-05 -0.00010782089816310905 -0.00019879304491041694 -0.00016754402217823857 -0.00030654179986763319 0.00055253589092992635 0.0004379306453651784 0.00028087430629013748 -0.00042809013678345728 0.00031245416729899057 -0.00018389514820969286 -5.1106435744764498e-05 -0.00042830187854883217 0.00011580882794934202 -6.1409794394976566e-05
leaf_weight=50 70 57 52 52 53 92 81 83 61 150 65 78 78 63 81 52 54 54 51 68 59
leaf_count=50 70 57 52 52 53 92 81 83 61 150 65 78 78 63 81 52 54 54 51 68 59
internal_value=-1.24799e-05 0.000126983 0.000471865 -5.27533e-05 2.49227e-06 -2.58349e-05 -5.90743e-05 -0.000124108 -0.000243183 -0.000373765 6.29356e-05 0.000212104 0.000178563 -0.00019773 -0.000117739 3.64712e-05 6.63653e-05 -0.000277297 -2.27103e-05 -9.88291e-05 -0.000231514
internal_weight=1504 337 102 1167 845 792 740 581 355 242 226 161 159 322 252 113 117 135 235 178 110
internal_count=1504 337 102 1167 845 792 740 581 355 242 226 161 159 322 252 113 117 135 235 178 110
is_linear=0
shrinkage=0.05


Tree=138
num_leaves=23
num_cat=0
split_feature=109 136 93 182 91 158 26 52 119 115 90 45 115 91 62 148 134 146 140 160 158 120
split_gain=0.00304953 0.00628074 0.00466587 0.00337422 0.00414209 0.0105223 0.00595305 0.00641072 0.00493634 0.00726689 0.00421201 0.00386894 0.00341558 0.00406155 0.00340468 0.00267758 0.00337508 0.00217916 0.00191753 0.00153498 0.0018303 0.00134749
threshold=0.019236929714679721 0.93132641911506664 8.612150192260744 0.017824407666921619 0.16989593952894214 1.0175397396087649 0.18333333730697635 0.12500000372529033 0.046264307573437698 0.0026049067964777355 0.48110990226268774 0.52500000596046459 0.0034554499434307222 0.55393761396408092 0.43936182558536535 0.87665218114852916 0.98102271556854259 0.94010284543037426 1.0950258970260622 1.028978228569031 1.2788254022598269 0.068938802927732482
decision_type=2 2 2 2 2 2 2 2 2 2 2 2 2 2 2 2 2 2 2 2 2 2
left_child=1 2 -1 15 5 -5 10 8 9 -8 -6 -7 14 -14 -10 -2 17 -17 -18 -3 21 -21
right_child=3 19 -4 4 6 11 7 -9 12 -11 -12 -13 13 -15 -16 16 18 -19 -20 20 -22 -23
leaf_value=0.00079314008199435197 -0.00046141103949464329 0.00020424408851938913 0.00011666838058422751 0.00067825197177015777 -0.00074475492071360359 -0.00029257742175104796 -3.2719339258850572e-06 -0.0004231060299207457 0.00044346483578660157 0.00079531346851021789 -0.00010202585651243751 0.00017712382295471377 1.3667652695780483e-05 -0.00053873359472293356 -3.6205171968629308e-05 -9.0029140604504698e-05 0.00027996720787310463 -0.00048937794053927064 -0.00012913193936078137 -0.00040663856771596546 0.0001149737434003107 -5.8388431141077603e-05
leaf_weight=50 70 57 52 73 50 80 63 75 56 52 52 97 82 56 109 72 61 65 54 51 66 61
leaf_count=50 70 57 52 73 50 80 63 75 56 52 52 97 82 56 109 72 61 65 54 51 66 61
internal_value=-1.18559e-05 0.000120634 0.000448272 -5.01156e-05 2.36766e-06 0.000173149 -6.93891e-05 2.54878e-06 7.89223e-05 0.000357828 -0.000417089 -3.51705e-05 -2.69329e-05 -0.000210495 0.000126592 -0.000187843 -0.000111852 -0.000279501 8.78685e-05 -2.15748e-05 -9.38876e-05 -0.000216967
internal_weight=1504 337 102 1167 845 250 595 493 418 115 102 177 303 138 165 322 252 137 115 235 178 112
internal_count=1504 337 102 1167 845 250 595 493 418 115 102 177 303 138 165 322 252 137 115 235 178 112
is_linear=0
shrinkage=0.05


Tree=139
num_leaves=22
num_cat=0
split_feature=109 136 35 12 99 132 130 132 120 178 121 179 157 34 85 54 3 173 118 156 100
split_gain=0.0027522 0.00566837 0.00453059 0.00368248 0.00753773 0.00609243 0.00557618 0.00684134 0.00495237 0.00394541 0.00391102 0.00537458 0.0037815 0.00376695 0.00610194 0.00306814 0.00289009 0.0021102 0.00273684 0.00146129 0.0017464
threshold=0.019236929714679721 0.93132641911506664 0.32500000298023229 0.17799890786409381 0.90888211131095897 0.95192477107048046 1.0942081809043886 0.95855858922004711 0.3133379071950913 -8.9492106437683088 0.10138948261737825 7.1939692497253427 0.5946922004222871 -0.35000000894069666 0.4433544129133225 0.22090790420770648 0.0082377232611179369 0.86561337113380443 0.093229494988918318 0.69545763731002819 1.0176389813423159
decision_type=2 2 2 2 2 2 2 2 2 2 2 2 2 2 2 2 2 2 2 2 2
left_child=1 2 -1 4 8 -5 9 -8 -2 -6 11 -9 -7 17 -15 -12 -17 18 -14 20 -3
right_child=3 19 -4 5 6 12 7 10 -10 -11 15 -13 13 14 -16 16 -18 -19 -20 -21 -22
leaf_value=0.00075909095447095043 0.0007069977803318277 -9.546329136391954e-05 9.2626128068385544e-05 -0.00057837720751070278 -0.00012159420365030517 -0.00047424991425941703 0.00054140627626882143 0.00011783123293699808 5.3211461324411048e-05 -0.00065385898398946868 0.00031611405147909973 -0.00055700881915202313 0.00023623676717857294 0.00056348737036993654 -0.00014960077208039973 -0.00020413940036415683 0.00019620597926890091 -0.00034632102440809834 -0.00024192805936648274 -0.00021793015349878752 0.00022731890745717465
leaf_weight=51 60 88 51 73 98 52 59 51 56 54 86 70 57 60 60 113 75 80 63 67 80
leaf_count=51 60 88 51 73 98 52 59 51 56 54 86 70 57 60 60 113 75 80 63 67 80
internal_value=-1.12631e-05 0.000114602 0.000425859 -4.76098e-05 2.21196e-05 -0.000160744 -4.85633e-05 3.91966e-05 0.000391377 -0.000310688 -3.5817e-05 -0.000272572 -7.87889e-05 -1.45264e-05 0.000206943 6.87354e-05 -4.44271e-05 -0.000147408 -1.47998e-05 -2.04961e-05 5.82425e-05
internal_weight=1504 337 102 1167 722 445 606 454 116 152 395 121 372 320 120 274 188 200 120 235 168
internal_count=1504 337 102 1167 722 445 606 454 116 152 395 121 372 320 120 274 188 200 120 235 168
is_linear=0
shrinkage=0.05


Tree=140
num_leaves=22
num_cat=0
split_feature=110 70 34 151 81 133 154 88 92 147 89 15 119 121 7 121 122 140 161 31 85
split_gain=0.0041495 0.00557896 0.00482072 0.0036963 0.00278246 0.00372996 0.00440938 0.00361453 0.00366843 0.00330662 0.00277492 0.00265029 0.00525529 0.00492836 0.00453555 0.00387178 0.00338079 0.00334377 0.0027462 0.00203001 0.00190495
threshold=0.099111914634704604 0.55602422356605541 0.45000000298023229 0.54081338644027721 -0.031698666512966149 0.9499175250530244 0.27329529821872717 0.62995049357414257 0.22684888541698459 1.2277041077613833 0.51691687107086193 0.26250000298023229 0.16162827610969546 0.15710706263780597 -0.013563117012381552 0.37147633731365209 0.0015995685243979099 1.0287431478500368 1.555222809314728 0.28333334624767309 0.42550010979175573
decision_type=2 2 2 2 2 2 2 2 2 2 2 2 2 2 2 2 2 2 2 2 2
left_child=1 4 3 -3 11 10 -7 8 -8 -10 -6 12 13 16 -14 -15 -1 19 -19 -13 -16
right_child=-2 2 -4 -5 5 6 7 -9 9 -11 -12 17 14 15 20 -17 -18 18 -20 -21 -22
leaf_value=-9.2992283534840687e-05 0.00042171744266181394 0.00021405630980677649 -0.00068724147056491353 -0.00038221936159078601 0.00010637122909899738 0.00051187142215938027 0.00030876399594793235 0.00050649280179641213 -0.00019799883565970933 0.00020382415621917553 -0.0002990178005747134 -0.00019979931981054021 0.00065643622626521396 0.00037017963168462024 -9.9859850080166436e-05 -0.00017348665636690745 -0.00066106971292174423 -0.00058892606501749186 -9.0886185993440454e-05 0.0001627082889260747 0.00029906818535732388
leaf_weight=55 61 51 50 53 87 84 96 50 149 78 82 73 50 65 63 66 50 62 50 82 57
leaf_count=55 61 51 50 53 87 84 96 50 149 78 82 73 50 65 63 66 50 62 50 82 57
internal_value=1.77255e-05 7.65091e-07 -0.000283785 -8.98149e-05 3.44992e-05 0.000110375 0.000184594 0.000110891 4.96526e-05 -5.99275e-05 -9.03264e-05 -3.60772e-05 4.43868e-05 -0.00010829 0.000256338 9.62714e-05 -0.000363505 -0.000158431 -0.000366587 -8.0211e-06 8.9631e-05
internal_weight=1514 1453 154 104 1299 626 457 373 323 227 169 673 406 236 170 131 105 267 112 155 120
internal_count=1514 1453 154 104 1299 626 457 373 323 227 169 673 406 236 170 131 105 267 112 155 120
is_linear=0
shrinkage=0.05


Tree=141
num_leaves=19
num_cat=0
split_feature=110 80 30 174 93 89 161 137 168 119 120 106 90 167 75 75 55 31
split_gain=0.00374492 0.00506772 0.00256555 0.00647421 0.00550271 0.00520111 0.00516738 0.00501344 0.00409126 0.00504877 0.00388695 0.00385899 0.00378521 0.00331035 0.00307824 0.00381496 0.00305666 0.002557
threshold=0.099111914634704604 0.1785666570067406 0.72499999403953563 14.047678470611574 1.161742687225342 0.0032940868986770515 1.1504026651382449 1.0028399229049685 -8.1341834068298322 0.15994941443204883 0.09083831682801248 1.0359631180763247 -0.14339616149663922 -1.8799932003021238 0.47263884544372564 0.48145051300525671 0.60252803564071666 0.28333334624767309
decision_type=2 2 2 2 2 2 2 2 2 2 2 2 2 2 2 2 2 2
left_child=1 2 6 8 -5 7 -1 -6 -4 10 -10 14 -9 -7 16 -16 -8 -17
right_child=-2 -3 3 4 5 13 11 12 9 -11 -12 -13 -14 -15 15 17 -18 -19
leaf_value=0.00032283592624855165 0.00040063156323368114 -0.00044533837254809934 -0.00047209756881453697 -0.00019675123021443142 -0.00025980998278828338 0.00032771835498715519 -0.00049632198103042181 0.00055759433228478336 8.5101803141288416e-05 0.00028850564301568452 -0.00044005998467279526 -0.00048093382682619173 5.9935782381806939e-05 0.00090307498071342705 0.00036910438329435977 -0.00015507348860023258 -1.6582900934736246e-05 0.00010311662033838033
leaf_weight=85 61 61 55 62 50 50 69 79 69 95 72 58 74 50 63 235 64 162
leaf_count=85 61 61 55 62 50 50 69 79 69 95 72 58 74 50 63 235 64 162
internal_value=1.68392e-05 7.26837e-07 2.02742e-05 9.2174e-05 0.000232427 0.000320245 -4.38104e-05 0.000174851 -8.37444e-05 6.76162e-06 -0.000183066 -9.16828e-05 0.000316897 0.000615397 -5.3611e-05 7.64391e-06 -0.00026547 -4.97163e-05
internal_weight=1514 1453 1392 656 365 303 736 203 291 236 141 651 153 100 593 460 133 397
internal_count=1514 1453 1392 656 365 303 736 203 291 236 141 651 153 100 593 460 133 397
is_linear=0
shrinkage=0.05


Tree=142
num_leaves=21
num_cat=0
split_feature=75 168 52 143 119 1 103 152 44 88 170 87 57 180 134 88 137 68 91 126
split_gain=0.00323903 0.007973 0.00455716 0.00272445 0.00359873 0.00358412 0.0071599 0.00460766 0.00360955 0.00267605 0.00284831 0.00518739 0.00394999 0.00303795 0.00454681 0.0025175 0.00230161 0.0018889 0.00145369 0.00219327
threshold=0.44387276470661169 2.9123420715332036 -0.058333335444331162 0.97140270471572887 0.11701067164540292 0.03615629859268666 1.014981269836426 0.25682975351810461 0.55000001192092907 -0.90749049186706532 1161309952.0000002 0.39063009619712835 0.48668953776359564 319.38095092773443 0.9824456274509431 0.042151756584644325 1.0270594358444216 0.46714051067829138 0.16601857542991641 0.0075177447870373735
decision_type=2 2 2 2 2 2 2 2 2 2 2 2 2 2 2 2 2 2 2 2
left_child=1 2 -1 4 -2 9 -7 8 -8 -5 13 12 -12 14 17 16 -13 -11 -15 -20
right_child=3 -3 -4 5 -6 6 7 -9 -10 10 11 15 -14 18 -16 -17 -18 -19 19 -21
leaf_value=-0.00011972307348562602 -0.00042389083161875878 0.00030663746368157232 -0.00075770356914621191 0.00032797736767231704 9.2543700906610351e-05 0.00069661851403878016 -0.00038597843210612029 0.00042773946059723511 0.00012316404014279178 0.00015943778695195804 -0.00012908331106788659 6.3902446519300022e-05 0.0004475612636030603 0.00012548175993122807 0.0004919334318101927 -0.00051300945410335066 -0.000330200506541587 -0.00020446140049486684 -0.00022717522975300664 0.00013666873352831009
leaf_weight=57 69 54 55 65 66 62 56 68 92 109 62 69 57 88 85 69 80 53 139 59
leaf_count=57 69 54 55 65 66 62 56 68 92 109 62 69 57 88 85 69 80 53 139 59
internal_value=1.59973e-05 -0.000192407 -0.000433017 4.16613e-05 -0.000171412 6.53751e-05 0.000222996 8.7049e-05 -6.94845e-05 1.85102e-05 -4.61092e-06 -0.000118388 0.000147125 6.73266e-05 0.000195776 -0.000263323 -0.000147696 4.03843e-05 -4.36067e-05 -0.000118757
internal_weight=1514 166 112 1348 135 1213 278 216 148 935 870 337 119 533 247 218 149 162 286 198
internal_count=1514 166 112 1348 135 1213 278 216 148 935 870 337 119 533 247 218 149 162 286 198
is_linear=0
shrinkage=0.05


Tree=143
num_leaves=18
num_cat=0
split_feature=110 70 111 82 1 126 54 147 85 118 133 92 86 161 86 121 151
split_gain=0.00325255 0.00426739 0.00458208 0.00256772 0.00408415 0.00609063 0.00587441 0.0038626 0.00342706 0.00225288 0.0025832 0.00220122 0.00460232 0.00639481 0.00248613 0.00299259 0.00183169
threshold=0.099111914634704604 0.55602422356605541 0.047769401222467429 0.047036061063408859 0.032069116830825813 -0.007247350411489605 0.34800775349140173 1.1436167359352114 0.52501180768013012 0.018251199275255207 0.98091164231300365 0.24308932572603228 0.072211194783449187 1.4800989627838137 0.15145700424909594 0.029032970778644088 1.1742467880249026
decision_type=2 2 2 2 2 2 2 2 2 2 2 2 2 2 2 2 2
left_child=1 3 -3 4 9 6 8 -8 -6 10 -1 12 16 -14 -13 -16 -11
right_child=-2 2 -4 -5 5 -7 7 -9 -10 11 -12 14 13 -15 15 -17 -18
leaf_value=-0.00039037229208742098 0.00037287106681672369 1.3625452229462098e-05 -0.0005322590130113846 -0.00030463967136297888 0.00049322569545539512 0.00058438196385371779 -0.0003483702002545777 0.00019737985036472847 -1.9793887688637388e-05 9.9324841526790173e-05 -4.2345200714095484e-06 0.00022995121804948818 0.00070739821467069553 4.1002076179368143e-05 -0.00041455330518753427 -2.9942353985066092e-05 -0.00030880791484917241
leaf_weight=77 61 80 74 55 90 76 89 51 51 56 99 72 63 84 60 322 54
leaf_count=77 61 80 74 55 90 76 89 51 51 56 99 72 63 84 60 322 54
internal_value=1.51974e-05 1.81527e-07 -0.000248683 2.96851e-05 4.44663e-05 0.00018727 7.98657e-05 -0.000149561 0.000307665 -1.30093e-05 -0.00017317 2.66367e-05 0.000143567 0.0003266 -3.95554e-05 -9.03525e-05 -0.000101031
internal_weight=1514 1453 154 1299 1244 357 281 140 141 887 176 711 257 147 454 382 110
internal_count=1514 1453 154 1299 1244 357 281 140 141 887 176 711 257 147 454 382 110
is_linear=0
shrinkage=0.05


Tree=144
num_leaves=20
num_cat=0
split_feature=110 80 30 174 93 161 89 143 119 87 115 106 92 80 75 116 96 27 131
split_gain=0.00293543 0.00402433 0.00224663 0.00572941 0.00475379 0.00465626 0.00459446 0.00450378 0.00354965 0.00486383 0.00341625 0.00337177 0.00312449 0.00269697 0.00346199 0.00270196 0.00269385 0.00245387 0.00156217
threshold=0.099111914634704604 0.1785666570067406 0.72499999403953563 14.047678470611574 1.161742687225342 1.1504026651382449 0.0032940868986770515 0.99769195914268505 0.063686855137348189 0.47830404341220861 -0.0014965292648412285 1.0359631180763247 0.21607518941164019 0.054405255243182189 0.48145051300525671 0.0015495951520279052 -0.23821243643760678 0.45833332836627966 1.2354161739349367
decision_type=2 2 2 2 2 2 2 2 2 2 2 2 2 2 2 2 2 2 2
left_child=1 2 5 8 -5 -1 7 -6 9 -4 -8 13 -9 14 -7 -15 18 -16 -10
right_child=-2 -3 3 4 6 11 10 12 16 -11 -12 -13 -14 15 17 -17 -18 -19 -20
leaf_value=0.00030566359389066588 0.00035422751403291577 -0.00039732880068782595 -3.341124698397566e-06 -0.00018209117678188411 -0.00011015930408732325 0.0003528569859495732 0.00028359851060668007 0.00064866234146702137 -0.00026379480494079899 -0.00066856963308237032 0.00086808588914573197 -0.00045167057873155068 0.00012773146232315671 -5.6408340180921673e-05 0.00011588508334751977 -0.00051053676620460727 0.00034065886314860302 -0.00014266808381345529 9.3162094260780862e-05
leaf_weight=85 61 61 61 62 87 62 50 53 58 50 50 58 63 77 144 57 57 253 65
leaf_count=85 61 61 61 62 87 62 50 53 58 50 50 58 63 77 144 57 57 253 65
internal_value=1.44376e-05 1.72452e-07 1.75917e-05 8.48744e-05 0.000216813 -4.23777e-05 0.000298437 0.000161785 -8.06161e-05 -0.000302994 0.000575842 -8.78208e-05 0.000365743 -5.22335e-05 5.3803e-06 -0.000249582 5.65166e-05 -4.88856e-05 -7.5159e-05
internal_weight=1514 1453 1392 656 365 736 303 203 291 111 100 651 116 593 459 134 180 397 123
internal_count=1514 1453 1392 656 365 736 303 203 291 111 100 651 116 593 459 134 180 397 123
is_linear=0
shrinkage=0.05


Tree=145
num_leaves=13
num_cat=0
split_feature=170 174 167 3 5 3 130 102 36 120 118 117
split_gain=0.00306875 0.00853079 0.00679774 0.00439327 0.00351919 0.00347313 0.00317162 0.00242431 0.00235514 0.00257401 0.00241518 0.00205122
threshold=2803934464.0000005 26.610703468322757 0.38815766572952276 0.024392090737819675 0.018528234213590625 0.019566037692129615 1.2196047902107241 0.98758417367935192 0.78333333134651195 0.031821900978684432 0.056000076234340675 0.021816169843077663
decision_type=2 2 2 2 2 2 2 2 2 2 2 2
left_child=3 6 -3 4 5 7 -2 -1 9 10 -9 -11
right_child=1 2 -4 -5 -6 -7 -8 8 -10 11 -12 -13
leaf_value=-0.00030542971454854801 9.49351514029094e-05 0.00089895791839808233 0.00014006442033860368 -0.00048450425054893877 0.00035594874128021237 0.00034750145709005906 -0.00034642917272159976 -0.0001008760309964095 -0.00037303366532832313 -0.00030026562211252683 0.00025912772144403624 -3.7489866943725582e-05
leaf_weight=97 92 50 72 55 57 53 73 72 51 85 132 588
leaf_count=97 92 50 72 55 57 53 73 72 51 85 132 588
internal_value=-1.26879e-05 0.000134067 0.000451086 -4.80818e-05 -2.69335e-05 -4.71787e-05 -0.000100335 -6.75866e-05 -4.27258e-05 -2.35175e-05 0.000132068 -7.06785e-05
internal_weight=1477 287 122 1190 1135 1078 165 1025 928 877 204 673
internal_count=1477 287 122 1190 1135 1078 165 1025 928 877 204 673
is_linear=0
shrinkage=0.05


Tree=146
num_leaves=24
num_cat=0
split_feature=73 47 87 1 161 96 87 6 10 52 37 101 118 118 6 118 1 147 5 119 73 12 2
split_gain=0.00294765 0.00515452 0.00587795 0.00497906 0.00787889 0.00524886 0.00438831 0.00400971 0.00475649 0.00243507 0.00272381 0.00264749 0.00232503 0.00476804 0.00302474 0.0022923 0.00221525 0.00196832 0.00160926 0.00160511 0.00156805 0.00140976 0.000882929
threshold=0.53420627117156994 0.52500000596046459 0.5630575716495515 0.032069116830825813 1.5710616707801821 -3.0047202110290523 0.67511481046676647 0.27178031206130987 1.012424170970917 0.058333335444331176 0.52500000596046459 0.93866181373596203 0.22527149319648745 0.018251199275255207 0.21244469285011294 0.047187874093651778 0.02540578227490187 0.86362457275390636 0.0072689261287450799 0.08986686542630197 0.65707468986511242 0.08786314353346826 -1.0000000180025095e-35
decision_type=2 2 2 2 2 2 2 2 2 2 2 2 2 2 2 2 2 2 2 2 2 2 2
left_child=1 6 15 12 5 -5 7 9 -9 11 -11 -1 13 19 21 -3 -17 -13 -16 -2 -14 -15 -22
right_child=3 2 -4 4 -6 -7 -8 8 -10 10 -12 17 20 14 18 16 -18 -19 -20 -21 22 -23 -24
leaf_value=0.0001828948219875148 -0.000423689130426889 0.00017743060219800101 0.00051948879415924186 0.00083403960540228339 -0.00014584143256841518 0.00023160024000693134 -0.00055157637924940382 -0.00012237502389039396 0.00048707831528736279 -0.00068486993002486144 -0.00016553368009044789 -4.1781375893031442e-05 -9.8088910446129244e-06 0.00020002918592945207 -0.00017144588056343594 6.2559335465603344e-05 -0.00036926085845841568 -0.00047476610004825771 0.00020970169789507055 -2.6997610157373929e-05 -0.00015333880027324555 0.00057365135149916127 -0.00043565937977411593
leaf_weight=51 51 75 62 58 83 96 69 89 50 51 50 53 93 50 58 54 66 52 53 51 58 51 53
leaf_count=51 51 75 62 58 83 96 69 89 50 51 50 53 93 50 58 54 66 52 53 51 58 51 53
internal_value=-1.20535e-05 -8.42844e-05 9.54186e-05 5.70202e-05 0.000246848 0.000458493 -0.000183604 -0.000119488 9.68528e-05 -0.000236497 -0.000427773 -0.000112658 -2.98317e-05 5.55509e-05 0.000190698 -3.94139e-05 -0.000174942 -0.000256212 1.05435e-05 -0.000225343 -0.000161254 0.00038869 -0.000288141
internal_weight=1477 722 257 755 237 154 465 396 139 257 101 156 518 314 212 195 120 105 111 102 204 101 111
internal_count=1477 722 257 755 237 154 465 396 139 257 101 156 518 314 212 195 120 105 111 102 204 101 111
is_linear=0
shrinkage=0.05


Tree=147
num_leaves=10
num_cat=0
split_feature=122 7 24 5 114 130 170 117 55
split_gain=0.00276557 0.0042497 0.00352988 0.00418325 0.00316092 0.00365392 0.00345452 0.00346203 0.002326
threshold=0.019207625649869445 0.0263946857303381 0.84999999403953563 0.015379582997411491 -0.007866123225539921 1.2553269863128664 4214988544.0000005 0.019755257293581966 0.48531806468963629
decision_type=2 2 2 2 2 2 2 2 2
left_child=1 2 3 4 -1 6 7 -6 -5
right_child=-2 -3 -4 8 5 -7 -8 -9 -10
leaf_value=0.00026444997688436213 -0.00029006792188045525 0.00043609501816469924 -0.000326140279006434 7.488343247678131e-05 -0.00028900299001266138 -0.00043944403423335068 0.00033455531869002191 -7.4275562863614856e-06 0.00055479998959972543
leaf_weight=91 84 55 84 50 126 55 64 817 51
leaf_count=91 84 55 84 50 126 55 64 817 51
internal_value=-1.14509e-05 5.35017e-06 -1.23561e-05 8.66296e-06 -1.83657e-05 -4.25994e-05 -2.09247e-05 -4.50506e-05 0.000317218
internal_weight=1477 1393 1338 1254 1153 1062 1007 943 101
internal_count=1477 1393 1338 1254 1153 1062 1007 943 101
is_linear=0
shrinkage=0.05


Tree=148
num_leaves=14
num_cat=0
split_feature=174 170 123 84 27 3 125 3 127 69 102 72 111
split_gain=0.00269299 0.00385871 0.00590566 0.0071208 0.00671615 0.00398013 0.00323822 0.00252071 0.00265423 0.00248634 0.00240751 0.00241048 0.00232154
threshold=5.3950834274292001 2803934464.0000005 -0.012793244794011114 0.24017780274152759 0.5416666865348817 0.024392090737819675 -0.090500760823488222 0.019566037692129615 1.0982328057289126 0.52231428027153026 0.99258509278297435 0.46942934393882757 0.049962941557168968
decision_type=2 2 2 2 2 2 2 2 2 2 2 2 2
left_child=-1 5 -3 -4 -5 6 -2 8 10 -10 12 -12 -8
right_child=1 2 3 4 -6 -7 7 -9 9 -11 11 -13 -14
leaf_value=-0.00029116190855774343 0.0003744566923819994 0.00049533555123142581 0.00038747415897554498 0.00013319770079341163 -0.00067840529273962603 -0.000462286717531522 -1.4673823553293208e-05 0.0003020539566932712 -0.00054031817876510138 -4.4136498778243553e-05 -0.0002765152785846462 4.267569410619191e-05 -0.00040822083175131311
leaf_weight=81 51 94 71 52 50 52 77 53 51 50 65 657 73
leaf_count=81 51 94 71 52 50 52 77 53 51 50 65 657 73
internal_value=-1.08783e-05 5.38456e-06 0.000176323 2.9866e-06 -0.000264647 -3.50411e-05 -1.44127e-05 -3.37425e-05 -5.20335e-05 -0.000294684 -2.39284e-05 1.39397e-05 -0.0002062
internal_weight=1477 1396 267 173 102 1129 1077 1026 973 101 872 722 150
internal_count=1477 1396 267 173 102 1129 1077 1026 973 101 872 722 150
is_linear=0
shrinkage=0.05


Tree=149
num_leaves=11
num_cat=0
split_feature=103 110 139 24 89 82 30 97 145 178
split_gain=0.00272324 0.00351614 0.00342124 0.00285638 0.00261906 0.00337205 0.00258699 0.00398147 0.00397116 0.00257028
threshold=1.0970036387443545 0.099111914634704604 1.14157110452652 0.84999999403953563 0.73082259297370922 -0.058016736060380929 0.12500000372529033 1.0227121710777285 1.002069413661957 -7.8962256908416739
decision_type=2 2 2 2 2 2 2 2 2 2
left_child=1 2 3 4 5 -1 7 -7 -8 -6
right_child=-2 -3 -4 -5 9 6 8 -9 -10 -11
leaf_value=-0.000326554786781383 -0.00035885477996931448 0.00038079534932552696 0.00031028668899444391 -0.00029372568510787218 1.5693439716665908e-05 0.00036982364478834563 -0.00018954634092835932 -4.3946333710126748e-05 4.7566163603331347e-05 0.00044539879820839468
leaf_weight=93 54 59 77 97 87 101 320 137 394 58
leaf_count=93 54 59 77 97 87 101 320 137 394 58
internal_value=-1.03344e-05 2.89125e-06 -1.3455e-05 -3.28242e-05 -1.15574e-05 -3.91883e-05 -1.11158e-05 0.000131645 -5.87027e-05 0.000187576
internal_weight=1477 1423 1364 1287 1190 1045 952 238 714 145
internal_count=1477 1423 1364 1287 1190 1045 952 238 714 145
is_linear=0
shrinkage=0.05


Tree=150
num_leaves=19
num_cat=0
split_feature=6 5 46 36 2 130 114 121 27 183 32 83 143 128 117 96 108 117
split_gain=0.00309413 0.00952035 0.00341756 0.00337753 0.00337765 0.00611161 0.00498414 0.00405247 0.00528975 0.00519757 0.00566013 0.0029724 0.00240638 0.0024007 0.00241148 0.00233457 0.00213548 0.00204937
threshold=0.040404496714472778 0.00089355235104449104 0.51666668057441723 0.78333333134651195 -0.054550571367144578 1.2232444286346438 -0.0066266537178307763 0.27710947394371038 0.45833332836627966 0.014131697826087477 0.27500000596046453 0.79931411147117626 1.0407602787017824 1.0443658828735354 0.49921856820583349 -4.6737093925476065 0.014696658588945867 0.31526958942413336
decision_type=2 2 2 2 2 2 2 2 2 2 2 2 2 2 2 2 2 2
left_child=1 2 -1 4 6 7 -2 9 -9 10 -6 12 13 17 -15 -10 -12 -8
right_child=3 -3 -4 -5 5 -7 11 8 15 -11 16 -13 -14 14 -16 -17 -18 -19
leaf_value=0.00019819456949297785 0.00042108829111959113 0.000775198844661096 -0.00026021254772786053 -0.00031052059413964758 0.00029444402351165973 -0.000545315257535087 -0.00030829956591663755 0.00012420355907352131 -0.00016539348116406986 0.00052823546353274176 -9.0446325620794059e-06 -0.00026800316253721665 -0.00024825255751728458 0.0002600661340783304 -3.4825353288828618e-05 -0.00060378163300741185 -0.00041621830303538177 0.00013171515565416341
leaf_weight=97 95 53 70 88 91 63 55 80 57 57 62 73 52 243 97 65 67 51
leaf_count=97 95 53 70 88 91 63 55 80 57 57 62 73 52 243 97 65 67 51
internal_value=1.79706e-05 0.000191343 6.04787e-06 -1.146e-05 1.03259e-05 -8.23531e-05 8.57493e-05 -2.14625e-05 -0.000191767 0.000102731 -7.51358e-06 2.99573e-05 7.36343e-05 0.000111164 0.000175935 -0.000398961 -0.000220522 -9.65944e-05
internal_weight=1516 220 167 1296 1208 542 666 479 202 277 220 571 498 446 340 122 129 106
internal_count=1516 220 167 1296 1208 542 666 479 202 277 220 571 498 446 340 122 129 106
is_linear=0
shrinkage=0.05


Tree=151
num_leaves=12
num_cat=0
split_feature=35 120 109 103 120 3 183 123 172 170 157
split_gain=0.00281243 0.00432365 0.00402932 0.0038902 0.00389668 0.00320035 0.00310435 0.00287285 0.00274717 0.0031709 0.00305036
threshold=0.67499998211860668 0.18491633981466296 0.094186242669820799 1.0648831129074099 0.15326012670993808 0.024392090737819675 0.024315730668604377 0.015598539263010027 137476344.00000003 2419623808.0000005 1.0226414203643801
decision_type=2 2 2 2 2 2 2 2 2 2 2
left_child=2 -2 3 5 -5 6 7 8 9 -1 -10
right_child=1 -3 -4 4 -6 -7 -8 -9 10 -11 -12
leaf_value=8.1434184813638975e-06 -5.0809385886421735e-05 0.00046596415370924707 -0.00042566353185314009 0.00048483312194874109 -6.0501099585301501e-05 -0.00040965378191322091 0.00033732399697328219 -0.00029312739993401105 0.00037439017426406379 -0.00026548286154254113 -5.0596353536859267e-05
leaf_weight=663 79 83 55 81 55 50 64 89 95 126 76
leaf_count=663 79 83 55 81 55 50 64 89 95 126 76
internal_value=1.7072e-05 0.000213957 -6.4844e-06 1.12638e-05 0.000264294 -1.83253e-05 -7.45385e-07 -2.13712e-05 3.82291e-06 -3.55536e-05 0.000185507
internal_weight=1516 162 1354 1299 136 1163 1113 1049 960 789 171
internal_count=1516 162 1354 1299 136 1163 1113 1049 960 789 171
is_linear=0
shrinkage=0.05


Tree=152
num_leaves=17
num_cat=0
split_feature=12 17 57 161 119 86 137 154 148 170 159 121 162 24 159 171
split_gain=0.0035999 0.00580421 0.00483028 0.0059104 0.00453317 0.00404864 0.00363988 0.00259764 0.00349796 0.00392344 0.00362563 0.00355283 0.00279747 0.00249201 0.00221943 0.00202911
threshold=0.2297993749380112 0.72083333134651195 0.62106871604919445 1.1288142800331118 0.0031457144068554048 0.63083043694496166 1.0166436433792116 0.24959783256053927 1.0140820145606997 2192670336.0000005 1.5079219937324526 0.096902772784233107 570.96255493164074 1.0000000180025095e-35 1.0330122113227846 68526324.000000015
decision_type=2 2 2 2 2 2 2 2 2 2 2 2 2 2 2 2
left_child=2 5 3 -1 -5 13 -3 -6 12 10 -10 -11 15 -2 -15 -9
right_child=1 6 -4 4 7 -7 -8 8 9 11 -12 -13 -14 14 -16 -17
leaf_value=0.00041580305400298369 -0.00031113299613367987 -0.00072002901218253944 0.00053742401959264976 0.00038442920397048714 -0.00027370033399923467 0.00040914599426636978 -0.000160682557775131 0.00011902034685486866 9.9245553025372325e-05 -0.00059625913033544624 -0.000220331036818742 -9.2161354232987562e-05 -0.00012735253998538679 -0.00023235455596295652 0.00017632390170345185 0.00048872375201816415
leaf_weight=95 77 52 51 72 96 52 66 79 333 56 121 93 54 50 99 70
leaf_count=95 77 52 51 72 96 52 66 79 333 56 121 93 54 50 99 70
internal_value=1.62184e-05 -0.000113358 6.2033e-05 3.9353e-05 2.63563e-06 1.1355e-05 -0.000407174 -2.78401e-05 1.44346e-06 -5.8993e-05 1.40721e-05 -0.000281621 0.000180967 -8.01721e-05 3.91835e-05 0.000292707
internal_weight=1516 396 1120 1069 974 278 118 902 806 603 454 149 203 226 149 149
internal_count=1516 396 1120 1069 974 278 118 902 806 603 454 149 203 226 149 149
is_linear=0
shrinkage=0.05


Tree=153
num_leaves=17
num_cat=0
split_feature=12 132 67 161 119 155 164 164 49 157 161 121 118 4 121 92
split_gain=0.00324891 0.00551025 0.00435933 0.00533414 0.00409119 0.00374676 0.0030792 0.00696211 0.00411949 0.00300846 0.00629242 0.00501664 0.00289095 0.00286202 0.00273913 0.00232222
threshold=0.2297993749380112 0.95192477107048046 0.24213744699954989 1.1288142800331118 0.0031457144068554048 0.24116731435060504 334.22702026367193 275.44619750976568 0.15000000223517421 0.70480117201805126 1.5004112124443056 0.1351268216967583 0.22446104884147647 0.44840264320373541 0.24874147772789004 0.32514996826648718
decision_type=2 2 2 2 2 2 2 2 2 2 2 2 2 2 2 2
left_child=2 -2 3 -1 -5 -6 7 8 -7 -3 11 -11 -12 15 -15 -8
right_child=1 9 -4 4 5 6 13 -9 -10 10 12 -13 -14 14 -16 -17
leaf_value=0.00039501290777575618 -0.00059279195146005165 -0.00027902740393690166 0.00051055281787115497 0.00036520774607803712 -0.00043027573910539682 -6.5378534912067856e-05 -0.00011493705076464764 0.00064773547465740515 0.00037800086921868994 4.1502005787929262e-05 2.2379526111762971e-05 0.00069922109961044043 -0.00044769989963869793 -0.00048206184245646005 -4.3875213010751937e-05 0.00016029254861749109
leaf_weight=95 51 93 51 72 54 270 191 51 65 69 75 50 58 75 68 128
leaf_count=95 51 93 51 72 54 270 191 51 65 69 75 50 58 75 68 128
internal_value=1.54075e-05 -0.00010769 5.89314e-05 3.73854e-05 2.50385e-06 -2.64481e-05 -7.32691e-07 0.000103504 2.06503e-05 -3.59797e-05 5.37165e-05 0.000317855 -0.000182618 -8.78218e-05 -0.000273693 -4.5001e-06
internal_weight=1516 396 1120 1069 974 902 848 386 335 345 252 119 133 462 143 319
internal_count=1516 396 1120 1069 974 902 848 386 335 345 252 119 133 462 143 319
is_linear=0
shrinkage=0.05


Tree=154
num_leaves=18
num_cat=0
split_feature=12 17 182 161 181 86 117 5 181 153 137 83 159 157 3 83 161
split_gain=0.00293214 0.00503233 0.00402782 0.00522904 0.00379554 0.00365302 0.00394233 0.0032399 0.00441215 0.00546905 0.00321859 0.0028418 0.00317487 0.0027017 0.00262376 0.00195223 0.00115991
threshold=0.2297993749380112 0.72083333134651195 0.040376756340265281 1.1288142800331118 0.03588595241308213 0.63083043694496166 0.067781634628772749 0.0015904635656625035 0.017397371120750908 0.29269596934318548 1.0166436433792116 0.80574217438697826 0.90786391496658336 0.79038161039352428 0.008578187786042692 0.20673967152833941 1.5733582377433779
decision_type=2 2 2 2 2 2 2 2 2 2 2 2 2 2 2 2 2
left_child=2 5 3 -1 7 6 -2 8 9 -5 -3 12 -9 -8 -6 -14 -15
right_child=1 10 -4 4 14 -7 13 11 -10 -11 -12 -13 15 16 -16 -17 -18
leaf_value=0.00039451942521618157 0.00028229155281349387 -0.00067008126647683994 0.00046929202690080277 -0.00033503131415692716 -1.3337021016261795e-05 0.00039167485729544406 -0.00049117836655877562 -0.00032054690883645282 0.0005517143190390374 0.00038339215716405307 -0.0001441000332609595 -0.00029606826550055608 -7.2562632639842791e-06 8.7113934704018088e-05 -0.00048596741492344469 0.00019094791842775294 -0.00023145079225596077
leaf_weight=92 58 52 56 52 55 52 53 60 66 54 66 78 352 62 63 192 53
leaf_count=92 58 52 56 52 55 52 53 60 66 54 66 78 352 62 63 192 53
internal_value=1.46371e-05 -0.000102306 5.59848e-05 3.42318e-05 1.30521e-07 1.38191e-05 -7.31211e-05 3.68576e-05 0.000230783 3.0958e-05 -0.000375888 -1.20504e-05 2.46275e-05 -0.000195823 -0.000265674 6.26982e-05 -5.97029e-05
internal_weight=1516 396 1120 1064 972 278 226 854 172 106 118 682 604 168 118 544 115
internal_count=1516 396 1120 1064 972 278 226 854 172 106 118 682 604 168 118 544 115
is_linear=0
shrinkage=0.05


Tree=155
num_leaves=18
num_cat=0
split_feature=157 6 100 121 7 77 123 120 102 36 9 86 88 182 15 7 161
split_gain=0.00325812 0.0110467 0.00327962 0.00516042 0.00309088 0.00561839 0.00384523 0.0038215 0.0034698 0.00659878 0.00294389 0.00352256 0.00297935 0.00321337 0.00433095 0.00255552 0.00183769
threshold=0.53464397788047802 0.13408239930868152 1.1529299020767214 0.068963397294282927 -0.019030489958822724 0.48951183259487158 -0.017274131998419758 0.23045292496681216 1.0234009623527529 0.48333333432674414 1.0036607980728152 0.42642991244792944 0.71915477514266979 0.030416921712458137 0.76249998807907116 0.00014736221055511084 1.4509826302528384
decision_type=2 2 2 2 2 2 2 2 2 2 2 2 2 2 2 2 2
left_child=1 -1 4 -4 5 7 -7 -2 10 15 12 16 13 14 -6 -10 -12
right_child=2 -3 3 -5 8 6 -8 -9 9 -11 11 -13 -14 -15 -16 -17 -18
leaf_value=0.00081356998397691936 0.00029934130192536086 -0.00013519793954094292 -0.00014698604299602744 0.00046777752354557137 -8.6950419803802763e-05 -0.00060303057642853723 -0.0001299211699115842 -0.00021231838427411277 -0.00021548234195662986 0.00067343698045498556 0.00047601396099707929 -0.0001205396331513637 -0.00037233167309254486 -0.00041820284654763614 0.00032239834911479198 0.00026159272868244446 7.9954810644267127e-05
leaf_weight=51 74 77 59 81 336 89 83 72 64 52 64 90 88 54 80 50 54
leaf_count=51 74 77 59 81 336 89 83 72 64 52 64 90 88 54 80 50 54
internal_value=1.43646e-06 0.000242827 -2.07923e-05 0.000208699 -4.64953e-05 -0.000181097 -0.000374728 4.7016e-05 -5.68925e-07 0.000206672 -4.54801e-05 0.000115067 -0.000105325 -5.53328e-05 -8.2295e-06 -6.23889e-06 0.000294767
internal_weight=1518 128 1390 140 1250 318 172 146 932 166 766 208 558 470 416 114 118
internal_count=1518 128 1390 140 1250 318 172 146 932 166 766 208 558 470 416 114 118
is_linear=0
shrinkage=0.05


Tree=156
num_leaves=24
num_cat=1
split_feature=157 58 37 6 152 121 146 152 130 186 37 160 47 120 3 183 70 27 134 25 121 3 136
split_gain=0.00294045 0.0102889 0.00330647 0.00513497 0.00620195 0.00575682 0.00556237 0.00548039 0.00359816 0.00314647 0.00426786 0.00294235 0.0025203 0.00302217 0.00295457 0.00251684 0.00321031 0.00312871 0.00223836 0.00195244 0.00169463 0.00156181 0.00120921
threshold=0.53464397788047802 0.5912592113018037 0.45833332836627966 0.46176338195800787 0.33579488098621374 0.28790728747844702 0.9322604537010194 0.25542026758193975 1.2783486843109133 0 0.25833334028720861 1.2574111223220827 0.52500000596046459 0.067463397979736342 0.010347894392907621 -0.0037337014218792315 0.50764894485473644 0.45833332836627966 0.96112573146820079 0.47499999403953558 0.27710947394371038 0.0047069899737834939 0.96426185965538036
decision_type=2 2 2 2 2 2 2 2 2 1 2 2 2 2 2 2 2 2 2 2 2 2 2
left_child=1 -1 8 4 6 -6 7 11 9 12 15 -4 13 -2 21 16 20 18 -17 -15 -11 -14 -18
right_child=2 -3 3 -5 5 -7 -8 -9 -10 10 -12 -13 14 19 -16 17 22 -19 -20 -21 -22 -23 -24
leaf_value=0.00079058785305824138 -0.00053794133596381602 -0.00012822636981115628 -0.00025637876334823546 0.00033304017832087282 0.00045423251742312431 -0.00026666082160103682 -0.00074973593497904207 -0.00062894695030990988 0.00041632632978450462 0.00054853103641877305 0.00041982126908473352 0.00020281241381643199 6.2225349569361598e-06 -0.00026390599244975567 -0.00022530766084585325 0.00026739536488541314 -0.00020704422737418844 -0.00038221707307317188 -0.00011765089131420776 0.00011240815814138235 0.00014862099486452753 0.00036025326768078416 0.00013269822848815238
leaf_weight=50 56 78 74 51 58 53 62 55 57 52 82 66 66 81 74 61 55 65 99 60 54 59 50
leaf_count=50 56 78 74 51 58 53 62 55 57 52 82 66 66 81 74 61 55 65 99 60 54 59 50
internal_value=1.36464e-06 0.000230685 -1.97527e-05 -0.000137147 -0.000202309 0.000110022 -0.000337207 -0.000206044 3.09046e-05 6.86848e-06 8.71999e-05 -3.99029e-05 -9.79403e-05 -0.000227191 2.50898e-05 2.66427e-05 0.000150695 -8.96908e-05 2.9148e-05 -0.000103772 0.000344803 0.000173325 -4.52621e-05
internal_weight=1518 128 1390 419 368 111 257 195 971 914 518 140 396 197 199 436 211 225 160 141 106 125 105
internal_count=1518 128 1390 419 368 111 257 195 971 914 518 140 396 197 199 436 211 225 160 141 106 125 105
cat_boundaries=0 1
cat_threshold=707
is_linear=0
shrinkage=0.05


Tree=157
num_leaves=16
num_cat=0
split_feature=173 126 109 116 110 110 142 91 158 61 88 103 11 83 120
split_gain=0.00274736 0.00283319 0.00431443 0.00466941 0.00404144 0.00372439 0.00350721 0.00312733 0.00261754 0.00246649 0.00359727 0.00419458 0.00203561 0.00226473 0.00258808
threshold=1.5301266312599184 0.04308810085058213 0.051132164895534522 0.0040069182869046935 0.061421193182468421 0.051469467580318458 1.0003103613853457 0.19485677778720858 1.0728002786636355 0.45413878560066229 -0.25710134208202357 0.999708652496338 0.99938756227493297 0.77070212364196788 0.087988879531621947
decision_type=2 2 2 2 2 2 2 2 2 2 2 2 2 2 2
left_child=1 2 5 4 -4 9 -6 -7 -3 10 -1 -12 13 14 -11
right_child=-2 8 3 -5 6 7 -8 -9 -10 12 11 -13 -14 -15 -16
leaf_value=-0.00016871065871392995 0.00034184544799740124 -2.9024649299413249e-05 2.7732810464358946e-05 -9.8171809429459256e-05 0.00081760117055427366 1.5604115412349564e-05 0.00026079241365110765 -0.00047325244203563332 -0.00050342262138319382 0.00013547775074403034 7.3059176980137095e-05 0.000662402072467718 -0.00034314656446580419 -0.00029518727853917255 -7.1772103764533427e-05
leaf_weight=56 57 63 68 96 52 54 62 83 54 250 74 51 52 67 379
leaf_count=56 57 63 68 96 52 54 62 83 54 250 74 51 52 67 379
internal_value=1.2964e-06 -1.19899e-05 8.55367e-06 0.000183977 0.000332803 -3.71947e-05 0.000514775 -0.000280564 -0.000247978 -1.30492e-06 0.000164315 0.000313511 -4.13815e-05 -1.88358e-05 1.06007e-05
internal_weight=1518 1461 1344 278 182 1066 114 137 117 929 181 125 748 696 629
internal_count=1518 1461 1344 278 182 1066 114 137 117 929 181 125 748 696 629
is_linear=0
shrinkage=0.05


Tree=158
num_leaves=13
num_cat=0
split_feature=74 8 8 142 91 127 91 4 4 10 120 86
split_gain=0.00269223 0.00213144 0.00342829 0.00285001 0.00474574 0.00416267 0.00287782 0.00259202 0.00252518 0.00651815 0.0023755 0.0014391
threshold=0.3366877436637879 -0.96059963107109059 -0.91366460919380177 1.0158097147941592 0.27551124989986425 1.1105496883392336 0.56994909048080455 0.35388994216918951 0.53871130943298351 1.014771103858948 0.043097009882330901 0.62216502428054821
decision_type=2 2 2 2 2 2 2 2 2 2 2 2
left_child=-1 -2 -3 5 -5 6 8 11 9 -4 -10 -8
right_child=1 2 3 4 -6 -7 7 -9 10 -11 -12 -13
leaf_value=0.00031355260324551532 -0.00024192043175724778 0.00040523003462665513 -3.0824636294486699e-05 8.1739315797873337e-05 -0.00046590053402670653 0.00036748640991740664 -0.00017990710995766931 1.3910984891984475e-05 -0.00043069646951698817 0.00030238434921883852 -2.4726137244990892e-05 -0.00054175522469449792
leaf_weight=66 95 51 472 74 85 78 61 94 50 213 129 50
leaf_count=66 95 51 472 74 85 78 61 94 50 213 129 50
internal_value=1.23159e-06 -1.29648e-05 3.06376e-06 -1.26411e-05 -0.000211024 1.48593e-05 -1.08703e-05 -0.00017929 2.90904e-05 7.27863e-05 -0.000138126 -0.000342902
internal_weight=1518 1452 1357 1306 159 1147 1069 205 864 685 179 111
internal_count=1518 1452 1357 1306 159 1147 1069 205 864 685 179 111
is_linear=0
shrinkage=0.05


Tree=159
num_leaves=25
num_cat=0
split_feature=157 53 119 21 117 118 3 115 121 3 84 118 75 178 89 92 22 136 183 118 96 165 96 147
split_gain=0.00271211 0.00903173 0.00296817 0.00281469 0.00271071 0.00473467 0.00508866 0.00360078 0.00611356 0.00346544 0.0027133 0.00257309 0.00256962 0.0026974 0.00238672 0.00238013 0.00235733 0.0031723 0.00219413 0.00163967 0.00115769 0.00115338 0.00160238 0.00101599
threshold=0.53464397788047802 0.40825530886650091 0.0031457144068554048 0.23134022951126101 0.35425560176372534 0.10016951337456705 0.010435219388455154 -0.00044498514034785325 0.22620213031768802 0.016277615912258628 0.26744413375854498 0.029508789069950584 0.517408847808838 -6.1233863830566397 0.5025925636291505 0.30847875773906713 0.31992113590240484 0.95318451523780834 -0.0097006256692111475 0.083603776991367354 -3.9148082733154292 115.07832336425783 -3.9148082733154292 1.1340624690055849
decision_type=2 2 2 2 2 2 2 2 2 2 2 2 2 2 2 2 2 2 2 2 2 2 2 2
left_child=1 -1 3 -2 5 6 11 8 -7 16 -8 18 13 14 -9 -13 17 -6 -4 20 -18 -21 -23 -19
right_child=2 -3 4 -5 9 7 10 12 -10 -11 -12 15 -14 -15 -16 -17 19 23 -20 21 -22 22 -24 -25
leaf_value=-0.00011486289102508752 -1.248092111954638e-05 0.00074598824398708526 0.00025564985697846789 0.00050813806390215179 0.0004426938367471629 -6.56879832332515e-05 -0.00073847339866915716 0.00014183040218388972 0.00057247452561127966 0.00035674101521877887 -0.00024993460164868914 -4.9177521548699587e-05 0.00014669104652461506 -0.00050499186825549744 -0.00032591122400481255 -0.00053009044083564565 0.00024138304332154805 0.00014800665849179495 -0.00013360889389677424 -0.00036026966081408322 -9.5577214142394961e-05 -0.00026875678689416066 8.5102179132047167e-05 -0.00016079817882232498
leaf_weight=78 54 50 62 50 58 87 60 60 66 77 54 50 72 53 50 53 50 50 87 60 52 65 63 57
leaf_count=78 54 50 62 50 58 87 60 60 66 77 54 50 72 53 50 53 50 50 87 60 52 65 63 57
internal_value=1.17001e-06 0.000221407 -1.91108e-05 0.000237817 -3.98888e-05 -0.000100865 -0.000229869 2.08245e-05 0.000209598 4.65326e-05 -0.00050706 -0.000104474 -0.000102079 -0.000211965 -7.07794e-05 -0.000296638 -5.96421e-06 0.000144916 2.83645e-05 -9.18096e-05 6.95994e-05 -0.000179383 -9.45918e-05 -1.64969e-05
internal_weight=1518 128 1390 104 1286 754 366 388 153 532 114 252 235 163 110 103 455 165 149 290 102 188 128 107
internal_count=1518 128 1390 104 1286 754 366 388 153 532 114 252 235 163 110 103 455 165 149 290 102 188 128 107
is_linear=0
shrinkage=0.05


Tree=160
num_leaves=16
num_cat=0
split_feature=30 168 71 98 133 109 7 105 147 100 91 87 174 54 111
split_gain=0.00303436 0.00516236 0.00470549 0.00342155 0.00399735 0.00260802 0.00705832 0.00396915 0.00580092 0.00331358 0.00370749 0.00332385 0.00615201 0.00406398 0.00243538
threshold=0.12500000372529033 9.7054457664489764 0.5299857258796693 0.97627270221710216 0.9754130244255067 0.066135521978139891 -0.016523532569408413 0.95056927204132091 0.64293998479843151 1.1213347315788271 0.20501384884119037 0.088777683675289168 33.352272033691413 0.59819462895393383 0.068638775497674956
decision_type=2 2 2 2 2 2 2 2 2 2 2 2 2 2 2
left_child=2 5 3 -1 -5 7 -7 -2 -9 11 -11 12 -10 -13 -6
right_child=1 -3 -4 4 14 6 -8 8 9 10 -12 13 -14 -15 -16
leaf_value=0.0003167147668043468 -0.00047568613683688456 -0.00041246640422705857 0.00051300991691523312 -0.00042807533683484066 -0.00012363073034941431 0.00065045403144904418 -0.00017036788022695956 0.00050545404508011425 0.00060149607341341931 -7.6705745829278157e-05 -0.00060490244129771152 -0.00010592915748144081 -8.9371613428508221e-05 0.00028134827092192915 0.00028454189165559536
leaf_weight=78 50 89 63 57 79 50 55 50 59 92 52 515 71 78 68
leaf_count=78 50 89 63 57 79 50 55 50 59 92 52 515 71 78 68
internal_value=-7.86246e-06 -4.65512e-05 0.000122334 3.50549e-05 -7.26386e-05 -1.61721e-05 0.0002205 -4.18707e-05 -1.82166e-05 -4.84168e-05 -0.000267443 -4.79318e-06 0.000224176 -5.49888e-05 6.51838e-05
internal_weight=1506 1161 345 282 204 1072 105 967 917 867 144 723 130 593 147
internal_count=1506 1161 345 282 204 1072 105 967 917 867 144 723 130 593 147
is_linear=0
shrinkage=0.05


Tree=161
num_leaves=23
num_cat=1
split_feature=186 138 113 140 125 173 91 160 56 127 149 150 7 161 87 156 18 177 85 146 100 38
split_gain=0.00256222 0.00667616 0.00487189 0.00448741 0.00504735 0.00433578 0.00459036 0.00476751 0.00342519 0.00356291 0.00322407 0.00340625 0.00297648 0.00296011 0.00445916 0.00290666 0.00289074 0.00285346 0.00283559 0.0021002 0.00202655 0.00167437
threshold=0 1.0007182359695437 0.0078928736038506048 1.0483244061470034 -0.037133660167455666 1.2296524047851565 0.14476430416107181 1.362939774990082 0.47805491089820867 1.106470048427582 0.97909203171730053 1.1170011758804324 -0.02006783057004213 1.4971168637275698 0.27211034297943121 0.65087684988975536 0.14723459631204608 274.87039184570318 0.26025193929672247 0.93850627541542064 1.0806205272674563 0.30000000447034841
decision_type=1 2 2 2 2 2 2 2 2 2 2 2 2 2 2 2 2 2 2 2 2 2
left_child=1 -1 3 4 -2 6 7 -5 9 17 -10 -12 -8 14 -6 -13 -17 21 -19 -15 -14 -3
right_child=2 8 -4 5 13 -7 12 -9 10 -11 11 15 20 19 -16 16 -18 18 -20 -21 -22 -23
leaf_value=0.0005120919240997299 0.00047459142118948852 7.9332459826241027e-05 -0.00051852351118993414 -0.00010283178776489878 -4.8217627163373354e-05 -0.00057992230389826416 -0.00054255158862078737 0.00051214118472339232 -0.00044318566363169037 0.00050269999647378641 0.00030342466786366959 -0.00045040045812163709 3.1020082653789172e-05 -0.00037423929679789584 0.00051535629095848313 0.00026904155889016416 -0.00023023320715083174 2.1823466457461301e-05 0.00051389265029753853 4.9831117126707213e-06 -0.00036593650149691661 -0.00023556730969897309
leaf_weight=74 69 82 56 80 97 52 58 52 60 51 57 53 87 64 55 53 64 67 52 85 51 87
leaf_count=74 69 82 56 80 97 52 58 52 60 51 57 53 87 64 55 53 64 67 52 85 51 87
internal_value=-7.46934e-06 6.20917e-05 -6.78112e-05 -3.50622e-05 8.88826e-05 -0.000155745 -8.84976e-05 0.00013943 9.88868e-06 0.000117502 -0.000117223 -3.10649e-05 -0.000242 4.64238e-07 0.000155707 -0.000143217 -4.06601e-06 4.92899e-05 0.000236845 -0.000157904 -0.000115681 -8.27757e-05
internal_weight=1506 700 806 750 370 380 328 132 626 339 287 227 196 301 152 170 117 288 119 149 138 169
internal_count=1506 700 806 750 370 380 328 132 626 339 287 227 196 301 152 170 117 288 119 149 138 169
cat_boundaries=0 1
cat_threshold=1610
is_linear=0
shrinkage=0.05


Tree=162
num_leaves=20
num_cat=0
split_feature=30 168 71 98 133 172 116 24 143 54 116 88 171 119 182 100 119 118 129
split_gain=0.00268305 0.00457133 0.00417481 0.00309789 0.0035865 0.00261451 0.00545392 0.00477167 0.00456065 0.00414755 0.00343719 0.00334176 0.00330356 0.00312699 0.0024846 0.0023313 0.00227628 0.00216023 0.00194086
threshold=0.12500000372529033 9.7054457664489764 0.5299857258796693 0.97627270221710216 0.9754130244255067 48836458.000000007 0.00089904727065004419 0.75000000000000011 1.0502145290374758 0.62703990936279308 1.651599268370774e-05 0.70681026577949535 28927127.000000004 0.41150481998920446 0.018701210618019107 1.0793120265007021 0.12055142223834993 0.090820722281932845 1.0751612782478335
decision_type=2 2 2 2 2 2 2 2 2 2 2 2 2 2 2 2 2 2 2
left_child=2 5 3 -1 -5 6 7 10 9 11 14 13 17 15 18 -7 -6 -8 -2
right_child=1 -3 -4 4 16 8 12 -9 -10 -11 -12 -13 -14 -15 -16 -17 -18 -19 -20
leaf_value=0.00030112858943399403 8.6843431793453025e-05 -0.0003878083599344147 0.00048331905152678253 -0.00040602730599889668 0.00031566586673513735 5.869551804118181e-05 8.0125348278670575e-05 -0.00037762084090806232 0.00050487317214272204 0.00044171803400625806 0.00049654005386400967 -0.00039551117032569244 -0.00065699852741090586 0.0003232370688752069 0.00033572008582197281 -0.00020933777536024842 -9.0933349075266568e-05 -0.00032818027312991356 -0.00027429413972220994
leaf_weight=78 87 89 63 57 55 208 50 58 52 51 50 56 50 69 51 133 92 92 65
leaf_count=78 87 89 63 57 55 208 50 58 52 51 50 56 50 69 51 133 92 92 65
internal_value=-7.09587e-06 -4.34761e-05 0.000115331 3.31214e-05 -6.9352e-05 -1.48888e-05 -9.79389e-05 3.14244e-05 5.85281e-05 1.36346e-05 0.000125198 -3.32157e-05 -0.00030748 1.62685e-05 3.37339e-05 -4.58453e-05 6.11956e-05 -0.000184411 -6.75904e-05
internal_weight=1506 1161 345 282 204 1072 503 311 569 517 253 466 192 410 203 341 147 142 152
internal_count=1506 1161 345 282 204 1072 503 311 569 517 253 466 192 410 203 341 147 142 152
is_linear=0
shrinkage=0.05


Tree=163
num_leaves=14
num_cat=0
split_feature=30 168 11 118 70 95 158 109 7 92 10 84 108
split_gain=0.00242145 0.00412563 0.00380902 0.00259906 0.00308725 0.00448636 0.00250575 0.0028512 0.00619526 0.00246788 0.00343048 0.00339824 0.00297936
threshold=0.12500000372529033 9.7054457664489764 0.97613048553466808 0.44764289259910589 0.53025791049003612 4.1656303405761728 1.698401212692261 0.066135521978139891 -0.016523532569408413 -0.018182707019150254 1.0427047014236452 -0.42328995466232294 0.015804594382643703
decision_type=2 2 2 2 2 2 2 2 2 2 2 2 2
left_child=2 6 -1 4 5 -4 7 9 -9 -2 11 -11 -13
right_child=1 -3 3 -5 -6 -7 -8 8 -10 10 -12 12 -14
leaf_value=0.00051311075570993126 0.00019318736748715881 -0.00036841793879309053 -0.00018622595071469229 0.00034442921347809923 -0.00036387685131221252 0.0003076760023053252 0.00023990801483920186 0.00061099646310321988 -0.00016488481418972062 -0.00035737012594009605 -0.00048195707857749372 0.00011757661783094434 -0.00010529598596606793
leaf_weight=50 83 89 90 57 54 94 89 50 53 88 53 232 424
leaf_count=50 83 89 90 57 54 94 89 50 53 88 53 232 424
internal_value=-6.74108e-06 -4.13023e-05 0.000109565 4.11672e-05 -3.14628e-05 6.60935e-05 -1.41443e-05 -3.7146e-05 0.000211757 -6.62789e-05 -9.32999e-05 -6.56133e-05 -2.64752e-05
internal_weight=1506 1161 345 295 238 184 1072 983 103 880 797 744 656
internal_count=1506 1161 345 295 238 184 1072 983 103 880 797 744 656
is_linear=0
shrinkage=0.05


Tree=164
num_leaves=13
num_cat=0
split_feature=30 71 168 123 105 89 98 133 136 158 132 9
split_gain=0.00218536 0.00372932 0.00372338 0.00388307 0.00367182 0.00491344 0.00281691 0.00331314 0.00231639 0.00229563 0.00233704 0.00368964
threshold=0.12500000372529033 0.5299857258796693 9.7054457664489764 -0.049780534580349915 0.94923552870750438 0.73082259297370922 0.97627270221710216 0.9754130244255067 0.80430763959884655 0.70652002096176159 0.99852260947227489 1.0016681551933291
decision_type=2 2 2 2 2 2 2 2 2 2 2 2
left_child=1 6 3 -2 -5 9 -1 -8 -9 -6 11 -11
right_child=2 -3 -4 4 5 -7 7 8 -10 10 -12 -13
leaf_value=0.00028195077616729601 0.00039189684256208627 0.00045188669515367126 -0.00034999704533557438 -0.00040863543840861255 -0.00030658156034618308 0.00036351236250538934 -0.0003949200559362541 0.00031847265818214511 -9.489108488970545e-05 -0.00010743222276831052 -0.00034814943841161486 0.00011500065571178058
leaf_weight=78 56 63 89 62 77 80 57 53 94 380 51 366
leaf_count=78 56 63 89 62 77 80 57 53 94 380 51 366
internal_value=-6.40402e-06 0.000104087 -3.92371e-05 -1.34371e-05 -3.57784e-05 -1.15466e-05 2.63865e-05 -7.13292e-05 5.41448e-05 -4.58769e-05 -2.06896e-05 1.69704e-06
internal_weight=1506 345 1161 1072 1016 954 282 204 147 874 797 746
internal_count=1506 345 1161 1072 1016 954 282 204 147 874 797 746
is_linear=0
shrinkage=0.05


Tree=165
num_leaves=22
num_cat=0
split_feature=121 110 136 108 170 175 118 5 37 57 173 181 10 110 3 36 115 3 101 96 182
split_gain=0.00248727 0.00430461 0.0043943 0.00416242 0.00337469 0.00630532 0.010466 0.00319085 0.00271657 0.00408666 0.0020687 0.00342726 0.00272603 0.00234254 0.00297681 0.00200451 0.00289997 0.00188604 0.00166259 0.00145401 0.0011981
threshold=0.036158755421638496 0.049523809924721725 0.82055443525314342 0.015242744237184526 2803934464.0000005 15.872635364532472 0.10616324096918107 0.0019028945825994017 0.50833332538604747 0.47743852436542517 0.99413079023361217 0.030602144077420238 1.0235112905502322 0.042127415537834174 0.0067827978637069472 0.45000000298023229 -0.00084694250836037089 0.0089624091051518934 0.93866181373596203 -1.6160537004470823 0.022825124673545364
decision_type=2 2 2 2 2 2 2 2 2 2 2 2 2 2 2 2 2 2 2 2 2
left_child=1 3 -3 -1 7 -6 -7 8 9 -2 11 12 13 14 -9 16 19 -5 -11 -12 -15
right_child=4 2 -4 17 5 6 -8 10 -10 18 15 -13 -14 20 -16 -17 -18 -19 -20 -21 -22
leaf_value=-0.00025528468979837824 0.00033564638761163224 -0.0007090731432002101 -7.3465375237247567e-05 3.1731834102314539e-05 -0.00015991669420535411 5.6476385843661891e-05 0.00096942906038405144 -2.4067395911840453e-05 0.00045317452348736601 4.074728729451196e-05 6.2138457240830058e-05 0.00036345656441089005 -0.00031681934381428529 -0.00033277939681901673 0.00037053803035786434 4.4783807423244206e-05 -0.00043487870261930029 0.0004401947720980388 -0.00034676948656851896 -0.00026592181551431002 8.4236513357609512e-06
leaf_weight=83 80 52 57 65 70 77 53 126 58 62 79 62 71 53 77 97 97 50 50 59 50
leaf_count=83 80 52 57 65 70 77 53 126 58 62 79 62 71 53 77 97 97 50 50 59 50
internal_value=2.87015e-06 -0.000124351 -0.000376691 1.4564e-05 3.48577e-05 0.000222671 0.00042868 -1.93244e-06 0.000153295 6.27061e-05 -5.22655e-05 1.89589e-05 -3.76959e-05 2.7068e-05 0.000125611 -0.000146445 -0.000225377 0.000209324 -0.000132251 -7.81192e-05 -0.000167147
internal_weight=1528 307 109 198 1221 200 130 1021 250 192 771 439 377 306 203 332 235 115 112 138 103
internal_count=1528 307 109 198 1221 200 130 1021 250 192 771 439 377 306 203 332 235 115 112 138 103
is_linear=0
shrinkage=0.05


Tree=166
num_leaves=16
num_cat=0
split_feature=109 70 170 161 88 2 72 147 2 85 31 3 113 118 88
split_gain=0.00226693 0.0027249 0.0022554 0.00532793 0.00232631 0.00243352 0.00294741 0.00278518 0.00274679 0.00310911 0.00308686 0.00307771 0.00230792 0.00229331 0.00206739
threshold=0.094186242669820799 0.58965444564819347 3042917120.0000005 1.3687693476676943 0.87821125984191906 -0.62401831150054921 0.50160759687423717 1.0469634532928469 -0.05825791880488395 0.59659463167190563 0.58333334326744091 0.010532858781516554 -0.0036708060652017589 0.1991216987371445 0.047963572666049011
decision_type=2 2 2 2 2 2 2 2 2 2 2 2 2 2 2
left_child=1 2 4 -4 5 6 -1 -8 9 14 13 -12 -5 -10 -7
right_child=-2 -3 3 12 -6 8 7 -9 10 -11 11 -13 -14 -15 -16
leaf_value=-0.00037427364285410664 -0.00028855150835624957 -0.0002960236085215653 0.0004615486334783937 -0.00022951206080598651 0.00032721113107158397 0.00015264854192313369 0.00021037640124892018 -0.00024414874194217889 0.00018819938847645853 0.00039379608153620825 -8.2036464816222335e-05 -0.00050580083029515288 0.00021660072838130875 -0.0001060039945730103 -0.00010372968527707809
leaf_weight=93 64 67 94 69 53 199 70 65 151 83 164 58 50 118 130
leaf_count=93 64 67 94 69 53 199 70 65 151 83 164 58 50 118 130
internal_value=2.72664e-06 1.54601e-05 3.03988e-05 0.000180184 3.45262e-06 -1.17191e-05 -0.000157679 -8.46904e-06 2.51345e-05 0.000120333 -5.4747e-05 -0.00019275 -4.20697e-05 5.91436e-05 5.13441e-05
internal_weight=1528 1464 1397 213 1184 1131 228 135 903 412 491 222 119 269 329
internal_count=1528 1464 1397 213 1184 1131 228 135 903 412 491 222 119 269 329
is_linear=0
shrinkage=0.05


Tree=167
num_leaves=24
num_cat=1
split_feature=86 68 75 170 25 36 76 86 31 136 85 153 186 98 6 159 117 56 119 80 159 162 81
split_gain=0.00211484 0.00631928 0.00485342 0.00632183 0.0051402 0.00328473 0.00318868 0.00310763 0.00294089 0.00247472 0.00480123 0.00294225 0.00372758 0.00252592 0.00355109 0.00291972 0.00330569 0.00194098 0.00189567 0.00283937 0.00249557 0.00183832 0.00118437
threshold=0.44653467833995825 0.68819433450698864 0.47217172384262091 1695493440.0000002 0.72499999403953563 0.48333333432674414 0.45707917213439947 0.63537245988845836 0.28333334624767309 0.82338237762451183 0.39949567615985876 0.60045534372329723 0 1.0280194878578188 0.19264507293701175 1.4259374737739565 0.27861517667770391 0.45719586312770849 0.27270841598510748 -0.056451696902513497 1.1644586920738222 154.82798004150393 -0.0016336996341124175
decision_type=2 2 2 2 2 2 2 2 2 2 2 2 1 2 2 2 2 2 2 2 2 2 2
left_child=6 2 3 -2 5 8 -1 -7 -4 10 -8 12 17 15 21 16 -14 -11 20 -20 -10 -15 -16
right_child=1 -3 4 -5 -6 7 9 -9 18 11 -12 -13 13 14 22 -17 -18 -19 19 -21 -22 -23 -24
leaf_value=-0.00042822572817522949 2.2858360285046009e-05 0.00059002338533008583 -0.00037959961543827759 -0.00068446777272494698 0.00043945006063950132 -4.5365522679525848e-06 -0.00046929826551795375 0.00054743238104171775 -0.00026450444816447926 -0.00040801728613648988 0.00010052798467821797 -0.00033358033647177599 -0.00013223450207927576 0.00024115514853631384 0.00018852157241781243 -0.00032365707541790676 0.00032981787265271126 6.8382580475709233e-06 0.00044555972747800231 -7.2089352357175413e-05 0.0001008127270852715 0.00066364161917030853 -0.00012826849313069927
leaf_weight=53 83 53 57 51 88 51 81 51 94 59 68 54 75 51 70 53 80 54 52 54 93 52 51
leaf_count=53 83 53 57 51 88 51 81 51 94 59 68 54 75 51 70 53 80 54 52 54 93 52 51
internal_value=2.59031e-06 6.43345e-05 2.2997e-05 -0.000246348 8.98344e-05 2.17676e-05 -5.34497e-05 0.000271448 -5.09964e-05 -2.68947e-05 -0.000209243 1.84641e-05 5.33456e-05 0.000119405 0.000238675 -3.29799e-06 0.000106244 -0.000192713 1.29299e-05 0.000181852 -8.28226e-05 0.000454449 5.49985e-05
internal_weight=1528 727 674 134 540 452 801 102 350 748 149 599 545 432 224 208 155 113 293 106 187 103 121
internal_count=1528 727 674 134 540 452 801 102 350 748 149 599 545 432 224 208 155 113 293 106 187 103 121
cat_boundaries=0 1
cat_threshold=641
is_linear=0
shrinkage=0.05


Tree=168
num_leaves=12
num_cat=0
split_feature=109 70 115 91 183 120 123 158 112 44 137
split_gain=0.00200093 0.00234036 0.00241831 0.0042832 0.00240185 0.00332285 0.00291954 0.00307201 0.00247893 0.00308061 0.00249125
threshold=0.094186242669820799 0.58965444564819347 0.005018210271373392 0.52155098319053661 0.019594901241362098 0.11825143545866014 0.02029706817120314 0.63498494029045116 -0.013757459819316862 0.55000001192092907 1.0427358746528628
decision_type=2 2 2 2 2 2 2 2 2 2 2
left_child=1 2 4 -4 6 -6 7 -1 9 -9 -10
right_child=-2 -3 3 -5 5 -7 -8 8 10 -11 -12
leaf_value=-0.000355763515108265 -0.00027119487722302441 -0.00027424615912952587 0.00052733121247867877 -6.8142595547873629e-05 0.00053163288455107256 -4.1975833828830368e-05 -0.00037120090370687346 -0.00040404662692761868 3.88801909886274e-05 -1.9335741902486116e-06 0.00036117550050571135
leaf_weight=56 64 67 63 58 50 51 54 68 773 159 65
leaf_count=56 64 67 63 58 50 51 54 68 773 159 65
internal_value=2.46079e-06 1.44239e-05 2.82685e-05 0.000241897 8.01055e-06 0.000241989 -1.21016e-05 5.19664e-06 2.41767e-05 -0.00012239 6.38792e-05
internal_weight=1528 1464 1397 121 1276 101 1175 1121 1065 227 838
internal_count=1528 1464 1397 121 1276 101 1175 1121 1065 227 838
is_linear=0
shrinkage=0.05


Tree=169
num_leaves=13
num_cat=0
split_feature=121 52 72 182 108 19 138 7 82 183 4 10
split_gain=0.002198 0.00395171 0.00388383 0.00389849 0.00303401 0.00239192 0.00565297 0.00234522 0.00247357 0.00251246 0.00426184 0.00256935
threshold=0.036158755421638496 0.14166667312383655 0.51640290021896373 0.023410368710756305 0.015242744237184526 0.79682847857475292 0.99856954813003551 -0.042145868763327592 0.039413221180439002 0.008094400633126499 0.35388994216918951 1.0358701348304751
decision_type=2 2 2 2 2 2 2 2 2 2 2 2
left_child=2 5 3 4 -1 6 -2 -8 9 11 -11 -9
right_child=1 -3 -4 -5 -6 -7 7 8 -10 10 -12 -13
leaf_value=-0.00025488785520446115 0.00054534233415467375 0.00046324443329449785 0.00026768443594509911 -0.00045468384766749332 0.00018264117394573988 -0.0002764406415491379 -0.00030558440612686241 -2.0367374253474257e-05 -0.0002442517121104359 4.7680051084962152e-05 0.00058281406950713569 0.00031334334993199077
leaf_weight=84 51 51 54 94 75 67 57 683 79 115 55 63
leaf_count=84 51 51 54 94 75 67 57 683 79 115 55 63
internal_value=2.33775e-06 3.24078e-05 -0.000117257 -0.000199418 -4.85062e-05 1.36277e-05 3.12475e-05 6.32462e-06 2.41928e-05 4.73446e-05 0.000220812 7.81463e-06
internal_weight=1528 1221 307 253 159 1170 1103 1052 995 916 170 746
internal_count=1528 1221 307 253 159 1170 1103 1052 995 916 170 746
is_linear=0
shrinkage=0.05


Tree=170
num_leaves=19
num_cat=0
split_feature=3 96 85 92 70 92 87 52 6 2 159 133 109 137 92 74 1 167
split_gain=0.00372469 0.00489856 0.00402045 0.00216727 0.00393165 0.0031121 0.00291351 0.00310648 0.00277295 0.00272888 0.00252742 0.00355003 0.00548882 0.0041288 0.00258937 0.00183732 0.00137168 0.00107756
threshold=0.019441240467131141 -4.0229156017303458 0.45828334987163549 0.40206454694271093 0.52784833312034618 0.36854742467403417 0.6196744740009309 -0.075000002980232225 0.13057687133550647 -0.054550571367144578 0.91034412384033214 0.9499175250530244 0.051132164895534522 1.0524577498435976 0.18747661262750628 0.45555977523326879 0.02561039570719004 -0.059844708070158951
decision_type=2 2 2 2 2 2 2 2 2 2 2 2 2 2 2 2 2 2
left_child=3 -2 -3 5 6 10 7 -5 -8 -9 -1 15 13 14 -13 -12 -17 -10
right_child=1 2 -4 4 -6 -7 8 9 17 -11 11 12 -14 -15 -16 16 -18 -19
leaf_value=-0.00024839213547238613 -0.00015356197933821629 0.00075600477195985152 0.00013097166061787954 4.3985345694506705e-05 -0.00042527785897219453 0.00031933367748933963 0.00033859858254751041 -0.00013807140562261265 9.066245333917579e-05 -0.00061342401804365945 5.0002570660261992e-05 0.00021843792077717012 0.00047237219526472982 -0.0003323638909919932 -4.1326184526291501e-05 -0.00012881646874699401 -0.00048880064951292441 -0.00022569702451423216
leaf_weight=96 54 50 53 98 82 80 74 74 57 51 57 187 79 70 197 55 51 51
leaf_count=96 54 50 53 98 82 80 74 74 57 51 57 187 79 70 197 55 51 51
internal_value=1.57968e-06 0.000232162 0.000434386 -2.50586e-05 -0.00010955 2.21285e-05 -4.56243e-05 -0.000166777 0.000102821 -0.000332015 -7.89226e-06 2.52801e-05 8.77271e-05 2.07955e-05 8.51735e-05 -0.000178918 -0.000302016 -5.87295e-05
internal_weight=1516 157 103 1359 487 872 405 223 182 125 792 696 533 454 384 163 106 108
internal_count=1516 157 103 1359 487 872 405 223 182 125 792 696 533 454 384 163 106 108
is_linear=0
shrinkage=0.05


Tree=171
num_leaves=15
num_cat=0
split_feature=3 70 3 132 83 100 104 139 135 162 30 159 22 114
split_gain=0.00345166 0.00281672 0.0021796 0.00436903 0.00187638 0.00350755 0.00286828 0.00383732 0.0028517 0.00269691 0.002316 0.00222546 0.00199696 0.000796006
threshold=0.029555217362940315 0.58965444564819347 0.017070362344384197 0.98444753885269176 -0.43298274278640742 1.1628085374832156 1.0822846293449404 1.081683933734894 0.9270915985107423 130.24340820312503 0.72499999403953563 1.4296779036521914 0.28584940731525427 -0.0034088297979906197
decision_type=2 2 2 2 2 2 2 2 2 2 2 2 2 2
left_child=1 2 4 -4 8 6 7 10 -1 -9 -6 12 13 -10
right_child=-2 -3 3 -5 5 -7 -8 9 11 -11 -12 -13 -14 -15
leaf_value=-0.00046594242739956827 0.00040586037406076985 -0.00036033964839897898 0.00041315618833965244 -0.0001587645696153314 -8.0371282114597044e-05 0.00039821714058884284 -0.00035288207653042935 5.1203558116026652e-05 -0.00016763881762017264 0.00056311965471832085 0.00011379236982584273 0.0001580137090968492 -0.00041967192233781912 0.00010103729387172317
leaf_weight=52 51 56 85 55 544 56 57 53 60 50 214 80 52 51
leaf_count=52 51 56 85 55 544 56 57 53 60 50 214 80 52 51
internal_value=1.50069e-06 -1.2576e-05 1.2457e-06 0.000188473 -1.94098e-05 1.40506e-05 -9.38444e-06 1.33558e-05 -0.000129886 0.000299707 -2.55546e-05 -5.79723e-05 -0.000163978 -4.4193e-05
internal_weight=1516 1465 1409 140 1269 974 918 861 295 103 758 243 163 111
internal_count=1516 1465 1409 140 1269 974 918 861 295 103 758 243 163 111
is_linear=0
shrinkage=0.05


Tree=172
num_leaves=14
num_cat=0
split_feature=3 80 170 110 161 91 110 140 37 75 4 171 4
split_gain=0.00311512 0.00322321 0.00214907 0.00309736 0.00631213 0.00454801 0.00263209 0.00444869 0.00243209 0.00209943 0.00239489 0.00194801 0.0019327
threshold=0.029555217362940315 0.1785666570067406 5805742336.000001 0.062131749466061599 1.2740082740783694 0.35430540144443518 0.051260685548186309 1.1294134855270388 0.72499999403953563 0.48488822579383856 0.4786513894796372 80499168.000000015 0.31357917189598089
decision_type=2 2 2 2 2 2 2 2 2 2 2 2 2
left_child=1 2 3 6 -5 -6 8 12 9 11 -11 -1 -8
right_child=-2 -3 -4 4 5 -7 7 -9 -10 10 -12 -13 -14
leaf_value=-0.00024436170530499389 0.00038556735460445579 -0.00038055062871998212 -0.00028010117570147485 0.00062005488935774043 -0.00026227447691295921 0.00026763593024373801 -0.00059453180767182604 0.0001615729694392278 0.00026770909289764458 -1.9546595465807673e-05 0.00020488006814746128 4.9831395726153904e-05 -0.00016906573334434893
leaf_weight=153 51 57 64 61 75 88 56 55 86 471 159 89 51
leaf_count=153 51 57 64 61 75 88 56 55 86 471 159 89 51
internal_value=1.42566e-06 -1.19472e-05 2.97496e-06 1.64548e-05 0.000186182 2.38121e-05 -1.74906e-05 -0.000203887 1.40294e-05 -1.09895e-05 3.70944e-05 -0.000136167 -0.00039174
internal_weight=1516 1465 1408 1344 224 163 1120 162 958 872 630 242 107
internal_count=1516 1465 1408 1344 224 163 1120 162 958 872 630 242 107
is_linear=0
shrinkage=0.05


Tree=173
num_leaves=15
num_cat=0
split_feature=3 75 3 170 100 52 69 100 104 88 52 126 159 70
split_gain=0.0028114 0.00227396 0.00413839 0.00366762 0.00347097 0.00346567 0.00253099 0.00268846 0.00361323 0.00260596 0.00459436 0.00246437 0.00206094 0.00128569
threshold=0.029555217362940315 0.47263884544372564 0.017070362344384197 1766481856.0000002 0.91330444812774669 -0.025000001303851601 0.57034027576446544 1.1628085374832156 1.0921476483345034 0.50757709145545971 0.025000001303851608 0.011832808144390585 0.90786391496658336 0.55182388424873363
decision_type=2 2 2 2 2 2 2 2 2 2 2 2 2 2
left_child=1 3 6 4 -1 -5 7 8 9 12 -11 13 -3 -6
right_child=-2 2 -4 5 11 -7 -8 -9 -10 10 -12 -13 -14 -15
leaf_value=0.00034535179864554687 0.00036628899637007102 -0.00027733129949123587 0.00033477102661356523 -9.6780220589029009e-05 -0.00014825213858619631 -0.00067194469040259724 -0.00032197171335913787 0.0002961498033262426 -0.0004121707255110795 -5.4548309545397981e-06 0.00052226084749236186 -0.0004046681898542821 -6.4244006637568574e-07 0.000174421173317663
leaf_weight=52 51 76 97 55 66 50 60 77 53 116 64 53 588 58
leaf_count=52 51 76 97 55 66 50 60 77 53 116 64 53 588 58
internal_value=1.35437e-06 -1.13498e-05 2.25022e-05 -0.00012598 -1.37875e-05 -0.000370668 -6.79189e-06 1.26237e-05 -1.17147e-05 1.34325e-05 0.000182177 -0.000119297 -3.23116e-05 2.6757e-06
internal_weight=1516 1465 1131 334 229 105 1034 974 897 844 180 177 664 124
internal_count=1516 1465 1131 334 229 105 1034 974 897 844 180 177 664 124
is_linear=0
shrinkage=0.05


Tree=174
num_leaves=14
num_cat=0
split_feature=117 117 56 2 122 1 42 97 5 160 182 32 25
split_gain=0.00221933 0.00293552 0.00286327 0.00274693 0.00323689 0.00295085 0.00695188 0.0030076 0.00299537 0.00270051 0.00409386 0.00255376 0.00184433
threshold=0.0044782715849578389 0.018367891199886802 0.65060797333717357 0.37431319057941442 -0.023333028890192505 0.044050589203834541 0.4916666597127915 1.0934703350067141 0.0015904635656625035 1.3296114206314089 0.015245032031089069 0.32500000298023229 0.32500000298023229
decision_type=2 2 2 2 2 2 2 2 2 2 2 2 2
left_child=-1 11 3 4 -3 7 -7 8 -6 10 -5 -2 -11
right_child=1 2 -4 9 5 6 -8 -9 -10 12 -12 -13 -14
leaf_value=0.0002479757438946805 -0.00051239580056714645 -0.00030679756516170231 0.0003531888771695984 5.6276005798955108e-05 0.00026835829335951957 -0.00011296139978957451 0.00068595693251479264 -0.00030305635953096284 3.9394567957435401e-06 0.00025431283580723638 -0.00048791262227799352 -1.6770144643755083e-05 -0.00014602419603651276
leaf_weight=86 53 67 57 54 129 53 56 66 631 51 96 51 66
leaf_count=86 53 67 57 54 129 53 56 66 631 51 96 51 66
internal_value=1.28666e-06 -1.35492e-05 6.51351e-06 -9.0582e-06 2.89157e-05 5.29721e-05 0.000297492 2.0705e-05 4.88211e-05 -0.000151567 -0.000292005 -0.000269349 2.84817e-05
internal_weight=1516 1430 1326 1269 1002 935 109 826 760 267 150 104 117
internal_count=1516 1430 1326 1269 1002 935 109 826 760 267 150 104 117
is_linear=0
shrinkage=0.05


Tree=175
num_leaves=12
num_cat=0
split_feature=182 37 158 182 68 85 119 1 167 181 115
split_gain=0.00228021 0.00313451 0.00212451 0.00358687 0.00287196 0.00210432 0.00243032 0.0034549 0.00302878 0.00385111 0.00282331
threshold=0.04415231570601464 0.84166666865348827 1.717060446739197 0.020542735233902935 0.77701675891876232 -0.36782139539718622 0.51230216026306163 0.026156145147979263 -0.015748465899378058 0.030602144077420238 0.0012708502472378316
decision_type=2 2 2 2 2 2 2 2 2 2 2
left_child=1 2 4 -4 5 -1 8 -8 9 -7 -10
right_child=-2 -3 3 -5 -6 6 7 -9 10 -11 -12
leaf_value=-0.00031192966488043908 -0.00031641168698472172 0.00032600623570954075 -6.5420632651488808e-05 0.00047241161638897122 -0.00037364530267813335 2.7861144993747287e-05 -2.7834368245914283e-05 0.00054643527371808895 -0.00026391391510109511 0.00044928943645543051 -1.2238169805222992e-05
leaf_weight=51 51 81 62 62 53 487 55 50 166 61 339
leaf_count=51 51 81 62 62 53 487 55 50 166 61 339
internal_value=1.22522e-05 2.36781e-05 6.00958e-06 0.000203495 -1.33947e-05 2.39789e-06 1.62413e-05 0.000245627 -6.63192e-06 7.4772e-05 -9.49672e-05
internal_weight=1518 1467 1386 124 1262 1209 1158 105 1053 548 505
internal_count=1518 1467 1386 124 1262 1209 1158 105 1053 548 505
is_linear=0
shrinkage=0.05


Tree=176
num_leaves=18
num_cat=0
split_feature=51 3 115 29 156 70 58 98 87 32 32 104 105 172 110 130 74
split_gain=0.00292152 0.0040719 0.0022781 0.00257925 0.00586459 0.00276512 0.00288496 0.00552757 0.00211932 0.00400954 0.00225195 0.00211519 0.00316294 0.0026847 0.00124903 0.00122283 0.00104738
threshold=0.18333333730697635 0.0069033596664667138 0.0062171735335141429 0.35000000894069677 0.22206468880176547 0.54573002457618724 0.60045874118804943 1.0192868113517763 0.19950545579195025 0.4083333313465119 0.041666667908430106 1.0141932368278506 0.95830476284027111 44713614.000000007 0.034599034115672118 1.053234934806824 0.49591800570487982
decision_type=2 2 2 2 2 2 2 2 2 2 2 2 2 2 2 2 2
left_child=2 -2 3 11 -5 6 7 -6 9 -8 -10 12 13 -1 15 16 -14
right_child=1 -3 -4 4 5 -7 8 -9 10 -11 -12 -13 14 -15 -16 -17 -18
leaf_value=-0.00053849065449321643 0.0001215846655977657 -0.0004674582689685721 0.0002711405461717908 0.00058722154202405365 -3.2806144212018911e-05 -0.00025569381807570183 0.00052471870262201675 0.00060582530804822456 -0.00025317948328779251 -4.032856319099665e-05 1.8055614102428942e-05 -0.00037450318103717444 0.00025606539964820855 -2.0349813694338082e-05 0.0002513499858697496 -0.00018061269743294831 -6.2834338817852913e-05
leaf_weight=50 50 71 93 50 72 77 54 64 93 75 432 57 51 50 61 66 52
leaf_count=50 50 71 93 50 72 77 54 64 93 75 432 57 51 50 61 66 52
internal_value=1.16396e-05 -0.000224052 3.20538e-05 1.50024e-05 6.06848e-05 3.03193e-05 5.81966e-05 0.000267726 1.46246e-05 0.000196203 -2.99917e-05 -9.32425e-05 -4.46611e-05 -0.00027942 5.74081e-05 -1.25946e-05 9.50675e-05
internal_weight=1518 121 1397 1304 917 867 790 136 654 129 525 387 330 100 230 169 103
internal_count=1518 121 1397 1304 917 867 790 136 654 129 525 387 330 100 230 169 103
is_linear=0
shrinkage=0.05


Tree=177
num_leaves=9
num_cat=0
split_feature=182 37 123 10 60 100 105 97
split_gain=0.00205158 0.00282505 0.00186364 0.00214637 0.00207871 0.00221463 0.00237781 0.00262214
threshold=0.04415231570601464 0.84166666865348827 -0.051441650837659829 1.0427047014236452 0.76880165934562694 1.1658752560615542 1.0975376367568972 1.0793348550796511
decision_type=2 2 2 2 2 2 2 2
left_child=1 2 -1 4 5 6 7 -4
right_child=-2 -3 3 -5 -6 -7 -8 -9
leaf_value=0.00028255243916238873 -0.000300693640932806 0.00030891199694676216 4.1378494329209635e-05 -0.00029183320502130616 -0.00028519836461531793 0.00031479904871838565 -0.00032810917678836957 -0.00027491801699008124
leaf_weight=58 51 81 1025 63 58 61 51 70
leaf_count=58 51 81 1025 63 58 61 51 70
internal_value=1.10576e-05 2.18956e-05 5.12187e-06 -6.99483e-06 7.1908e-06 2.1241e-05 5.61529e-06 2.11586e-05
internal_weight=1518 1467 1386 1328 1265 1207 1146 1095
internal_count=1518 1467 1386 1328 1265 1207 1146 1095
is_linear=0
shrinkage=0.05


Tree=178
num_leaves=14
num_cat=0
split_feature=51 3 181 123 181 37 1 42 182 181 120 151 168
split_gain=0.00262628 0.00365174 0.00343771 0.00666302 0.00530764 0.00275919 0.00479172 0.00261397 0.00422767 0.0039812 0.00686873 0.00303347 0.00271953
threshold=0.18333333730697635 0.0069033596664667138 0.041128346696496017 -0.027009505778551098 0.037183897569775588 0.72499999403953563 0.031806772574782378 0.52500000596046459 0.020615936256945137 0.026587108150124553 0.10184317454695703 0.72091567516326915 -0.52090248465538014
decision_type=2 2 2 2 2 2 2 2 2 2 2 2 2
left_child=2 -2 4 -4 5 7 -7 9 -9 11 -11 -1 -13
right_child=1 -3 3 -5 -6 6 -8 8 -10 10 -12 12 -14
leaf_value=-0.00036704467066946177 0.0001143583357334137 -0.00044346692078069686 -8.8438730909760568e-05 0.00066945167987357535 -0.000478887620502738 -9.6862234484153593e-05 0.00054931690210651145 7.1817967401417159e-05 -0.00047007193187338588 0.00063700324624179575 -2.606918061549853e-05 -9.5768256897965935e-05 9.6467794832080398e-05
leaf_weight=56 50 71 58 58 54 52 64 73 71 69 90 321 431
leaf_count=56 50 71 58 58 54 52 64 73 71 69 90 321 431
internal_value=1.05047e-05 -0.000212961 2.986e-05 0.000290506 6.25732e-06 2.76084e-05 0.00025965 3.38084e-06 -0.000195364 3.29767e-05 0.000261679 -1.20278e-05 1.44096e-05
internal_weight=1518 121 1397 116 1281 1227 116 1111 144 967 159 808 752
internal_count=1518 121 1397 116 1281 1227 116 1111 144 967 159 808 752
is_linear=0
shrinkage=0.05


Tree=179
num_leaves=15
num_cat=1
split_feature=51 181 123 181 9 129 37 177 37 141 186 101 4 25
split_gain=0.00237022 0.00310253 0.00601337 0.00479014 0.00259327 0.00254234 0.0025298 0.00400787 0.00230023 0.00239716 0.00230514 0.00253466 0.00246485 0.00164107
threshold=0.18333333730697635 0.041128346696496017 -0.027009505778551098 0.037183897569775588 1.0359501242637636 1.0687780380249026 0.72499999403953563 207.19673919677737 0.45833332836627966 1.035175681114197 0 1.0528662204742434 0.33193278312683111 0.17500000447034839
decision_type=2 2 2 2 2 2 2 2 2 2 1 2 2 2
left_child=1 3 -3 4 6 -2 8 -8 10 -10 11 -1 -12 -11
right_child=5 2 -4 -5 -6 -7 7 -9 9 13 12 -13 -14 -15
leaf_value=3.2467778287471633e-05 4.8751710366394202e-05 -8.4016792318615099e-05 0.0006359791012073402 -0.00045494324806862063 0.00035862431814166485 -0.00041153282892826776 -6.4170510861759054e-05 0.00055072832136537951 3.6906241231398398e-05 -0.00012721356515298953 -1.5052611901387677e-05 -0.00027539399440069961 0.00018958227729582277 -0.00050498627454528518
leaf_weight=156 55 58 58 54 56 66 53 53 84 58 322 117 271 57
leaf_count=156 55 58 58 54 56 66 53 53 84 58 322 117 271 57
internal_value=9.97947e-06 2.8367e-05 0.000275981 5.94445e-06 2.6228e-05 -0.000202313 1.0332e-05 0.000243279 -1.28533e-05 -0.000166143 2.23715e-05 -9.5958e-05 7.71639e-05 -0.000314457
internal_weight=1518 1397 116 1281 1227 121 1171 106 1065 199 866 273 593 115
internal_count=1518 1397 116 1281 1227 121 1171 106 1065 199 866 273 593 115
cat_boundaries=0 1
cat_threshold=193
is_linear=0
shrinkage=0.05


Tree=180
num_leaves=23
num_cat=0
split_feature=117 107 132 132 118 93 109 136 150 153 25 109 120 169 159 174 72 166 178 4 138 94
split_gain=0.00248477 0.00520376 0.00281283 0.00341687 0.00317144 0.00298308 0.00293336 0.00305157 0.00247048 0.00231936 0.0037802 0.00314672 0.00217988 0.00204363 0.00193756 0.00184964 0.00167475 0.00164006 0.0013703 0.00130293 0.00250503 0.00136619
threshold=0.41448727250099188 0.034943381324410445 0.99779963493347179 0.99905523657798778 0.3767582923173905 10.486869335174562 0.020320957526564602 0.93132641911506664 0.7587898075580598 0.24439423531293872 0.77500000596046459 0.032855834811925895 0.15788079053163531 -0.22271113097667691 1.0871886014938357 26.756374359130863 0.50612774491310131 41.385532379150398 -39.713045120239251 0.28959664702415472 1.0376278758049013 0.19868248701095584
decision_type=2 2 2 2 2 2 2 2 2 2 2 2 2 2 2 2 2 2 2 2 2 2
left_child=2 8 4 -4 6 12 7 -1 -2 11 13 -8 -6 15 -13 -11 -15 -9 -10 20 -20 -21
right_child=1 -3 3 -5 5 -7 9 17 18 10 -12 14 -14 16 -16 -17 -18 -19 19 21 -22 -23
leaf_value=0.00037742077489098189 0.00035915356862824412 0.00050287323937702627 0.00049726419191574683 -7.3836108786053966e-05 0.00048084992035371012 -0.00015977737007966835 -0.00029312822152860463 0.00015701618132879958 0.00022345881632233769 -0.00054949582953961029 -0.00064369413583267063 -7.6258625020273033e-05 3.4503702772781252e-05 -0.00020300481194338276 0.00035966526702395645 -0.00014252900115745845 9.8488091611511057e-05 -0.00019874993979259595 5.3059955586350583e-05 -7.8559466671438409e-05 -0.00032150723731552098 0.00020550373283421996
leaf_weight=51 50 66 50 55 59 62 68 50 53 59 53 50 51 122 52 53 74 92 85 94 94 77
leaf_count=51 50 66 50 55 59 62 68 50 53 59 53 50 51 122 52 53 74 92 85 94 94 77
internal_value=-6.92913e-07 8.80891e-05 -4.67247e-05 0.000198116 -7.54171e-05 0.000117579 -0.000121267 4.56698e-05 2.7657e-05 -0.000181943 -0.000253652 -2.9665e-05 0.000273908 -0.000186535 0.000145977 -0.000356913 -8.91759e-05 -7.34802e-05 -1.34716e-05 -4.93497e-05 -0.00014364 4.9352e-05
internal_weight=1520 519 1001 105 896 172 724 193 453 531 361 170 110 308 102 112 196 142 403 350 179 171
internal_count=1520 519 1001 105 896 172 724 193 453 531 361 170 110 308 102 112 196 142 403 350 179 171
is_linear=0
shrinkage=0.05


Tree=181
num_leaves=17
num_cat=0
split_feature=117 132 132 132 8 154 151 104 141 27 137 116 37 170 167 136
split_gain=0.00224251 0.00306125 0.00253858 0.00308372 0.00287447 0.00308861 0.00451679 0.00287582 0.00277372 0.00217384 0.00211544 0.00180504 0.00304345 0.00146503 0.00124773 0.0011172
threshold=0.41448727250099188 0.93877363204956066 0.99779963493347179 0.99905523657798778 -0.86150184273719776 0.19431022554636004 0.634088695049286 0.97375133633613598 0.99713608622550975 0.69166666269302379 1.0624452233314516 -0.00019277250248705966 -0.54166668653488148 477142592.00000006 0.5197260081768037 0.80760958790779125
decision_type=2 2 2 2 2 2 2 2 2 2 2 2 2 2 2 2
left_child=2 -2 4 -4 -1 -6 -7 -8 -9 -10 11 12 -3 15 -15 -13
right_child=1 10 3 -5 5 6 7 8 9 -11 -12 13 -14 14 -16 -17
leaf_value=-0.00039185881440062081 0.00045153725468302517 -7.6910974021302545e-05 0.00047240097855683419 -7.0144297258759096e-05 0.00028710234723803299 -0.00046035816055824607 0.00024578487615599447 -0.00042228322353576701 -9.5544141869286344e-05 0.00013438103639701795 0.00031562645932764656 0.00022079401743313714 0.00041691717032032712 -3.8142120917397204e-05 -0.00034562619555240069 -6.4025050569877127e-05
leaf_weight=65 51 65 50 55 64 69 80 52 431 135 62 54 60 67 65 95
leaf_count=65 51 65 50 55 64 69 80 52 431 135 62 54 60 67 65 95
internal_value=-6.58267e-07 8.36846e-05 -4.43885e-05 0.000188211 -7.16462e-05 -4.65995e-05 -7.44442e-05 -3.62952e-05 -7.28104e-05 -4.07033e-05 4.35981e-05 2.05687e-06 0.000160127 -6.82588e-05 -0.000189555 3.9198e-05
internal_weight=1520 519 1001 105 896 831 767 698 618 566 468 406 125 281 132 149
internal_count=1520 519 1001 105 896 831 767 698 618 566 468 406 125 281 132 149
is_linear=0
shrinkage=0.05


Tree=182
num_leaves=17
num_cat=0
split_feature=56 51 37 183 93 50 87 120 159 128 111 181 118 158 99 171
split_gain=0.00210286 0.00288715 0.00300415 0.00307994 0.00187906 0.00325176 0.00305057 0.0028946 0.00471797 0.00234525 0.00213388 0.00201397 0.00309645 0.00185358 0.0014513 0.0012268
threshold=0.6488575041294099 0.15000000596046451 0.69166666269302379 -0.018411073833703991 6.9271895885467538 0.075000001117587103 0.7086455523967744 0.20478111505508426 0.9423716962337495 1.0527443885803225 0.1073683723807335 0.011141760740429165 0.042952517047524459 0.92481085658073436 1.0518320202827456 19688426.000000004
decision_type=2 2 2 2 2 2 2 2 2 2 2 2 2 2 2 2
left_child=1 2 4 -4 5 7 10 8 -1 -10 11 15 -13 -9 -15 -6
right_child=-2 -3 3 -5 6 -7 -8 13 9 -11 -12 12 -14 14 -16 -17
leaf_value=0.00050416071108140223 0.00026505417616801786 -0.00027860558940346892 -7.8852397220378575e-05 0.00039315572141804885 -6.5333231257933097e-05 0.00033568488526237539 -0.00039207491161505462 -0.00039375785217700583 -0.00023111265581974295 9.0139671152539861e-05 0.00025681839262553557 8.4176767895455829e-05 -0.00022593258220594847 0.00013692212242807179 -0.00023487285619082219 0.00025099503330308767
leaf_weight=55 71 96 55 93 58 82 70 61 80 196 54 116 263 53 52 65
leaf_count=55 71 96 55 93 58 82 70 61 80 196 54 116 263 53 52 65
internal_value=-6.25353e-07 -1.36435e-05 5.15651e-06 0.000217747 -2.09542e-05 4.39683e-05 -8.10023e-05 -4.16206e-06 8.12906e-05 -2.97695e-06 -4.18385e-05 -7.3965e-05 -0.000131018 -0.000174553 -4.72049e-05 0.000101832
internal_weight=1520 1449 1353 148 1205 579 626 497 331 276 556 502 379 166 105 123
internal_count=1520 1449 1353 148 1205 579 626 497 331 276 556 502 379 166 105 123
is_linear=0
shrinkage=0.05


Tree=183
num_leaves=19
num_cat=0
split_feature=117 107 118 179 84 121 157 2 154 7 159 151 127 178 4 110 182 2
split_gain=0.00205816 0.00436522 0.00250395 0.00372404 0.00279197 0.00247588 0.00256269 0.00317925 0.00308603 0.00443782 0.00345308 0.00246788 0.00196901 0.00184488 0.00168008 0.00206701 0.00140831 0.00103867
threshold=0.41448727250099188 0.034943381324410445 0.33475016057491308 10.737607002258303 0.47165225446224218 0.50085085630416881 0.54455572366714489 0.37431319057941442 0.1961605101823807 -0.026921395212411877 1.2613740563392641 0.81224492192268383 1.031004846096039 -39.713045120239251 0.28959664702415472 0.046380179002881057 0.018807835876941684 -0.4577381014823913
decision_type=2 2 2 2 2 2 2 2 2 2 2 2 2 2 2 2 2 2
left_child=2 11 5 4 -4 6 -1 8 -8 -10 -11 -2 -9 -13 15 17 -16 -15
right_child=1 -3 3 -5 -6 -7 7 12 9 10 -12 13 -14 14 16 -17 -18 -19
leaf_value=0.00017410344286042308 0.0002889692666743744 0.00046010517318901487 0.00045477475578081794 -0.00016831908428627422 5.6935890676018587e-06 0.00017370587559865721 0.00026212396798655388 -0.00018280895288853572 -0.00043033518394246006 8.8303373195230969e-05 -0.00022694609869386816 0.00025305071590706827 -0.00058324265365796639 -0.00023143259740226866 -8.941531152316223e-05 -0.00043834608228314877 0.0002103164777407882 6.8997718760025839e-05
leaf_weight=69 74 66 80 79 61 83 55 64 99 196 156 51 59 51 86 53 72 66
leaf_count=69 74 66 80 79 61 83 55 64 99 196 156 51 59 51 86 53 72 66
internal_value=-5.94085e-07 8.02076e-05 -4.24883e-05 0.000106509 0.000260491 -8.44595e-05 -0.000115158 -0.00014689 -9.14674e-05 -0.000134588 -5.14095e-05 2.48583e-05 -0.000374887 -2.67095e-05 -7.02088e-05 -0.000179303 4.71713e-05 -6.19591e-05
internal_weight=1520 519 1001 220 141 781 698 629 506 451 352 453 123 379 328 170 158 117
internal_count=1520 519 1001 220 141 781 698 629 506 451 352 453 123 379 328 170 158 117
is_linear=0
shrinkage=0.05


Tree=184
num_leaves=23
num_cat=1
split_feature=83 125 106 134 41 104 154 186 94 118 107 91 136 32 172 163 168 59 154 179 83 178
split_gain=0.00192031 0.00219104 0.00274976 0.00399968 0.00308423 0.00251084 0.00253082 0.00380079 0.00405348 0.00312163 0.00260922 0.00246472 0.00362086 0.00421692 0.00314934 0.00266867 0.00241223 0.00289557 0.00191592 0.00182555 0.00178373 0.00137941
threshold=-0.91127011179924 -0.015015177894383667 0.91774854063987743 0.90898936986923229 0.55000001192092907 1.0251851677894595 0.41647650301456457 0 -0.29529081284999842 0.11403882876038553 0.012009955011308195 0.2792054563760758 0.77483704686164867 0.14166667312383655 83572160.000000015 67.32294082641603 0.066383425146341338 0.78664076328277599 0.38637028634548193 11.388176441192629 -0.031056076288223263 -10.598523139953612
decision_type=2 2 2 2 2 2 2 1 2 2 2 2 2 2 2 2 2 2 2 2 2 2
left_child=-1 2 4 -4 -2 6 7 8 -3 -8 21 14 -13 -14 16 -15 17 -5 -16 -11 -7 -9
right_child=1 5 3 11 -6 20 9 10 -10 19 -12 12 13 15 18 -17 -18 -19 -20 -21 -22 -23
leaf_value=-0.00029916774076879779 -0.00036585184460447224 0.00059857582828650878 0.00053150249615439447 0.00072058408589397848 0.00013821356367530688 -1.9720806197325987e-05 -0.00035407115148509071 0.00026215313860666358 4.720374806007992e-05 0.00023158792421876066 -0.00033996964921243492 0.00033024170164480893 -0.00040138232098674238 0.00030197463304636483 0.00016829375509747909 -9.7918679328455312e-05 8.6148320760679413e-05 0.00020675640337466234 -0.0002672670403844677 -0.00015025455384682789 -0.00039319555085879634 -8.3800327734827413e-05
leaf_weight=52 71 60 51 52 53 52 95 50 75 58 61 60 81 61 51 132 78 58 50 68 83 68
leaf_count=52 71 60 51 52 53 52 95 50 75 58 61 60 81 61 51 132 78 58 50 68 83 68
internal_value=-5.64381e-07 1.00128e-05 6.59845e-05 0.000105795 -0.000150405 -5.66519e-05 -8.03e-06 8.32036e-05 0.000272102 -0.000137656 -7.05234e-05 7.09457e-05 -2.15637e-05 -9.86014e-05 0.00017786 2.84725e-05 0.000298839 0.000449657 -4.73304e-05 2.55142e-05 -0.000249339 6.27901e-05
internal_weight=1520 1468 798 674 124 670 535 314 135 221 179 623 334 274 289 193 188 110 101 126 135 118
internal_count=1520 1468 798 674 124 670 535 314 135 221 179 623 334 274 289 193 188 110 101 126 135 118
cat_boundaries=0 1
cat_threshold=1554
is_linear=0
shrinkage=0.05


Tree=185
num_leaves=19
num_cat=0
split_feature=69 160 127 32 120 83 84 161 85 118 5 160 5 109 120 3 118 91
split_gain=0.00225768 0.00189192 0.00212952 0.00218273 0.00324534 0.00305997 0.00289529 0.00249546 0.00452313 0.00280304 0.00214039 0.00207392 0.00201834 0.00197828 0.00211103 0.00151377 0.00154944 0.00138425
threshold=0.69057592749595653 0.85527151823043834 1.1588666439056399 0.075000002980232253 0.24977776408195498 0.64426562190055858 0.83767226338386547 1.5040547251701357 0.59659463167190563 0.058507403358817107 0.0033154406119138007 1.3379205465316775 0.0015053456299938264 0.048835316672921188 0.036627098917961128 0.006745006190612913 0.18387707322835925 0.28896123170852667
decision_type=2 2 2 2 2 2 2 2 2 2 2 2 2 2 2 2 2 2
left_child=1 -1 3 4 13 7 15 8 11 10 -9 -5 -11 14 -3 -7 -17 -16
right_child=-2 2 -4 5 -6 6 -8 9 -10 12 -12 -13 -14 -15 17 16 -18 -19
leaf_value=-0.0003055788387702602 0.00031690686931445575 0.00011441347998334096 0.00030663092441466657 -1.2784870352700729e-06 0.00011827426404731037 -5.6598947507471011e-05 0.00019255675643216818 0.00035339610237287793 0.00049280676740193327 -0.00041464376393146357 -1.8088235779903197e-05 0.00027304530216729582 -5.8746747696444563e-05 -0.00051516455586534001 -9.1424501778629549e-05 -0.00055603001580012087 -0.00017343152990427122 -0.00044816438942992437
leaf_weight=53 54 50 54 258 90 69 50 66 78 51 94 94 182 50 52 51 55 57
leaf_count=53 54 50 54 258 90 69 50 66 78 51 94 94 182 50 52 51 55 57
internal_value=-5.50571e-07 -1.23406e-05 -1.24736e-06 -1.35899e-05 -0.00013275 2.04071e-05 -0.000142994 6.50795e-05 0.000148315 -2.59921e-05 0.000135149 7.19784e-05 -0.000136647 -0.000240847 -0.000154583 -0.000238866 -0.000357512 -0.000277977
internal_weight=1508 1454 1401 1347 299 1048 225 823 430 393 160 352 233 209 159 175 106 109
internal_count=1508 1454 1401 1347 299 1048 225 823 430 393 160 352 233 209 159 175 106 109
is_linear=0
shrinkage=0.05


Tree=186
num_leaves=17
num_cat=0
split_feature=69 160 155 86 160 175 84 136 5 126 48 30 132 136 0 157
split_gain=0.00203755 0.00170746 0.0016556 0.00234367 0.00448236 0.00297655 0.00278158 0.00247208 0.00241629 0.00187632 0.00172944 0.00330152 0.00181774 0.00172297 0.00159146 0.00111721
threshold=0.69057592749595653 0.85527151823043834 1.1101136803627016 0.63760671019554149 1.191103518009186 19.691772460937504 0.58227431774139415 0.82338237762451183 0.0045715314336121091 0.041454883292317397 -0.3000000044703483 0.87500000000000011 0.98694008588790905 0.76073744893074047 -0.012985487002879379 1.0042391419410708
decision_type=2 2 2 2 2 2 2 2 2 2 2 2 2 2 2 2
left_child=1 -1 3 7 -5 -6 -7 8 -3 10 12 -12 -9 -10 -8 -4
right_child=-2 2 15 4 5 6 14 9 13 -11 11 -13 -14 -15 -16 -17
leaf_value=-0.00029029990137304304 0.00030106151933540349 5.5945232165419885e-05 -0.00036413602007087322 0.00044476756537776624 0.00033274596142542453 -0.0003096049475444536 0.00029186902823857965 -0.00028274462742758816 -0.00012935349578209059 -0.0002652726577798603 1.3576874898315836e-05 0.00031787945257923231 1.3768661584144513e-05 -0.00048937113660101137 -9.4619956546107699e-05 -3.1531212916175434e-05
leaf_weight=53 54 71 50 84 58 76 50 69 68 55 317 124 206 65 57 51
leaf_count=53 54 71 50 84 58 76 50 69 68 55 317 124 206 65 57 51
internal_value=-5.23041e-07 -1.17236e-05 -1.18499e-06 1.39652e-05 0.000130246 2.06199e-05 -7.83053e-05 -2.4795e-05 -0.000179574 1.61581e-05 3.77764e-05 9.91404e-05 -6.06292e-05 -0.000305302 8.59824e-05 -0.000196187
internal_weight=1508 1454 1401 1300 325 241 183 975 204 771 716 441 275 133 107 101
internal_count=1508 1454 1401 1300 325 241 183 975 204 771 716 441 275 133 107 101
is_linear=0
shrinkage=0.05


Tree=187
num_leaves=20
num_cat=0
split_feature=173 160 86 101 36 106 96 43 162 178 121 147 160 161 173 96 157 181 20
split_gain=0.001969 0.00181413 0.00341523 0.00583522 0.00401168 0.00507185 0.00368603 0.0028409 0.00198979 0.00261435 0.00366196 0.00171699 0.00164428 0.00266333 0.00179968 0.0017356 0.00290738 0.00283042 0.00125139
threshold=1.5070860385894778 1.5581220388412478 0.63083043694496166 0.83987754583358776 0.31666667759418493 0.88631507754325878 -3.3079457283020015 0.70000001788139354 98.450763702392592 -5.6095292568206778 0.48940692842006689 1.0870974659919741 1.3379205465316775 1.4447225332260134 1.2296524047851565 -0.86992344260215748 0.76133927702903759 0.012350962497293951 0.33662381768226629
decision_type=2 2 2 2 2 2 2 2 2 2 2 2 2 2 2 2 2 2 2
left_child=1 2 3 6 7 -6 -1 -4 18 10 11 -10 14 -14 15 17 -17 -5 -3
right_child=-2 8 4 12 5 -7 -8 -9 9 -11 -12 -13 13 -15 -16 16 -18 -19 -20
leaf_value=1.6517087526153773e-05 0.00028017630240356083 -0.00012623840720475381 -0.00017176117520317679 0.00012853253237132212 6.5584746238837055e-05 0.00075409448887782046 -0.00052108707866202833 0.00026033927903488044 -0.00049845227495454462 0.00026524345337057982 0.00018741780128598643 -0.00012342443466375124 0.00039882701144243829 -1.4938198571969204e-05 -0.00028286441181659365 0.00045080226587338579 4.1502692835950131e-06 -0.00018081311960835758 -0.00045547125288673373
leaf_weight=50 60 62 88 127 53 54 88 67 51 58 65 76 71 86 55 54 112 177 54
leaf_count=50 60 62 88 127 53 54 88 67 51 58 65 76 71 86 55 54 112 177 54
internal_value=-4.9689e-07 -1.2127e-05 2.04227e-05 -2.97896e-05 0.000177576 0.000413057 -0.000326303 1.50177e-05 -0.000108353 -2.89402e-05 -0.000117808 -0.000274026 3.02087e-05 0.000172179 -1.2247e-05 1.9421e-05 0.000149447 -5.15799e-05 -0.000279502
internal_weight=1508 1448 1082 820 262 107 138 155 366 250 192 127 682 157 525 470 166 304 116
internal_count=1508 1448 1082 820 262 107 138 155 366 250 192 127 682 157 525 470 166 304 116
is_linear=0
shrinkage=0.05


Tree=188
num_leaves=17
num_cat=0
split_feature=69 4 120 90 3 12 46 3 90 147 155 176 112 161 174 88
split_gain=0.00179789 0.00151575 0.00281716 0.00262194 0.00249275 0.00334006 0.0020175 0.00227675 0.00187597 0.00229779 0.00182092 0.00161216 0.00326016 0.00169522 0.00158553 0.0022465
threshold=0.69057592749595653 0.53738641738891613 0.087192501872777953 0.27864190936088568 0.013999181799590589 0.10849688947200777 0.58333334326744091 0.011614417657256128 -0.14339616149663922 1.1384772658348086 1.1101136803627016 -2.1591858863830562 -0.0094608878716826422 1.38109427690506 48.235683441162116 -0.36597834527492518
decision_type=2 2 2 2 2 2 2 2 2 2 2 2 2 2 2 2
left_child=1 4 3 -3 6 -6 7 10 -8 -10 11 13 -13 -1 15 -4
right_child=-2 2 14 -5 5 -7 8 -9 9 -11 -12 12 -14 -15 -16 -17
leaf_value=0.00036341090809872056 0.00028282106752697104 -0.00057892520505679304 0.00016834771482535872 -6.9392887380672621e-05 -8.2006593152915159e-05 0.00043090299410063638 0.00037402047996772781 -0.00035061963414926526 -0.00013912280212676753 0.00027110121765132539 -0.00030366485861358576 -0.00025658910680543439 2.4073049017079422e-05 5.6380619809468405e-06 0.00023621242278470446 -0.00026318833515688312
leaf_weight=56 54 51 50 50 54 77 57 57 81 59 54 133 466 81 52 76
leaf_count=56 54 51 50 50 54 77 57 57 81 59 54 133 466 81 52 76
internal_value=-4.72046e-07 -1.09932e-05 -0.000115759 -0.000326681 1.3883e-05 0.000219475 -1.19144e-05 -4.54355e-05 0.000132209 3.37573e-05 -2.34158e-05 -2.8541e-06 -3.82443e-05 0.000151881 3.92201e-06 -9.19439e-05
internal_weight=1508 1454 279 101 1175 131 1044 847 197 140 790 736 599 137 178 126
internal_count=1508 1454 279 101 1175 131 1044 847 197 140 790 736 599 137 178 126
is_linear=0
shrinkage=0.05


Tree=189
num_leaves=17
num_cat=0
split_feature=171 4 3 36 28 70 128 76 17 160 181 53 28 30 32 122
split_gain=0.00190373 0.00212355 0.00337844 0.00292314 0.0028677 0.00258316 0.00200756 0.00189772 0.00186838 0.00268848 0.00255197 0.00196732 0.00337046 0.00208563 0.00183504 0.00201166
threshold=472452736.00000006 0.53738641738891613 0.013999181799590589 -0.083333335816860185 0.5000000149011613 0.48777434229850775 1.0395403504371645 0.46322268247604376 0.45416666567325598 0.97248217463493358 0.030489196069538597 0.27003200352191931 0.70000001788139354 0.22500000149011615 0.12500000372529033 0.0025338433915749197
decision_type=2 2 2 2 2 2 2 2 2 2 2 2 2 2 2 2
left_child=1 2 7 -4 6 -6 -3 -1 10 -10 14 13 -13 -11 -9 -16
right_child=-2 4 3 -5 5 -7 -8 8 9 11 -12 12 -14 -15 15 -17
leaf_value=-0.0002624039063650546 0.00026008692873991964 -0.00020400637177660607 -4.1392405374525966e-05 0.0004232725001202198 -7.109137639837662e-05 -0.00050588495808420297 0.00018330827149861482 -0.00018269751498933305 -0.00040321377773243176 -9.1410449648410388e-06 0.00034609167304949209 -4.322923756907459e-05 0.00041122964062114157 -0.00037349621934205945 0.00015569082374764518 -9.4520613001805034e-05
leaf_weight=72 67 57 55 88 65 72 81 87 54 97 71 158 55 66 243 120
leaf_count=72 67 57 55 88 65 72 81 87 54 97 71 158 55 66 243 120
internal_value=-4.48443e-07 -1.25622e-05 1.69151e-05 0.000244555 -0.000137546 -0.000299596 2.33305e-05 -1.49056e-05 3.83245e-06 -7.33106e-05 6.75014e-05 -2.59309e-05 7.41193e-05 -0.000156671 2.3546e-05 7.29763e-05
internal_weight=1508 1441 1166 143 275 137 138 1023 951 430 521 376 213 163 450 363
internal_count=1508 1441 1166 143 275 137 138 1023 951 430 521 376 213 163 450 363
is_linear=0
shrinkage=0.05


Tree=190
num_leaves=21
num_cat=0
split_feature=2 123 167 26 37 127 18 121 158 92 132 162 5 178 18 158 89 24 123 158
split_gain=0.00230035 0.00215965 0.00311054 0.0021067 0.00337058 0.00246927 0.0059353 0.00332136 0.00281881 0.00346345 0.00351514 0.00350671 0.00201477 0.0018398 0.00172083 0.00148223 0.00147489 0.00153404 0.0015192 0.00122415
threshold=0.37541946768760687 0.0042266661766916522 0.60964465141296398 0.25000000745058065 0.45833332836627966 1.1097634434700014 0.085410334169864668 0.031878691166639335 1.3231873512268069 0.48735086619853979 0.96923038363456737 406.37022399902349 0.0084524410776793974 -25.936528205871578 0.28856065869331365 1.0427909493446352 0.56222960352897655 0.35000000894069677 -0.015930247493088242 1.0489312410354616
decision_type=2 2 2 2 2 2 2 2 2 2 2 2 2 2 2 2 2 2 2 2
left_child=3 2 -2 4 13 7 -7 12 9 10 -9 -12 -5 -1 -10 -3 17 19 -19 -15
right_child=1 15 -4 5 -6 6 -8 8 14 -11 11 -13 -14 16 -16 -17 -18 18 -20 -21
leaf_value=0.00027237994542735614 0.00033822052545848935 -7.7527462759375e-05 -0.00018894435178803943 -1.5628298084872463e-05 -0.00040414828772092305 1.5713804030036997e-05 0.00069144499012629317 0.00058691529810512926 -0.00029075887500766838 -0.00013689950553667492 0.00031942296470112305 -4.5994006704550903e-05 -0.00042777290481563586 0.00016563727686830969 8.0382067253445777e-05 -0.00036819995071827211 0.00019066367068652264 -2.6078475447028949e-05 -0.00038553025197788059 -0.00012044438402812422
leaf_weight=54 51 83 62 69 59 84 53 58 64 78 148 118 52 71 61 93 56 53 66 79
leaf_count=54 51 83 62 69 59 84 53 58 64 78 148 118 52 71 61 93 56 53 66 79
internal_value=5.268e-06 -0.000121601 4.89796e-05 3.52477e-05 -5.26052e-05 8.42662e-05 0.000277128 4.34914e-05 9.77324e-05 0.000162215 0.000234223 0.000157321 -0.000192748 2.12049e-06 -0.000109642 -0.000231121 -4.27842e-05 -9.1383e-05 -0.000225438 1.49676e-05
internal_weight=1512 289 113 1223 438 785 137 648 527 402 324 266 121 379 125 176 325 269 119 150
internal_count=1512 289 113 1223 438 785 137 648 527 402 324 266 121 379 125 176 325 269 119 150
is_linear=0
shrinkage=0.05


Tree=191
num_leaves=22
num_cat=0
split_feature=142 71 27 86 91 57 181 172 159 114 174 147 175 107 110 57 181 93 27 159 72
split_gain=0.00189829 0.00207776 0.00211359 0.00364597 0.00341939 0.00476202 0.0028434 0.00317366 0.00316031 0.00447072 0.00275015 0.00253269 0.00354795 0.00278936 0.00247899 0.00184349 0.00179581 0.00248013 0.00161967 0.00138821 0.000754707
threshold=0.95296457409858715 0.54767975211143505 0.47499999403953558 0.10224806144833566 0.15975480526685717 0.58734023571014415 0.025531357154250148 19591248.000000004 1.3693792223930361 -0.0019036119338124988 36.939327239990241 1.0788863301277163 32.653766632080085 0.015396463219076397 0.035844575613737113 0.54459846019744884 0.012520422693341972 2.8644701242446904 0.091666668653488173 1.3607175946235659 0.49552623927593237
decision_type=2 2 2 2 2 2 2 2 2 2 2 2 2 2 2 2 2 2 2 2 2
left_child=-1 2 6 14 15 11 7 8 9 -2 -7 12 -6 -13 -4 -5 18 20 -9 -19 -18
right_child=1 -3 3 4 5 10 -8 16 -10 -11 -12 13 -14 -15 -16 -17 17 19 -20 -21 -22
leaf_value=-0.00026367808930531498 4.7188155003823344e-05 0.00030476342847881221 -3.9400451782125012e-05 0.00041934109863177586 -0.00012144411224880969 -7.3417929932475092e-05 0.00033686607453408974 -9.5645443562575636e-05 -9.7286514695345741e-05 0.00070936236881187563 0.00041209928292248934 -0.00025364124237744459 -0.00065510340409316852 0.00010081192010034102 -0.00048495379827284994 2.4618005157787016e-05 0.00018643204947929246 -0.00037333127715483946 0.00021863944749224852 -4.7843802727584269e-05 -7.225554638152663e-05
leaf_weight=63 50 60 54 64 80 50 86 71 51 52 70 98 51 128 74 55 54 95 97 50 59
leaf_count=63 50 60 54 64 80 50 86 71 51 52 70 98 51 128 74 55 54 95 97 50 59
internal_value=5.0046e-06 1.66865e-05 4.24252e-06 -5.48689e-05 -2.87054e-06 -6.2689e-05 6.85984e-05 2.8752e-05 0.000224083 0.000384767 0.0002098 -0.000154282 -0.000329205 -5.2889e-05 -0.000296986 0.000236906 -4.14019e-05 -0.000124242 8.58167e-05 -0.000261094 5.13651e-05
internal_weight=1512 1449 1389 724 596 477 665 579 153 102 120 357 131 226 128 119 426 258 168 145 113
internal_count=1512 1449 1389 724 596 477 665 579 153 102 120 357 131 226 128 119 426 258 168 145 113
is_linear=0
shrinkage=0.05


Tree=192
num_leaves=21
num_cat=0
split_feature=2 183 149 150 37 148 100 139 147 37 11 111 111 152 24 90 172 70 87 27
split_gain=0.00200662 0.00293055 0.00189268 0.00232509 0.00285804 0.00436063 0.00237756 0.0032135 0.00342153 0.00350195 0.00262678 0.00182583 0.00293223 0.0021618 0.00173117 0.0027065 0.0021635 0.00144456 0.00140147 0.000887521
threshold=0.37541946768760687 0.0086732325144112127 2.0498207807540898 1.1251224279403689 0.4916666597127915 1.4480062723159792 1.1213347315788271 1.0975379347801211 1.1340624690055849 0.22500000149011615 0.99232366681098949 0.046279411762952812 0.031402433291077621 0.30650056898593908 0.25000000745058065 0.16880384087562564 37579262.000000007 0.4924957156181336 0.51639348268508922 0.32500000298023229
decision_type=2 2 2 2 2 2 2 2 2 2 2 2 2 2 2 2 2 2 2 2
left_child=1 2 3 6 14 -6 7 8 10 -10 -1 12 -2 18 16 -16 -5 -17 -13 -18
right_child=11 -3 -4 4 5 -7 -8 -9 9 -11 -12 13 -14 -15 15 17 19 -19 -20 -21
leaf_value=-0.00023292243013112933 -0.00020276998231676054 0.00029945510651917798 0.00028598035658094085 0.00031341298067127357 -0.00046150521933312346 8.0786780721003507e-05 -0.00019735056782926275 0.00048919660927752449 5.9841281462224653e-05 0.0006061065166722984 0.0001016947389581364 -0.00016536472595180386 0.00027810663558083153 2.6279567165537243e-05 -0.00032593659582614366 0.00017197119148477214 0.00013878300132301563 -0.00015414615225813194 -0.00052956185403932722 -0.00012590903016071364
leaf_weight=102 66 95 59 75 97 60 68 52 71 50 138 50 61 56 84 80 52 59 56 81
leaf_count=102 66 95 59 75 97 60 68 52 71 50 138 50 61 56 84 80 52 59 56 81
internal_value=4.75437e-06 3.27547e-05 1.02932e-05 -4.92246e-06 -7.16162e-05 -0.00025426 7.66075e-05 0.000121714 6.87807e-05 0.000285571 -4.05176e-05 -0.000113738 2.82023e-05 -0.000225013 -5.08479e-06 -0.000101864 9.86734e-05 3.35473e-05 -0.000357771 -2.24204e-05
internal_weight=1512 1223 1128 1069 588 157 481 413 361 121 240 289 127 162 431 223 208 139 106 133
internal_count=1512 1223 1128 1069 588 157 481 413 361 121 240 289 127 162 431 223 208 139 106 133
is_linear=0
shrinkage=0.05


Tree=193
num_leaves=16
num_cat=0
split_feature=2 183 123 60 149 112 137 148 111 148 159 129 10 37 158
split_gain=0.00181098 0.00264482 0.00178157 0.00276774 0.00170814 0.00176708 0.00447659 0.00360073 0.0032119 0.00285664 0.00354477 0.00276313 0.00221309 0.00279635 0.00133381
threshold=0.37541946768760687 0.0086732325144112127 0.0042266661766916522 0.49382786452770239 2.0498207807540898 -0.01334452675655484 1.0477762818336489 0.90141624212265026 0.10533263534307481 1.2961411476135256 1.1644586920738222 1.0720860958099367 1.0273383259773257 0.50833332538604747 1.0427909493446352
decision_type=2 2 2 2 2 2 2 2 2 2 2 2 2 2 2
left_child=1 4 3 -2 5 8 7 11 9 10 -1 -7 13 -9 -4
right_child=2 -3 14 -5 -6 6 -8 12 -10 -11 -12 -13 -14 -15 -16
leaf_value=-0.00019134765580846843 -0.00017356867338382892 0.00028448235329338599 -6.1823301917048607e-05 0.0003246457983332221 0.00027168133607828772 -1.3609807122164691e-05 0.0004722145109014862 7.0228777835970241e-05 -0.00042475295639405887 -0.00027541653126065006 0.00033143557301155865 -0.00046790848945070496 0.00027126425203024749 -0.00021794521162519232 -0.00033755881272505794
leaf_weight=55 63 95 83 50 59 69 54 409 64 71 79 65 97 106 93
leaf_count=55 63 95 83 50 59 69 54 409 64 71 79 65 97 106 93
internal_value=4.51665e-06 3.11169e-05 -0.000108051 4.68802e-05 9.77854e-06 -4.67634e-06 3.26006e-05 7.78662e-07 -0.000115537 -1.90014e-05 0.00011686 -0.000233979 5.21798e-05 1.09153e-05 -0.000207524
internal_weight=1512 1223 289 113 1128 1069 800 746 269 205 134 134 612 515 176
internal_count=1512 1223 289 113 1128 1069 800 746 269 205 134 134 612 515 176
is_linear=0
shrinkage=0.05


Tree=194
num_leaves=24
num_cat=0
split_feature=125 58 168 52 111 85 102 36 115 121 120 141 77 81 100 151 169 3 19 84 86 83 0
split_gain=0.00167421 0.00330233 0.0025343 0.00278902 0.00250294 0.00268139 0.00239002 0.00330368 0.00279529 0.00240032 0.00233402 0.00202117 0.00234448 0.00179868 0.00158197 0.00298628 0.00172506 0.00227938 0.00165993 0.00138335 0.00125105 0.00112849 0.00112275
threshold=-0.015015177894383667 0.60045874118804943 1.0000000180025095e-35 -0.025000001303851601 0.095982257276773467 0.020778707228600982 1.00629597902298 0.61666667461395275 0.0043472375255078086 0.29364380240440374 0.068938802927732482 1.190503776073456 0.49880383908748632 -0.013203119393438099 0.90079832077026378 0.76254799962043773 -0.17419517785310742 0.0061763073317706594 0.43380004167556768 -0.11678909137845038 0.39837823808193212 0.12457094714045526 -0.011333099566400049
decision_type=2 2 2 2 2 2 2 2 2 2 2 2 2 2 2 2 2 2 2 2 2 2 2
left_child=1 -1 3 11 5 10 -4 9 -9 22 -2 12 -3 -11 -7 -16 20 21 -19 -14 -17 -18 -8
right_child=4 2 6 -5 -6 14 7 8 -10 13 -12 -13 19 -15 15 16 17 18 -20 -21 -22 -23 -24
leaf_value=0.00033796372558299483 -0.0004791746931279601 0.00040468951298158951 -0.00031940539029670211 0.00040672336396364449 -0.0003837339556995639 0.00025984848106208331 -0.00043322664040083587 -5.438646876427811e-05 0.00042264378579977133 0.00016569974278051328 -6.1781812954515253e-05 -0.00022276158670824517 -0.00019303256782586688 -0.00017794961811777092 -0.00030855858148082487 8.4108112639148241e-05 -0.0002018407299729006 0.00046430249667979396 8.2629462010048042e-05 0.00017530793629703112 -0.00023620350051325141 0.00011628770485364682 -0.00011118319450179116
leaf_weight=90 53 53 72 71 53 65 59 56 68 90 91 53 50 66 68 54 50 63 52 52 70 63 50
leaf_count=90 53 53 72 71 53 65 59 56 68 90 91 53 50 66 68 54 50 63 52 52 70 63 50
internal_value=4.29081e-06 5.19836e-05 1.72022e-05 0.000136143 -5.37517e-05 -2.59472e-05 -5.47815e-05 -5.8023e-06 0.000207211 -0.000105476 -0.000215406 4.37816e-05 0.000134922 2.03096e-05 3.03044e-05 -5.22027e-06 5.33792e-05 0.000135008 0.00029172 -5.25113e-06 -9.6713e-05 -2.44771e-05 -0.0002855
internal_weight=1512 830 740 279 682 629 461 389 124 265 144 208 155 156 485 420 352 228 115 102 124 113 109
internal_count=1512 830 740 279 682 629 461 389 124 265 144 208 155 156 485 420 352 228 115 102 124 113 109
is_linear=0
shrinkage=0.05


Tree=195
num_leaves=12
num_cat=0
split_feature=36 58 122 7 134 104 22 7 98 178 84
split_gain=0.00270379 0.00434719 0.00272415 0.00336833 0.0033126 0.00345228 0.0018223 0.00224888 0.00296995 0.00220328 0.00207787
threshold=0.78333333134651195 0.44958256185054785 0.022580731660127643 0.0263946857303381 0.80708244442939769 0.95652025938034069 0.66795778274536144 -0.028224164620041844 1.0847430229187014 -23.357658386230465 0.44504612684249883
decision_type=2 2 2 2 2 2 2 2 2 2 2
left_child=2 -2 3 4 -1 -6 7 8 -7 -9 -8
right_child=1 -3 -4 -5 5 6 10 9 -10 -11 -12
leaf_value=0.00039428821735782555 9.6400108363013724e-05 -0.00052372791579378269 -0.00032373143457955432 0.00036383154589342531 -0.00039081996398939134 -0.00038209190316482931 -5.3736714189246626e-07 0.00016425780607700008 6.6626636051355054e-05 -3.0851539610517917e-05 0.00042068661378624923
leaf_weight=50 50 65 63 65 60 91 67 179 62 755 52
leaf_count=50 50 65 63 65 60 91 67 179 62 755 52
internal_value=-2.07785e-05 -0.000254107 -2.19626e-06 1.24719e-05 -4.8825e-06 -2.06475e-05 -2.23099e-06 -2.2567e-05 -0.000200258 6.54094e-06 0.000183527
internal_weight=1559 115 1444 1381 1316 1266 1206 1087 153 934 119
internal_count=1559 115 1444 1381 1316 1266 1206 1087 153 934 119
is_linear=0
shrinkage=0.05


Tree=196
num_leaves=12
num_cat=0
split_feature=36 175 112 110 140 71 1 169 175 112 91
split_gain=0.00244017 0.00439594 0.00252211 0.00354088 0.00234205 0.00256558 0.00232982 0.00187094 0.00179521 0.00324486 0.00147345
threshold=0.78333333134651195 68.800716400146499 -0.023348820395767685 0.091763395816087737 0.97527411580085765 0.53439494967460643 0.049931051209568984 -0.011013209819793699 53.992832183837898 -0.0040464706253260365 -0.20106138288974759
decision_type=2 2 2 2 2 2 2 2 2 2 2
left_child=2 -2 7 4 -4 6 8 -1 10 -10 -6
right_child=1 -3 3 -5 5 -7 -8 -9 9 -11 -12
leaf_value=-0.00041692729019054183 -0.00051253025943879041 0.00011106544754147764 -0.00031759881135907828 0.00037690796410270896 0.00019655968989495642 0.00029243389654801799 -0.00031450303976553504 -4.3445637102195185e-06 0.00043827189638250279 1.4275361481731382e-05 -4.1244636906449666e-05
leaf_weight=61 65 50 56 65 71 77 58 50 64 153 789
leaf_count=61 65 50 56 65 71 77 58 50 64 153 789
internal_value=-1.97396e-05 -0.000241402 -2.08644e-06 1.6982e-05 -1.46849e-06 1.31382e-05 -5.80963e-06 -0.000231079 1.08145e-05 0.000139325 -2.1612e-05
internal_weight=1559 115 1444 1333 1268 1212 1135 111 1077 217 860
internal_count=1559 115 1444 1333 1268 1212 1135 111 1077 217 860
is_linear=0
shrinkage=0.05


Tree=197
num_leaves=21
num_cat=0
split_feature=37 148 42 170 168 71 160 121 52 3 47 79 2 157 92 91 165 161 37 75
split_gain=0.00218996 0.00389593 0.00360158 0.00351461 0.00418253 0.00401215 0.00342994 0.00276763 0.00266909 0.00478815 0.00297514 0.00409595 0.00322576 0.00209848 0.0019665 0.00189906 0.00171154 0.00170603 0.00143378 0.00194348
threshold=0.45833332836627966 1.4556201696395876 0.52500000596046459 3311423232.0000005 2.9123420715332036 0.50273549556732189 1.2267631292343142 0.37147633731365209 -0.025000001303851601 0.01314080646261573 0.52500000596046459 -0.038620496168732636 0.46161034703254705 0.61281299591064464 0.11235367879271509 0.37155699729919439 301.32043457031256 1.4227316975593569 0.22500000149011615 0.54593974351882946
decision_type=2 2 2 2 2 2 2 2 2 2 2 2 2 2 2 2 2 2 2 2
left_child=2 3 8 4 6 -6 -2 -3 10 14 11 -1 13 -12 -10 -16 -4 -13 19 -15
right_child=1 7 16 -5 5 -7 -8 -9 9 -11 12 17 -14 18 15 -17 -18 -19 -20 -21
leaf_value=0.00011464327378505274 -0.00062749143271833999 0.00035070516736758787 -0.00045562330641638808 -0.00053106108932138708 -0.00021388307995201178 0.00029430036539884806 -0.00011051162178159462 -0.00013543178731477103 0.00032105279274136675 0.00050694468948913251 -0.0002823326769430423 -0.00057056901305430692 0.00038727373605629864 -4.6507022088508167e-05 -0.00017066237862531941 0.00014933127398845418 -6.0907017854205742e-05 -0.00018276438463768412 0.00029756856751833659 0.00029217201908799252
leaf_weight=74 55 67 53 63 73 83 77 52 55 79 54 53 65 250 98 88 57 61 51 51
leaf_count=74 55 67 53 63 73 83 77 52 55 79 54 53 65 250 98 88 57 61 51 51
internal_value=-1.87526e-05 -0.000108957 2.01788e-05 -0.000192777 -0.000118778 5.64966e-05 -0.00032592 0.000138276 5.06583e-05 0.000169134 -6.87153e-06 -0.000175028 6.02481e-05 7.89175e-06 5.83989e-05 -1.92675e-05 -0.000251089 -0.00036306 5.24148e-05 1.08771e-05
internal_weight=1559 470 1089 351 288 156 132 119 979 320 659 188 471 406 241 186 110 114 352 301
internal_count=1559 470 1089 351 288 156 132 119 979 320 659 188 471 406 241 186 110 114 352 301
is_linear=0
shrinkage=0.05


Tree=198
num_leaves=15
num_cat=0
split_feature=122 183 54 121 136 145 159 68 92 85 119 7 77 1
split_gain=0.00219 0.00193547 0.00341788 0.00188628 0.00413777 0.00316242 0.00218018 0.00209401 0.00160391 0.00235783 0.00259544 0.00259705 0.00257981 0.00102628
threshold=0.022580731660127643 0.016240638680756096 0.55101245641708385 0.032671887427568443 0.80157268047332775 0.83995530009269725 1.0441460609436037 0.5495460331439973 0.0061768305022269496 0.02670050319284201 0.50865274667739879 -0.025874716229736801 0.49948768317699438 0.023288885131478313
decision_type=2 2 2 2 2 2 2 2 2 2 2 2 2 2
left_child=1 3 -3 4 -1 -5 -6 -8 13 12 11 -11 -10 -7
right_child=-2 2 -4 5 6 8 7 -9 9 10 -12 -13 -14 -15
leaf_value=-0.00053703309627654004 -0.00030423258440350767 0.00040345352028627333 -0.00012699108000770838 0.00038703981957111799 -0.00026551081429863335 2.7836667187191287e-05 0.00020586953040803663 -0.00019388838391751052 -6.3096385906646898e-06 -0.00021722835221522696 0.00030498168469281298 2.2433005228098763e-05 -0.00040661309223965581 0.00033573407108633546
leaf_weight=53 64 73 52 52 74 59 95 50 80 141 65 570 81 50
leaf_count=53 64 73 52 52 74 59 95 50 80 141 65 570 81 50
internal_value=-1.7815e-05 -5.55362e-06 0.000182789 -2.27381e-05 -0.000140615 6.46278e-06 -4.46786e-05 6.8022e-05 -1.24569e-05 -3.35742e-05 2.55338e-06 -2.50948e-05 -0.000207705 0.000169074
internal_weight=1559 1495 125 1370 272 1098 219 145 1046 937 776 711 161 109
internal_count=1559 1495 125 1370 272 1098 219 145 1046 937 776 711 161 109
is_linear=0
shrinkage=0.05


Tree=199
num_leaves=10
num_cat=0
split_feature=36 175 122 7 110 3 3 145 71
split_gain=0.00216687 0.00384311 0.00210922 0.00278056 0.00249441 0.00308323 0.00276458 0.00207398 0.00179754
threshold=0.78333333134651195 68.800716400146499 0.022580731660127643 0.0263946857303381 0.091763395816087737 0.024392090737819675 0.017070362344384197 0.90539622306823742 0.48428851366043096
decision_type=2 2 2 2 2 2 2 2 2
left_child=2 -2 3 4 5 6 7 -1 -9
right_child=1 -3 -4 -5 -6 -7 -8 8 -10
leaf_value=-0.00031854600794056819 -0.00047931246146058233 0.00010375517533975653 -0.00028321549447326335 0.00033185313462476751 0.00028510835430827522 -0.00040425764068459104 0.00026790668169520234 -6.8139790872867541e-05 6.327191736273036e-05
leaf_weight=57 65 50 63 65 71 50 87 577 474
leaf_count=57 65 50 63 65 71 50 87 577 474
internal_value=-1.69242e-05 -0.000225805 -2.89005e-07 1.26179e-05 -3.14985e-06 -1.95887e-05 -3.49373e-06 -2.48041e-05 -8.87324e-06
internal_weight=1559 115 1444 1381 1316 1245 1195 1108 1051
internal_count=1559 115 1444 1381 1316 1245 1195 1108 1051
is_linear=0
shrinkage=0.05


Tree=200
num_leaves=10
num_cat=0
split_feature=159 139 127 135 52 114 170 68 12
split_gain=0.00242653 0.00254554 0.00306083 0.0024627 0.00181077 0.00161742 0.0018777 0.00306952 0.0015587
threshold=0.77169284224510204 1.1659298539161684 1.1461386084556582 0.79924288392066967 0.14166667312383655 -0.0065268848557025185 4522547200.000001 0.74467816948890697 0.14607118070125583
decision_type=2 2 2 2 2 2 2 2 2
left_child=-1 2 3 -2 5 8 7 -7 -5
right_child=1 -3 -4 4 -6 6 -8 -9 -10
leaf_value=0.00031828655824276872 -0.00033192383625040142 -0.00029791733868478332 0.00037580651322986899 0.00037202799413353204 0.0002640016118433171 -2.7684047923633633e-05 0.00026398676131066172 -0.00038242491426129934 -1.2054978716540583e-05
leaf_weight=55 60 78 51 50 60 986 50 65 56
leaf_count=55 60 78 51 50 60 986 50 65 56
internal_value=-7.72298e-06 -2.00379e-05 -4.30888e-06 -1.89177e-05 -4.09498e-06 -1.74221e-05 -3.53812e-05 -4.96233e-05 0.000169116
internal_weight=1511 1456 1378 1327 1267 1207 1101 1051 106
internal_count=1511 1456 1378 1327 1267 1207 1101 1051 106
is_linear=0
shrinkage=0.05


Tree=201
num_leaves=13
num_cat=0
split_feature=159 123 172 19 109 98 77 183 41 10 10 106
split_gain=0.00218995 0.00256217 0.00196722 0.00480592 0.00325089 0.00225048 0.0026555 0.00178152 0.00213398 0.00211616 0.00237267 0.00161914
threshold=0.77169284224510204 0.026187545619904998 245932744.00000003 0.15946529805660251 0.091227378696203246 1.0847430229187014 0.49843096733093267 -0.021436230279505249 0.51666668057441723 1.0294172167778017 1.0235112905502322 1.0306626558303835
decision_type=2 2 2 2 2 2 2 2 2 2 2 2
left_child=-1 2 4 -4 5 7 -7 8 11 10 -9 -2
right_child=1 -3 3 -5 -6 6 -8 9 -10 -11 -12 -13
leaf_value=0.00030237223972190723 -0.00052451473000509599 -0.0003119829885309615 -6.5803639345655309e-05 0.00049215198331064767 -0.00042040883807931096 0.00033559700753310037 -4.909081538618707e-05 -4.876002493148235e-06 6.2254253941566943e-05 0.00026747111103304634 -0.0003184034031536695 -0.00013340500049459727
leaf_weight=55 51 71 95 65 50 95 85 704 55 64 66 55
leaf_count=55 51 71 95 65 50 95 85 704 55 64 66 55
internal_value=-7.33683e-06 -1.9036e-05 -4.01851e-06 0.000160866 -2.55544e-05 -8.75211e-06 0.000153939 -3.81836e-05 -0.000190457 -8.78798e-06 -3.17498e-05 -0.00032158
internal_weight=1511 1456 1385 160 1225 1175 180 995 161 834 770 106
internal_count=1511 1456 1385 160 1225 1175 180 995 161 834 770 106
is_linear=0
shrinkage=0.05


Tree=202
num_leaves=9
num_cat=0
split_feature=159 123 171 135 6 100 105 37
split_gain=0.00197643 0.00231236 0.00264964 0.00260854 0.0030155 0.00176443 0.00223167 0.00222717
threshold=0.77169284224510204 0.026187545619904998 472452736.00000006 0.79924288392066967 0.63194066286087047 0.87123405933380138 0.94578903913497936 0.72499999403953563
decision_type=2 2 2 2 2 2 2 2
left_child=-1 2 3 -2 5 -5 -7 -8
right_child=1 -3 -4 4 -6 6 7 -9
leaf_value=0.00028725362266413868 -0.00034387359692580937 -0.00029638383570733862 0.00031298185335583103 0.00025817592072093653 0.00033921914590955867 -0.000348057851321452 -4.129239508792075e-05 0.00020737901654546009
leaf_weight=55 59 71 63 54 61 54 995 99
leaf_count=55 59 71 63 54 61 54 995 99
internal_value=-6.96999e-06 -1.80842e-05 -3.81758e-06 -1.89147e-05 -3.73449e-06 -2.1139e-05 -3.42775e-05 -1.87892e-05
internal_weight=1511 1456 1385 1322 1263 1202 1148 1094
internal_count=1511 1456 1385 1322 1263 1202 1148 1094
is_linear=0
shrinkage=0.05


Tree=203
num_leaves=22
num_cat=0
split_feature=158 1 184 86 25 25 71 161 153 77 87 161 172 85 85 110 160 148 124 157 2
split_gain=0.00173765 0.00349052 0.0040198 0.00599433 0.00384208 0.0029432 0.00274683 0.00206077 0.00196892 0.00389797 0.00273067 0.00191501 0.00164013 0.00143493 0.00217964 0.00168431 0.00132331 0.00128599 0.0015125 0.00121451 0.000601291
threshold=1.0398309230804446 0.03081376384943724 -0.023616480641067025 0.60169759392738353 0.72499999403953563 0.47499999403953558 0.55059632658958446 1.1167926192283633 0.56856712698936474 0.52004316449165355 0.27211034297943121 1.6095997691154482 172862984.00000003 -0.07794680073857306 0.41922263801097875 0.032973844558000572 1.4237017035484316 0.80365318059921276 -0.0038697547279298301 0.79804375767707836 -0.22653958946466443
decision_type=2 2 2 2 2 2 2 2 2 2 2 2 2 2 2 2 2 2 2 2 2
left_child=1 12 4 -4 5 -3 7 -2 9 10 16 -10 13 -1 15 -15 -9 -12 -19 -16 -13
right_child=6 2 3 -5 -6 -7 -8 8 11 -11 17 20 -14 14 19 -17 -18 18 -20 -21 -22
leaf_value=-0.00032645365654389026 -0.00033867211975887712 -3.6775406754904796e-05 3.9040387543666712e-05 0.00076125981164079995 -0.00033110739246834642 0.00040760842047334804 -0.00039290924893034491 0.00041429089792645643 -0.00034497878447370102 -0.00031335202072637697 -0.0002081657374748664 0.00010530818783664935 0.00018231263413988265 -4.1978224195337693e-05 -0.00033636272361556102 0.00029920597870634023 0.00010840063499699682 -2.2411514939262698e-05 0.00026466340820311768 -4.3880515315524667e-05 -0.00012965167340683235
leaf_weight=54 51 81 56 59 52 69 57 79 74 66 55 53 66 99 70 57 64 156 65 72 56
leaf_count=54 51 81 56 59 52 69 57 79 74 66 55 53 66 99 70 57 64 156 65 72 56
internal_value=-6.62149e-06 4.84727e-05 0.000173594 0.00040957 3.92504e-05 0.000167641 -5.88048e-05 -3.2318e-05 -8.92873e-06 4.38004e-05 0.000100058 -0.000148675 -4.64157e-05 -8.93022e-05 -4.63285e-05 8.26852e-05 0.000277389 8.18047e-06 6.20223e-05 -0.000188062 -1.54051e-05
internal_weight=1511 735 317 115 202 150 776 719 668 485 419 183 418 352 298 156 143 276 221 142 109
internal_count=1511 735 317 115 202 150 776 719 668 485 419 183 418 352 298 156 143 276 221 142 109
is_linear=0
shrinkage=0.05


Tree=204
num_leaves=10
num_cat=0
split_feature=159 139 127 135 52 154 138 138 169
split_gain=0.00178075 0.00216769 0.0026999 0.00208775 0.0015156 0.00168917 0.00178498 0.00272534 0.00264624
threshold=0.77169284224510204 1.1659298539161684 1.1461386084556582 0.79924288392066967 0.14166667312383655 0.18286813050508502 1.034017086029053 1.0397946238517763 -0.15034764260053632
decision_type=2 2 2 2 2 2 2 2 2
left_child=-1 2 3 -2 5 -5 8 -8 -7
right_child=1 -3 -4 4 -6 6 7 -9 -10
leaf_value=0.00027298850541807371 -0.00030424069860600866 -0.00027326778949361306 0.00035467573861573258 -0.00028529680618868784 0.00024287622203094847 -7.736224793559337e-05 -0.00033220947871479532 -1.9702041124542908e-05 0.0001453532386977266
leaf_weight=55 60 78 51 55 60 214 81 503 354
leaf_count=55 60 78 51 55 60 214 81 503 354
internal_value=-6.29042e-06 -1.68401e-05 -2.32533e-06 -1.60458e-05 -2.39804e-06 -1.45906e-05 -1.66629e-06 -6.30464e-05 6.14428e-05
internal_weight=1511 1456 1378 1327 1267 1207 1152 584 568
internal_count=1511 1456 1378 1327 1267 1207 1152 584 568
is_linear=0
shrinkage=0.05


Tree=205
num_leaves=23
num_cat=0
split_feature=158 68 37 128 161 5 111 173 139 127 182 153 117 157 116 85 159 29 24 11 117 56
split_gain=0.00199039 0.00444923 0.00382242 0.00364197 0.00281202 0.0024231 0.00221621 0.00369383 0.00316124 0.00330217 0.00281649 0.00267481 0.0021247 0.00217824 0.00209467 0.00178717 0.00168506 0.00156534 0.00154151 0.00153492 0.00134286 0.00103119
threshold=1.0398309230804446 0.68628397583961498 0.77500000596046459 1.1973427534103396 1.0897291302680971 0.0035599862458184366 0.043772067874670036 1.1526706814765932 1.1363766789436343 1.0279667973518374 0.020615936256945137 0.27694512903690344 0.060039851814508445 0.79038161039352428 -0.00085595762357115735 0.41922263801097875 0.98850542306900036 0.84999999403953563 0.35000000894069677 0.99100440740585338 0.23709674179553988 0.51161205768585216
decision_type=2 2 2 2 2 2 2 2 2 2 2 2 2 2 2 2 2 2 2 2 2 2
left_child=1 3 6 4 -1 14 10 8 9 -8 17 -11 -7 15 -6 -14 -16 20 -13 -15 -2 -18
right_child=2 -3 -4 -5 5 12 7 -9 -10 11 -12 18 13 19 16 -17 21 -19 -20 -21 -22 -23
leaf_value=0.00030127965121729569 -0.00022527687643368588 0.0005122432554904103 -0.00045366316205925413 0.00044440172269241885 0.00034076151721819771 0.00013171722993402828 0.00027863268465066706 -0.00037568548878686234 0.00035308035835623745 -0.00047559195082416694 0.00039215688180983766 -0.00015357848012284456 -0.00015266644688616057 6.5897367653149647e-05 -0.00019779358583892805 -0.00053545751211155827 -4.5373380297014753e-05 0.00022535277129776899 0.00016123616918570029 -0.00027265305065017089 6.1642020969801786e-05 0.00024296530813016409
leaf_weight=70 76 52 54 50 60 66 54 89 50 51 61 146 62 94 68 60 57 61 53 52 88 68
leaf_count=70 76 52 54 50 60 66 54 89 50 51 61 146 62 94 68 60 57 61 53 52 88 68
internal_value=8.17129e-06 6.58687e-05 -4.77576e-05 3.30378e-05 1.73154e-06 -3.39897e-05 -1.76906e-05 -8.77381e-05 -1.53445e-05 -7.59407e-05 9.08096e-05 -0.000152529 -0.000122404 -0.000184986 8.27316e-05 -0.000340924 2.515e-06 9.111e-06 -6.97334e-05 -5.46822e-05 -7.13204e-05 0.000111483
internal_weight=1542 759 783 707 657 587 729 443 354 304 286 250 334 268 253 122 193 225 199 146 164 125
internal_count=1542 759 783 707 657 587 729 443 354 304 286 250 334 268 253 122 193 225 199 146 164 125
is_linear=0
shrinkage=0.05


Tree=206
num_leaves=16
num_cat=0
split_feature=36 28 153 182 25 155 7 174 72 157 119 134 169 156 30
split_gain=0.00181276 0.00389987 0.00221651 0.00579591 0.00428792 0.00263336 0.0028387 0.00283844 0.0017492 0.00152543 0.00242614 0.00275735 0.00179538 0.00223451 0.00210709
threshold=0.78333333134651195 0.30000000447034841 0.19050116091966632 0.01325682131573558 0.27500000596046453 0.22818531095981601 -0.032621588557958596 24.780550003051761 0.52193495631217968 0.656856268644333 0.19490455836057666 0.97261637449264537 -0.22393633425235746 0.68282964825630199 0.27500000596046453
decision_type=2 2 2 2 2 2 2 2 2 2 2 2 2 2 2
left_child=2 -2 3 -1 -5 -4 7 -7 9 10 11 -8 14 -14 -11
right_child=1 -3 5 4 -6 6 8 -9 -10 12 -12 -13 13 -15 -16
leaf_value=-0.00017608047330668343 0.00011150551755184457 -0.0004950525464390115 -0.00034689915790398309 0.00070099770747564715 0.00010743111692477215 -3.4340382519397229e-06 -0.00054638059749884322 0.00051908646677269264 -0.00025612365669290099 -0.00026890209027738676 9.0633301652030243e-05 -2.3855882143834608e-05 0.00017702627849228796 -2.6767465222595395e-05 2.1810006560721936e-05
leaf_weight=72 53 53 53 58 64 51 51 53 68 89 73 50 306 240 208
leaf_count=72 53 53 53 58 64 51 51 53 68 89 73 50 306 240 208
internal_value=7.76273e-06 -0.000191774 2.24917e-05 0.000179668 0.000389619 -2.05922e-06 1.33121e-05 0.00026285 -1.06068e-05 5.80931e-06 -0.000128977 -0.000287705 3.36299e-05 8.74466e-05 -6.53057e-05
internal_weight=1542 106 1436 194 122 1242 1189 104 1085 1017 174 101 843 546 297
internal_count=1542 106 1436 194 122 1242 1189 104 1085 1017 174 101 843 546 297
is_linear=0
shrinkage=0.05


Tree=207
num_leaves=27
num_cat=0
split_feature=158 68 125 88 91 37 120 111 111 181 70 118 128 19 52 147 97 157 118 52 29 160 16 134 181 107
split_gain=0.00174519 0.00391783 0.00344985 0.00565865 0.00392737 0.00339323 0.00320331 0.00202475 0.00360082 0.00346593 0.00303705 0.00372509 0.00256045 0.00213601 0.00192519 0.00302466 0.00191666 0.00230326 0.00170934 0.00135205 0.00132177 0.00121501 0.00111258 0.00167958 0.00108386 0.000629189
threshold=1.0398309230804446 0.68628397583961498 -0.013989980332553385 0.50757709145545971 0.11198061704635622 0.77500000596046459 0.023930463008582595 0.043772067874670036 0.052757274359464652 0.025272334925830368 0.52431496977806102 0.074609737843275084 1.0687214136123659 0.18853046745061877 -1.0000000180025095e-35 1.1696190834045412 1.0366213321685793 0.99079018831253063 0.16279035061597827 -1.0000000180025095e-35 0.84999999403953563 1.3730479478836062 0.39166666567325598 0.94122394919395458 0.014519839547574522 0.0064682480879127988
decision_type=2 2 2 2 2 2 2 2 2 2 2 2 2 2 2 2 2 2 2 2 2 2 2 2 2 2
left_child=1 2 3 4 -1 7 -6 9 13 20 11 19 -13 -9 18 -16 17 24 -8 -10 22 -14 -2 -24 25 -4
right_child=5 -3 16 -5 6 -7 14 8 10 -11 -12 12 21 -15 15 -17 -18 -19 -20 -21 -22 -23 23 -25 -26 -27
leaf_value=0.00043950731479774484 -0.00023617947802099832 0.00048027201477312837 -0.00013947488238473478 0.00059909770301932108 0.00034169840011236374 -0.00042743536506788119 0.00024024052375446852 -0.00054942032137270352 0.0001127429900225252 0.00043214486101125408 -0.00031011769877155673 0.00020818542087102477 -0.0003783150868360151 -0.00010213551764072869 -0.00047356079236351436 1.8488007051809159e-05 -0.00037763277004705746 0.00024774739281631565 -0.0001525794039720632 0.00047046030964078715 0.00019407899270022644 -4.894686632854116e-05 -0.00017537495476426556 0.00023445172813080719 -0.00024042968897878097 9.9395042295024423e-05
leaf_weight=55 65 52 51 55 50 54 58 56 50 58 65 53 56 51 64 61 50 55 53 56 63 56 50 50 95 60
leaf_count=55 65 52 51 55 50 54 58 56 50 58 65 53 56 51 64 61 50 55 53 56 63 56 50 50 95 60
internal_value=7.37459e-06 6.14013e-05 3.05933e-05 0.000128473 5.25658e-05 -4.49961e-05 -2.1846e-05 -1.66673e-05 -8.36208e-05 8.70404e-05 -3.17728e-06 7.04431e-05 -7.81384e-05 -0.000336228 -9.88681e-05 -0.000233441 -9.40382e-05 -3.97097e-05 5.26779e-05 0.000301726 -7.49346e-07 -0.000213631 -7.51383e-05 2.95384e-05 -0.000116458 -1.0356e-05
internal_weight=1542 759 707 396 341 783 286 729 443 286 336 271 165 107 236 125 311 261 111 106 228 112 165 100 206 111
internal_count=1542 759 707 396 341 783 286 729 443 286 336 271 165 107 236 125 311 261 111 106 228 112 165 100 206 111
is_linear=0
shrinkage=0.05


Tree=208
num_leaves=9
num_cat=0
split_feature=43 102 36 37 123 123 126 131
split_gain=0.00164179 0.00212366 0.00252457 0.00233491 0.00155436 0.00240083 0.00183902 0.0015935
threshold=0.30000000447034841 0.98308134078979503 0.78333333134651195 0.84166666865348827 -0.052649516612291329 -0.040009940043091767 0.031113965436816219 1.0673149824142458
decision_type=2 2 2 2 2 2 2 2
left_child=-1 -2 3 4 -3 -6 7 -7
right_child=1 2 -4 -5 5 6 -8 -9
leaf_value=-0.00018996494146642472 0.0002891564904504256 0.00027982163694961103 -0.00026046749368237738 0.00033688428497713946 -0.00034116593014914547 -0.00020220023989852678 0.00024554325727991984 1.4561572556933321e-05
leaf_weight=99 70 51 83 57 50 93 79 960
leaf_count=99 70 51 83 57 50 93 79 960
internal_value=7.00586e-06 2.05195e-05 6.82346e-06 2.40213e-05 9.558e-06 -2.10312e-06 1.28731e-05 -4.58263e-06
internal_weight=1542 1443 1373 1290 1233 1182 1132 1053
internal_count=1542 1443 1373 1290 1233 1182 1132 1053
is_linear=0
shrinkage=0.05


Tree=209
num_leaves=15
num_cat=0
split_feature=80 140 84 130 170 84 11 107 90 90 85 159 85 47
split_gain=0.00158139 0.00176255 0.00399496 0.00173882 0.00263362 0.00199711 0.00180643 0.00133874 0.00255221 0.0028746 0.00198018 0.00239057 0.0023886 0.00194148
threshold=0.1785666570067406 1.1523174643516543 0.20942853391170504 1.2196047902107241 4522547200.000001 0.60413828492164623 0.96750470995903026 0.016950539313256744 0.31253096461296087 0.45421427488327032 0.46181929111480718 1.1089689135551455 -0.055542800575494759 0.52500000596046459
decision_type=2 2 2 2 2 2 2 2 2 2 2 2 2 2
left_child=1 3 -3 4 6 -5 -1 10 13 -10 12 -12 -8 -9
right_child=-2 2 -4 5 -6 -7 7 8 9 -11 11 -13 -14 -15
leaf_value=0.00026996059430037012 -0.00024283830525895553 0.00038543135983167714 -0.00016846583437690439 -0.00036663483359999113 0.0003428300540752204 4.7687123878858986e-05 -0.00019190877348196608 -0.00017454416181458834 0.00047502643983688802 6.3447141731359319e-05 -0.00044138804020848674 -8.0202876356254467e-05 7.093247983042411e-05 0.00018756601858316857
leaf_weight=59 61 90 51 66 59 52 115 135 59 151 61 184 348 51
leaf_count=59 61 90 51 66 59 52 115 135 59 151 61 184 348 51
internal_value=6.65557e-06 1.69318e-05 0.000185086 -7.61972e-07 1.69371e-05 -0.000184052 4.04259e-07 -1.40014e-05 5.96199e-05 0.000179081 -5.51794e-05 -0.000170131 5.64794e-06 -7.52559e-05
internal_weight=1542 1481 141 1340 1222 118 1163 1104 396 210 708 245 463 186
internal_count=1542 1481 141 1340 1222 118 1163 1104 396 210 708 245 463 186
is_linear=0
shrinkage=0.05


Tree=210
num_leaves=13
num_cat=0
split_feature=88 113 71 61 135 86 151 85 45 161 161 36
split_gain=0.00244483 0.00257042 0.00264687 0.00246653 0.00413383 0.00363031 0.00342132 0.00191273 0.00181778 0.00167281 0.00187102 0.00160314
threshold=0.88478887081146251 0.0034856179263442759 0.5322636365890504 0.42490656673908239 0.87829434871673595 0.3653652966022492 0.54795071482658397 0.77989301085472118 0.67499998211860668 1.2290149331092837 1.5147513747215273 -0.84999999403953541
decision_type=2 2 2 2 2 2 2 2 2 2 2 2
left_child=1 3 9 5 -5 -1 -6 8 11 -3 -11 -8
right_child=-2 2 -4 4 6 -7 7 -9 -10 10 -12 -13
leaf_value=-8.1785428440472231e-05 0.00030077236040211357 -0.00030588201303908137 -0.00044565266317909312 -0.00044863615874098339 0.00040378191998175715 0.00039469331350306845 0.00015595648577598493 0.00028935155896582656 -0.00023482090427737556 0.00024660918063825209 -0.00014585056429496034 -3.2336864079500649e-05
leaf_weight=68 66 50 61 51 53 97 135 51 93 57 65 695
leaf_count=68 66 50 61 51 53 97 135 51 93 57 65 695
internal_value=3.04211e-06 -1.0271e-05 -0.000162672 1.82964e-05 -9.25919e-06 0.000198326 1.25599e-05 -8.72835e-06 -2.51986e-05 -6.2312e-05 3.75118e-05 -1.71084e-06
internal_weight=1542 1476 233 1243 1078 165 1027 974 923 172 122 830
internal_count=1542 1476 233 1243 1078 165 1027 974 923 172 122 830
is_linear=0
shrinkage=0.05


Tree=211
num_leaves=16
num_cat=0
split_feature=129 128 182 78 123 1 157 181 117 91 5 94 110 125 10
split_gain=0.00151944 0.00223637 0.00205453 0.00401347 0.00325226 0.00315312 0.00475543 0.00338451 0.00434978 0.00291531 0.00163343 0.00185991 0.00140311 0.00152592 0.00189012
threshold=1.2677587270736697 1.2050178647041323 0.029397942125797275 0.11121971532702447 -0.040009940043091767 0.033620072528719909 0.71315234899520885 0.019581562839448455 0.19551922380924228 0.53915876150131237 0.0091581647284328955 0.11617722362279893 0.053089758381247527 -0.041354097425937646 1.0187976956367495
decision_type=2 2 2 2 2 2 2 2 2 2 2 2 2 2 2
left_child=1 2 5 4 -4 10 -7 -8 -9 -6 12 -12 13 -1 -15
right_child=-2 -3 3 -5 9 6 7 8 -10 -11 11 -13 -14 14 -16
leaf_value=0.00017476436117029717 -0.00023182511707118744 0.00034206516438280236 -0.00036123762665038863 -0.00051508300925631354 0.00029091380348477124 0.00056125572466865579 -0.00017069347548790071 0.00051061095993048438 -5.9134721758804958e-05 -0.00017349470292908351 -1.4155558687569182e-05 0.00037942890896654441 -0.00024220011800935026 -3.4050762290803744e-06 -0.00021979050457616723
leaf_weight=87 66 50 52 53 83 62 90 67 67 57 71 52 80 477 128
leaf_count=87 66 50 52 53 83 62 90 67 67 57 71 52 80 477 128
internal_value=2.89e-06 1.33854e-05 1.86086e-06 -0.000129907 -2.35818e-05 2.91962e-05 0.000173722 6.64576e-05 0.000225738 0.000101833 -1.69873e-05 0.000152238 -4.39494e-05 -2.10302e-05 -4.91858e-05
internal_weight=1542 1476 1426 245 192 1181 286 224 134 140 895 123 772 692 605
internal_count=1542 1476 1426 245 192 1181 286 224 134 140 895 123 772 692 605
is_linear=0
shrinkage=0.05


Tree=212
num_leaves=13
num_cat=0
split_feature=88 113 150 139 179 150 151 151 181 181 156 21
split_gain=0.00218435 0.00224748 0.0025244 0.00228661 0.00321175 0.00186811 0.00172482 0.00189331 0.00172747 0.00263003 0.00166822 0.00145363
threshold=0.88478887081146251 0.0034856179263442759 0.82163539528846752 1.0073215961456301 9.2194271087646502 1.0169952511787417 0.54795071482658397 0.71488913893699657 0.041936092078685767 0.035119788721203811 0.45997120440006262 0.60092520713806163
decision_type=2 2 2 2 2 2 2 2 2 2 2 2
left_child=1 3 -3 4 -1 -4 -5 -8 9 10 -9 -7
right_child=-2 2 5 6 -6 11 7 8 -10 -11 -12 -13
leaf_value=0.00053052658389788124 0.00028416894671284934 -0.00038888964368915803 0.00021081179502645825 0.00026067227656061858 -7.4078025963072755e-07 1.7486704382463359e-05 -0.00031658137147543117 0.00013620062155395216 0.00025136403507619229 -0.00034730569901073288 -3.402936067587071e-05 -0.00035342560768185653
leaf_weight=50 66 76 51 58 66 56 51 180 62 58 718 50
leaf_count=50 66 76 51 58 66 56 51 180 62 58 718 50
internal_value=2.7455e-06 -9.83847e-06 -0.000152344 1.68742e-05 0.000228254 -3.78384e-05 -4.88269e-06 -1.92907e-05 -4.39698e-06 -2.0984e-05 9.2462e-08 -0.000157472
internal_weight=1542 1476 233 1243 116 157 1127 1069 1018 956 898 106
internal_count=1542 1476 233 1243 116 157 1127 1069 1018 956 898 106
is_linear=0
shrinkage=0.05


Tree=213
num_leaves=20
num_cat=0
split_feature=122 0 91 85 116 122 1 10 35 109 154 113 111 40 111 154 119 31 99
split_gain=0.00143993 0.00227362 0.00428825 0.00205648 0.00259342 0.00234857 0.00225997 0.00213162 0.00403127 0.00196184 0.00178641 0.00228949 0.00161684 0.00145626 0.00166398 0.00163765 0.00145269 0.00115802 0.000545913
threshold=0.019856104627251629 0.016597516834735874 0.36139224469661718 0.42840825021266943 0.0031896713189780716 -0.011124629992991684 0.033743795007467277 1.0294172167778017 -0.37499999999999994 0.018220717087388042 0.42437130212783819 -0.0040564774535596362 0.079012285917997374 0.32500000298023229 0.02552648447453976 0.37626497447490698 0.20058912038803103 0.11666667088866235 1.0091689229011538
decision_type=2 2 2 2 2 2 2 2 2 2 2 2 2 2 2 2 2 2 2
left_child=1 3 -3 7 5 -5 9 12 -9 -7 -6 17 13 -1 18 -16 -11 -12 -15
right_child=-2 2 -4 4 10 6 -8 8 -10 16 11 -13 -14 14 15 -17 -18 -19 -20
leaf_value=-0.00014527849914455817 -0.00021108144963606417 -8.6949017014407661e-05 0.00051117434622644778 -0.00042265366000577843 -0.00018646785598214004 0.0001104885082833974 0.00020423021573892416 -2.3988181055756286e-05 0.00055004141337887727 -0.00031297880583660003 0.00019150437056284647 0.00042986640408914766 -0.00022400385050787009 -0.00020203745869886398 0.000245236374960796 2.6276459233599137e-05 -6.0383879223847646e-05 -0.00013456392867478177 2.5265762102208105e-05
leaf_weight=87 75 58 62 64 51 59 54 66 57 142 53 51 64 56 165 177 95 56 50
leaf_count=87 75 58 62 64 51 59 54 66 57 142 53 51 64 56 165 177 95 56 50
internal_value=2.60823e-06 1.35331e-05 0.000222081 -5.04586e-06 -7.14473e-05 -0.00014416 -9.32349e-05 5.24346e-05 0.000242026 -0.000147502 7.12203e-05 0.000153358 1.35036e-05 4.19157e-05 7.82681e-05 0.000131915 -0.000211728 2.3983e-05 -9.4819e-05
internal_weight=1542 1467 120 1347 625 414 350 722 123 296 211 160 599 535 448 342 237 109 106
internal_count=1542 1467 120 1347 625 414 350 722 123 296 211 160 599 535 448 342 237 109 106
is_linear=0
shrinkage=0.05


Tree=214
num_leaves=12
num_cat=0
split_feature=88 98 56 135 181 72 136 170 69 108 113
split_gain=0.00194023 0.00207974 0.00216569 0.00226177 0.00237907 0.00129814 0.00394049 0.00408019 0.00255664 0.00157319 0.00150454
threshold=0.88478887081146251 0.89529165625572216 0.65060797333717357 0.84174376726150524 0.041936092078685767 0.51326024532318126 0.89946717023849498 761431488.00000012 0.62472274899482738 0.050074668601155288 -0.0019298233091831205
decision_type=2 2 2 2 2 2 2 2 2 2 2
left_child=1 -1 3 -3 5 8 10 -8 9 -5 -7
right_child=-2 2 -4 4 -6 6 7 -9 -10 -11 -12
leaf_value=-0.00031997049719883277 0.00026770977189120127 -0.00029382002289618069 0.00030672248207598129 5.199737912640746e-07 0.00033544463913480851 -0.00029686826579426506 1.9450940000648908e-05 0.00064911031895462665 -0.00037808230411553502 -0.00027237141977301299 7.1669622684567003e-05
leaf_weight=52 66 67 56 928 52 53 53 50 51 56 58
leaf_count=52 66 67 56 928 52 53 53 50 51 56 58
internal_value=2.47782e-06 -9.38215e-06 1.95956e-06 -1.05161e-05 4.07371e-06 -9.72236e-06 0.00010238 0.000325111 -3.29009e-05 -1.50104e-05 -0.000104299
internal_weight=1542 1476 1424 1368 1301 1249 214 103 1035 984 111
internal_count=1542 1476 1424 1368 1301 1249 214 103 1035 984 111
is_linear=0
shrinkage=0.05


Tree=215
num_leaves=12
num_cat=0
split_feature=155 74 133 133 106 181 156 4 62 37 91
split_gain=0.00192592 0.00329974 0.00179433 0.00165649 0.0018357 0.00249571 0.00401686 0.00210185 0.00161784 0.00220876 0.00152452
threshold=0.17354632914066317 0.35570390522480017 0.88903635740280162 0.9162898361682893 0.91774854063987743 0.030489196069538597 0.46616567671298986 0.23746867477893832 0.42942631244659429 0.4916666597127915 0.43397690355777746
decision_type=2 2 2 2 2 2 2 2 2 2 2
left_child=-1 -2 -3 -4 7 8 -7 -5 10 -10 -6
right_child=1 2 3 4 5 6 -8 -9 9 -11 -12
leaf_value=-0.00027433547763427703 0.00034829939556060147 -0.00027054443780798464 0.00027164667926058431 5.129927308189508e-05 1.3867254540056104e-05 -0.00011036948287385582 0.00042673203277682545 -0.00033760112714605246 1.1334085570401049e-05 -0.00022084086472090302 0.00037209471566139083
leaf_weight=54 77 54 64 64 66 56 92 76 736 119 54
leaf_count=54 77 54 64 64 66 56 92 76 736 119 54
internal_value=1.88857e-05 2.97458e-05 1.19843e-05 2.34813e-05 1.0906e-05 3.21895e-05 0.000223504 -0.000159818 3.1489e-06 -2.09803e-05 0.00017507
internal_weight=1512 1458 1381 1327 1263 1123 148 140 975 855 120
internal_count=1512 1458 1381 1327 1263 1123 148 140 975 855 120
is_linear=0
shrinkage=0.05


Tree=216
num_leaves=17
num_cat=1
split_feature=155 69 182 62 113 34 31 32 120 186 37 153 32 120 153 47
split_gain=0.00173815 0.00297996 0.00170654 0.00141955 0.002549 0.00221611 0.00371458 0.0029655 0.00273078 0.00439151 0.00350433 0.00275471 0.00258965 0.00216908 0.00209835 0.00183215
threshold=0.17354632914066317 0.64691564440727245 0.045180266723036773 0.40906348824501043 0.0026365533703938131 -0.15000000223517415 0.28333334624767309 0.35833333432674414 0.12325255945324899 0 0.10833333432674409 0.49824492633342748 0.77500000596046459 0.13278983533382419 0.22568124532699588 0.52500000596046459
decision_type=2 2 2 2 2 2 2 2 2 1 2 2 2 2 2 2
left_child=-1 2 3 4 -2 8 7 -7 9 10 -5 14 13 -8 -10 -11
right_child=1 -3 -4 5 -6 6 12 -9 11 15 -12 -13 -14 -15 -16 -17
leaf_value=-0.00026061870937863001 1.8395354282833508e-06 0.0003330785793901956 -0.00027234753352411859 0.00069451955427853951 0.00043432296578040612 -0.00056713408217331303 0.0004121865103952587 -0.0001068479097823932 -0.00016844624988535592 -0.00013986250418990192 0.00019787096194067222 -0.0002877575253395745 -0.00022206498595349127 1.6658342803920625e-05 0.0001121671350894774 0.00014004543995006796
leaf_weight=54 87 76 51 51 56 59 50 86 95 120 117 88 72 113 223 114
leaf_count=54 87 76 51 51 56 59 50 86 95 120 117 88 72 113 223 114
internal_value=1.79414e-05 2.82585e-05 1.14956e-05 2.23716e-05 0.000171204 4.45665e-06 -9.51231e-05 -0.000294137 5.12887e-05 0.000143664 0.000329053 -4.01768e-05 2.76725e-05 0.000137986 2.83361e-05 -3.35377e-06
internal_weight=1512 1458 1382 1331 143 1188 380 145 808 402 168 406 235 163 318 234
internal_count=1512 1458 1382 1331 143 1188 380 145 808 402 168 406 235 163 318 234
cat_boundaries=0 1
cat_threshold=536
is_linear=0
shrinkage=0.05


Tree=217
num_leaves=18
num_cat=1
split_feature=10 10 166 37 70 172 27 186 182 153 86 118 133 108 175 174 129
split_gain=0.00150587 0.00284682 0.00201801 0.00270402 0.00411688 0.00255245 0.0022945 0.00226221 0.00432763 0.00411631 0.00175271 0.00184482 0.00199014 0.00175376 0.00158407 0.00263407 0.00162697
threshold=1.0527957677841189 1.0427047014236452 65.933860778808608 0.69166666269302379 0.52242195606231701 66147410.000000007 0.52500000596046459 0 0.020979866385459903 0.25170314311981207 0.033105526119470603 0.046034604310989387 0.98283937573432933 0.027982801198959354 53.992832183837898 65.485031127929702 1.0555699467658999
decision_type=2 2 2 2 2 2 2 1 2 2 2 2 2 2 2 2 2
left_child=1 2 3 6 5 -5 7 8 9 -1 -8 13 -13 -12 16 -16 -9
right_child=-2 -3 -4 4 -6 -7 10 14 -10 -11 11 12 -14 -15 15 -17 -18
leaf_value=0.00042266677854272799 0.00027386910763611513 -0.00028454843835144073 -0.00028774822765262803 -0.00020403552574862262 0.0006005969484748694 0.00030118223832687363 -0.00032049396074646875 -0.00023660828221609871 0.00052527107325399164 -0.00012318610602901189 -6.9768222543643792e-05 -0.00021904383658075634 7.5189523793394781e-05 0.00034695338356191226 0.00039692150153011123 -8.4431542954580105e-05 8.4018027637706896e-06
leaf_weight=51 55 79 50 50 51 50 66 85 70 107 50 159 90 51 60 54 334
leaf_count=51 55 79 50 50 51 50 66 85 70 107 50 159 90 51 60 54 334
internal_value=1.70444e-05 7.34955e-06 2.40839e-05 3.58246e-05 0.000235018 4.85734e-05 1.02695e-05 6.18851e-05 0.000189681 5.30069e-05 -8.41522e-05 -3.95849e-05 -0.000112694 0.000140656 3.59205e-06 0.000168912 -4.13019e-05
internal_weight=1512 1457 1378 1328 151 100 1177 761 228 158 416 350 249 101 533 114 419
internal_count=1512 1457 1378 1328 151 100 1177 761 228 158 416 350 249 101 533 114 419
cat_boundaries=0 1
cat_threshold=536
is_linear=0
shrinkage=0.05


Tree=218
num_leaves=17
num_cat=0
split_feature=155 1 135 56 86 71 71 137 108 75 136 89 170 80 87 152
split_gain=0.00152887 0.00264075 0.00230673 0.00246593 0.00182562 0.00453037 0.00191464 0.00220307 0.00166352 0.00155475 0.00209856 0.00250134 0.00238318 0.00273645 0.00226528 0.00136156
threshold=0.17354632914066317 0.065344739705324187 0.86196658015251171 0.57318696379661571 0.63537245988845836 0.50881099700927745 0.42526537179946905 1.0397611856460574 0.042544296011328704 0.57235077023506176 0.82338237762451183 -0.084094062447547899 2459345280.0000005 0.02721291966736317 0.33837361633777624 0.21186003088951114
decision_type=2 2 2 2 2 2 2 2 2 2 2 2 2 2 2 2
left_child=-1 2 3 -2 9 6 -6 15 -5 10 11 -4 13 -12 -14 -8
right_child=1 -3 4 8 5 -7 7 -9 -10 -11 12 -13 14 -15 -16 -17
leaf_value=-0.00024506078955676422 -0.00044902955576687354 0.00033991658797276618 -0.00043432237912011416 0.00013794238556228165 0.00029755678743209786 0.0005310059530893341 -0.00032705154681025308 0.00023277679504611081 -0.00024830734112765642 0.00023445666683793813 0.00015173723929510217 -1.5720820408395687e-05 9.5676543205627245e-05 -6.8656841492592311e-05 -0.00032845809822902084 1.6122848045188883e-06
leaf_weight=54 52 64 61 63 57 60 58 54 50 66 345 86 50 238 85 69
leaf_count=54 52 64 61 63 57 60 58 54 50 66 345 86 50 238 85 69
internal_value=1.61922e-05 2.58682e-05 1.14499e-05 -0.000164088 3.50168e-05 0.000142729 4.48443e-05 -3.47392e-05 -3.29646e-05 5.39627e-07 -1.73084e-05 -0.000189426 1.79302e-05 6.1765e-05 -0.000171371 -0.000148486
internal_weight=1512 1458 1394 165 1229 298 238 181 113 931 865 147 718 583 135 127
internal_count=1512 1458 1394 165 1229 298 238 181 113 931 865 147 718 583 135 127
is_linear=0
shrinkage=0.05


Tree=219
num_leaves=14
num_cat=0
split_feature=122 1 80 121 140 170 170 109 144 22 136 109 111
split_gain=0.00146776 0.00180046 0.0018504 0.00183886 0.00245438 0.00259361 0.00196196 0.00184998 0.00182894 0.00194518 0.0018051 0.00154114 0.00147426
threshold=0.023763970471918586 0.068224642425775542 0.1119515784084797 0.025917960330843929 1.1678859591484072 4004159360.0000005 3311423232.0000005 0.019520873203873638 0.98962610960006725 0.10298701003193857 0.92851445078849804 0.021570747718214992 0.047769401222467429
decision_type=2 2 2 2 2 2 2 2 2 2 2 2 2
left_child=1 2 3 6 5 7 8 10 -1 -10 -5 -9 -4
right_child=-2 -3 12 4 -6 -7 -8 11 9 -11 -12 -13 -14
leaf_value=0.00021627184571371529 -0.00023817112759306013 0.00031679031848861819 -9.3814189670813554e-06 0.00032622980148383848 0.00034553432571036476 0.00032813035179262649 -0.00036652900027827576 -0.00028724038451260781 8.7609502569600744e-05 -0.00031113377538696861 3.6786734855030874e-05 -3.9597704679939731e-06 -0.00036809168261781993
leaf_weight=57 55 51 61 82 70 72 52 52 57 66 157 626 54
leaf_count=57 55 51 61 82 70 72 52 52 57 66 157 626 54
internal_value=1.53825e-05 2.49539e-05 1.43681e-05 3.14878e-05 5.94182e-05 3.91673e-05 -9.60047e-05 1.64788e-05 -1.78533e-05 -0.00012635 0.000136094 -2.56863e-05 -0.000177819
internal_weight=1512 1457 1406 1291 1059 989 232 917 180 123 239 678 115
internal_count=1512 1457 1406 1291 1059 989 232 917 180 123 239 678 115
is_linear=0
shrinkage=0.05


Tree=220
num_leaves=14
num_cat=0
split_feature=122 0 79 73 149 150 76 161 117 151 155 72 144
split_gain=0.00228914 0.00155438 0.00428224 0.00177498 0.00141062 0.00149196 0.00157102 0.00218874 0.00285801 0.00172275 0.00260812 0.00181418 0.00117281
threshold=0.019856104627251629 0.016597516834735874 0.086485002189874663 0.24973046034574511 0.59099584817886364 0.7091147005558015 0.51177725195884716 1.5583663582801821 0.021816169843077663 1.5728139877319338 0.36023947596549993 0.48773723840713507 0.9047241508960725
decision_type=2 2 2 2 2 2 2 2 2 2 2 2 2
left_child=1 3 -3 -1 -5 -6 7 8 -7 10 -8 -11 -9
right_child=-2 2 -4 4 5 6 9 12 -10 11 -12 -13 -14
leaf_value=-0.00025880488465190865 -0.00026724050913787918 -0.00015571434970462923 0.00043384864483544207 0.00025590905619846696 -0.00024859971425507491 -0.00017740779200240092 9.8918178843231664e-05 -0.0002590470219158805 0.00023535596568670652 -0.00011598405329916604 -0.00021315953589421885 0.00012691022255195293 1.6508531447722572e-05
leaf_weight=68 81 55 70 53 61 51 93 51 236 123 239 205 159
leaf_count=68 81 55 70 53 61 51 93 51 236 123 239 205 159
internal_value=-8.49645e-06 5.81931e-06 0.000174441 -9.92207e-06 3.39346e-06 -7.5945e-06 5.11192e-06 7.22529e-05 0.000162008 -4.54472e-05 -0.00012574 3.58249e-05 -5.04121e-05
internal_weight=1545 1464 125 1339 1271 1218 1157 497 287 660 332 328 210
internal_count=1545 1464 125 1339 1271 1218 1157 497 287 660 332 328 210
is_linear=0
shrinkage=0.05


Tree=221
num_leaves=14
num_cat=0
split_feature=122 127 2 120 149 0 1 177 174 1 169 115 149
split_gain=0.00206595 0.00170442 0.00446244 0.00261693 0.00207398 0.00233786 0.00261161 0.00169686 0.00232497 0.00311488 0.00207197 0.00180361 0.00148603
threshold=0.019856104627251629 1.1105496883392336 -0.3372481763362884 0.085969440639019026 0.52099210023880016 0.021318149752914909 0.04879009164869786 180.24796295166018 11.43321466445923 0.037120806053280837 -0.28305733203887934 -0.0018008699989877639 1.0057835578918459
decision_type=2 2 2 2 2 2 2 2 2 2 2 2 2
left_child=1 4 3 -3 -1 6 7 10 11 -10 -6 -9 -12
right_child=-2 2 -4 -5 5 -7 -8 8 9 -11 12 -13 -14
leaf_value=-0.00030647784799933513 -0.00025387848528888208 0.00024164120859495599 0.0005456559777467549 -0.00022147215312909782 -0.00029087002564123847 0.00028668031889863605 -0.00036692688268422173 -0.00035268731007818136 5.4883448323893685e-05 0.00045872034794949699 -0.00019000012775626491 4.5070954314596429e-05 3.6434344461314606e-05
leaf_weight=58 81 56 51 67 89 67 51 57 482 53 98 57 278
leaf_count=58 81 56 51 67 89 67 51 57 482 53 98 57 278
internal_value=-8.07163e-06 5.52834e-06 0.000152424 -1.06238e-05 -1.42855e-05 -5.29642e-07 -1.70473e-05 -1.02947e-06 5.12047e-05 9.48897e-05 -7.39327e-05 -0.000153808 -2.25832e-05
internal_weight=1545 1464 174 123 1290 1232 1165 1114 649 535 465 114 376
internal_count=1545 1464 174 123 1290 1232 1165 1114 649 535 465 114 376
is_linear=0
shrinkage=0.05


Tree=222
num_leaves=24
num_cat=0
split_feature=12 21 20 182 182 150 70 119 181 153 160 97 117 70 71 32 160 121 145 151 146 111 151
split_gain=0.00182613 0.00403101 0.00375606 0.00249744 0.00413313 0.00491268 0.00293552 0.00237047 0.00226021 0.00233022 0.00226519 0.00209649 0.00205917 0.00200305 0.00184908 0.0018317 0.0015293 0.00141054 0.00136659 0.00117485 0.00103699 0.00094997 0.000751545
threshold=0.18021924048662188 0.71206408739089977 0.58368793129920971 0.019111171364784244 0.024462482891976837 1.2345602512359621 0.54001936316490184 0.31119377911090856 0.012772705871611835 0.22568124532699588 1.1332714557647707 1.026187062263489 0.071196172386407866 0.53784289956092846 0.49799460172653204 0.041666667908430106 1.2716647982597353 0.12758192420005801 1.0005766153335574 1.5889695882797243 0.98248630762100231 0.088069528341293349 1.2535099387168886
decision_type=2 2 2 2 2 2 2 2 2 2 2 2 2 2 2 2 2 2 2 2 2 2 2
left_child=3 2 12 8 5 -5 7 15 9 17 -10 -12 16 14 19 -6 -2 -1 20 22 -11 -17 -14
right_child=1 -3 -4 4 6 -7 -8 -9 10 18 11 -13 13 -15 -16 21 -18 -19 -20 -21 -22 -23 -24
leaf_value=-0.00032992014536284843 0.00024654367976915595 -0.00050909102929290386 0.00037287710534656071 0.00065274750628084425 -0.00040627799280297376 9.2371856347502526e-05 0.00029960282169186569 0.00018637838348065721 -0.00042189887278558071 0.00019324247976848193 -0.0002207283155579294 0.00012344733463123703 -0.0001542974963085726 -0.00040999206761625827 0.0001022585085593164 -0.00019476857134057875 -0.00011660115272388793 4.3806274690866184e-05 0.00031836999566279135 -3.6758891114914155e-05 -0.00011531695645831894 8.322301175212488e-05 -0.00042579192128099617
leaf_weight=50 69 50 50 66 55 96 68 65 60 56 99 80 50 60 85 63 50 51 77 80 53 60 52
leaf_count=50 69 50 50 66 55 96 68 65 60 56 99 80 50 60 85 63 50 51 77 80 53 60 52
internal_value=-7.66805e-06 -8.1197e-05 -3.80625e-05 3.25189e-05 0.000115886 0.000320673 9.21305e-06 -7.20483e-05 -4.24484e-05 5.21337e-05 -0.000156026 -6.69068e-05 -8.4132e-05 -0.000148943 -9.02801e-05 -0.000166418 9.39618e-05 -0.000141207 0.00015712 -0.000180202 4.3209e-05 -5.91629e-05 -0.000292706
internal_weight=1545 546 496 999 473 162 311 243 526 287 239 179 446 327 267 178 119 101 186 182 109 123 102
internal_count=1545 546 496 999 473 162 311 243 526 287 239 179 446 327 267 178 119 101 186 182 109 123 102
is_linear=0
shrinkage=0.05


Tree=223
num_leaves=14
num_cat=0
split_feature=122 127 18 120 149 0 1 177 180 72 169 161 150
split_gain=0.00185358 0.00150526 0.00432578 0.00276777 0.00188526 0.0021051 0.00234717 0.00150506 0.00217518 0.00278957 0.00183375 0.00177624 0.00152208
threshold=0.019856104627251629 1.1105496883392336 0.085410334169864668 0.085969440639019026 0.52099210023880016 0.021318149752914909 0.04879009164869786 180.24796295166018 323.27389526367193 0.48204711079597479 -0.28305733203887934 1.405122756958008 0.86102002859115612
decision_type=2 2 2 2 2 2 2 2 2 2 2 2 2
left_child=1 4 3 -3 -1 6 7 10 11 -10 -6 -9 -12
right_child=-2 2 -4 -5 5 -7 -8 8 9 -11 12 -13 -14
leaf_value=-0.00029160412534487288 -0.00024011504724386317 0.00025100387233228851 0.00051528279687368514 -0.00023358029639519587 -0.00027314154459632807 0.00027262999782266633 -0.00034727484907146874 0.00043856088312419037 -0.00025826140752007419 5.4737619635264696e-05 -0.00027470034167659013 6.1910926481633567e-05 1.9102656882471192e-05
leaf_weight=58 81 52 54 68 89 67 51 58 85 438 51 68 325
leaf_count=58 81 52 54 68 89 67 51 58 85 438 51 68 325
internal_value=-7.28464e-06 5.59737e-06 0.000143644 -2.35938e-05 -1.30228e-05 9.2186e-08 -1.55817e-05 -3.96427e-07 4.87971e-05 3.8678e-06 -6.90558e-05 0.000235289 -2.07483e-05
internal_weight=1545 1464 174 120 1290 1232 1165 1114 649 523 465 126 376
internal_count=1545 1464 174 120 1290 1232 1165 1114 649 523 465 126 376
is_linear=0
shrinkage=0.05


Tree=224
num_leaves=13
num_cat=0
split_feature=122 127 51 149 149 0 1 179 10 76 169 69
split_gain=0.00167286 0.00135849 0.00395982 0.00329731 0.00170145 0.00189985 0.00211832 0.00172334 0.00184412 0.00164518 0.00150689 0.00138207
threshold=0.019856104627251629 1.1105496883392336 0.050000002607703216 1.0239300727844241 0.52099210023880016 0.021318149752914909 0.04879009164869786 4.7123992443084726 1.0295470952987673 0.51584932208061229 -0.28305733203887934 0.55360087752342235
decision_type=2 2 2 2 2 2 2 2 2 2 2 2
left_child=1 4 3 -3 -1 6 7 10 9 -9 -6 -12
right_child=-2 2 -4 -5 5 -7 -8 8 -10 -11 11 -13
leaf_value=-0.00027702391825155714 -0.00022810929921781933 0.00020442002361354146 0.00044916999124211543 -0.0003453553952203947 -0.00027546461477868434 0.00025899849898627534 -0.0003299111065251625 0.00011084863493261022 0.00027879271345392971 -5.3641030956872567e-05 1.4038008173929978e-05 -0.00024376154422043328
leaf_weight=58 81 60 64 50 80 67 51 273 77 343 277 64
leaf_count=58 81 60 64 50 80 67 51 273 77 343 277 64
internal_value=-6.92041e-06 5.3175e-06 0.000136462 -4.54779e-05 -1.23717e-05 8.75778e-08 -1.48026e-05 -3.76604e-07 4.8095e-05 1.92578e-05 -8.01648e-05 -3.43467e-05
internal_weight=1545 1464 174 110 1290 1232 1165 1114 693 616 421 341
internal_count=1545 1464 174 110 1290 1232 1165 1114 693 616 421 341
is_linear=0
shrinkage=0.05


Tree=225
num_leaves=17
num_cat=0
split_feature=85 69 70 160 141 146 155 143 125 135 125 73 57 18 175 154
split_gain=0.00133743 0.00283447 0.00183773 0.00225153 0.00145962 0.00158739 0.00251178 0.00234229 0.00210319 0.00339166 0.00195324 0.0022691 0.00185317 0.00171079 0.0016135 0.00148664
threshold=0.8019811511039735 0.5029817819595338 0.55602422356605541 1.2131786942481997 0.95768791437149059 0.96806129813194286 0.26545104384422308 1.0303522944450381 -0.067696742713451372 0.88015490770339977 -0.040084723383188241 0.47381566464900976 0.56608146429061901 0.15129714459180835 24.982317924499515 0.38867667317390447
decision_type=2 2 2 2 2 2 2 2 2 2 2 2 2 2 2 2
left_child=2 -2 4 -4 -1 7 -7 8 -6 -10 15 14 -11 -13 -12 -8
right_child=1 -3 3 -5 5 6 10 -9 9 12 11 13 -14 -15 -16 -17
leaf_value=0.00022670714464291688 -3.5078294212535884e-05 0.0004471783781191334 7.2394960272290258e-05 -0.00034783153280680865 0.00023560339660247021 0.00035469968481604956 0.00035990011993788126 -0.00035801860730215495 -0.00041620564518398757 -0.00010137596495877034 -3.8278865257311602e-05 -0.00012340276803833581 0.00012581034594648014 0.00011581884251921819 -0.00038924172041543691 2.7982050586787584e-05
leaf_weight=69 78 50 51 85 63 59 62 63 62 244 66 114 142 217 65 74
leaf_count=69 78 50 51 85 63 59 62 63 62 244 66 114 142 217 65 74
internal_value=-1.564e-06 0.000153303 -1.53683e-05 -0.000190247 2.92664e-06 -9.6167e-06 4.34542e-05 -7.03616e-05 -3.48971e-05 -7.29362e-05 1.2746e-05 -3.62821e-05 -1.77997e-05 3.34283e-05 -0.000212421 0.000179298
internal_weight=1564 128 1436 136 1300 1231 657 574 511 448 598 462 386 331 131 136
internal_count=1564 128 1436 136 1300 1231 657 574 511 448 598 462 386 331 131 136
is_linear=0
shrinkage=0.05


Tree=226
num_leaves=16
num_cat=0
split_feature=173 123 119 181 118 118 69 120 85 22 71 85 156 10 10
split_gain=0.00122183 0.00189356 0.00384445 0.00180266 0.00113839 0.0016102 0.00229524 0.00151417 0.00118507 0.00196297 0.00181501 0.00135877 0.00117878 0.000705868 0.000968751
threshold=1.5301266312599184 -0.040009940043091767 0.089016836136579527 0.03890978358685971 0.018251199275255207 0.059541746973991401 0.52675879001617443 0.020957188680768016 -0.28687216341495508 0.11379705369472505 0.47186090052127844 0.51696982979774486 0.61116477847099315 1.0086368322372439 1.0221948623657229
decision_type=2 2 2 2 2 2 2 2 2 2 2 2 2 2 2
left_child=1 2 -1 4 7 6 12 -3 -7 10 -10 -11 -6 -9 -15
right_child=-2 3 -4 -5 5 8 -8 13 9 11 -12 -13 -14 14 -16
leaf_value=0.00011464607399168679 0.00022784571291205275 -0.00031535229040494578 -0.00044574591327651382 0.00021462441152309732 -0.00017426204532692386 -0.00025193461808478739 0.00034569467943920581 -0.00016995997393643429 0.00039807906206179821 1.4375822405350101e-05 1.5763327786360961e-06 -0.00014182727485360425 0.00011950635893830016 0.00014542349964381758 -0.00012440284257975471
leaf_weight=55 56 63 69 97 53 51 81 65 54 417 62 209 96 78 58
leaf_count=55 56 63 69 97 53 51 81 65 54 417 62 209 96 78 58
internal_value=-1.4858e-06 -1.00021e-05 -0.000197185 6.76863e-06 -8.89726e-06 1.49913e-05 0.00013147 -0.000101466 -1.87917e-05 -2.76709e-06 0.000186155 -3.77751e-05 1.50116e-05 -3.44265e-05 3.03505e-05
internal_weight=1564 1508 124 1384 1287 1023 230 264 793 742 116 626 149 201 136
internal_count=1564 1508 124 1384 1287 1023 230 264 793 742 116 626 149 201 136
is_linear=0
shrinkage=0.05


Tree=227
num_leaves=22
num_cat=0
split_feature=26 178 178 104 91 48 36 28 123 1 32 11 151 7 143 105 56 74 111 25 117
split_gain=0.00117141 0.00286771 0.00399576 0.00285284 0.0021764 0.00184926 0.00169995 0.00287613 0.0022237 0.00224327 0.00198185 0.00171838 0.00310345 0.00599966 0.00204135 0.00176058 0.00192776 0.00118523 0.00115891 0.00161571 0.000748466
threshold=0.28333334624767309 -25.548867225646969 -6.6560356616973868 1.0229449868202212 0.029329626820981506 -0.50000001490116108 0.78333333134651195 0.30000000447034841 0.015598539263010027 0.054135462269186981 0.37500000000000006 0.99081683158874523 0.91668379306793224 0.0015092303510755303 1.0273944139480593 1.0211988091468813 0.45121859014034277 0.49499487876892095 0.043772067874670036 0.17500000447034839 0.19551922380924228
decision_type=2 2 2 2 2 2 2 2 2 2 2 2 2 2 2 2 2 2 2 2 2
left_child=1 -1 3 -3 -5 -4 8 -8 9 11 -10 12 -2 -14 15 17 -17 -13 -7 -20 -15
right_child=6 2 5 4 -6 18 7 -9 10 -11 -12 14 13 20 -16 16 -18 -19 19 -21 -22
leaf_value=0.00021395170578016851 -8.5172460118239669e-05 -8.5631683626714449e-05 0.00019288042810027646 -0.00023296100005973133 -0.00069948040528106505 8.5190105839527859e-05 0.00012950016674585641 -0.00038018512479480237 -0.00032967334537357658 0.00036945332439870527 6.7374344271229345e-05 0.00013705763118102766 0.00071209732588613413 0.00024195303826127202 -0.00022353224237685071 5.9492185006520768e-06 0.00043859103374975701 -0.00010041293549558918 2.0748450814218297e-05 -0.00035120285798167643 -4.0634134615017649e-06
leaf_weight=82 89 97 96 50 50 69 50 62 66 64 60 78 55 50 84 51 52 161 56 61 81
leaf_count=82 89 97 96 50 50 69 50 62 66 64 60 78 55 50 84 51 52 161 56 61 81
internal_value=-1.41151e-06 -5.92712e-05 -0.000106044 -0.000278824 -0.000466221 1.46567e-05 3.09507e-05 -0.000152647 5.40292e-05 8.60862e-05 -0.000140603 6.02154e-05 0.000157649 0.000273838 -2.68205e-06 5.15619e-05 0.00022437 -2.29121e-05 -7.73298e-05 -0.000173175 8.9836e-05
internal_weight=1564 561 479 197 100 282 1003 112 891 765 126 701 275 186 426 342 103 239 186 117 131
internal_count=1564 561 479 197 100 282 1003 112 891 765 126 701 275 186 426 342 103 239 186 117 131
is_linear=0
shrinkage=0.05


Tree=228
num_leaves=17
num_cat=0
split_feature=85 69 80 111 141 146 106 155 125 78 74 138 175 156 74 154
split_gain=0.0011447 0.00243454 0.00165822 0.00400084 0.00133119 0.00143736 0.00237415 0.00228088 0.00170871 0.00200041 0.00163448 0.00157115 0.00144779 0.00138176 0.0013578 0.00130782
threshold=0.8019811511039735 0.5029817819595338 0.1119515784084797 0.046604830771684654 0.9642772674560548 0.96806129813194286 1.0040269494056704 0.26545104384422308 -0.040084723383188241 0.052890131250023849 0.68714112043380748 1.0320373773574831 24.982317924499515 0.97426602244377147 0.57365557551383983 0.38867667317390447
decision_type=2 2 2 2 2 2 2 2 2 2 2 2 2 2 2 2
left_child=2 -2 4 -4 -1 6 10 -7 15 11 13 -10 -11 14 -6 -9
right_child=1 -3 3 -5 5 7 -8 8 9 12 -12 -13 -14 -15 -16 -17
leaf_value=0.00019462370838428959 -3.2653004391483055e-05 0.00041428923484636477 8.8675935822338689e-05 -0.00045173826931525535 -5.5230626559753806e-05 0.00033948962588730303 -0.00037481181369226413 0.00033625597702226635 0.00012804943690733362 -3.5194785973682441e-05 0.00019963977036800665 -9.1193010213865661e-05 -0.00036764771579048382 0.00016761474293566103 -0.00029020678972396032 2.4939529287842782e-05
leaf_weight=85 78 50 69 68 305 58 57 62 184 66 65 147 65 54 77 74
leaf_count=85 78 50 69 68 305 58 57 62 184 66 65 147 65 54 77 74
internal_value=-1.34093e-06 0.000141934 -1.41119e-05 -0.000179559 3.33704e-06 -1.00562e-05 -6.90462e-05 4.01213e-05 1.10856e-05 -3.47711e-05 -3.42584e-05 3.06819e-05 -0.000200152 -6.91286e-05 -0.000102595 0.000166863
internal_weight=1564 128 1436 137 1299 1214 558 656 598 462 501 331 131 436 382 136
internal_count=1564 128 1436 137 1299 1214 558 656 598 462 501 331 131 436 382 136
is_linear=0
shrinkage=0.05


Tree=229
num_leaves=15
num_cat=1
split_feature=85 69 80 111 141 154 186 181 133 168 170 70 1 5
split_gain=0.00103309 0.00219717 0.00149655 0.00361076 0.0012014 0.00135473 0.00116817 0.0028595 0.00320024 0.00269785 0.00250564 0.00103823 0.00113846 0.0013982
threshold=0.8019811511039735 0.5029817819595338 0.1119515784084797 0.046604830771684654 0.9642772674560548 0.20523098856210711 0 0.02513960096985102 0.98542866110801708 1.4140065908432009 1102074496.0000002 0.4264188557863236 0.041197868064045913 0.0090754427947103995
decision_type=2 2 2 2 2 2 1 2 2 2 2 2 2 2
left_child=2 -2 4 -4 -1 -6 7 8 -7 -9 -10 -8 13 -13
right_child=1 -3 3 -5 5 6 11 9 10 -11 -12 12 -14 -15
leaf_value=0.00018489251956987788 -3.1020357504857184e-05 0.00039357476773147935 8.4242138692006594e-05 -0.00042915136366312203 0.00020560808186638642 -0.00042842721311374296 0.0002066309638621533 0.00026015868129650784 0.00016728642563416192 -0.00013939326615988702 -0.00029592143216846897 -1.621814517709715e-05 -0.0002101329646154868 0.00018661831638364855
leaf_weight=85 78 50 69 68 69 97 64 84 65 85 53 535 61 101
leaf_count=85 78 50 69 68 69 97 64 84 65 85 53 535 61 101
internal_value=-1.27388e-06 0.000134837 -1.34063e-05 -0.000170581 3.17019e-06 -9.55337e-06 -2.25194e-05 -9.22913e-05 -0.000215664 5.92006e-05 -4.07646e-05 1.37199e-05 -3.7968e-06 1.59933e-05
internal_weight=1564 128 1436 137 1299 1214 1145 384 215 169 118 761 697 636
internal_count=1564 128 1436 137 1299 1214 1145 384 215 169 118 761 697 636
cat_boundaries=0 1
cat_threshold=656
is_linear=0
shrinkage=0.05


Tree=230
num_leaves=12
num_cat=0
split_feature=22 62 11 106 115 92 119 6 141 29 131
split_gain=0.00164474 0.00178758 0.00158543 0.00133242 0.00145368 0.00149582 0.00198239 0.00207931 0.00266335 0.00227254 0.00125246
threshold=0.7808225452899934 0.38929098844528204 0.9841977357864381 0.88631507754325878 0.0062171735335141429 0.0080190305598080176 0.50865274667739879 0.08318915963172914 1.190503776073456 0.35000000894069677 1.1943601965904238
decision_type=2 2 2 2 2 2 2 2 2 2 2
left_child=1 -1 -2 -3 5 10 7 9 -9 -7 -5
right_child=2 3 -4 4 -6 6 -8 8 -10 -11 -12
leaf_value=0.00026471687710259825 -0.00041716029064606551 -0.00027174854697547678 -2.4809224445422076e-05 8.9042595439088087e-06 0.00024033985381619359 -0.00043399401616045291 0.000189762238093304 3.9151480395544062e-06 -0.00034050487590663622 -9.6240254929614297e-05 0.00030221283634122208
leaf_weight=56 51 52 52 95 54 69 83 703 61 179 59
leaf_count=56 51 52 52 95 54 69 83 703 61 179 59
internal_value=-2.61942e-05 -1.21139e-05 -0.00021908 -2.35549e-05 -1.365e-05 -2.46312e-05 -4.51514e-05 -6.4418e-05 -2.35844e-05 -0.000190212 0.000121276
internal_weight=1514 1411 103 1355 1303 1249 1095 1012 764 248 154
internal_count=1514 1411 103 1355 1303 1249 1095 1012 764 248 154
is_linear=0
shrinkage=0.05


Tree=231
num_leaves=11
num_cat=0
split_feature=22 62 95 0 0 101 156 83 85 0
split_gain=0.00148438 0.00161329 0.00143625 0.00125433 0.00227215 0.00196312 0.00203008 0.00140978 0.00223251 0.00139781
threshold=0.7808225452899934 0.38929098844528204 3.4055155515670781 -0.039840493351221078 -0.031047916039824482 0.81544139981269848 0.77299731969833385 0.90117472410202037 0.77989301085472118 -0.019104643724858757
decision_type=2 2 2 2 2 2 2 2 2 2
left_child=1 -1 -2 -3 -5 6 -6 8 9 -7
right_child=2 3 -4 4 5 7 -8 -9 -10 -11
leaf_value=0.00025148103031824576 -0.00039665737181077896 -0.00025407234612170475 -2.3220493466606757e-05 0.00030513163192490877 -0.00045887135032292764 -0.00017730293083687964 -2.8134206501309269e-05 -0.00024248686854358919 0.00026778972198946192 8.0082439397982473e-06
leaf_weight=56 51 56 52 54 51 115 59 60 76 884
leaf_count=56 51 56 52 54 51 115 59 60 76 884
internal_value=-2.48845e-05 -1.15082e-05 -0.000208126 -2.23772e-05 -1.23888e-05 -2.61607e-05 -0.00022784 -6.61475e-06 6.5502e-06 -1.33239e-05
internal_weight=1514 1411 103 1355 1299 1245 110 1135 1075 999
internal_count=1514 1411 103 1355 1299 1245 110 1135 1075 999
is_linear=0
shrinkage=0.05


Tree=232
num_leaves=11
num_cat=0
split_feature=22 5 114 124 126 97 103 183 132 178
split_gain=0.00133965 0.00137631 0.00199914 0.00181339 0.00123926 0.00148226 0.00126819 0.00123868 0.00112005 0.000718845
threshold=0.7808225452899934 0.00024886599567253148 0.010582844261080028 -0.073308721184730516 -0.14050374180078504 1.0934703350067141 1.0584340095520022 0.0086732325144112127 0.95339244604110729 -6.0621080398559561
decision_type=2 2 2 2 2 2 2 2 2 2
left_child=1 9 3 -3 -5 6 7 -6 -2 -1
right_child=8 2 -4 4 5 -7 -8 -9 -10 -11
leaf_value=-0.00030401136411870668 -0.00036747477645985785 -0.00027376899219703891 0.00028530572546211868 0.00022902143996204893 -3.5131331033532921e-05 -0.00025873480865681945 0.00023678207110476381 0.00010409657910709007 -3.7573648159247209e-05 -4.8206576787567929e-05
leaf_weight=57 50 62 60 58 810 56 56 199 53 53
leaf_count=57 50 62 60 58 810 56 56 199 53 53
internal_value=-2.36403e-05 -1.09328e-05 3.42613e-06 -1.02022e-05 3.65796e-06 -8.00224e-06 5.18182e-06 -7.67211e-06 -0.00019772 -0.00018076
internal_weight=1514 1411 1301 1241 1179 1121 1065 1009 103 110
internal_count=1514 1411 1301 1241 1179 1121 1065 1009 103 110
is_linear=0
shrinkage=0.05


Tree=233
num_leaves=15
num_cat=0
split_feature=22 6 6 11 91 56 124 181 53 84 157 34 19 110
split_gain=0.00120904 0.00138972 0.00250401 0.00132873 0.00132577 0.00244377 0.00247822 0.00216305 0.00175075 0.00166701 0.0016785 0.00154684 0.00126396 0.000819425
threshold=0.7808225452899934 0.0097648003138601797 0.040404496714472778 0.9841977357864381 0.54134556651115429 0.58048835396766674 -0.071405529975891099 0.032096937298774726 0.18513402342796328 0.39515002071857458 0.82498839497566234 -0.45000000298023218 0.24776625633239749 0.046005599200725562
decision_type=2 2 2 2 2 2 2 2 2 2 2 2 2 2
left_child=1 13 -3 -2 5 6 -4 8 -8 -6 -11 -9 -12 -1
right_child=3 2 4 -5 9 -7 7 11 -10 10 12 -13 -14 -15
leaf_value=-5.7208813253606925e-05 -0.00036917111063695642 0.00024986374289710512 -0.00034885623729048981 -9.9838199695603605e-06 -0.00034660441431090777 0.0002568704432949586 7.883700586071147e-05 2.8234035715286158e-05 -8.4686098926051482e-05 -0.00020787511770158949 0.00026009419261925978 0.00042153341213997919 -7.7695744804604433e-05 -0.00033025497316702969
leaf_weight=61 51 96 52 52 60 92 261 50 439 89 53 50 58 50
leaf_count=61 51 96 52 52 60 92 261 50 439 89 53 50 58 50
internal_value=-2.24582e-05 -1.03862e-05 4.11354e-06 -0.000187834 -1.54812e-05 1.20542e-05 -1.43813e-05 7.35954e-06 -2.37153e-05 -0.000115456 -4.61112e-05 0.000224884 8.35913e-05 -0.000180203
internal_weight=1514 1411 1300 103 1204 944 852 800 700 260 200 100 111 111
internal_count=1514 1411 1300 103 1204 944 852 800 700 260 200 100 111 111
is_linear=0
shrinkage=0.05


Tree=234
num_leaves=12
num_cat=1
split_feature=122 183 186 117 13 114 131 88 117 131 136
split_gain=0.00118523 0.00109952 0.00164354 0.00239692 0.0016495 0.00178733 0.00286931 0.00167498 0.00270495 0.00146888 0.000898842
threshold=0.022580731660127643 0.023591556586325172 0 0.23991297930479052 0.94999998807907116 -0.0085117514245212061 1.3101312518119814 0.72685047984123241 0.23991297930479052 1.2649031281471255 0.8937533199787141
decision_type=2 2 1 2 2 2 2 2 2 2 2
left_child=1 2 3 -1 5 -4 7 9 -9 -7 -6
right_child=-2 -3 4 -5 10 6 -8 8 -10 -11 -12
leaf_value=-0.000374939031837876 -0.00023724722866108258 0.00018252579264800011 0.00026938317841715897 4.9489521765720161e-05 -0.00033311323432253968 -2.2055458282989606e-05 -0.00037046685180393979 -8.1480539822722695e-05 0.00040022710720543676 0.00024459563682533125 -4.964144901695645e-05
leaf_weight=78 61 69 65 58 54 847 50 51 68 55 58
leaf_count=78 61 69 65 58 54 847 50 51 68 55 58
internal_value=-2.13353e-05 -1.22709e-05 -2.19826e-05 -0.00018065 -3.21863e-06 1.48048e-05 -6.4577e-07 1.7465e-05 0.000193781 -5.79625e-06 -0.000186315
internal_weight=1514 1453 1384 136 1248 1136 1071 1021 119 902 112
internal_count=1514 1453 1384 136 1248 1136 1071 1021 119 902 112
cat_boundaries=0 1
cat_threshold=640
is_linear=0
shrinkage=0.05


Tree=235
num_leaves=20
num_cat=0
split_feature=36 28 53 138 13 172 141 172 91 48 100 36 56 44 26 68 19 51 169
split_gain=0.0012654 0.0035889 0.00186108 0.00261257 0.00197854 0.00166962 0.00293089 0.00218956 0.00196624 0.00192969 0.00189748 0.00281215 0.00210451 0.00153791 0.00215973 0.00296181 0.00283693 0.00186557 0.00115403
threshold=0.78333333134651195 0.30000000447034841 0.64733219146728527 1.0005452632904055 0.94999998807907116 80745668.000000015 1.1243439316749575 73493488.000000015 0.20922099798917773 -1.0000000180025095e-35 1.0274254083633425 0.58333334326744091 0.41885155439376837 0.65000000596046459 0.31666667759418493 0.53803667426109325 0.3142112940549851 -0.11666667088866232 -0.068603467196226106
decision_type=2 2 2 2 2 2 2 2 2 2 2 2 2 2 2 2 2 2 2
left_child=2 -2 3 -1 -4 7 9 13 -8 10 11 -7 -12 14 15 -5 -16 18 -15
right_child=1 -3 4 5 -6 6 8 -9 -10 -11 12 -13 -14 17 16 -17 -18 -19 -20
leaf_value=0.00038277963559031148 0.00015967947740416722 -0.00040153348287160965 6.1787004253181462e-05 9.1909196569945505e-05 -0.00034154179021136184 -0.00015972716130178283 -7.3246491404555349e-05 0.00039126113337902907 -0.00049884698779422646 -0.00024268048252097443 5.6920895405733354e-05 0.00023456273638122879 0.00047143758224410699 -8.6899782382030862e-05 0.00033839272657361705 -0.00033481377599111348 1.3456681678562294e-05 -0.00028650979284066124 0.00019842957888555708
leaf_weight=54 52 63 55 156 68 135 58 51 51 59 79 68 50 81 151 55 121 64 63
leaf_count=54 52 63 55 156 68 135 58 51 51 59 79 68 50 81 151 55 121 64 63
internal_value=1.17515e-05 -0.000147768 2.46795e-05 4.232e-05 -0.000161192 2.75174e-05 -4.31038e-05 7.51058e-05 -0.000272381 2.08122e-05 6.76377e-05 -2.76498e-05 0.000217586 5.17716e-05 0.000100722 -1.93219e-05 0.000193844 -6.18964e-05 3.79318e-05
internal_weight=1534 115 1419 1296 123 1242 500 742 109 391 332 203 129 691 483 211 272 208 144
internal_count=1534 115 1419 1296 123 1242 500 742 109 391 332 203 129 691 483 211 272 208 144
is_linear=0
shrinkage=0.05


Tree=236
num_leaves=20
num_cat=1
split_feature=186 126 145 123 160 183 139 121 31 101 86 110 87 87 5 73 10 121 183
split_gain=0.00115454 0.00375135 0.00223332 0.00143865 0.00239916 0.00222935 0.00299424 0.00197962 0.00139028 0.00255043 0.00202275 0.00241633 0.00143589 0.00139707 0.00214978 0.00139467 0.00127226 0.00153295 0.00105162
threshold=0 -0.02892491593956947 1.0314871072769167 0.014313675463199617 1.3530299663543703 0.008094400633126499 1.0249831676483157 0.17852808535099032 0.11666667088866235 0.78753310441970836 0.63408184051513683 0.047109169885516174 0.36448483169078832 0.4652311652898789 0.0019436364527791741 0.4818305522203446 1.0198640227317812 0.37562537193298345 -0.0058520301245152942
decision_type=1 2 2 2 2 2 2 2 2 2 2 2 2 2 2 2 2 2 2
left_child=1 2 -1 5 7 8 -7 -5 10 -10 11 12 -2 14 -11 -16 18 -18 -15
right_child=3 -3 -4 4 -6 6 -8 -9 9 13 -12 -13 -14 16 15 -17 17 -19 -20
leaf_value=0.00028654729765406172 -0.00017309130100521113 -0.00047809984127525243 -0.00016523671693610567 -3.8361251354217531e-05 9.8417507380384834e-05 -3.9439368035196312e-06 0.00042363116456031367 -0.00047694919449672597 0.00036307164996511257 0.00032003951993020668 0.00020426113333087416 -0.00044510106773276888 0.0001377701550721168 0.00018569905829477845 -0.00010779669987881023 0.00011523345961545053 -0.00028889907405939313 3.342317529983582e-05 -6.138925135160517e-05
leaf_weight=51 95 50 59 50 82 79 85 53 61 81 50 52 61 74 114 182 89 63 103
leaf_count=51 95 50 59 50 82 79 85 53 61 81 50 52 61 74 114 182 89 63 103
internal_value=1.1164e-05 -0.000112 4.42268e-05 2.61312e-05 -0.000103385 4.65027e-05 0.000217665 -0.000264042 1.91167e-05 5.28899e-05 -8.12864e-05 -0.000149928 -5.15365e-05 2.60894e-05 9.17954e-05 2.93367e-05 -4.92028e-05 -0.000155305 4.19132e-05
internal_weight=1534 160 110 1374 185 1189 164 103 1025 767 258 208 156 706 377 296 329 152 177
internal_count=1534 160 110 1374 185 1189 164 103 1025 767 258 208 156 706 377 296 329 152 177
cat_boundaries=0 1
cat_threshold=640
is_linear=0
shrinkage=0.05


Tree=237
num_leaves=11
num_cat=0
split_feature=36 28 53 138 122 131 22 35 25 36
split_gain=0.00104686 0.00323613 0.00162259 0.00238682 0.00177269 0.0015138 0.00239424 0.00190174 0.00262731 0.00216411
threshold=0.78333333134651195 0.30000000447034841 0.64733219146728527 1.0005452632904055 -0.00093153744819574047 1.0658472776412966 0.67169424891471874 0.62500000000000011 0.72499999403953563 0.58333334326744091
decision_type=2 2 2 2 2 2 2 2 2 2
left_child=2 -2 3 -1 -4 -5 7 8 9 -7
right_child=1 -3 4 5 -6 6 -8 -9 -10 -11
leaf_value=0.00036425343175694626 0.00015745940352364696 -0.00037545782175757702 5.9871830301496878e-05 -0.00017163071400488493 -0.00032189963419702563 -7.4827420243669952e-06 0.00033027239087052513 -0.00026981324242441126 0.00032226289149063329 0.00026733481117960953
leaf_weight=54 52 63 55 91 68 878 67 53 75 78
leaf_count=54 52 63 55 91 68 878 67 53 75 78
internal_value=1.06058e-05 -0.000134487 2.23645e-05 3.8836e-05 -0.000151189 2.46874e-05 4.02086e-05 2.22803e-05 3.72958e-05 1.49396e-05
internal_weight=1534 115 1419 1296 123 1242 1151 1084 1031 956
internal_count=1534 115 1419 1296 123 1242 1151 1084 1031 956
is_linear=0
shrinkage=0.05


Tree=238
num_leaves=12
num_cat=1
split_feature=186 140 145 56 137 110 140 11 76 88 111
split_gain=0.00104223 0.00311374 0.0021117 0.00130619 0.00231619 0.00184977 0.00214796 0.0022612 0.0018647 0.00247749 0.00177423
threshold=0 1.0636960268020632 1.0354361534118655 0.6488575041294099 1.0000178813934328 0.079862322658300414 1.1678859591484072 0.97188591957092296 0.458981603384018 0.73081654310226452 0.049962941557168968
decision_type=1 2 2 2 2 2 2 2 2 2 2
left_child=1 -1 -3 4 10 6 7 -6 -9 -10 -2
right_child=3 2 -4 -5 5 -7 -8 8 9 -11 -12
leaf_value=-0.00040612410194971115 -2.9458916301269139e-06 0.00028471917082788424 -0.00017037302739201832 0.00021314298888302249 0.00035371140503864915 -0.00018162744154624007 0.00034384916614120205 -0.00027906412641095813 7.6823906147853532e-06 0.00028986860341023582 -0.00036682116085795492
leaf_weight=58 67 50 52 86 53 91 60 50 814 86 67
leaf_count=58 67 50 52 86 53 91 60 50 814 86 67
internal_value=1.00755e-05 -0.000106933 5.27114e-05 2.43023e-05 1.18821e-05 3.47301e-05 5.32518e-05 3.58681e-05 1.81357e-05 3.46469e-05 -0.000184884
internal_weight=1534 160 102 1374 1288 1154 1063 1003 950 900 134
internal_count=1534 160 102 1374 1288 1154 1063 1003 950 900 134
cat_boundaries=0 1
cat_threshold=640
is_linear=0
shrinkage=0.05


Tree=239
num_leaves=21
num_cat=0
split_feature=85 91 141 111 121 12 107 116 34 157 32 149 73 115 10 41 92 84 69 110
split_gain=0.00101073 0.00119487 0.00289078 0.00279559 0.00372929 0.00247643 0.0042718 0.00400194 0.00289377 0.00261508 0.00341016 0.00284492 0.00214322 0.00209365 0.00176036 0.00175053 0.00150397 0.00133817 0.0012326 0.000984081
threshold=-0.36782139539718622 0.19485677778720858 1.1327679157257082 0.066213428974151625 0.27995842695236212 0.17799890786409381 0.035270564258098609 -0.00028598321659956122 -0.65000000596046437 0.70480117201805126 0.27500000596046453 0.96828022599220287 0.45493349432945257 -0.0015509405056945977 1.0244239568710329 0.41666667163372045 0.43576817214488989 0.48268260061740881 0.49002026021480566 0.027016039006412033
decision_type=2 2 2 2 2 2 2 2 2 2 2 2 2 2 2 2 2 2 2 2
left_child=-1 3 5 13 -5 6 9 -7 -9 10 -3 17 -10 15 -14 -2 -13 -11 -15 -20
right_child=1 2 -4 4 -6 7 -8 8 12 11 -12 16 14 18 -16 -17 -18 -19 19 -21
leaf_value=-0.00016697472132033329 6.4265523746035442e-05 0.00053872808236449666 -0.00028884248368667197 0.000471841084419628 1.6555274693097959e-05 0.00031166792992735285 0.00050420783891755522 7.4873692110486448e-05 -0.00056469049934821671 -0.00044551807266543622 1.3251066512135654e-05 0.00014473551182721619 -0.00032091176148068851 -8.2331636404691676e-05 5.3801472771738189e-05 -0.00026805172941393035 -9.7907548735661086e-05 -8.1505250715303661e-05 7.9838139690317084e-05 0.00037906249746447429
leaf_weight=77 67 52 87 88 92 50 53 80 50 50 76 163 84 51 50 97 105 51 61 50
leaf_count=77 67 52 87 88 92 50 53 80 50 50 76 163 84 51 50 97 105 51 61 50
internal_value=9.5717e-06 1.89019e-05 -1.41264e-05 8.09767e-05 0.000239139 1.3536e-05 7.74961e-05 -9.8496e-05 -0.000176179 3.19917e-05 0.000226726 -3.55585e-05 -0.000285332 -6.35242e-06 -0.000181093 -0.000132288 4.96701e-05 -0.00026171 0.000121138 0.000214624
internal_weight=1534 1457 951 506 180 864 550 314 264 497 128 369 184 326 134 164 268 101 162 111
internal_count=1534 1457 951 506 180 864 550 314 264 497 128 369 184 326 134 164 268 101 162 111
is_linear=0
shrinkage=0.05


Tree=240
num_leaves=13
num_cat=0
split_feature=159 116 149 116 173 146 182 77 82 121 121 152
split_gain=0.00183407 0.00165874 0.00282026 0.00179667 0.00322569 0.00216224 0.00137928 0.00154032 0.00208053 0.00135809 0.00354476 0.00120178
threshold=0.77169284224510204 0.0054045333527028569 1.4390339851379397 0.0031515575246885423 0.929365634918213 0.84881994128227245 0.033412788063287742 0.48521232604980474 0.039413221180439002 0.5085664987564088 0.35371884703636175 0.26164844632148748
decision_type=2 2 2 2 2 2 2 2 2 2 2 2
left_child=-1 3 -3 5 11 -2 7 8 -7 10 -9 -5
right_child=1 2 -4 4 -6 6 -8 9 -10 -11 -12 -13
leaf_value=0.00029060170345474035 -0.0003322667909602527 -0.00046531693619281036 4.0408895850608441e-05 9.5938318076820771e-05 0.00036781053176737562 0.00039419767888241902 0.0002542877748637693 -1.3225101159453819e-05 -7.1661220989550536e-06 0.00013969722408163716 -0.00029796230340301406 -0.00020123750518047566
leaf_weight=54 52 51 60 95 91 51 50 660 88 95 131 53
leaf_count=54 52 51 60 95 91 51 50 660 88 95 131 53
internal_value=4.3924e-06 -6.07159e-06 -0.000191952 9.03287e-06 0.000133554 -1.73739e-05 -2.1419e-06 -1.46507e-05 0.000140097 -3.89282e-05 -6.03813e-05 -1.04828e-05
internal_weight=1531 1477 111 1366 239 1127 1075 1025 139 886 791 148
internal_count=1531 1477 111 1366 239 1127 1075 1025 139 886 791 148
is_linear=0
shrinkage=0.05


Tree=241
num_leaves=11
num_cat=0
split_feature=159 116 110 124 127 120 83 130 0 19
split_gain=0.00165525 0.00154259 0.00197298 0.00185244 0.0017851 0.00280356 0.00145644 0.00116453 0.00269127 0.00130994
threshold=0.77169284224510204 0.0062025692313909539 0.099111914634704604 -0.076959788799285875 1.1097634434700014 0.10557967051863672 0.92165228724479686 1.2232444286346438 -0.0042387533467262975 0.026398244313895706
decision_type=2 2 2 2 2 2 2 2 2 2
left_child=-1 2 3 -2 6 -6 7 9 -9 -5
right_child=1 -3 -4 4 5 -7 -8 8 -10 -11
leaf_value=0.00027607161369663422 -0.00026172848610097872 -0.00026316772040705212 0.00030080572560783132 -0.0001925958067263507 0.00047428441201918759 -4.7655247273620982e-05 -0.00026252891791624615 6.5938942995558136e-05 -0.00042094196655585519 3.2977774459490807e-05
leaf_weight=54 68 56 54 69 50 53 55 64 51 957
leaf_count=54 68 56 54 69 50 53 55 64 51 957
internal_value=4.17278e-06 -5.76801e-06 4.37582e-06 -7.33392e-06 5.98312e-06 0.000205714 -1.12177e-05 8.96294e-07 -0.000149982 1.78076e-05
internal_weight=1531 1477 1421 1367 1299 103 1196 1141 115 1026
internal_count=1531 1477 1421 1367 1299 103 1196 1141 115 1026
is_linear=0
shrinkage=0.05


Tree=242
num_leaves=15
num_cat=0
split_feature=159 161 182 182 68 68 172 182 125 146 152 30 110 97
split_gain=0.00149386 0.00150124 0.00116134 0.00290707 0.00205327 0.00160467 0.00429496 0.0041302 0.00171619 0.00170087 0.00149592 0.0014431 0.0013326 0.00131647
threshold=0.77169284224510204 0.99809500575065624 0.039719892665743835 0.02994642406702042 0.42952533066272741 0.61084142327308666 24431116.000000004 0.016450001858174804 -0.051145099103450768 0.88385745882987987 0.26540718972682958 0.72499999403953563 0.042933540418744094 1.0307141542434695
decision_type=2 2 2 2 2 2 2 2 2 2 2 2 2 2
left_child=-1 -2 3 5 10 8 -7 -8 12 13 -5 -11 -3 -10
right_child=1 2 -4 4 -6 6 7 -9 9 11 -12 -13 -14 -15
leaf_value=0.00026226803156195847 -0.00025045025572277763 5.0303702601954218e-06 0.00018521145457528053 0.00013374672492098963 -0.00037854927422698367 -0.00016349556797719673 -1.8097695294552696e-05 0.00049914848609325033 0.00036176507225415362 -8.5134624660852194e-05 -0.00020641417924508298 6.5504812450528107e-05 -0.00031701096821860929 2.9145346793407274e-05
leaf_weight=54 60 58 84 58 79 78 65 95 60 315 73 321 72 59
leaf_count=54 60 58 84 58 79 78 65 95 60 315 73 321 72 59
internal_value=3.96414e-06 -5.47961e-06 4.89318e-06 -6.46971e-06 -0.000177221 2.54605e-05 0.000140715 0.000289017 -5.53436e-06 2.33578e-05 -5.58086e-05 -9.10434e-06 -0.000173331 0.000196853
internal_weight=1531 1477 1417 1333 210 1123 238 160 885 755 131 636 130 119
internal_count=1531 1477 1417 1333 210 1123 238 160 885 755 131 636 130 119
is_linear=0
shrinkage=0.05


Tree=243
num_leaves=15
num_cat=0
split_feature=159 105 66 85 121 121 124 107 120 183 159 119 161 129
split_gain=0.00134821 0.0013862 0.00230534 0.00379225 0.00221362 0.00326515 0.00183941 0.00180419 0.00143253 0.00131429 0.00118142 0.00146863 0.00105923 0.000733474
threshold=0.77169284224510204 0.95760193467140209 0.09035766497254373 0.55120226740837108 0.032671887427568443 0.35697993636131292 -0.076959788799285875 0.020783226005733017 0.19838210940361026 0.023591556586325172 0.88342645764350902 0.0070561429020017394 1.6395613551139834 1.0720860958099367
decision_type=2 2 2 2 2 2 2 2 2 2 2 2 2 2
left_child=-1 4 6 8 -2 7 -3 -6 13 10 -8 -12 -13 -4
right_child=1 2 3 -5 5 -7 9 -9 -10 -11 11 12 -14 -15
leaf_value=0.00024915462989291113 -0.0004053079106737501 -0.00030603413839484209 4.3613091989789373e-05 0.00046276148721415054 -6.356554835152706e-05 -0.00029515120800105779 -0.00021056436801533804 0.00035294306621835858 0.00024020181011292154 0.00024374619487599168 0.00018593667770877196 -6.4862990800580459e-05 5.9549784579848384e-05 -0.00022335421700336156
leaf_weight=54 52 52 53 71 52 71 71 52 50 52 96 493 262 50
leaf_count=54 52 52 53 71 52 71 71 52 50 52 96 493 262 50
internal_value=3.76593e-06 -5.20563e-06 1.54363e-05 0.000160759 -0.000118873 -3.37606e-05 -1.6291e-05 0.000144689 2.06136e-05 -8.22133e-07 -1.46156e-05 1.73268e-06 -2.16893e-05 -8.59827e-05
internal_weight=1531 1477 1250 224 227 175 1026 104 153 974 922 851 755 103
internal_count=1531 1477 1250 224 227 175 1026 104 153 974 922 851 755 103
is_linear=0
shrinkage=0.05


Tree=244
num_leaves=22
num_cat=0
split_feature=183 31 76 160 17 112 102 117 95 180 31 125 82 159 161 27 121 2 133 83 151
split_gain=0.00125937 0.0037074 0.00336053 0.00337653 0.00213712 0.00148641 0.00298111 0.00229062 0.0026308 0.0041798 0.00231167 0.00209075 0.00208281 0.00183304 0.00168606 0.00162024 0.00132708 0.00129202 0.00114218 0.00106186 0.000948245
threshold=0.0073006239254027614 0.11666667088866235 0.55539998412132274 1.4414482712745669 0.47916665673255926 -0.013757459819316862 1.0337264537811282 0.019755257293581966 4.6048312187194833 323.27389526367193 0.25000000745058065 -0.037649288773536675 -0.0062269272748380891 1.5052345395088198 1.3088160157203677 0.84166666865348827 0.23998576402664187 -0.399115040898323 0.94788470864295971 0.060884395614266403 1.1166577339172366
decision_type=2 2 2 2 2 2 2 2 2 2 2 2 2 2 2 2 2 2 2 2 2
left_child=5 -2 3 4 -3 11 7 10 12 -10 -7 15 14 17 -9 16 -1 -11 -14 -16 -20
right_child=1 2 -4 -5 -6 6 -8 8 9 13 -12 -13 18 -15 19 -17 -18 -19 20 -21 -22
leaf_value=-0.00025800317323402221 0.00037440500634736108 -6.1409948600720822e-05 0.00036100037509459074 0.00014799969486332324 -0.0004801726641559626 -0.00047351573718151487 0.00038531808351399379 -0.00015291590931030505 0.00048100158194966548 0.00025436673864820289 -3.2210818249477104e-05 -0.00039224505661989329 -0.00037415913223258208 -0.00015622261990693218 2.4153267633046886e-05 0.00017426698794789164 3.3289590564489868e-05 5.6786207378849973e-06 5.749560470512574e-05 0.00034065865332212402 -0.00019539560554856611
leaf_weight=92 85 63 50 84 59 50 50 58 65 95 73 57 53 86 53 58 68 116 57 53 106
leaf_count=92 85 63 50 84 59 50 50 58 65 95 73 57 53 86 53 58 68 116 57 53 106
internal_value=3.57763e-06 8.82915e-05 -6.70711e-06 -9.59565e-05 -0.000263926 -2.06975e-05 9.93774e-06 -1.17605e-05 2.1367e-05 0.000117827 -0.000211603 -0.000122629 -7.05242e-05 3.83448e-05 6.38165e-05 -5.21336e-05 -0.000134204 0.000117647 -0.000172524 0.000182406 -0.000106961
internal_weight=1531 341 256 206 122 1190 915 865 742 362 123 275 380 297 164 218 160 211 216 106 163
internal_count=1531 341 256 206 122 1190 915 865 742 362 123 275 380 297 164 218 160 211 216 106 163
is_linear=0
shrinkage=0.05


Tree=245
num_leaves=21
num_cat=0
split_feature=62 95 121 136 181 5 36 110 177 31 37 27 83 109 118 177 157 160 158 131
split_gain=0.00173938 0.00286157 0.00144103 0.00237698 0.00321375 0.00280638 0.00192442 0.00177253 0.00166748 0.00312071 0.00166031 0.00170227 0.00224448 0.00179003 0.00206131 0.0015114 0.00110544 0.00101931 0.00090526 0.000817819
threshold=0.39399653673172003 4.52945899963379 0.13379225879907611 0.78608331084251415 0.034469416365027435 0.0011585248284973206 -0.84999999403953541 0.082083348184824004 216.72486877441409 0.81666666269302379 -0.57499998807907093 0.45833332836627966 0.39054946601390844 0.037625873461365707 0.071507886052131667 1284.600280761719 0.94164124131202709 1.2700733542442324 1.0398309230804446 1.1915608048439028
decision_type=2 2 2 2 2 2 2 2 2 2 2 2 2 2 2 2 2 2 2 2
left_child=1 -1 3 -2 5 -5 -4 10 9 -7 -8 12 19 18 -15 16 -10 -11 -13 -12
right_child=2 -3 6 4 -6 8 7 -9 15 17 11 13 -14 14 -16 -17 -18 -19 -20 -21
leaf_value=-2.5578273688910431e-05 -0.00039538628388625366 0.00047037390272285291 0.00024561690793665261 -0.00038838830937493185 0.0003198471550214371 0.00031684962208927551 -0.00017516878080355486 -0.00028076276951469485 -0.00011291369564680602 4.2847955368505028e-05 -7.6227382224816319e-05 6.4443230015917791e-07 0.00036459749167027012 0.00032040082319134613 -2.2224969769645808e-05 9.584005950041591e-05 -0.00040736457124105935 -0.0002600407485813633 -0.0002017648808500131 0.00016556456467857491
leaf_weight=66 51 52 95 64 56 78 89 50 85 61 72 109 87 71 115 51 51 51 112 68
leaf_count=66 51 52 95 64 56 78 89 50 85 61 72 109 87 71 115 51 51 51 112 68
internal_value=8.54125e-06 0.000192977 -6.82839e-06 -7.03095e-05 -3.69515e-05 -8.22593e-05 3.32496e-05 7.15007e-06 -3.02904e-05 7.40311e-05 2.70611e-05 5.54498e-05 0.000165154 -5.7367e-06 0.000108562 -0.000136286 -0.000223333 -9.50746e-05 -0.000101934 4.12144e-05
internal_weight=1534 118 1416 548 497 441 868 773 377 190 723 634 227 407 186 187 136 112 221 140
internal_count=1534 118 1416 548 497 441 868 773 377 190 723 634 227 407 186 187 136 112 221 140
is_linear=0
shrinkage=0.05


Tree=246
num_leaves=22
num_cat=0
split_feature=62 104 121 178 95 178 87 147 157 36 146 114 83 8 140 133 117 176 181 159 38
split_gain=0.00156979 0.00283195 0.00130053 0.0021796 0.00311854 0.00303448 0.00430926 0.0024364 0.00187109 0.00173679 0.00152515 0.00167388 0.00248517 0.00183015 0.00256542 0.00157411 0.00144423 0.00128291 0.0012322 0.00120451 0.000849162
threshold=0.39399653673172003 0.96815511584281932 0.13379225879907611 -6.3016161918640128 1.0646543502807619 -20.12354755401611 0.52631020545959484 0.98203676939010631 0.84754452109336864 -0.84999999403953541 1.0394836664199831 -0.001186222012620419 0.13248900324106219 -0.77525252103805531 1.0287431478500368 0.93850064277648937 0.17272356897592547 9.3517374992370623 0.017902459949254993 1.1822181940078738 0.30000000447034841
decision_type=2 2 2 2 2 2 2 2 2 2 2 2 2 2 2 2 2 2 2 2 2
left_child=1 -1 3 5 20 16 8 -6 -7 -4 11 12 19 17 15 -15 -2 -13 -16 -11 -5
right_child=2 -3 9 4 7 6 -8 -9 -10 10 -12 13 -14 14 18 -17 -18 -19 -20 -21 -22
leaf_value=0.00045928540687152869 -0.00015466683288104834 -3.4092852145091237e-05 0.00023333606346185613 1.2617827852569892e-05 0.00045358592309639788 0.0001030484003564982 -0.00067160659791450322 -9.3533225784388684e-06 -0.0002884474896219265 -0.00016822334939206487 -0.00022119022516508538 0.0002956228107289081 0.0003293224437398675 -0.00020347754293652544 -0.00012341789609275077 8.9923800193219004e-05 0.00020782596941705273 -1.4660725032121668e-05 -0.00046278383973535631 0.00012583159498399802 -0.00023059439247928918
leaf_weight=52 50 66 95 68 60 51 52 54 76 60 67 62 98 64 54 160 61 72 53 83 76
leaf_count=52 50 66 95 68 60 51 52 54 76 60 67 62 98 64 54 160 61 72 53 83 76
internal_value=8.11419e-06 0.000183328 -6.48697e-06 -6.6794e-05 3.8926e-05 -0.000160848 -0.000288213 0.000234299 -0.000131233 3.15871e-05 6.79257e-06 2.84283e-05 0.00013537 -2.69975e-05 -9.01114e-05 6.09485e-06 4.45409e-05 0.000128903 -0.000291515 2.4519e-06 -0.000115744
internal_weight=1534 118 1416 548 258 290 179 114 127 868 773 706 241 465 331 224 111 134 107 143 144
internal_count=1534 118 1416 548 258 290 179 114 127 868 773 706 241 465 331 224 111 134 107 143 144
is_linear=0
shrinkage=0.05


Tree=247
num_leaves=20
num_cat=0
split_feature=62 104 121 136 181 6 177 31 36 110 37 3 147 88 181 179 141 27 160
split_gain=0.00141673 0.00255583 0.00117373 0.00207239 0.00295102 0.00305879 0.00172692 0.00259971 0.00156745 0.00158649 0.00144463 0.0015864 0.00267348 0.00187388 0.00204268 0.00139842 0.00209126 0.00121542 0.000936945
threshold=0.39399653673172003 0.96815511584281932 0.13379225879907611 0.78608331084251415 0.034469416365027435 0.045082056894898422 216.72486877441409 0.81666666269302379 -0.84999999403953541 0.082083348184824004 -0.57499998807907093 0.010934940073639156 1.149097263813019 0.5924554467201234 0.014749749563634397 15.704892635345461 1.033255457878113 0.47499999403953558 1.2779447436332705
decision_type=2 2 2 2 2 2 2 2 2 2 2 2 2 2 2 2 2 2 2
left_child=1 -1 3 -2 5 -5 7 -7 -4 10 -10 13 17 14 -12 16 -8 -13 -9
right_child=2 -3 8 4 -6 6 15 18 9 -11 11 12 -14 -15 -16 -17 -18 -19 -20
leaf_value=0.0004363211295220446 -0.00036698891792683773 -3.238820746914963e-05 0.00022166925957686832 -0.00042099560544426955 0.00030959610430727482 0.00030797130344389624 -3.3309623897778542e-05 5.5429849018048236e-05 -0.00016334782429909325 -0.0002659316188655794 0.00010969658244014592 0.00020159088121456047 0.00039473383504064029 0.00022638644988182932 -0.00013727338737696521 1.5893538900193315e-05 -0.00047961165160254147 -0.00012339786811604758 -0.00023151538444653852
leaf_weight=52 51 66 95 56 56 76 53 66 89 50 131 51 79 75 232 88 52 66 50
leaf_count=52 51 66 95 56 56 76 53 66 89 50 131 51 79 75 232 88 52 66 50
internal_value=7.70848e-06 0.000174162 -6.16262e-06 -6.34543e-05 -3.23069e-05 -7.57232e-05 -2.55017e-05 8.06689e-05 3.00077e-05 6.45294e-06 2.529e-05 5.17708e-05 0.000170004 -1.13742e-06 -4.81465e-05 -0.000131122 -0.000254335 1.82639e-05 -6.82534e-05
internal_weight=1534 118 1416 548 497 441 385 192 868 773 723 634 196 438 363 193 105 117 116
internal_count=1534 118 1416 548 497 441 385 192 868 773 723 634 196 438 363 193 105 117 116
is_linear=0
shrinkage=0.05


Tree=248
num_leaves=17
num_cat=0
split_feature=7 19 126 181 69 169 172 115 85 170 44 30 2 167 30 176
split_gain=0.00138519 0.00469562 0.00160407 0.00178552 0.00299171 0.00174907 0.00153022 0.00139829 0.00101863 0.00134233 0.00167206 0.00213722 0.00143812 0.00153541 0.000931761 0.00092562
threshold=-0.032621588557958596 0.18853046745061877 0.041454883292317397 0.036595502868294723 0.49819709360599523 -0.38498310744762415 76326080.000000015 0.0030206717783585195 0.78796479105949413 651664032.00000012 0.65000000596046459 0.82500001788139354 0.31762748956680303 -7.8079190254211417 0.82500001788139354 28.867855072021488
decision_type=2 2 2 2 2 2 2 2 2 2 2 2 2 2 2 2
left_child=1 6 3 5 -5 -2 -1 -4 9 10 11 -7 13 -11 -12 -14
right_child=2 -3 7 4 -6 8 -8 -9 -10 12 14 -13 15 -15 -16 -17
leaf_value=0.00013769395646522753 -0.00023787772303957 0.00050560755319973649 -0.00037538191259131365 0.00047610609444046322 -4.007523981033687e-05 3.8071572931204536e-05 -0.00025156352934501748 -3.1678589910560691e-05 0.00022400470744982803 -0.00024412245023041417 5.8549452815433876e-05 0.00031655020301468056 -0.00034361187247827372 2.9061905269925294e-05 -0.00019884521140946994 -7.3634166210467813e-05
leaf_weight=50 79 58 53 52 61 258 51 67 51 61 61 94 63 328 83 64
leaf_count=50 79 58 53 52 61 258 51 67 51 61 61 94 63 328 83 64
internal_value=7.32305e-06 0.000147045 -8.83391e-06 7.8654e-06 0.00019746 -1.08948e-05 -5.88618e-05 -0.000183481 5.97412e-06 -5.01359e-06 5.37209e-05 0.000112438 -6.14715e-05 -1.37768e-05 -8.981e-05 -0.00020756
internal_weight=1534 159 1375 1255 113 1142 101 120 1063 1012 496 352 516 389 144 127
internal_count=1534 159 1375 1255 113 1142 101 120 1063 1012 496 352 516 389 144 127
is_linear=0
shrinkage=0.05


end of trees

feature_importances:
RSQR60=84
RSQR20=75
STD30=67
WVMA60=67
KUP=66
volatility_20=66
CORR30=63
WVMA20=63
RSQR30=62
obv=62
CORD30=58
CORD5=57
volatility_10=54
CORD60=52
RSQR5=52
RSQR10=52
IMXD60=50
CORR60=49
STD60=49
WVMA10=47
VSUMP30=46
WVMA5=44
WVMA30=44
CORR20=43
KLEN=42
RESI10=41
MA60=40
HIGH0=37
volume_ma_20=36
MIN60=35
IMIN20=34
VSUMP10=34
VSUMP20=34
KLOW2=33
industry_id=33
IMAX60=32
CORR5=32
CORR10=32
CORD20=32
KLOW=31
IMXD30=31
STD20=31
BETA60=30
return_1=30
KSFT=29
MAX5=29
MIN10=29
VWAP0=28
VSUMP60=28
RESI5=28
VMA60=28
QTLD60=27
IMIN60=26
VSUMN20=26
ROC30=26
MIN5=26
IMAX30=25
IMIN30=25
BETA5=25
BETA30=25
MAX60=25
VSTD60=25
volume_ratio=25
boll_std=25
KUP2=24
CORD10=24
STD5=24
RESI30=24
MIN30=23
VSTD10=23
macd_signal=23
VSUMP5=22
VMA5=22
VSTD20=22
atr_14=22
BETA20=21
RESI60=21
MAX10=21
KMID2=20
CNTD30=20
SUMP30=20
high_low_spread=20
kdj_k=20
VMA10=19
volume_change=19
kdj_d=19
VSUMN30=18
VSUMN60=18
STD10=18
QTLU60=18
VMA20=18
volume_ma_5=18
LOW0=17
QTLU5=17
KMID=16
CNTD60=16
SUMP5=16
low_close_spread=16
ROC5=16
BETA10=16
QTLU30=16
QTLD10=16
VSUMN5=15
ROC60=15
MA5=15
MAX30=15
QTLU10=15
VMA30=15
VSTD30=15
IMAX20=14
MIN20=14
QTLD30=14
RSV10=13
RSV60=13
IMAX10=13
IMXD10=13
IMXD20=13
SUMP60=13
VSUMD20=13
sma_5=13
sma_20=13
rsi=13
macd=13
kdj_j=13
SUMP10=12
SUMN60=12
high_close_spread=12
ROC10=12
MA10=12
MA20=12
VSTD5=12
boll_mid=12
KSFT2=11
CNTN30=11
VSUMN10=11
MA30=11
RESI20=11
MAX20=11
QTLU20=11
CNTN60=10
VSUMD60=10
RANK60=9
CNTP30=9
CNTN10=9
ROC20=9
RSV30=8
IMIN10=8
QTLD20=8
ema_26=8
ema_60=8
RSV20=7
CNTP60=7
SUMN5=7
open_close_spread=7
QTLD5=7
return_5=7
OPEN0=6
RANK20=6
RSV5=6
IMIN5=6
SUMP20=6
VSUMD30=6
IMXD5=5
VSUMD5=5
CNTN20=4
SUMN20=4
RANK5=3
CNTN5=3
CNTD5=3
ema_12=3
CNTP5=2
CNTP10=2
CNTD10=2
CNTD20=2
SUMN10=2
SUMN30=2
SUMD10=2
SUMD30=2
SUMD60=2
VSUMD10=2
RANK10=1
RANK30=1
CNTP20=1
SUMD20=1
return_10=1

parameters:
[boosting: gbdt]
[objective: regression]
[metric: rmse]
[tree_learner: serial]
[device_type: cpu]
[data_sample_strategy: bagging]
[data: ]
[valid: ]
[num_iterations: 500]
[learning_rate: 0.05]
[num_leaves: 63]
[num_threads: 0]
[seed: 0]
[deterministic: 0]
[force_col_wise: 0]
[force_row_wise: 0]
[histogram_pool_size: -1]
[max_depth: 8]
[min_data_in_leaf: 50]
[min_sum_hessian_in_leaf: 0.001]
[bagging_fraction: 0.8]
[pos_bagging_fraction: 1]
[neg_bagging_fraction: 1]
[bagging_freq: 5]
[bagging_seed: 3]
[bagging_by_query: 0]
[feature_fraction: 0.8]
[feature_fraction_bynode: 1]
[feature_fraction_seed: 2]
[extra_trees: 0]
[extra_seed: 6]
[early_stopping_round: 0]
[early_stopping_min_delta: 0]
[first_metric_only: 0]
[max_delta_step: 0]
[lambda_l1: 0]
[lambda_l2: 0]
[linear_lambda: 0]
[min_gain_to_split: 0]
[drop_rate: 0.1]
[max_drop: 50]
[skip_drop: 0.5]
[xgboost_dart_mode: 0]
[uniform_drop: 0]
[drop_seed: 4]
[top_rate: 0.2]
[other_rate: 0.1]
[min_data_per_group: 100]
[max_cat_threshold: 32]
[cat_l2: 10]
[cat_smooth: 10]
[max_cat_to_onehot: 4]
[top_k: 20]
[monotone_constraints: ]
[monotone_constraints_method: basic]
[monotone_penalty: 0]
[feature_contri: ]
[forcedsplits_filename: ]
[refit_decay_rate: 0.9]
[cegb_tradeoff: 1]
[cegb_penalty_split: 0]
[cegb_penalty_feature_lazy: ]
[cegb_penalty_feature_coupled: ]
[path_smooth: 0]
[interaction_constraints: ]
[verbosity: -1]
[saved_feature_importance_type: 0]
[use_quantized_grad: 0]
[num_grad_quant_bins: 4]
[quant_train_renew_leaf: 0]
[stochastic_rounding: 1]
[linear_tree: 0]
[max_bin: 255]
[max_bin_by_feature: ]
[min_data_in_bin: 3]
[bin_construct_sample_cnt: 200000]
[data_random_seed: 1]
[is_enable_sparse: 1]
[enable_bundle: 1]
[use_missing: 1]
[zero_as_missing: 0]
[feature_pre_filter: 1]
[pre_partition: 0]
[two_round: 0]
[header: 0]
[label_column: ]
[weight_column: ]
[group_column: ]
[ignore_column: ]
[categorical_feature: 186]
[forcedbins_filename: ]
[precise_float_parser: 0]
[parser_config_file: ]
[objective_seed: 5]
[num_class: 1]
[is_unbalance: 0]
[scale_pos_weight: 1]
[sigmoid: 1]
[boost_from_average: 1]
[reg_sqrt: 0]
[alpha: 0.9]
[fair_c: 1]
[poisson_max_delta_step: 0.7]
[tweedie_variance_power: 1.5]
[lambdarank_truncation_level: 30]
[lambdarank_norm: 1]
[label_gain: ]
[lambdarank_position_bias_regularization: 0]
[eval_at: ]
[multi_error_top_k: 1]
[auc_mu_weights: ]
[num_machines: 1]
[local_listen_port: 12400]
[time_out: 120]
[machine_list_filename: ]
[machines: ]
[gpu_platform_id: -1]
[gpu_device_id: -1]
[gpu_use_dp: 0]
[num_gpu: 1]

end of parameters

pandas_categorical:null
