tree
version=v4
num_class=1
num_tree_per_iteration=1
label_index=0
max_feature_idx=186
objective=regression
feature_names=KMID KLEN KMID2 KUP KUP2 KLOW KLOW2 KSFT KSFT2 OPEN0 HIGH0 LOW0 VWAP0 RANK5 RANK10 RANK20 RANK30 RANK60 RSV5 RSV10 RSV20 RSV30 RSV60 IMAX5 IMAX10 IMAX20 IMAX30 IMAX60 IMIN5 IMIN10 IMIN20 IMIN30 IMIN60 IMXD5 IMXD10 IMXD20 IMXD30 IMXD60 CNTP5 CNTP10 CNTP20 CNTP30 CNTP60 CNTN5 CNTN10 CNTN20 CNTN30 CNTN60 CNTD5 CNTD10 CNTD20 CNTD30 CNTD60 SUMP5 SUMP10 SUMP20 SUMP30 SUMP60 SUMN5 SUMN10 SUMN20 SUMN30 SUMN60 SUMD5 SUMD10 SUMD20 SUMD30 SUMD60 VSUMP5 VSUMP10 VSUMP20 VSUMP30 VSUMP60 VSUMN5 VSUMN10 VSUMN20 VSUMN30 VSUMN60 VSUMD5 VSUMD10 VSUMD20 VSUMD30 VSUMD60 CORR5 CORR10 CORR20 CORR30 CORR60 CORD5 CORD10 CORD20 CORD30 CORD60 high_low_spread open_close_spread high_close_spread low_close_spread ROC5 ROC10 ROC20 ROC30 ROC60 MA5 MA10 MA20 MA30 MA60 STD5 STD10 STD20 STD30 STD60 BETA5 BETA10 BETA20 BETA30 BETA60 RSQR5 RSQR10 RSQR20 RSQR30 RSQR60 RESI5 RESI10 RESI20 RESI30 RESI60 MAX5 MAX10 MAX20 MAX30 MAX60 MIN5 MIN10 MIN20 MIN30 MIN60 QTLU5 QTLU10 QTLU20 QTLU30 QTLU60 QTLD5 QTLD10 QTLD20 QTLD30 QTLD60 VMA5 VMA10 VMA20 VMA30 VMA60 VSTD5 VSTD10 VSTD20 VSTD30 VSTD60 WVMA5 WVMA10 WVMA20 WVMA30 WVMA60 sma_5 sma_20 ema_12 ema_26 rsi macd macd_signal volume_change obv volume_ma_5 volume_ma_20 volume_ratio kdj_k kdj_d kdj_j boll_mid boll_std atr_14 ema_60 volatility_10 volatility_20 return_1 return_5 return_10 industry_id
feature_infos=[-0.10000000149011612:0.14769648015499115] [0:0.16689465939998627] [-1:1] [0:0.074450083076953888] [0:1] [0:0.097287185490131378] [0:1] [-0.12121212482452393:0.14769648015499115] [-1:1] [0.8713105320930481:1.1111111640930176] [1:1.1358025074005127] [0.8713105320930481:1] [0.0054868613369762897:0.69531989097595215] [0.20000000298023224:1] [0.10000000149011612:1] [0.05000000074505806:1] [0.033333335071802139:1] [0.01666666753590107:1] [0:1] [0:1] [0:1] [0:1] [0:1] [0:0.80000001192092896] [0:0.89999997615814209] [0:0.94999998807907104] [0:0.96666663885116577] [0:0.98333334922790527] [0:0.80000001192092896] [0:0.89999997615814209] [0:0.94999998807907104] [0:0.96666663885116577] [0:0.98333334922790527] [-0.80000001192092896:0.80000001192092896] [-0.89999997615814209:0.89999997615814209] [-0.94999998807907104:0.94999998807907104] [-0.96666663885116577:0.96666663885116577] [-0.98333334922790527:0.98333334922790527] [0:1] [0:1] [0.20000000298023224:0.85000002384185791] [0.20000000298023224:0.76666665077209473] [0.25:0.66666668653488159] [0:1] [0:1] [0.10000000149011612:0.80000001192092896] [0.20000000298023224:0.73333334922790527] [0.30000001192092896:0.68333333730697632] [-1:1] [-1:1] [-0.60000002384185791:0.75] [-0.53333336114883423:0.56666666269302368] [-0.4166666567325592:0.34999999403953552] [0:1] [0:1] [0.12949639558792114:0.96843618154525757] [0.19142545759677887:0.89493203163146973] [0:0.82704156637191772] [0:1] [0:1] [0.031563844531774521:0.87050360441207886] [0.10506798326969147:0.80857455730438232] [0:0.73763442039489746] [-1:1] [-1:1] [-0.74100720882415771:0.93687230348587036] [-0.61714911460876465:0.78986400365829468] [-0.47526881098747253:0.65408313274383545] [0:1] [0:0.97793710231781006] [0:0.8662726879119873] [0:0.82940495014190674] [0:0.7503696084022522] [0:1] [0:0.92991089820861816] [0:0.81021523475646973] [0:0.73066061735153198] [0:0.67062902450561523] [-1:1] [-0.85982179641723633:0.95587426424026489] [-0.62043040990829468:0.73254543542861938] [-0.46132129430770874:0.65880990028381348] [-0.34125810861587524:0.50073921680450439] [-0.99598664045333862:0.9991193413734436] [-0.97030353546142578:0.97786885499954224] [-0.94447463750839233:0.95777267217636108] [-0.872772216796875:0.96046149730682373] [-0.65797901153564453:0.95006603002548218] [-0.99414330720901489:0.99899536371231079] [-0.9381374716758728:0.99184566736221313] [-0.86797672510147095:0.92249447107315063] [-0.79345244169235229:0.86964809894561768] [-0.63117575645446777:0.80469071865081787] [0:597.23876953125] [-410.18719482421875:418.067138671875] [0:418.067138671875] [-414.04647827148438:0] [0.68162477016448975:1.174134373664856] [0.60448640584945679:1.2728531360626221] [0.57192176580429077:1.4222972393035889] [0.47652855515480042:1.3820585012435913] [0:1.4613778591156006] [0.83405435085296631:1.0778050422668457] [0.74321287870407104:1.1244230270385742] [0.6852034330368042:1.1629009246826172] [0.66640979051589966:1.2080066204071045] [0.5378875732421875:1.2579364776611328] [0.00069080479443073273:0.11212722957134247] [0.0017650547670200467:0.1431388258934021] [0.0041934801265597343:0.17382200062274933] [0.00567659642547369:0.18774996697902679] [0.0089300395920872688:0.2389754056930542] [-0.042115382850170135:0.0791616290807724] [-0.032997976988554001:0.046681489795446396] [-0.024118058383464813:0.027798226103186607] [-0.016615439206361771:0.01989898644387722] [-0.00785861536860466:0.012354263104498386] [0:0.99667775630950928] [0:0.95486938953399658] [1.5740438952249747e-09:0.97379368543624878] [2.3889844769087176e-08:0.91518580913543701] [2.4118016028751299e-08:0.91335016489028931] [-0.082529790699481964:0.044480308890342712] [-0.12779033184051514:0.091903135180473328] [-0.12795443832874298:0.21900539100170135] [-0.18166327476501465:0.26401299238204956] [-0.28914579749107361:0.30566138029098511] [1:1.2395753860473633] [1:1.4054503440856934] [1:1.4645637273788452] [1:1.4788004159927368] [1:1.5523648262023926] [0.67921566963195801:1] [0.60049319267272949:1] [0.56041425466537476:1] [0.45798319578170776:1] [0.30715733766555786:1] [0.92677968740463257:1.1384615898132324] [0.84264212846755981:1.2067109346389771] [0.71830445528030396:1.3308889865875244] [0.67129093408584595:1.3336918354034424] [0.63595390319824219:1.3855650424957275] [0.737740159034729:1.0497738122940063] [0.6310727596282959:1.0791821479797363] [0.59268003702163696:1.1557692289352417] [0.57644158601760864:1.1646153926849365] [0.36435815691947937:1.1953846216201782] [0:2.8014218807220459] [0:2.9414057731628418] [0:3.2207605838775635] [0:3.6951804161071777] [0:5.409698486328125] [0:1.540283203125] [0:1.8408873081207275] [0:2.0457453727722168] [0:2.8127596378326416] [0:4.0334563255310059] [0:2.1852092742919922] [0:2.9260592460632324] [0:3.5938563346862793] [0:3.9469375610351562] [0:4.3509979248046875] [6.964928150177002:8149.32275390625] [6.7543387413024902:8006.736328125] [6.8737096786499023:8040.18115234375] [6.8173799514770508:7997.73779296875] [14.341361999511719:95.642501831054688] [-196.51142883300781:439.33468627929688] [-187.84236145019531:376.62765502929688] [-0.72714948654174805:5.0594182014465332] [-1389587840:17540292608] [0:2499576320] [0:1250901632] [0:3.1976375579833984] [1.7715308666229248:100] [2.5181527137756348:98.056396484375] [-33.425228118896484:142.79560852050781] [7.2687973976135254:8757.052734375] [-661.247314453125:-0.050905741751194] [0.11319413036108017:300.04034423828125] [6.7853078842163086:7897.03369140625] [0.0021675429306924343:0.084880366921424866] [0.0039244960062205791:0.06955987960100174] [-0.10068259388208389:0.1007462665438652] [-0.14830875396728516:0.46708279848098755] [-0.21436344087123871:0.654296875] -1:4:0:6:10:5:1:3:9:7
tree_sizes=2188 2740 3186 1904 2293 1717 1632 2554 2369 1344 2376 2118 2012 3042 1996 2176 2179 1646 1809 1626 1807 2283 1264 1910 2089 3398 1810 1904 2110 1263 2288 1997 1925 2376 2855 1159 1172 1168 1465 1261 1454 1257 1631 2568 2371 1540 2733 2580 1277 1997 1932 2279 1738 1547 2087 1635 1570 1452 1937 1178 2377 1632 1910 1722 1834 1352 1723 2171 1736 1348 2767 2454 3198 2025 2554 2372 1817 2015 2284 2017 1368 1350 1181 2184 1271 1445 988 1632 1563 1905 2570 3218 1735 2092 2301 2567 1358 1543 1558 2014 1347 1165 2747 2099 2281 1356 1271 2685 2764 2663 2295 3580 2850 3700 2779 3401 2217 3670 1463 1463 1370 2571 2683 1562 1092 2660 2873 3769 3597 3501 1576 1914 1737 1174 2205 1552 1563 1265 2762 1650 1944 2391 2299 1652 2577 2669 1367 3034 1089 2671 2212 1551 2018 1745 1175 2501 1934 1837 1928 1833 1916 1925 1555 1639 2011 2774 1842 1553 1555 1922 1563 1463 2865 1749 2762 1827 1557 2787 2977 3352 3972 1360 3877 2420 2022 4354 3051 1672 2494 3136 2415 3151 2849 1831 2667 1733 2210 1778 1752 1937

Tree=0
num_leaves=22
num_cat=0
split_feature=98 103 161 127 179 126 142 5 164 164 144 70 106 154 151 116 87 173 55 144 167
split_gain=0.46715 0.0912732 0.0848962 0.0551279 0.0513114 0.0486162 0.0413415 0.0396869 0.0581986 0.0389417 0.0284768 0.0276449 0.0271692 0.0228784 0.0211661 0.019757 0.0169912 0.0169406 0.0144063 0.0127324 0.0122103
threshold=0.83418181538581859 0.85271599888801586 0.8912697732448579 1.069219768047333 13.495225429534914 0.086296577006578459 0.98251357674598705 0.0076711894944310197 64.671825408935561 407.54141235351568 0.91318041086196911 0.48710018396377569 0.86406087875366222 0.30500140786170965 1.0515006184577944 0.002907711081206799 -0.12979977577924726 1.0768625736236574 0.37589815258979803 0.98662257194519054 3.316236257553101
decision_type=2 2 2 2 2 2 2 2 2 2 2 2 2 2 2 2 2 2 2 2 2
left_child=1 -1 -2 4 5 6 7 12 -9 -6 -5 14 -4 17 -11 18 -15 -8 -13 -16 -7
right_child=2 -3 3 10 9 20 13 8 -10 11 -12 15 -14 16 19 -17 -18 -19 -20 -21 -22
leaf_value=-0.0051576199128458514 0.0013190246633434937 -0.0025255564714365664 -0.0013390035915160094 -0.00069753509960968931 -0.0022129409934834002 -0.0019961836300043524 -0.00051754683641797657 0.0015512851783514082 -5.0612733944422499e-05 0.00039542411406234747 -0.0020495982052105475 -0.0016991351673664259 -0.00018891687912925845 0.00035151554193627781 -0.0011591796188993261 -0.0019222267679721407 -0.00044971518628845683 -0.0011800602495569525 -0.00078391481851842581 -0.00038163306547244424 -0.00090734003606798635
leaf_weight=51 60 93 58 67 51 52 195 81 189 63 93 50 448 73 78 56 707 191 307 162 51
leaf_count=51 60 93 58 67 51 52 195 81 189 63 93 50 448 73 78 56 707 191 307 162 51
internal_value=-0.000675208 -0.00345775 -0.000543055 -0.000580648 -0.000529281 -0.000398477 -0.000342333 -5.95473e-05 0.000429957 -0.000878034 -0.00148342 -0.00078295 -0.000320745 -0.000530533 -0.000420227 -0.00104906 -0.000374728 -0.000845371 -0.000912097 -0.000634336 -0.00145705
internal_weight=3176 144 3032 2972 2812 2045 1942 776 270 767 160 716 506 1166 303 413 780 386 357 240 103
internal_count=3176 144 3032 2972 2812 2045 1942 776 270 767 160 716 506 1166 303 413 780 386 357 240 103
is_linear=0
shrinkage=1


Tree=1
num_leaves=28
num_cat=0
split_feature=98 176 62 178 123 116 126 179 172 32 32 166 91 70 24 124 52 119 144 111 119 151 125 117 19 159 182
split_gain=0.427141 0.122112 0.0967824 0.0591982 0.0424341 0.0562049 0.043136 0.0336899 0.0455668 0.0240679 0.0215524 0.0200612 0.0326303 0.0260124 0.022057 0.0235524 0.0211715 0.0195103 0.0236323 0.0196812 0.0187331 0.0177761 0.0242006 0.0160629 0.0121204 0.0112346 0.00866865
threshold=0.8561227321624757 95.438232421875014 0.31842195987701422 -10.304393768310545 -0.0073402784764766684 0.0048693097196519384 0.086296577006578459 9.4682278633117694 40010164.000000007 0.058333335444331176 0.44166666269302374 68.293102264404311 0.42715555429458624 0.51191267371177684 0.55000001192092907 0.0019100937643088403 1.0000000180025095e-35 0.19196226447820666 0.93453234434127819 0.054576875641942031 0.026577702723443512 1.3474395871162417 0.015387697145342829 0.12599632889032367 0.37336669862270361 1.298484265804291 0.023439491167664531
decision_type=2 2 2 2 2 2 2 2 2 2 2 2 2 2 2 2 2 2 2 2 2 2 2 2 2 2 2
left_child=1 10 -2 11 17 6 7 9 -9 -6 -1 12 13 21 15 -14 -16 18 -5 -19 -20 22 -4 -15 -22 -25 -23
right_child=2 -3 3 4 5 -7 -8 8 -10 -11 -12 -13 14 23 16 -17 -18 19 20 -21 24 26 -24 25 -26 -27 -28
leaf_value=-0.0022511494752275301 0.0018902233369092907 -0.0041786609865837442 0.00011584882773309506 0.00107863239595099 -0.00015818133680073991 0.0017668877006346722 -0.0010251308733131737 0.00031241444939309187 0.0020419143991497603 0.00041009884343047511 -0.00095100269063978511 0.00063501992064656399 -0.00074273071053478437 -0.00098627557806474603 -0.0017683339755909613 0.0006134433112747502 -0.0005426896253943091 -0.00013338540863211772 -0.00085855648436843123 -0.0012404615934929757 0.00077590363035373892 1.8473345928788677e-05 0.0012283151630832088 -0.00052676089136384247 -0.0002934090631139764 0.00037358705206618956 -0.00072996985749341548
leaf_weight=51 79 58 148 50 230 72 56 85 69 981 85 69 89 95 69 50 72 96 61 69 53 171 73 82 53 60 50
leaf_count=51 79 58 148 50 230 72 56 85 69 981 85 69 89 95 69 50 72 96 61 69 53 171 73 82 53 60 50
internal_value=1.55958e-05 -0.00225776 0.000163494 0.000116504 0.000283689 0.000404006 0.000334951 0.000390749 0.00108732 0.000302168 -0.00143856 -0.000188429 -0.000247677 -6.03863e-05 -0.000701856 -0.000254898 -0.00114247 -0.000186557 0.000125032 -0.000596345 -0.000160477 0.000166229 0.000483315 -0.000483018 0.000241247 -0.000146332 -0.000150858
internal_weight=3176 194 2982 2903 1875 1493 1421 1365 154 1211 136 1028 959 679 280 139 141 382 217 165 167 442 221 237 106 142 221
internal_count=3176 194 2982 2903 1875 1493 1421 1365 154 1211 136 1028 959 679 280 139 141 382 217 165 167 442 221 237 106 142 221
is_linear=0
shrinkage=0.05


Tree=2
num_leaves=33
num_cat=0
split_feature=98 176 62 178 123 119 116 104 100 155 128 109 87 111 121 154 75 29 122 36 151 12 69 51 33 96 12 118 171 131 27 25
split_gain=0.385494 0.110206 0.0873461 0.0534264 0.0396636 0.041103 0.0565984 0.0461806 0.0361159 0.034155 0.0252924 0.0306235 0.0223321 0.0211242 0.0203766 0.0201547 0.0181919 0.0216236 0.0160796 0.015853 0.0154323 0.0202163 0.0143509 0.0141593 0.0134742 0.0130679 0.0124436 0.0115835 0.0107105 0.0107058 0.00655323 0.00534166
threshold=0.8561227321624757 95.438232421875014 0.31842195987701422 -10.304393768310545 0.0089549431577324885 0.11249088495969774 0.00098710635211318753 0.95536085963249218 0.82904067635536205 0.44384235143661505 1.0877414941787722 0.044990163296461112 0.33798773586750036 0.056042773649096496 0.26293435692787176 0.30812466144561773 0.49618607759475714 0.25000000745058065 0.0080477562732994574 -0.15000000596046445 1.0776154994964602 0.08793725818395616 0.37749199569225317 1.0000000180025095e-35 0.30000000447034841 -17.249770164489743 0.05734538100659848 0.18501636385917666 90952456.000000015 1.1651773452758791 0.17500000447034839 0.47499999403953558
decision_type=2 2 2 2 2 2 2 2 2 2 2 2 2 2 2 2 2 2 2 2 2 2 2 2 2 2 2 2 2 2 2 2
left_child=1 14 -2 16 8 6 19 -8 -5 -9 11 15 23 -14 -1 -10 17 25 29 30 24 22 -22 -7 -18 -4 -27 -15 -24 31 -6 -19
right_child=2 -3 3 4 5 12 7 9 10 -11 -12 -13 13 27 -16 -17 20 18 -20 -21 21 -23 28 -25 -26 26 -28 -29 -30 -31 -32 -33
leaf_value=-0.00075460906142218261 0.0017957121243772592 -0.0039697279619727412 0.00053978405792143107 -0.00096279127005254863 0.0010384634079741773 0.00014969168526295107 0.00061535463617579762 0.003220992460497655 -0.0001163346919859539 0.001372884498210624 -0.00086624233850411008 0.0012756991957184466 0.00038486642816326134 -0.0011866661772946827 -0.0019786506095817247 0.00033768221522407311 -0.00011275550230004853 -0.00052569218311243908 -0.0014057611628399734 -0.00025683689467689917 -0.00066923842995680709 -0.00092497017617071322 7.3534339784421554e-06 0.0013173776381235156 0.00081728511076528199 -0.00074993330057764843 0.0001519198425261206 -0.00013962572412700474 0.00078443435158988002 -0.0010297118724547098 0.00027449531461752488 0.00014057753724046053
leaf_weight=68 79 58 66 75 64 50 69 50 407 50 56 65 98 50 68 612 67 65 65 69 63 70 213 54 93 77 76 56 56 61 50 56
leaf_count=68 79 58 66 75 64 50 69 50 407 50 56 65 98 50 68 612 67 65 65 69 63 70 213 54 93 77 76 56 56 61 50 56
internal_value=1.4816e-05 -0.00214488 0.000155319 0.000110679 0.000269504 0.000581524 0.000950619 0.00161037 0.000100012 0.00229694 0.000169933 0.000223463 0.0001597 -0.000144291 -0.00136663 0.000156343 -0.000179008 -0.000409995 -0.000730707 0.000341337 1.25224e-05 -0.000152774 1.00379e-05 0.00075599 0.000427831 -4.82795e-05 -0.000301954 -0.000633513 0.000169125 -0.000489616 0.00070339 -0.000217336
internal_weight=3176 194 2982 2903 1875 660 352 169 1215 100 1140 1084 308 204 136 1019 1028 466 247 183 562 402 332 104 160 219 153 106 269 182 114 121
internal_count=3176 194 2982 2903 1875 660 352 169 1215 100 1140 1084 308 204 136 1019 1028 466 247 183 562 402 332 104 160 219 153 106 269 182 114 121
is_linear=0
shrinkage=0.05


Tree=3
num_leaves=19
num_cat=0
split_feature=98 176 117 127 111 160 179 126 102 120 162 12 134 119 87 113 161 75
split_gain=0.349743 0.0966111 0.0730981 0.0430476 0.0541559 0.0924268 0.0432532 0.0364255 0.0374123 0.0295404 0.0273777 0.026387 0.0221543 0.0187304 0.011608 0.0113347 0.0122917 0.0103522
threshold=0.83418181538581859 95.438232421875014 0.91961705684661876 1.069219768047333 0.10909707471728326 1.1474035978317263 13.495225429534914 0.082071419805288329 0.96416428685188305 0.13149938732385638 624.14562988281261 0.042611487209796912 0.92769828438758861 0.18973481655120852 0.45521633327007299 0.0004752922104671598 1.4626103639602663 0.50093728303909313
decision_type=2 2 2 2 2 2 2 2 2 2 2 2 2 2 2 2 2 2
left_child=1 -1 3 4 6 -6 7 8 -2 -5 12 -10 13 -8 -9 17 -17 -12
right_child=2 -3 -4 9 5 -7 10 14 11 -11 15 -13 -14 -15 -16 16 -18 -19
leaf_value=-0.001434484021162354 0.0012091534494450599 -0.0041424189096170606 0.0017615987397139586 -0.001436566488307624 0.0026470936514159434 7.9408530651202825e-05 -0.0017844918463285264 -2.8316747697177706e-05 0.00078981519274996326 -8.4614494200364239e-05 -0.00065842275366619638 0.00014374850477518917 6.7492959322407845e-05 -0.00051075500081491627 -0.00099525140899281916 0.00062592598918379981 -9.6939949377152808e-05 -4.1240537508955888e-05
leaf_weight=93 99 51 67 74 57 91 62 52 176 89 116 1549 50 54 77 92 163 164
leaf_count=93 99 51 67 74 57 91 62 52 176 89 116 1549 50 54 77 92 163 164
internal_value=1.40752e-05 -0.00239354 0.000128421 9.15164e-05 0.000137467 0.00106831 8.55585e-05 0.000206489 0.000263915 -0.000698384 -0.000251357 0.000209666 -0.000812317 -0.00119155 -0.000605479 -7.73019e-05 0.000163859 -0.00029693
internal_weight=3176 144 3032 2965 2802 148 2654 1953 1824 163 701 1725 166 116 129 535 255 280
internal_count=3176 144 3032 2965 2802 148 2654 1953 1824 163 701 1725 166 116 129 535 255 280
is_linear=0
shrinkage=0.05


Tree=4
num_leaves=23
num_cat=1
split_feature=185 176 62 18 126 106 114 116 37 153 186 88 127 106 146 32 116 9 91 12 158 153
split_gain=0.316037 0.0916138 0.0740021 0.0405519 0.0353374 0.0300253 0.0330892 0.02917 0.0286481 0.0241025 0.0234784 0.0268056 0.0357245 0.0230228 0.0213688 0.0212404 0.0176161 0.0167786 0.0146918 0.0124378 0.0155098 0.00500642
threshold=0.18961237370967868 95.438232421875014 0.31842195987701422 0.57735043764114391 0.10347663983702661 0.89941981434822094 0.0094468118622899073 0.0047778754960745582 -0.82499998807907093 0.33143886923789984 0 0.76391497254371654 1.0190430879592898 0.86708310246467601 0.84325635433197033 0.075000002980232253 0.0041744243353605279 1.0182863473892214 0.4297571480274201 0.014492982067167761 1.0744981169700625 0.26587183773517614
decision_type=2 2 2 2 2 2 2 2 2 2 1 2 2 2 2 2 2 2 2 2 2 2
left_child=2 9 -1 5 7 6 16 10 -7 -2 11 15 -13 -12 -15 -5 -4 19 -19 21 -21 -10
right_child=1 -3 3 4 -6 8 -8 -9 17 -11 13 12 -14 14 -16 -17 -18 18 -20 20 -22 -23
leaf_value=0.0016089990310918926 -0.0020456045559598662 -0.0038373613031581046 -0.00066932233416342314 -0.0004139970620356811 -0.00084277590204042763 -0.0011524301688445526 0.00018329713709031462 0.0011405956021694785 6.4498904353144405e-05 -0.0005229727777095475 -0.00093528905143851746 0.00053768249584512282 0.0019732045370244211 0.00098282147225998225 8.4064267427152688e-05 0.00050952267270211926 -0.0019605375473620372 -6.658511426880293e-05 -0.0011726271453560057 -2.1157388495114599e-05 0.00041117068226143879 -0.00054091615837326872
leaf_weight=82 53 54 56 90 70 54 61 98 53 51 51 144 62 72 812 202 50 73 51 469 372 96
leaf_count=82 53 54 56 90 70 54 61 98 53 51 51 144 62 72 812 202 50 73 51 469 372 96
internal_value=1.33714e-05 -0.00216649 0.000127493 8.61158e-05 0.0002558 -0.000117379 -0.000744478 0.000306029 -2.77164e-05 -0.00129893 0.000248955 0.000522498 0.000969733 9.66387e-05 0.000157266 0.000224876 -0.00127839 2.68029e-05 -0.000521489 9.54779e-05 0.000170075 -0.000325567
internal_weight=3176 158 3018 2936 1601 1335 167 1531 1168 104 1433 498 206 935 884 292 106 1114 124 990 841 149
internal_count=3176 158 3018 2936 1601 1335 167 1531 1168 104 1433 498 206 935 884 292 106 1114 124 990 841 149
cat_boundaries=0 1
cat_threshold=528
is_linear=0
shrinkage=0.05


Tree=5
num_leaves=17
num_cat=0
split_feature=174 62 181 111 119 32 75 91 77 168 144 111 90 149 121 92
split_gain=0.231062 0.075967 0.0714504 0.0379077 0.050566 0.0364244 0.0310532 0.0357504 0.0243912 0.0290494 0.021009 0.0180336 0.01685 0.0154345 0.0109903 0.00646191
threshold=94.841560363769545 0.29240581393241888 0.04412271827459336 0.10806054994463922 0.046374887228012092 0.47499999403953558 0.44292689859867101 0.61753934621810924 0.52901402115821849 6.8619585037231454 0.88507005572319042 0.074659608304500594 0.67314472794532787 0.38092388212680822 0.15898449718952182 0.21579509228467944
decision_type=2 2 2 2 2 2 2 2 2 2 2 2 2 2 2 2
left_child=1 -1 3 6 -5 -4 7 11 9 10 -8 13 -11 -3 -10 -16
right_child=-2 2 5 4 -6 -7 8 -9 14 12 -12 -13 -14 -15 15 -17
leaf_value=0.0018911044679180982 -0.0034118529958650475 -0.0011738305184865437 -0.0020117015095560682 0.0020151883313784228 0.0001138008122628283 -0.00039526573594999854 0.00097304553619767661 0.00076061297089648281 -0.00087505733860628726 -0.00014973628163894581 0.00015407074324557321 -0.0013598968193305229 -0.001074465530634415 -0.00025870708377624397 0.00026665815273173516 -0.00051411996906643013
leaf_weight=53 50 56 63 55 96 78 82 58 90 256 1739 61 61 260 53 53
leaf_count=53 50 56 63 55 96 78 82 58 90 256 1739 61 61 260 53 53
internal_value=-3.98341e-05 1.43088e-05 -1.81872e-05 3.48962e-05 0.000806359 -0.0011175 -7.17345e-06 -0.000395026 6.51128e-05 0.000114052 0.000190949 -0.000572817 -0.000327681 -0.000420881 -0.000468728 -0.000123731
internal_weight=3164 3114 3061 2920 151 141 2769 435 2334 2138 1821 377 317 316 196 106
internal_count=3164 3114 3061 2920 151 141 2769 435 2334 2138 1821 377 317 316 196 106
is_linear=0
shrinkage=0.05


Tree=6
num_leaves=16
num_cat=0
split_feature=174 62 181 111 88 32 100 110 178 182 35 173 110 145 160
split_gain=0.208533 0.0685602 0.064484 0.0342117 0.0485496 0.0328731 0.0295217 0.0325195 0.0279556 0.0362266 0.0400323 0.0251895 0.0213272 0.0223305 0.0155724
threshold=94.841560363769545 0.29240581393241888 0.04412271827459336 0.10806054994463922 0.60149917006492626 0.47499999403953558 0.80786055326461803 0.063655905425548567 -10.075191020965574 0.023517745546996597 0.47499999403953558 1.0149878263473513 0.042956352233886726 0.91839182376861583 1.3516356348991396
decision_type=2 2 2 2 2 2 2 2 2 2 2 2 2 2 2
left_child=1 -1 3 6 -5 -4 7 -3 12 11 -11 -10 13 -8 -14
right_child=-2 2 5 4 -6 -7 8 -9 9 10 -12 -13 14 -15 -16
leaf_value=0.0017965492392524437 -0.003241260264068842 -0.0013366519520230428 -0.0019111164377093139 0.0016566728639238711 -0.00013646551528169465 -0.00037550243413044464 0.00081643931366020953 1.9863895937780165e-05 0.00026802777175940795 0.00029348209078495439 0.0015511534730743232 -0.00016265546827147384 -0.00096207907869635771 -0.00013058451056152976 -0.0002136520130865862
leaf_weight=53 50 85 63 76 75 78 70 92 654 232 87 706 126 562 155
leaf_count=53 50 85 63 76 75 78 70 92 654 232 87 706 126 562 155
internal_value=-3.78424e-05 1.35934e-05 -1.72778e-05 3.31514e-05 0.000766041 -0.00106163 -6.81477e-06 -0.00063157 3.58479e-05 0.000156935 0.000636483 4.44525e-05 -0.00018683 -2.56926e-05 -0.000549246
internal_weight=3164 3114 3061 2920 151 141 2769 177 2592 1679 319 1360 913 632 281
internal_count=3164 3114 3061 2920 151 141 2769 177 2592 1679 319 1360 913 632 281
is_linear=0
shrinkage=0.05


Tree=7
num_leaves=26
num_cat=0
split_feature=98 121 161 123 100 121 104 121 179 7 22 71 121 111 141 153 180 122 97 12 167 108 111 179 135
split_gain=0.191033 0.0559797 0.0500397 0.0262982 0.0309933 0.0314543 0.0280658 0.0210753 0.0189176 0.0260661 0.0310157 0.0252282 0.0204195 0.0264024 0.0188475 0.0166596 0.0160967 0.0150428 0.0227192 0.0267573 0.0195322 0.0148062 0.0111809 0.00961395 0.0089699
threshold=0.83418181538581859 0.35365693271160131 0.8912697732448579 -0.0065928942058235398 0.91076850891113292 0.35046024620532995 0.95965969562530529 0.45010684430599218 14.432149410247805 -0.010685391724109648 0.59758287668228161 0.52036532759666454 0.053143275901675231 0.10717274621129037 0.95232060551643383 0.290389433503151 971.08569335937511 0.018683459609746936 0.94931378960609447 0.28909909725189215 2.6023037433624272 0.026358884759247306 0.037811953574419029 17.923359870910648 0.9306226670742036
decision_type=2 2 2 2 2 2 2 2 2 2 2 2 2 2 2 2 2 2 2 2 2 2 2 2 2
left_child=1 -1 -2 4 5 14 -6 21 9 10 15 -12 -10 16 -4 -5 23 18 19 -11 -20 24 -18 -14 -8
right_child=2 -3 3 8 6 -7 7 -9 12 17 11 -13 13 -15 -16 -17 22 -19 20 -21 -22 -23 -24 -25 -26
leaf_value=-0.00099608807900824158 0.0014913315737769956 -0.0029912407480385469 0.0002196526475671909 -0.00054219021101675508 0.0011096318579606589 -0.0014371848858314076 0.00031545107819522846 0.00077097154942087161 -0.0007994578786151992 -0.00058374723011425937 0.0020418944300829686 0.00054081679952599972 -0.00022360566337674599 0.0010768428359879182 -0.00084501105772617931 0.00068415401805521419 -0.00027065670744116075 0.0009072627241900927 8.3603226700292143e-05 0.00060861944584758023 0.00063332556435712973 -0.0010786330079690743 0.0003353578381513285 -0.0011735329958610238 -0.00031463445785911461
leaf_weight=87 59 59 89 53 51 90 77 55 99 218 55 57 57 50 78 58 146 57 943 60 195 50 159 50 212
leaf_count=87 59 59 89 53 51 90 77 55 99 218 55 57 57 50 78 58 146 57 943 60 195 50 159 50 212
internal_value=-3.59503e-05 -0.00180235 4.95017e-05 2.07528e-05 -0.000246522 -0.00068369 5.95559e-06 -0.000136906 0.000103884 0.000187138 0.000690922 0.00127795 -0.000147808 -8.16886e-06 -0.000277615 9.86023e-05 -0.000139845 0.000110869 7.88112e-05 -0.000326402 0.0001778 -0.000284202 4.52656e-05 -0.000667497 -0.000146757
internal_weight=3164 146 3018 2959 702 257 445 394 2257 1696 223 112 561 462 167 111 412 1473 1416 278 1138 339 305 107 289
internal_count=3164 146 3018 2959 702 257 445 394 2257 1696 223 112 561 462 167 111 412 1473 1416 278 1138 339 305 107 289
is_linear=0
shrinkage=0.05


Tree=8
num_leaves=24
num_cat=0
split_feature=126 118 161 174 123 100 111 42 110 140 173 0 158 92 86 120 165 119 184 84 84 73 158
split_gain=0.184929 0.057923 0.0503483 0.0340801 0.0311456 0.0348408 0.0268855 0.0265627 0.0313466 0.020679 0.0217425 0.0184197 0.0175499 0.0252946 0.0250712 0.0196106 0.0195551 0.0261008 0.0184584 0.0161849 0.0147936 0.0148777 0.00807687
threshold=0.11785228922963144 0.29881827533245092 0.8912697732448579 92.423019409179702 -0.0065928942058235398 0.89988258481025707 0.089901503175497069 0.52500000596046459 0.031120158731937412 0.9196525812149049 1.5619586706161501 -0.017907714471220967 1.1042955517768862 0.48481558263301855 0.76290112733840953 0.045215405523777015 54.801128387451179 0.13599620759487155 0.067922733724117293 0.66637277603149425 0.30120819807052618 0.45461998879909521 0.96928530931472789
decision_type=2 2 2 2 2 2 2 2 2 2 2 2 2 2 2 2 2 2 2 2 2 2 2
left_child=2 3 -1 -2 5 6 19 11 -9 -6 12 -7 13 14 -11 -15 17 -14 -18 -4 21 -13 -22
right_child=1 -3 4 -5 9 7 -8 8 -10 10 -12 20 16 15 -16 -17 18 -19 -20 -21 22 -23 -24
leaf_value=0.0016000203023054382 -0.0015195889664186247 -0.00026541971461416258 -0.0008642463218579493 -0.0032338789873756473 0.0010301893517817753 -0.0010027908850804765 -0.0015589908012771049 -0.00020634533930569888 0.0015310551836187694 4.2788634565555251e-05 -0.00086688119121582107 -0.00029442453406661293 0.0014841669605261446 0.00035681289144053638 0.0010428767927629424 -0.00074629838409670079 0.00028158397260513978 0.00021008556227157402 -0.00048604976376130556 0.00012836682731353727 -0.00088642572177027781 0.00075469678464692861 -0.00013549621135968228
leaf_weight=52 69 54 88 50 61 61 72 50 54 969 57 57 74 53 67 168 603 88 90 77 52 83 115
leaf_count=52 69 54 88 50 61 61 72 50 54 969 57 57 74 53 67 168 603 88 90 77 52 83 115
internal_value=-3.41528e-05 -0.00162357 5.77797e-05 -0.00223988 3.04926e-05 -0.000258175 -0.000752813 -9.80741e-06 0.000695766 0.000122271 9.67368e-05 -0.000209209 0.000122744 3.87262e-06 0.000107466 -0.000481751 0.000297505 0.000792073 0.000181891 -0.000401027 -5.15263e-05 0.000327555 -0.000369319
internal_weight=3164 173 2991 119 2939 709 237 472 104 2230 2169 368 2112 1257 1036 221 855 162 693 165 307 140 167
internal_count=3164 173 2991 119 2939 709 237 472 104 2230 2169 368 2112 1257 1036 221 855 162 693 165 307 140 167
is_linear=0
shrinkage=0.05


Tree=9
num_leaves=13
num_cat=0
split_feature=174 62 181 110 100 119 32 32 136 77 170 121
split_gain=0.165916 0.059147 0.0522036 0.0314972 0.0479302 0.0453324 0.0301706 0.024978 0.0248455 0.0210812 0.0213026 0.0164711
threshold=94.841560363769545 0.29240581393241888 0.04412271827459336 0.086596362292766585 0.80786055326461803 0.10475388914346696 0.47499999403953558 0.97499999403953563 0.68998953700065624 0.52901402115821849 7234391296.000001 0.15898449718952182
decision_type=2 2 2 2 2 2 2 2 2 2 2 2
left_child=1 -1 3 4 8 -5 -4 9 -3 10 -6 -11
right_child=-2 2 6 5 7 -7 -8 -9 -10 11 -12 -13
leaf_value=0.0016694751862608962 -0.0028898416581832863 -0.0017567717752311953 -0.0017687203990857281 0.0019716944990213962 8.6423624792985018e-05 5.7073936585328302e-05 -0.00029758113057304846 -0.00096436671815657363 -0.00040699126171841842 -0.00088591001565836616 0.0010566142990181358 1.6946279954156906e-06
leaf_weight=53 50 52 63 50 2310 81 78 60 99 98 58 112
leaf_count=53 50 52 63 50 2310 81 78 60 99 98 58 112
internal_value=-3.24451e-05 1.34347e-05 -1.5239e-05 3.0135e-05 -5.4548e-06 0.000787845 -0.000954899 4.4136e-05 -0.000871816 6.76078e-05 0.000110187 -0.000412521
internal_weight=3164 3114 3061 2920 2789 131 141 2638 151 2578 2368 210
internal_count=3164 3114 3061 2920 2789 131 141 2638 151 2578 2368 210
is_linear=0
shrinkage=0.05


Tree=10
num_leaves=24
num_cat=0
split_feature=126 117 152 123 119 182 136 116 31 26 182 120 135 29 120 115 100 97 158 92 97 37 122
split_gain=0.172682 0.058658 0.0394532 0.0371845 0.0277198 0.0281395 0.0541841 0.0530493 0.0657841 0.0224949 0.021954 0.0187695 0.0182819 0.0180113 0.0165072 0.016147 0.0460127 0.0253507 0.0163742 0.022306 0.0174279 0.0136395 0.0134456
threshold=0.11785228922963144 0.91961705684661876 0.23397745937108996 0.00042568705976009374 0.20381335169076922 0.034992747008800514 0.70646581053733837 0.0019594074692577128 0.18333333730697635 0.61666667461395275 0.039287719875574119 0.12354886531829835 0.88873931765556347 0.65000000596046459 0.40381219983100897 0.0056902985088527211 0.82562643289566051 0.98327329754829418 1.0979578495025637 0.1690415367484093 1.0133787989616396 0.62500000000000011 0.0035903631942346696
decision_type=2 2 2 2 2 2 2 2 2 2 2 2 2 2 2 2 2 2 2 2 2 2 2
left_child=1 3 -2 10 5 6 -5 14 -9 12 15 -11 -6 22 -8 16 -1 -17 19 -18 -20 -13 -14
right_child=2 -3 -4 4 9 -7 7 8 -10 11 -12 21 13 -15 -16 17 18 -19 20 -21 -22 -23 -24
leaf_value=-0.0016379955020395345 -0.0024584513752799954 0.0015559327264120593 -0.000910659736963476 -0.0012902861933552605 -0.00097904754731690711 0.0014395243273292292 0.00024438716543153673 0.0016712560227559251 -0.0001156392981021229 -0.00033906256324968778 -0.0011701704615844908 0.00030718643359351622 0.0003227950468541632 -0.00076021456984619123 -0.00062836955046928413 0.0011423688154712679 0.00013457691511575831 -0.00031190417079226884 0.0003074830982752472 -0.00049750456987332904 -0.00040978683662019769 0.0013306488438769627 -0.00059472990501839942
leaf_weight=51 71 66 98 51 78 57 663 148 79 67 51 90 172 81 59 62 218 58 338 388 113 51 52
leaf_count=51 71 66 98 51 78 57 663 148 79 67 51 90 172 81 59 62 218 58 338 388 113 51 52
internal_value=-5.9443e-06 8.18573e-05 -0.00156092 4.86188e-05 0.000205618 0.000358953 0.000297361 0.000382682 0.00104938 -6.8622e-05 -0.000153675 0.000349965 -0.000295949 -0.000121254 0.000173068 -0.000111459 -0.000171127 0.00043947 -0.000100351 -0.000270122 0.000127768 0.000677375 0.000109798
internal_weight=3162 2993 169 2927 1648 1057 1000 949 227 591 1279 208 383 305 722 1228 1108 120 1057 606 451 141 224
internal_count=3162 2993 169 2927 1648 1057 1000 949 227 591 1279 208 383 305 722 1228 1108 120 1057 606 451 141 224
is_linear=0
shrinkage=0.05


Tree=11
num_leaves=21
num_cat=1
split_feature=104 117 170 127 111 183 105 186 168 115 181 115 141 135 157 121 92 35 168 172
split_gain=0.149686 0.0529812 0.0423239 0.0310282 0.0382969 0.0361138 0.0319101 0.0302263 0.0298393 0.0221231 0.0215468 0.0265834 0.0254577 0.0234795 0.0196815 0.0217667 0.0149823 0.0202329 0.00965351 0.00911597
threshold=0.85094511508941661 0.91961705684661876 1173911488.0000002 1.035926401615143 0.10806054994463922 0.012307808734476568 0.88153314590454113 0 5.575017213821412 0.0035417046165093784 0.043174939230084426 0.0054621079470962295 0.94682404398918163 0.827480047941208 0.86626186966896068 0.27872496843338018 0.23522789776325229 -0.67499998211860646 5.4694564342498788 13025060.500000002
decision_type=2 2 2 2 2 2 2 1 2 2 2 2 2 2 2 2 2 2 2 2
left_child=2 3 -1 4 6 -6 -2 8 9 -8 11 13 -13 -5 15 -15 18 -18 -9 -16
right_child=1 -3 -4 10 5 -7 7 16 -10 -11 -12 12 -14 14 19 -17 17 -19 -20 -21
leaf_value=-0.0029147254936397076 -0.00083286806481563426 0.0014278840104479046 -0.00090474786512045706 -0.0012137769551117117 0.0020165027739712971 0.00020383425666683464 0.0004519618239119034 0.0002469210785944055 0.001554761489163726 -0.00036309922694165251 -0.0010296036116281956 0.0012849789563915692 -0.000259181674953331 -0.00099428038288822108 0.00069965042691910641 0.00017241998241649423 -0.00078692169681744424 -5.8713983272002968e-05 -0.00027161277482782767 -5.3684666363885888e-05
leaf_weight=50 94 69 55 64 50 61 453 557 52 102 82 56 51 116 50 61 110 718 107 204
leaf_count=50 94 69 55 64 50 61 453 557 52 102 82 56 51 116 50 61 110 718 107 204
internal_value=-5.64708e-06 5.81097e-05 -0.00186188 2.64784e-05 0.000114268 0.00102035 6.84063e-05 0.000108768 0.000402837 0.000302167 -0.000269235 -0.000165663 0.000548977 -0.000320141 -0.000187443 -0.000592197 -1.34791e-05 -0.000155457 0.000163362 9.46096e-05
internal_weight=3162 3057 105 2988 2304 111 2193 2099 607 555 684 602 107 495 431 177 1492 828 664 254
internal_count=3162 3057 105 2988 2304 111 2193 2099 607 555 684 602 107 495 431 177 1492 828 664 254
cat_boundaries=0 1
cat_threshold=528
is_linear=0
shrinkage=0.05


Tree=12
num_leaves=20
num_cat=0
split_feature=126 117 62 123 181 111 122 105 146 109 110 136 145 106 115 106 121 129 70
split_gain=0.14276 0.0479459 0.0298823 0.0282392 0.0389104 0.029889 0.0493447 0.0232598 0.0313781 0.0632596 0.0344528 0.0200648 0.0177255 0.0235304 0.0190905 0.0173109 0.0169065 0.0150328 0.014007
threshold=0.13727024942636493 0.91961705684661876 0.39456418156623846 0.00042568705976009374 0.043174939230084426 0.10909707471728326 0.0041721786838024863 0.88153314590454113 0.844619780778885 0.026803989894688133 0.051678085699677474 0.81407815217971813 0.84384086728096019 0.89806252717971813 0.0048498592805117377 0.92497339844703685 0.12718967348337176 1.044142544269562 0.58242440223693859
decision_type=2 2 2 2 2 2 2 2 2 2 2 2 2 2 2 2 2 2 2
left_child=1 3 -2 4 12 7 -7 -5 9 -9 -11 17 -1 14 -14 -15 -17 -10 -13
right_child=2 -3 -4 5 -6 6 -8 8 11 10 -12 18 13 15 -16 16 -18 -19 -20
leaf_value=0.00063033133461251481 -0.00080977297132123118 0.0013741126655879591 -0.0023986582729206146 -0.00068134699315785174 -0.0013990177298398784 0.0020658909702313327 1.030039778785207e-05 0.0022476299367982021 -0.0011742464184168388 0.0010535065683846673 -0.00036721386405230136 0.00017222927758614559 -0.0012952320269038397 0.00057856906039108127 -8.9467641659485571e-05 -0.00037082229019737485 6.3229420064879311e-05 2.3648292699363083e-05 -0.0004471168821673928
leaf_weight=81 53 68 67 88 59 53 65 51 55 75 99 1048 74 98 59 389 530 50 100
leaf_count=81 53 68 67 88 59 53 65 51 55 75 99 1048 74 98 59 389 530 50 100
internal_value=-5.36473e-06 6.13625e-05 -0.0016969 3.13467e-05 -0.00014469 0.000166196 0.000933574 0.000108373 0.000155393 0.000699058 0.000245166 5.77681e-05 -8.45714e-05 -0.000134925 -0.000760344 -5.31352e-05 -0.000120499 -0.00060382 0.000118279
internal_weight=3162 3042 120 2974 1290 1684 118 1566 1478 225 174 1253 1231 1150 133 1017 919 105 1148
internal_count=3162 3042 120 2974 1290 1684 118 1566 1478 225 174 1253 1231 1150 133 1017 919 105 1148
is_linear=0
shrinkage=0.05


Tree=13
num_leaves=31
num_cat=1
split_feature=126 123 161 181 92 119 146 134 3 94 186 110 131 91 26 135 121 115 100 92 152 107 121 27 29 161 120 120 54 178
split_gain=0.12903 0.0376176 0.0501548 0.0368686 0.0366883 0.0336576 0.0391739 0.0850183 0.0545486 0.0367508 0.0264911 0.0297014 0.0316875 0.0253916 0.0161982 0.0288795 0.0175715 0.0158296 0.0382287 0.0274674 0.0154281 0.0196759 0.0172061 0.0147609 0.013335 0.0130619 0.0127052 0.0122621 0.0110778 0.00886848
threshold=0.11785228922963144 0.00042568705976009374 0.99347108602523815 0.043174939230084426 0.40292486548423773 0.20381335169076922 0.844619780778885 0.8706851899623872 0.0075216258410364398 -2.4620306491851802 0 0.02899068966507912 1.0978931784629824 0.1846473887562752 0.58333334326744091 0.88873931765556347 0.12505853176116946 0.0056902985088527211 0.82562643289566051 0.37142679095268255 0.44611155986785894 0.016549844294786457 0.088388804346323027 0.15833333879709247 0.65000000596046459 1.5448337793350222 0.15662489831447604 0.36005333065986639 0.49593387544155126 -10.621997833251951
decision_type=2 2 2 2 2 2 2 2 2 2 1 2 2 2 2 2 2 2 2 2 2 2 2 2 2 2 2 2 2 2
left_child=1 3 -3 17 -2 6 7 9 -9 -4 11 -8 -13 25 15 -7 -16 18 -1 -19 21 23 -23 -20 28 -12 -15 -18 -17 -22
right_child=4 2 5 -5 -6 14 10 8 -10 -11 13 12 -14 26 16 24 27 19 20 -21 29 22 -24 -25 -26 -27 -28 -29 -30 -31
leaf_value=-0.0014748964935421885 -0.0019839409769083056 0.001535920762856092 -0.00099213442962435604 -0.0014500254347427366 -0.0004941507354184675 -0.0014052778071808544 0.0014441992778160199 0.00081278906564285428 0.003020042429508811 0.00086122842676902432 0.00075800471236030047 -0.00078127218811477729 0.00071611379003709021 -1.3098179162527132e-05 0.0007042992882118664 0.00036915840818047793 -0.00073111248880038679 -0.00035722511715253601 -0.00042230748735182808 0.0011431498425220376 3.4743485489993221e-06 -0.001270645816176077 -0.00015733737931845502 7.4832823497292294e-05 -0.00071812529130475962 3.0079713373155291e-05 -0.00063232833680134119 0.00020322000238818139 -0.00036142561877825402 0.00082398982464666553
leaf_weight=51 97 70 54 51 72 55 77 57 55 53 118 51 115 185 96 119 58 56 199 67 63 67 72 598 77 129 150 89 92 69
leaf_count=51 97 70 54 51 72 55 77 57 55 53 118 51 115 185 96 119 58 56 199 67 63 67 72 598 77 129 150 89 92 69
internal_value=-5.09649e-06 7.08005e-05 0.000225392 -0.000132453 -0.00134924 0.000169112 0.000339334 0.000933795 0.00189671 -7.41136e-05 0.000181532 0.000607556 0.000256074 -6.6682e-06 -0.000134151 -0.000355415 0.000178168 -7.83493e-05 -0.00013753 0.000460052 -7.36672e-05 -0.000145033 -0.000693968 -4.92963e-05 -0.00015492 0.000377833 -0.000290365 -0.000165428 5.06099e-05 0.00043238
internal_weight=3162 2993 1700 1293 169 1630 1044 219 112 107 825 243 166 582 586 343 243 1242 1119 123 1068 936 139 797 288 247 335 147 211 132
internal_count=3162 2993 1700 1293 169 1630 1044 219 112 107 825 243 166 582 586 343 243 1242 1119 123 1068 936 139 797 288 247 335 147 211 132
cat_boundaries=0 1
cat_threshold=528
is_linear=0
shrinkage=0.05


Tree=14
num_leaves=20
num_cat=0
split_feature=126 62 0 23 37 101 105 62 123 167 150 157 30 32 114 70 161 161 110
split_gain=0.118373 0.0319308 0.0347902 0.0312413 0.0309517 0.0397381 0.0258935 0.0256335 0.0255202 0.0207478 0.0245685 0.0223956 0.0183897 0.0187106 0.0167066 0.0196684 0.0160851 0.0143548 0.0100503
threshold=0.13727024942636493 0.31842195987701422 0.051384894177317626 0.5000000149011613 0.77500000596046459 0.77584820985794078 0.90736967325210582 0.39456418156623846 -0.033113704994320863 -0.63720411062240589 0.70419251918792736 1.4300550222396853 0.12500000372529033 0.97499999403953563 0.00072084218845702719 0.46322472393512731 1.5448337793350222 1.1509417891502383 0.02899068966507912
decision_type=2 2 2 2 2 2 2 2 2 2 2 2 2 2 2 2 2 2 2
left_child=1 -1 3 8 6 -6 16 -2 -3 10 -8 -11 14 17 -10 -16 -5 -14 -7
right_child=7 2 -4 4 5 18 9 -9 12 11 -12 -13 13 -15 15 -17 -18 -19 -20
leaf_value=0.0010231467684820653 -0.00072349485181236889 -0.0009754367599933535 -0.0011945234199070879 -0.001161586293587249 0.0018761200863324726 -0.00013359921190024738 -0.0011307609891026424 -0.002195093272872436 0.00026040939151046231 0.00025293710188144198 5.0736005116075807e-05 0.001170176358324195 -0.00039081797828354565 -0.00085890348631297595 -0.0014149930499261247 -0.0003384103830538672 1.0755575688866279e-06 0.00019779451880320103 0.00075601406388159376
leaf_weight=83 53 81 57 59 60 63 52 67 92 753 286 73 120 52 50 280 60 757 64
leaf_count=83 53 81 57 59 60 63 52 67 92 753 286 73 120 52 50 280 60 757 64
internal_value=-4.84167e-06 5.59195e-05 2.87888e-05 5.28166e-05 0.000214736 0.000815697 0.000127144 -0.00154514 -0.000113399 0.000198965 -0.000131033 0.000334001 -6.17155e-05 6.2615e-05 -0.000335419 -0.000501529 -0.00057537 0.000117255 0.00031471
internal_weight=3162 3042 2959 2902 1470 187 1283 120 1432 1164 338 826 1351 929 422 330 119 877 127
internal_count=3162 3042 2959 2902 1470 187 1283 120 1432 1164 338 826 1351 929 422 330 119 877 127
is_linear=0
shrinkage=0.05


Tree=15
num_leaves=22
num_cat=0
split_feature=104 62 10 126 18 136 116 161 52 56 37 158 150 11 109 90 164 28 57 116 12
split_gain=0.15771 0.0491928 0.0375179 0.0312713 0.0303292 0.0319099 0.0289841 0.0229247 0.0278261 0.0279833 0.0206001 0.0326295 0.0258093 0.0192462 0.0192227 0.0169805 0.0202152 0.0150872 0.014385 0.0246427 0.014277
threshold=0.85094511508941661 0.31842195987701422 1.0227026343345644 0.11480292305350305 0.59345847368240368 0.72557348012924205 0.0047778754960745582 1.2923305630683901 -0.058333335444331162 0.49475517868995672 0.65833333134651195 1.1586604714393618 0.76802667975425731 0.97077527642250072 0.049924537539482124 0.45345601439476019 141.60291290283206 0.30000000447034841 0.59240266680717479 0.0013815379934385421 0.1497064679861069
decision_type=2 2 2 2 2 2 2 2 2 2 2 2 2 2 2 2 2 2 2 2 2
left_child=2 -2 -1 4 5 14 7 8 9 -6 12 -12 -9 -10 -3 18 17 -17 19 -7 -18
right_child=1 3 -4 -5 6 15 -8 10 13 -11 11 -13 -14 -15 -16 16 20 -19 -20 -21 -22
leaf_value=-0.0029282630613015502 0.0012368485362288951 -0.0015455393606039177 -0.0009913093220675366 -0.00097731505714029106 0.00038791078962122078 -1.5048398897903795e-06 0.00109726231266693 -0.00052468854218362974 -0.00062204782551378702 0.0020368910639081152 -0.00028121344594416234 0.0010507604771676528 9.401234578447883e-05 0.00043429831121017325 -0.00024620023275598546 0.00053428836171016362 -0.00039692356105189438 -0.00034996857285717086 -0.00063864173805793856 0.0006828699196652062 -0.0013345224625663833
leaf_weight=50 86 59 50 76 53 606 86 230 54 50 78 112 631 214 55 98 216 95 63 168 50
leaf_count=50 86 59 50 76 53 606 86 230 54 50 78 112 631 214 55 98 216 95 63 168 50
internal_value=-5.62089e-06 5.7826e-05 -0.00195979 2.39597e-05 5.00381e-05 -0.000116667 0.00020591 0.000152002 0.0004899 0.00118839 3.2725e-05 0.00050395 -7.1262e-05 0.000221452 -0.000918665 -4.61208e-05 -0.000290519 9.90324e-05 8.79042e-05 0.000147042 -0.000573164
internal_weight=3180 3080 100 2994 2918 1410 1508 1422 371 103 1051 190 861 268 114 1296 459 193 837 774 266
internal_count=3180 3080 100 2994 2918 1410 1508 1422 371 103 1051 190 861 268 114 1296 459 193 837 774 266
is_linear=0
shrinkage=0.05


Tree=16
num_leaves=22
num_cat=0
split_feature=104 62 126 121 18 84 57 161 7 90 146 11 87 162 106 155 5 162 124 77 85
split_gain=0.142333 0.0443965 0.0282224 0.0278819 0.0273721 0.030502 0.0293411 0.0266567 0.0294097 0.0226539 0.0236397 0.0212829 0.0207211 0.0204016 0.019858 0.0193728 0.0191229 0.0158501 0.013548 0.0132713 0.0123603
threshold=0.85094511508941661 0.31842195987701422 0.11480292305350305 0.29691374301910406 0.59345847368240368 0.89774960279464733 0.59240266680717479 1.2923305630683901 -0.0076772251632064572 0.45345601439476019 0.94282457232475292 0.98502111434936535 0.1242896616458893 178.63935852050784 0.83387461304664623 0.44003225862979894 0.01430092239752412 315.13346862792974 0.008467071224004032 0.48673479259014135 0.48312193155288702
decision_type=2 2 2 2 2 2 2 2 2 2 2 2 2 2 2 2 2 2 2 2 2
left_child=3 -2 4 -1 6 7 9 8 -6 10 19 -8 -10 20 -9 -13 -16 -15 -12 -3 -11
right_child=1 2 -4 -5 5 -7 11 14 12 13 18 15 -14 17 16 -17 -18 -19 -20 -21 -22
leaf_value=-0.0010269032781943679 0.0011750061332984547 -4.4377219819580207e-05 -0.00092844930295541426 -0.0026966904975784019 0.001622113290096761 0.0012725683418610724 -0.0015267058481483466 -0.00095404282474191864 0.00095953019511637791 -0.00051421481551057826 0.00010761965697985146 0.00034451870212381312 8.8122315948627254e-05 -0.001414882619346477 5.4766596743818539e-06 -0.0009071887418479268 0.00084051183642972122 -0.00041594042771369764 -0.00046941983019897012 0.00089869842373776598 0.00029392362878141986
leaf_weight=50 86 52 76 50 51 63 55 50 95 70 481 56 242 52 933 69 74 168 129 132 146
leaf_count=50 86 52 76 50 51 63 55 50 95 70 481 56 242 52 933 69 74 168 129 132 146
internal_value=-5.33984e-06 5.49347e-05 2.27617e-05 -0.0018618 4.75362e-05 0.000195614 -0.000110834 0.00014866 0.000503115 -2.35802e-05 0.000135429 -0.000707066 0.000333771 -0.000313152 1.85482e-05 -0.000346424 6.68397e-05 -0.000652054 -1.441e-05 0.000632177 3.20269e-05
internal_weight=3180 3080 2994 100 2918 1508 1410 1445 388 1230 794 180 337 436 1057 125 1007 220 610 184 216
internal_count=3180 3080 2994 100 2918 1508 1410 1445 388 1230 794 180 337 436 1057 125 1007 220 610 184 216
is_linear=0
shrinkage=0.05


Tree=17
num_leaves=16
num_cat=1
split_feature=104 101 155 146 126 10 186 119 173 176 31 131 91 30 90
split_gain=0.128456 0.0439961 0.0738171 0.0540236 0.0340658 0.0338599 0.02244 0.0486906 0.0213439 0.0245219 0.0238561 0.0193474 0.0290441 0.0256071 0.0141547
threshold=0.85094511508941661 0.68604296445846569 0.35285525023937231 0.7374866008758546 0.11480292305350305 1.0227026343345644 0 0.10475388914346696 1.1342945098876955 81.086780548095717 1.0000000180025095e-35 1.0729697942733767 0.41525465250015264 0.17500000447034839 0.42613933980464941
decision_type=2 2 2 2 2 2 1 2 2 2 2 2 2 2 2
left_child=5 2 -2 -3 6 -1 7 -5 9 14 -11 13 -13 -10 -8
right_child=1 3 -4 4 -6 -7 8 -9 11 10 -12 12 -14 -15 -16
leaf_value=-0.00268876014277339 0.0023031420375835814 -0.0015083066711667926 -0.00031301944691222163 0.0014599954771869451 -0.0010131090181734967 -0.0008486540033482015 0.00014496436865064571 -0.00021326142294770655 -0.00035489635055622489 0.0012692839632121226 0.00029065697292536525 -9.7339075551699904e-05 -0.00096494445642747451 0.00042289530019685198 -0.00019155347759334173
leaf_weight=50 56 57 52 89 74 50 906 85 196 75 367 264 152 230 477
leaf_count=50 56 57 52 89 74 50 906 85 196 75 367 264 152 230 477
internal_value=-5.07285e-06 5.2188e-05 0.00104351 1.61642e-05 4.59738e-05 -0.00176871 7.35599e-05 0.000607676 3.62986e-05 0.000132512 0.000456714 -0.000171809 -0.000414349 6.50381e-05 2.88986e-05
internal_weight=3180 3080 108 2972 2915 100 2841 174 2667 1825 442 842 416 426 1383
internal_count=3180 3080 108 2972 2915 100 2841 174 2667 1825 442 842 416 426 1383
cat_boundaries=0 1
cat_threshold=512
is_linear=0
shrinkage=0.05


Tree=18
num_leaves=18
num_cat=0
split_feature=126 22 101 146 115 101 179 165 12 86 118 182 131 70 179 180 62
split_gain=0.116686 0.0476867 0.0384529 0.0328612 0.041434 0.0214297 0.0213495 0.030095 0.0231871 0.021045 0.017767 0.02693 0.0220702 0.0171853 0.0166509 0.0135523 0.0127908
threshold=0.13727024942636493 0.89692118763923656 0.62692645192146312 0.74825862050056469 0.0077689881436526784 0.72948741912841808 13.362823009490969 395.86126708984381 0.042611487209796912 0.52445322275161754 0.1018718369305134 0.020222741179168228 1.0265542268753054 0.51068294048309337 8.4257922172546404 906.57092285156261 0.41505996882915502
decision_type=2 2 2 2 2 2 2 2 2 2 2 2 2 2 2 2 2
left_child=2 -2 -1 4 -4 -5 8 -8 9 14 12 -12 -10 16 -7 -15 -9
right_child=1 -3 3 5 -6 6 7 13 10 -11 11 -13 -14 15 -16 -17 -18
leaf_value=0.0013778401086811855 -0.00065137276722131957 -0.0026520136257255768 -0.0014326756928867105 0.0010022492480735916 0.00038234676364535359 0.0017301027989014986 -0.0013380236330004455 -0.00065156785759609194 0.00052466564439335769 -1.7154174984170822e-05 2.4464748278339412e-05 0.00055878964376158903 -0.00021733226057187865 -0.00088451147297746507 0.00057766693789744754 -0.00014981465947474479 0.0001976168552026101
leaf_weight=54 68 53 82 60 51 50 52 50 118 80 680 361 665 95 84 185 392
leaf_count=54 68 53 82 60 51 50 52 50 118 80 680 361 665 95 84 185 392
internal_value=-4.81921e-06 -0.00152769 5.54184e-05 3.16545e-05 -0.00073669 6.72358e-05 4.72853e-05 -0.000176271 0.000132189 0.000624565 7.44209e-05 0.000209759 -0.000105511 -9.25996e-05 0.00100768 -0.000399087 0.000101555
internal_weight=3180 121 3059 3005 133 2872 2812 774 2038 214 1824 1041 783 722 134 280 442
internal_count=3180 121 3059 3005 133 2872 2812 774 2038 214 1824 1041 783 722 134 280 442
is_linear=0
shrinkage=0.05


Tree=19
num_leaves=16
num_cat=0
split_feature=97 92 16 161 126 87 99 75 148 124 100 86 145 161 161
split_gain=0.106293 0.0373615 0.0375563 0.0366029 0.0312041 0.020722 0.0248191 0.0176422 0.0356197 0.0245652 0.0226494 0.023562 0.0209627 0.0118567 0.00363364
threshold=0.84203034639358532 0.64583784341812145 0.95833331346511852 0.9547325372695924 0.11480292305350305 -0.15554215759038922 0.97245377302169811 0.52331152558326732 0.77688187360763561 -0.024707341566681858 0.82562643289566051 0.70770505070686351 0.9268159568309785 1.3785854578018191 1.7796792984008791
decision_type=2 2 2 2 2 2 2 2 2 2 2 2 2 2 2
left_child=-1 3 -3 -2 5 6 -5 10 -9 -10 11 -7 -12 -8 -15
right_child=1 2 -4 4 -6 7 13 8 9 -11 12 -13 -14 14 -16
leaf_value=-0.0016887907587390925 0.00098307412358832513 8.5683167950871092e-05 0.0019631879255175592 0.0013327466166763353 -0.00096330308797084457 -0.0010682175695204505 0.00073809684487059725 0.0013040409853500832 -0.00099314254898048349 0.00014342349656522627 0.00022605244079964171 3.3305401528905794e-05 -0.00017396824208310116 0.0001173031887584278 -0.00047690238241921183
leaf_weight=91 94 57 50 61 85 119 55 63 51 701 466 82 1102 53 50
leaf_count=91 94 57 50 61 85 119 55 63 51 701 466 82 1102 53 50
internal_value=-4.57825e-06 4.50376e-05 0.000963022 1.20985e-05 -1.95053e-05 9.11509e-06 0.000476095 -3.04626e-05 0.000162017 6.63426e-05 -0.00011914 -0.00061884 -5.50845e-05 0.000145363 -0.000171146
internal_weight=3180 3089 107 2982 2888 2803 219 2584 815 752 1769 201 1568 158 103
internal_count=3180 3089 107 2982 2888 2803 219 2584 815 752 1769 201 1568 158 103
is_linear=0
shrinkage=0.05


Tree=20
num_leaves=18
num_cat=0
split_feature=103 161 136 90 87 34 113 111 179 180 116 87 90 179 173 87 179
split_gain=0.086754 0.0448107 0.0308419 0.0337339 0.0554676 0.0448417 0.0326087 0.0303937 0.027151 0.0256116 0.0242076 0.0236403 0.0207861 0.0184094 0.0180478 0.0158119 0.0136679
threshold=0.85271599888801586 0.9547325372695924 0.72370421886444103 0.43341007828712469 0.58327928185462963 0.55000001192092907 0.0056410480756312617 0.10806054994463922 13.495225429534914 440.53311157226568 -0.0028398057911545034 -0.087251633405685411 0.13469151407480243 11.757995605468752 1.4428378343582156 0.4818957000970841 3.6344714164733891
decision_type=2 2 2 2 2 2 2 2 2 2 2 2 2 2 2 2 2
left_child=-1 -2 3 6 -5 -6 -3 8 10 -10 16 12 -12 -13 15 -11 -4
right_child=1 2 7 4 5 -7 -8 -9 9 14 11 13 -14 -15 -16 -17 -18
leaf_value=-0.0020576176696922629 0.0011168321277859542 -0.000346610060501007 -7.6587025198802765e-05 0.001367128339331305 -0.0013453274166368144 0.00036337896336802151 -0.0019987361541487707 0.0010238737224517536 -0.001153483066124917 0.00012037535485128525 0.00030599720175381495 8.1061714305804828e-05 0.0015496138475100452 0.00074521879552256521 -0.00099796391145156866 -0.0004504660188356371 -0.001129872985762962
leaf_weight=50 94 64 70 51 81 73 56 80 68 406 84 1525 56 112 55 173 55
leaf_count=50 94 64 70 51 81 73 56 80 68 406 84 1525 56 112 55 173 55
internal_value=8.51767e-06 4.18102e-05 8.22695e-06 -0.000451796 -6.20552e-05 -0.000535356 -0.0011176 6.39301e-05 3.44388e-05 -0.000231315 0.000132525 0.000179834 0.000803444 0.000126502 -0.000132407 -5.01869e-05 -0.000540033
internal_weight=3153 3103 3009 325 205 154 120 2684 2604 702 1902 1777 140 1637 634 579 125
internal_count=3153 3103 3009 325 205 154 120 2684 2604 702 1902 1777 140 1637 634 579 125
is_linear=0
shrinkage=0.05


Tree=21
num_leaves=23
num_cat=0
split_feature=103 161 123 178 168 159 136 160 37 183 142 138 73 181 110 0 156 172 21 22 31 121
split_gain=0.0782955 0.0405915 0.0242806 0.0220841 0.0224165 0.02162 0.0280743 0.0253207 0.0687316 0.0231942 0.0206683 0.0212543 0.0195665 0.0416947 0.0200611 0.018722 0.016499 0.0140676 0.0139601 0.0128501 0.0125953 0.00885866
threshold=0.85271599888801586 0.8912697732448579 -0.0065928942058235398 -10.075191020965574 5.004744529724122 1.0841546654701235 0.75797641277313244 1.205146372318268 0.59166666865348827 -0.0089729414321482164 0.92902538180351268 0.9776575267314912 0.67788153886795055 0.025787981227040294 0.087627604603767409 0.011062822770327331 0.32593300938606268 62962008.000000007 0.61639475822448742 0.86474856734275829 0.68333333730697643 0.075074374675750746
decision_type=2 2 2 2 2 2 2 2 2 2 2 2 2 2 2 2 2 2 2 2 2 2
left_child=-1 -2 12 10 5 6 -5 8 -7 -9 -4 -12 14 -14 15 16 17 -3 -8 21 -18 -13
right_child=1 2 3 4 -6 7 18 9 -10 -11 11 19 13 -15 -16 -17 20 -19 -20 -21 -22 -23
leaf_value=-0.0019547368136700245 0.0013167801744351833 -0.00014186670108328519 -0.00095017410571659544 -0.0012095839072785834 0.00098806495250379359 0.00023341916954614639 -0.00016901521828789626 0.0010971954804234452 0.0023112590952289545 7.5527937255323195e-05 0.00091579276947110577 -0.00039807293801099442 -0.00011842802354183325 -0.0018385599368378859 0.00082543879222423538 -0.0011056075968286572 -2.8807088913001484e-05 -0.0010875464453647509 0.00040998327627664609 -0.00080719535258363885 0.00081877900951300177 5.5212095323895484e-05
leaf_weight=50 61 102 68 51 87 144 309 61 55 622 54 139 98 55 53 51 279 64 157 61 52 480
leaf_count=50 61 102 68 51 87 144 309 61 55 622 54 139 98 55 53 51 279 64 157 61 52 480
internal_value=8.09179e-06 3.97197e-05 1.41113e-05 9.52033e-05 0.000209323 0.000160895 -9.58358e-05 0.000311382 0.000807697 0.000166775 -0.000116245 -3.8987e-05 -0.000231961 -0.000736776 -0.000103447 -0.000193285 -9.96661e-05 -0.000506466 2.60551e-05 -0.000114808 0.000104348 -4.65757e-05
internal_weight=3153 3103 3042 2288 1486 1399 517 882 199 683 802 734 754 153 601 548 497 166 466 680 331 619
internal_count=3153 3103 3042 2288 1486 1399 517 882 199 683 802 734 754 153 601 548 497 166 466 680 331 619
is_linear=0
shrinkage=0.05


Tree=22
num_leaves=12
num_cat=0
split_feature=133 161 21 115 116 42 111 158 179 162 116
split_gain=0.0656234 0.0383566 0.034605 0.0208135 0.0436238 0.0249962 0.0207066 0.0371111 0.0262847 0.0227155 0.0215404
threshold=0.79501983523368847 0.8912697732448579 0.89183962345123302 0.01053408393636346 0.0058102945331484088 0.60833334922790538 0.10806054994463922 0.98760542273521434 13.495225429534914 624.14562988281261 -0.0028398057911545034
decision_type=2 2 2 2 2 2 2 2 2 2 2
left_child=2 -2 -1 4 5 6 8 -8 10 -10 -3
right_child=1 3 -4 -5 -6 -7 7 -9 9 -11 -12
leaf_value=-0.00030066889710724356 0.0013342592850549091 -0.00051065063552232462 -0.0021429365492132584 0.0010365153727470899 -0.0013620198599120048 -0.00092706530840311612 -0.00021590486489367323 0.0016919062505901543 -0.00070146734871284321 -6.1749562805287625e-05 0.00016730330854095865
leaf_weight=50 57 125 52 50 57 66 50 52 187 538 1869
leaf_count=50 57 125 52 50 57 66 50 52 187 538 1869
internal_value=7.6872e-06 4.93949e-05 -0.00123986 2.49336e-05 7.75317e-06 3.47975e-05 5.73012e-05 0.000756705 3.1064e-05 -0.000226753 0.000124804
internal_weight=3153 3051 102 2994 2944 2887 2821 102 2719 725 1994
internal_count=3153 3051 102 2994 2944 2887 2821 102 2719 725 1994
is_linear=0
shrinkage=0.05


Tree=23
num_leaves=19
num_cat=0
split_feature=103 161 136 90 87 34 107 111 131 133 134 88 65 39 182 181 84 169
split_gain=0.0643358 0.0342694 0.0257502 0.0290892 0.0478681 0.0399644 0.0372477 0.0256376 0.020203 0.0265564 0.0242106 0.0203563 0.0296231 0.0195859 0.021638 0.0188214 0.0158065 0.00768413
threshold=0.85271599888801586 0.9547325372695924 0.72370421886444103 0.43341007828712469 0.58327928185462963 0.55000001192092907 0.024238537997007373 0.1048223376274109 1.1864714622497561 0.92018738389015209 0.98538914322853099 0.23191362619400027 -0.090595241636037813 0.75000000000000011 0.035598780959844596 0.0084789409302175062 0.029227300547063354 0.14702221006155017
decision_type=2 2 2 2 2 2 2 2 2 2 2 2 2 2 2 2 2 2
left_child=-1 -2 3 6 -5 -6 -3 8 11 -10 16 12 17 14 -13 -14 -11 -4
right_child=1 2 7 4 5 -7 -8 -9 9 10 -12 13 15 -15 -16 -17 -18 -19
leaf_value=-0.0017719603246077896 0.00097608464383619269 -0.00027466914844294284 0.00056591220800833572 0.0012758556092568839 -0.0012561568419860796 0.00035694958532487414 -0.0020566411215958056 0.00085131556562763376 -0.0011978730953573673 0.00063148174677348575 -0.0010101809855768806 0.0002143198917396953 0.00027300570439731076 -0.00047453942606440213 0.0012749323980533519 -0.00050711517390737606 -0.00014785942094445198 -4.0451733668039484e-05
leaf_weight=50 94 69 144 51 81 73 51 98 66 87 64 1258 97 99 50 381 258 82
leaf_count=50 94 69 144 51 81 73 51 98 66 87 64 1258 97 99 50 381 258 82
internal_value=7.30284e-06 3.59729e-05 6.60416e-06 -0.000413734 -5.18183e-05 -0.000491502 -0.00103201 5.75021e-05 2.74194e-05 -0.0002672 -0.000117018 9.37123e-05 -0.000125788 0.000203541 0.000254863 -0.000348806 4.86701e-05 0.000345904
internal_weight=3153 3103 3009 325 205 154 120 2684 2586 475 409 2111 704 1407 1308 478 345 226
internal_count=3153 3103 3009 325 205 154 120 2684 2586 475 409 2111 704 1407 1308 478 345 226
is_linear=0
shrinkage=0.05


Tree=24
num_leaves=21
num_cat=0
split_feature=103 161 135 133 115 111 158 155 182 117 161 128 70 72 32 148 101 165 135 46
split_gain=0.058063 0.0309281 0.0239303 0.0575064 0.0246745 0.0376225 0.0262423 0.0467421 0.024595 0.0206393 0.0179245 0.0198157 0.0161148 0.0137385 0.0240136 0.0140463 0.013009 0.0112026 0.00961351 0.00751908
threshold=0.85271599888801586 0.9547325372695924 0.81851443648338329 0.8644012212753297 0.01053408393636346 0.10069462656974794 0.99802681803703319 0.43776303529739385 0.027154922485351566 0.16051703691482547 1.1509417891502383 1.0570181012153628 0.58934876322746288 0.48093277215957647 0.72499999403953563 0.72509992122650158 0.92084619402885448 146.36740875244143 0.93554040789604198 0.38333334028720861
decision_type=2 2 2 2 2 2 2 2 2 2 2 2 2 2 2 2 2 2 2 2
left_child=-1 -2 4 -4 5 6 7 -3 19 -10 11 16 13 14 -12 -15 -5 -14 -18 -8
right_child=1 2 3 10 -6 -7 8 -9 9 -11 12 -13 17 15 -16 -17 18 -19 -20 -21
leaf_value=-0.0016833623461425303 0.00092728041260109408 0.0010996555279451144 0.0017328790751943255 -0.00080165554426680759 0.00073430019642378632 -0.0013461011108368193 -0.0015444167778660618 -0.00067100579467682013 -0.00078437745894731608 0.00046563101379433648 -0.00050231263170456353 -0.0012118532204853925 0.00011109384172596038 0.00052434197309897477 0.00047889990214672356 0.00011275628607776277 0.00066644690768774973 -0.00085510956158153328 -0.00018615455682788223 -0.00068583409484548896
leaf_weight=50 94 84 51 53 52 88 51 67 59 75 203 54 50 240 90 1521 51 75 94 51
leaf_count=50 94 84 51 53 52 88 51 67 59 75 203 54 50 240 90 1521 51 75 94 51
internal_value=6.9377e-06 3.41742e-05 6.27395e-06 7.12476e-05 -0.000299731 -0.00041293 -0.000200737 0.000313998 -0.000530079 -8.47459e-05 3.63882e-05 -0.000362847 8.25596e-05 0.000116103 -0.000200916 0.00016885 -0.0001313 -0.000468628 0.000113726 -0.00111513
internal_weight=3153 3103 3009 2482 527 475 387 151 236 134 2431 252 2179 2054 293 1761 198 125 145 102
internal_count=3153 3103 3009 2482 527 475 387 151 236 134 2431 252 2179 2054 293 1761 198 125 145 102
is_linear=0
shrinkage=0.05


Tree=25
num_leaves=35
num_cat=2
split_feature=126 92 158 186 77 115 121 110 136 12 186 86 85 129 111 94 87 173 173 12 173 31 122 111 22 52 115 89 90 90 92 118 169 156
split_gain=0.0458378 0.0492175 0.0243087 0.0323149 0.0417497 0.045298 0.0377115 0.0247185 0.0464239 0.0236918 0.0194441 0.0222643 0.0223133 0.0208819 0.0210264 0.0196528 0.0187788 0.0182734 0.0177752 0.0163933 0.0162449 0.0154418 0.01516 0.0140829 0.0129573 0.013389 0.0124024 0.0285556 0.0124198 0.015551 0.0112408 0.00982508 0.00870747 0.00655024
threshold=0.11785228922963144 0.40292486548423773 1.1078032255172732 0 0.47653450071811682 0.0033323584357276563 0.035107744857668884 0.086596362292766585 0.70035025477409374 0.16322995722293857 1 0.65431779623031627 0.25753349065780645 1.0683698058128359 0.039375202730298049 -2.9785504341125484 0.46161608397960668 1.0932909250259402 1.2092088460922243 0.15976364165544513 1.584246098995209 0.51666668057441723 0.0093547329306602495 0.029671276919543747 0.81533151865005504 0.058333335444331176 0.00080224292469210934 0.46407550573349005 0.72016906738281261 0.61840051412582409 0.26741850376129156 0.14119225740432742 -0.17206180095672605 0.58931687474250805
decision_type=2 2 2 1 2 2 2 2 2 2 1 2 2 2 2 2 2 2 2 2 2 2 2 2 2 2 2 2 2 2 2 2 2 2
left_child=2 22 7 4 5 -4 -6 8 -1 -9 11 12 17 14 23 -16 -14 -10 24 -13 26 -15 -2 -12 25 -8 27 32 29 31 -29 -28 -5 -34
right_child=1 -3 3 20 6 -7 18 9 10 -11 13 19 16 21 15 -17 -18 -19 -20 -21 -22 -23 -24 -25 -26 -27 28 30 -30 -31 -32 -33 33 -35
leaf_value=-0.001515566319195104 -0.00088823392892801122 0.00020655897615880176 0.0019885017582493606 0.00068201842051084072 -0.00081458258775195908 0.00017637410447774929 0.00071581965323850075 -0.00011298296899525976 -0.00017429981000780326 0.0013555699332133183 7.405754776934346e-05 -0.00027246375685492587 0.00047634247748974635 0.0012018488016716825 0.00040841650415506382 -0.00075624054408399393 -0.00019341735847278456 -0.0009343388403638029 -0.00025506671491813096 -0.0012968226687580806 -0.00082918748784434511 0.00019252680135650735 -0.002095808221858141 0.0010523532422524239 0.0013373737886118202 -7.8189860996880948e-05 0.00060611454189876733 -0.00019805293697572779 -0.00033535202597642823 0.0012461428113359338 -0.0011109221917909703 -0.00016997493839880919 0.00023073979058687617 -0.00041023519035184486
leaf_weight=58 53 74 83 66 70 59 171 53 352 57 132 84 222 72 51 125 198 102 72 73 57 80 51 51 52 77 88 60 59 51 77 76 115 61
leaf_count=58 53 74 83 66 70 59 171 53 352 57 132 84 222 72 51 125 198 102 72 73 57 80 51 51 52 77 88 60 59 51 77 76 115 61
internal_value=5.14552e-07 -0.000779086 4.67092e-05 0.000210215 0.000481472 0.00123558 0.000250096 -7.70194e-05 -0.000126864 0.000647994 -7.46301e-05 -0.000198616 -0.000102065 0.000175969 -2.85661e-05 -0.000418755 0.000160599 -0.000345057 0.000450439 -0.000748758 -1.94117e-05 0.000670627 -0.00148041 0.000346697 0.00061976 0.000469293 5.09759e-05 -0.000134301 0.000307254 0.000483597 -0.000711125 0.000246463 0.000192248 8.58369e-06
internal_weight=3182 178 3004 1294 584 142 442 1710 1600 110 1542 1031 874 511 359 176 420 454 372 157 710 152 104 183 300 248 653 379 274 215 137 164 242 176
internal_count=3182 178 3004 1294 584 142 442 1710 1600 110 1542 1031 874 511 359 176 420 454 372 157 710 152 104 183 300 248 653 379 274 215 137 164 242 176
cat_boundaries=0 1 2
cat_threshold=1552 1201
is_linear=0
shrinkage=0.05


Tree=26
num_leaves=18
num_cat=0
split_feature=174 123 126 117 90 158 175 56 111 22 92 12 163 161 121 12 37
split_gain=0.0439289 0.0320949 0.0357468 0.0252615 0.0212062 0.020047 0.0219436 0.027036 0.0241902 0.0231588 0.019422 0.0184422 0.0269407 0.0228048 0.0151536 0.0207786 0.0124397
threshold=94.841560363769545 0.051872828975319869 0.11480292305350305 0.92907327413558971 0.45345601439476019 1.1078032255172732 71.360519409179702 0.67047923803329479 0.093367420136928572 0.89187201857566845 0.51680099964141857 0.16061538457870486 15.195716857910158 1.7796792984008791 0.051374251022934921 0.047549029812216766 0.77500000596046459
decision_type=2 2 2 2 2 2 2 2 2 2 2 2 2 2 2 2 2
left_child=1 2 3 5 -4 6 7 10 9 -8 -1 14 -13 -14 15 -7 -16
right_child=-2 -3 4 -5 -6 11 8 -9 -10 -11 -12 12 13 -15 16 -17 -18
leaf_value=3.430955205782699e-05 -0.0014698618627153337 0.0011502532136341136 -0.0014419682849124498 0.0011182367927416773 -0.00014317848089073475 0.00014213286863146144 -7.1634584664749055e-05 0.0010347704684598462 -0.0014200368152300004 -0.0010778054523258799 -0.00056821542553710995 -0.0003497459766933591 0.00040472204492678955 0.0013619381607713876 6.7241113889695894e-05 -0.00094178123848017337 0.00083081159435836123
leaf_weight=1017 50 62 66 53 60 91 294 61 52 71 154 90 280 80 556 86 59
leaf_count=1017 50 62 66 53 60 91 294 61 52 71 154 90 280 80 556 86 59
internal_value=4.88826e-07 2.39619e-05 1.21591e-06 3.65127e-05 -0.000823497 1.66817e-05 -9.75852e-05 8.52974e-06 -0.000411095 -0.000267355 -4.49294e-05 0.000168394 0.000424 0.000617437 2.31627e-05 -0.000384515 0.000140494
internal_weight=3182 3132 3070 2944 126 2891 1649 1232 417 365 1171 1242 450 360 792 177 615
internal_count=3182 3132 3070 2944 126 2891 1649 1232 417 365 1171 1242 450 360 792 177 615
is_linear=0
shrinkage=0.05


Tree=27
num_leaves=19
num_cat=0
split_feature=82 117 170 88 115 145 121 135 22 169 69 139 42 181 31 111 107 125
split_gain=0.042244 0.0383892 0.0251679 0.023586 0.0386253 0.0247639 0.0222977 0.0203749 0.0292452 0.023921 0.0203566 0.017241 0.0165105 0.0164593 0.0140341 0.0139562 0.0188217 0.0101096
threshold=0.11891527101397516 0.91961705684661876 10588294656.000002 0.26249071955680853 0.0097388094291090983 0.91166111826896679 0.35046024620532995 0.79437643289566051 0.58574435114860546 0.88956072926521312 0.52859416604042064 0.98339533805847179 0.55833333730697643 0.035991365090012557 0.18333333730697635 0.088774126023054137 0.014530235901474954 0.02035569213330746
decision_type=2 2 2 2 2 2 2 2 2 2 2 2 2 2 2 2 2 2
left_child=1 2 3 5 7 10 -2 13 11 -10 -1 -9 15 17 -14 16 -7 -5
right_child=6 -3 -4 4 -6 12 -8 8 9 -11 -12 -13 14 -15 -16 -17 -18 -19
leaf_value=-0.0012281356119054402 -0.00020237877756836966 0.0012225664129529371 -0.0010473184117687528 0.00032588766055169003 0.0014901892392206757 8.149245451215503e-05 -0.0014833764162280466 -0.00066965142102640846 0.00030431014062933979 0.0014139991497638851 4.5300403006928356e-06 3.6301258426061295e-05 -7.9186973791783223e-05 -0.00092236500917531467 -0.0011655035973646966 0.00072025830057816966 -0.0006321217866700734 -0.00053449759160967313
leaf_weight=91 66 67 55 83 51 528 70 97 735 52 53 798 61 81 58 66 112 58
leaf_count=91 66 67 55 83 51 528 70 97 735 52 53 798 61 81 58 66 112 58
internal_value=4.64386e-07 3.89596e-05 1.23394e-05 3.22714e-05 0.000132248 -0.000169435 -0.000861716 9.58741e-05 0.000155296 0.000377631 -0.000774446 -4.02098e-05 -6.3833e-05 -0.000354341 -0.000608652 2.79992e-05 -4.339e-05 -2.80297e-05
internal_weight=3182 3046 2979 2924 1955 969 136 1904 1682 787 144 895 825 222 119 706 640 141
internal_count=3182 3046 2979 2924 1955 969 136 1904 1682 787 144 895 825 222 119 706 640 141
is_linear=0
shrinkage=0.05


Tree=28
num_leaves=21
num_cat=1
split_feature=82 117 158 101 68 84 168 100 166 110 136 163 121 91 22 186 161 152 12 150
split_gain=0.0381252 0.0346463 0.0243065 0.0301027 0.0249527 0.0218516 0.0221404 0.0233006 0.0207333 0.0207328 0.0284961 0.0270225 0.0205491 0.0183106 0.0174852 0.0170382 0.0125904 0.0122641 0.0102264 0.00821936
threshold=0.11891527101397516 0.91961705684661876 1.1078032255172732 0.69164046645164501 0.15338718146085742 0.043063823133707053 -2.3263555765151973 0.83699634671211254 72.703865051269545 0.086596362292766585 0.70646581053733837 180.88183593750003 0.24128147214651111 0.37673036754131323 0.88545644283294689 0 1.7757778763771059 0.2205581068992615 0.22848554700613025 0.85050436854362499
decision_type=2 2 2 2 2 2 2 2 2 2 2 2 2 2 2 1 2 2 2 2
left_child=1 2 4 -4 -1 13 17 16 9 10 -6 -11 -2 18 -9 -12 -8 -7 19 -5
right_child=12 -3 3 5 8 6 7 14 -10 11 15 -13 -14 -15 -16 -17 -18 -19 -20 -21
leaf_value=-0.00111269761332854 -1.2581080663949253e-05 0.0011614380490795864 0.001355905396765313 -0.00034067827509716154 -0.0012405898110815683 2.4497007181261719e-05 -0.0011214471528666833 0.00011475179120160257 -0.001020342340260478 0.0014793122992850841 0.00023102631229923113 -8.8681404059705115e-05 -0.0012872630881374367 0.0013654109078343026 0.00084836942816189946 -0.00015336458143064757 -4.1548572321930397e-05 -0.00094034061224391183 0.00091975627333990169 0.00035862184350874375
leaf_weight=60 50 67 52 59 52 53 53 560 56 50 387 61 86 50 95 1047 55 87 56 146
leaf_count=60 50 67 52 59 52 53 53 560 56 50 387 61 86 50 95 1047 55 87 56 146
internal_value=4.41166e-07 3.70116e-05 1.17224e-05 0.000177856 -0.000111059 0.000127396 2.90469e-06 0.000108957 -7.47022e-05 -4.15426e-05 -9.07803e-05 0.000617622 -0.00081863 0.000488861 0.000221154 -4.90857e-05 -0.000571499 -0.000575081 0.000320939 0.00015736
internal_weight=3182 3046 2979 1266 1713 1214 903 763 1653 1597 1486 111 136 311 655 1434 108 140 261 205
internal_count=3182 3046 2979 1266 1713 1214 903 763 1653 1597 1486 111 136 311 655 1434 108 140 261 205
cat_boundaries=0 1
cat_threshold=578
is_linear=0
shrinkage=0.05


Tree=29
num_leaves=12
num_cat=0
split_feature=174 123 181 153 11 111 156 17 88 62 77
split_gain=0.0370698 0.029219 0.0297916 0.0230662 0.0195251 0.0175756 0.0314182 0.0170581 0.0127482 0.0234683 0.0215625
threshold=94.841560363769545 0.051872828975319869 0.046454291790723808 0.4922624826431275 0.94727438688278209 0.10806054994463922 0.7613348960876466 0.045833334326744087 0.26249071955680853 0.41275478899478918 0.52659353613853466
decision_type=2 2 2 2 2 2 2 2 2 2 2
left_child=1 2 4 -4 -1 7 -7 -6 9 -9 -10
right_child=-2 -3 3 -5 5 6 -8 8 10 -11 -12
leaf_value=-0.00084911900297400642 -0.0013502596082216769 0.0010966395329300976 -0.0016079259755788372 -8.9171033003367485e-05 -0.00064701335056358206 0.0012998851175652819 -0.00013338732447337886 -0.00065007144627329642 0.00016900285154417466 1.0999529433030068e-05 -0.00047101018131540318
leaf_weight=62 50 62 50 50 93 75 78 166 1651 702 143
leaf_count=62 50 62 50 50 93 75 78 166 1651 702 143
internal_value=4.31312e-07 2.19941e-05 2.91128e-07 -0.000848549 2.88716e-05 4.75908e-05 0.000569197 1.86232e-05 4.18779e-05 -0.000115426 0.000117987
internal_weight=3182 3132 3070 100 2970 2908 153 2755 2662 868 1794
internal_count=3182 3132 3070 100 2970 2908 153 2755 2662 868 1794
is_linear=0
shrinkage=0.05


Tree=30
num_leaves=23
num_cat=0
split_feature=184 178 125 110 126 146 156 157 110 117 173 134 5 87 160 158 173 125 34 97 153 116
split_gain=0.0582072 0.0283212 0.0332496 0.0296223 0.0237371 0.0210788 0.0198075 0.0267923 0.0232841 0.033608 0.0213514 0.0176168 0.0157277 0.0146123 0.0141769 0.0136217 0.0190173 0.0128689 0.00971965 0.0107719 0.00759415 0.00743479
threshold=0.22424697130918506 -9.7996020317077619 0.059917179867625243 0.047017760574817664 0.077029563486576094 0.71830102801322948 0.7333836853504182 1.4640864133834841 0.05824174918234349 0.059634022414684303 0.99493086338043224 0.92400202155113231 0.0064437726978212604 0.78621587157249462 2.1415902376174931 1.1203039288520815 1.1854370236396792 0.025177270174026493 0.75000000000000011 1.025176525115967 0.35029736161232 0.00039945791650097823
decision_type=2 2 2 2 2 2 2 2 2 2 2 2 2 2 2 2 2 2 2 2 2 2
left_child=1 5 4 -4 6 -1 7 8 10 -10 -3 -8 20 14 15 16 17 -7 19 -17 -13 -18
right_child=-2 2 3 -5 -6 13 11 -9 9 -11 -12 12 -14 -15 -16 18 21 -19 -20 -21 -22 -23
leaf_value=-0.0011155749438330532 -0.0014906274321089899 0.00034640642425403441 0.0015607328570907855 7.1791213270182077e-05 -0.0006567253639979154 -0.00024382023400247498 -0.00086022039542583961 0.0010652707324738408 -0.00036493144009499721 0.0011635118181119218 -9.5964887600460394e-05 -0.00058045156874060111 0.00059504953387659045 0.00071432547976236008 -0.00083711497157481433 -9.5334847261613914e-05 -0.001312682045303518 0.00044276471423680886 0.00070893567904325517 0.00065910677475845402 6.2137470075035813e-05 -0.00045042986084445152
leaf_weight=54 63 470 77 59 97 384 77 90 51 122 650 90 78 52 69 305 50 83 60 56 94 50
leaf_count=54 63 470 77 59 97 384 77 90 51 122 650 90 78 52 69 305 50 83 60 56 94 50
internal_value=1.40526e-05 4.44551e-05 0.000160681 0.000914795 0.000104299 -0.000150921 0.000147167 0.000231124 0.000173063 0.00071293 8.96731e-05 -0.000195348 5.39872e-08 -0.00010395 -0.000144205 -9.58139e-05 -0.00025579 -0.000121793 0.000119641 2.16976e-05 -0.000252172 -0.000881556
internal_weight=3181 3118 1955 136 1819 1163 1722 1383 1293 173 1120 339 262 1109 1057 988 567 467 421 361 184 100
internal_count=3181 3118 1955 136 1819 1163 1722 1383 1293 173 1120 339 262 1109 1057 988 567 467 421 361 184 100
is_linear=0
shrinkage=0.05


Tree=31
num_leaves=20
num_cat=0
split_feature=103 178 117 126 134 173 106 168 116 177 136 111 11 160 108 88 42 142 138
split_gain=0.0550918 0.0263658 0.0287338 0.0228474 0.0352195 0.0468459 0.0312425 0.0303526 0.0252154 0.0211758 0.0188754 0.0147032 0.0142649 0.0139479 0.0163934 0.0116978 0.0102783 0.0115882 0.0105635
threshold=0.85271599888801586 -10.304393768310545 0.91961705684661876 0.077029563486576094 0.85249698162078869 1.1342945098876955 0.86192673444747936 5.575017213821412 0.0042103687301278123 135.69605255126956 0.65943720936775219 0.10909707471728326 0.978245109319687 1.0273990631103518 0.014581554569303991 0.67863634228706371 0.57499998807907116 0.94344395399093639 1.0307635664939883
decision_type=2 2 2 2 2 2 2 2 2 2 2 2 2 2 2 2 2 2 2
left_child=-1 10 3 4 5 12 -6 8 -8 15 -2 13 -3 14 -12 -5 17 -15 -19
right_child=1 2 -4 9 6 -7 7 -9 -10 -11 11 -13 -14 16 -16 -17 -18 18 -20
leaf_value=-0.0015553675892508844 -0.0010836197504361805 -0.00028334112875251413 0.0013094633059294071 0.0005283972260076553 -0.0010897689569249467 0.0021534771424339852 5.356209276037602e-05 0.0011857765479579762 0.0010389233849684174 -0.0012485372326207452 -0.00017261175717440857 0.00059781604420319474 0.00089399364811833942 0.00054866402239228294 -0.0013409503888539677 -0.00046432760196470031 -0.00077533685526920155 -0.00018726067170728828 0.00031631923911190824
leaf_weight=55 52 53 52 50 53 50 1436 67 68 54 73 69 50 75 51 73 51 624 125
leaf_count=55 52 53 52 50 53 50 1436 67 68 54 73 69 50 75 51 73 51 624 125
internal_value=1.335e-05 4.09506e-05 0.000149453 0.000118583 0.000172542 0.000897755 0.000104219 0.0001445 9.8113e-05 -0.000423147 -0.000153385 -0.000108093 0.000288181 -0.000156849 -0.000653138 -6.07809e-05 -8.65179e-05 -4.38847e-05 -0.000103219
internal_weight=3181 3126 2006 1954 1777 153 1624 1571 1504 177 1120 1068 103 999 124 123 875 824 749
internal_count=3181 3126 2006 1954 1777 153 1624 1571 1504 177 1120 1068 103 999 124 123 875 824 749
is_linear=0
shrinkage=0.05


Tree=32
num_leaves=19
num_cat=1
split_feature=75 62 133 158 92 106 186 12 100 73 175 158 87 75 107 162 118 168
split_gain=0.050312 0.0387573 0.0288875 0.0171427 0.0285857 0.0369012 0.0224476 0.0357469 0.0227346 0.016779 0.0155735 0.0359389 0.0244533 0.0180311 0.0174327 0.0156664 0.0122918 0.0103683
threshold=0.31163157522678381 0.29240581393241888 0.79501983523368847 1.1219658851623537 0.55519264936447155 0.9376075565814973 0 0.24035768210887912 0.84200605750083934 0.85321885347366344 65.819698333740249 0.78132447600364696 0.82432198524475109 0.44292689859867101 0.010944978334009649 94.88946914672853 0.071906220167875304 -1.509996712207794
decision_type=2 2 2 2 2 2 1 2 2 2 2 2 2 2 2 2 2 2
left_child=-1 -2 -3 9 6 -6 7 16 -8 10 12 14 13 -4 -12 -13 -5 -10
right_child=1 2 3 4 5 -7 8 -9 17 -11 11 15 -14 -15 -16 -17 -18 -19
leaf_value=-0.0012758010827481584 0.0013712006047609505 -0.0010757385945723045 -0.00061454230574844873 0.00058024598715661032 0.0014894909836250176 -0.00021504380018450323 -0.0010445803029142553 0.0012713443461577229 -0.00030175990839118391 -0.00090061616333275056 3.0642231782932384e-06 -0.00091998971504613945 0.00099234608831044388 8.761734007046453e-05 0.0011415184194272132 -0.00026756497261798531 -8.4041389741712906e-05 0.00014549515999619675
leaf_weight=74 54 59 101 106 87 50 56 91 187 57 82 127 69 965 57 334 203 422
leaf_count=74 54 59 101 106 87 50 56 91 187 57 82 127 69 965 57 334 203 422
internal_value=1.26825e-05 4.33705e-05 1.98845e-05 4.1475e-05 0.000187558 0.000867398 0.000100105 0.000390581 -7.92987e-05 -5.65116e-05 -2.87803e-05 -0.000234813 8.01355e-05 2.109e-05 0.000469912 -0.0004473 0.000143837 8.16068e-06
internal_weight=3181 3107 3053 2994 1202 137 1065 400 665 1792 1735 600 1135 1066 139 461 309 609
internal_count=3181 3107 3053 2994 1202 137 1065 400 665 1792 1735 600 1135 1066 139 461 309 609
cat_boundaries=0 1
cat_threshold=176
is_linear=0
shrinkage=0.05


Tree=33
num_leaves=24
num_cat=0
split_feature=72 62 117 178 182 3 119 37 170 136 111 168 115 4 4 123 87 170 100 89 92 136 119
split_gain=0.0475412 0.0479991 0.0310143 0.0209772 0.0263347 0.0360209 0.0493717 0.0378413 0.0247955 0.0242102 0.0241869 0.0240542 0.0267993 0.0225046 0.0197881 0.0193547 0.0147112 0.0134922 0.0125653 0.0171991 0.0155927 0.010933 0.0102595
threshold=0.55966013669967662 0.29240581393241888 0.1957291662693024 -9.7996020317077619 0.023517745546996597 0.015185337979346515 0.14781254529953006 0.15833333879709247 4953550592.000001 0.65943720936775219 0.093367420136928572 3.5310811996459965 0.0036468704929575328 0.087032269686460509 0.1806936860084534 0.0011561771971173587 0.78621587157249462 141934616.00000003 0.93870601058006298 0.33555053174495703 0.44054321944713598 0.88431304693222057 0.12161264941096307
decision_type=2 2 2 2 2 2 2 2 2 2 2 2 2 2 2 2 2 2 2 2 2 2 2
left_child=1 -1 -2 9 10 7 -7 14 13 -3 11 12 17 -9 -6 -13 18 -5 19 -11 21 -20 -21
right_child=2 3 -4 4 5 6 -8 8 -10 16 -12 15 -14 -15 -16 -17 -18 -19 20 22 -22 -23 -24
leaf_value=0.0015883814869448545 -6.391476806662656e-05 -0.00119888609154329 -0.0016175255009632868 0.00056314238606494638 0.0015728584662288232 0.0023182892889491522 0.00018019408313800039 -0.0012315063568001444 0.00084784912492669162 -0.0010686320831603689 -0.00089565065497046589 0.00016068884447433874 -0.0010546608512883942 -5.5246094071219726e-05 0.00028800719253546241 0.0013784516716210202 0.00072621505443329131 -1.0400415795255172e-05 0.00050971958248214634 -0.00056355614131596804 -0.00071723942742914605 -3.4342934628187836e-05 8.3060639633298659e-05
leaf_weight=50 58 52 72 114 62 54 54 55 53 73 69 73 58 156 58 59 52 1020 113 108 71 505 142
leaf_count=50 58 52 72 114 62 54 54 55 53 73 69 73 58 156 58 59 52 1020 113 108 71 505 142
internal_value=1.20484e-05 5.19485e-05 -0.000924376 2.63498e-05 0.000128065 0.000442529 0.00124924 0.000215642 -0.000118997 -0.000145455 1.69982e-05 6.45607e-05 -6.3595e-06 -0.000361854 0.000951847 0.000704992 -9.39711e-05 4.72573e-05 -0.000136115 -0.000393435 -1.54846e-05 6.51378e-05 -0.000196278
internal_weight=3181 3051 130 3001 1885 492 108 384 264 1116 1393 1324 1192 211 120 132 1064 1134 1012 323 689 618 250
internal_count=3181 3051 130 3001 1885 492 108 384 264 1116 1393 1324 1192 211 120 132 1064 1134 1012 323 689 618 250
is_linear=0
shrinkage=0.05


Tree=34
num_leaves=29
num_cat=1
split_feature=103 178 97 156 75 27 98 107 182 12 135 178 111 171 47 90 83 186 31 167 101 101 91 3 86 32 173 109
split_gain=0.044273 0.0207088 0.0257731 0.0203667 0.0308021 0.0324052 0.0206407 0.0192614 0.021243 0.023295 0.0222769 0.0176193 0.0232158 0.0168685 0.0161552 0.015149 0.0174515 0.0136795 0.0169754 0.0145841 0.0132752 0.0146327 0.011445 0.0100108 0.00987523 0.00837895 0.00617742 0.00617421
threshold=0.85271599888801586 -10.304393768310545 0.88075819611549389 0.74064907431602489 0.56822550296783458 0.59166666865348827 0.98211035132408153 0.030727562494575981 0.023517745546996597 0.21030974388122561 0.82320842146873485 -14.431133747100828 0.077320370823144927 119698252.00000001 0.50833332538604747 0.080557379871606841 -0.32301686704158777 0 0.38333334028720861 -0.22559288144111631 0.72948741912841808 0.83010995388031017 -0.20079384744167325 0.0056931793224066505 0.75616824626922619 0.50833332538604747 1.0149878263473513 0.027095870114862922
decision_type=2 2 2 2 2 2 2 2 2 2 2 2 2 2 2 2 2 1 2 2 2 2 2 2 2 2 2 2
left_child=-1 11 -3 4 7 -6 25 8 10 -10 -4 15 14 -9 27 22 -17 19 -19 -8 -18 -22 -2 26 -23 -5 -24 -13
right_child=1 2 3 6 5 -7 17 13 9 -11 -12 12 -14 -15 -16 16 20 18 -20 -21 21 24 23 -25 -26 -27 -28 -29
leaf_value=-0.0013948309005619112 -0.00022671746661470996 0.0012533015611115843 -0.0009593194657936693 -0.0012124992812336502 0.00021612129948475595 0.0019269464995595627 -0.00018274316011710018 2.1878642384225216e-05 0.00018869498614887043 0.0011023878760421087 0.00012162589976924209 -0.00015680143780738229 -0.0012171935402409126 -0.0011634248404684164 -0.00080335048178847715 -0.0010618893953791236 0.00068193715979577977 -0.00095837189513926595 0.00017170159966279817 0.00094271693489558642 -0.00074347224841943369 8.2249567422028138e-05 -3.041004627290101e-05 0.0009364809372830982 -0.00061503190612950036 -0.00033741490915417671 0.00066005028306244645 0.00057169622768224839
leaf_weight=55 86 50 50 59 62 50 53 71 175 116 1020 66 78 52 68 51 50 61 73 63 91 303 92 72 61 51 50 52
leaf_count=55 86 50 50 59 62 50 53 71 175 116 1020 66 78 52 68 51 50 61 73 63 91 303 92 72 61 51 50 52
internal_value=1.14459e-05 3.61885e-05 0.000132349 0.000103695 0.000180322 0.000979883 -0.000236018 0.000119977 0.00017413 0.000552916 7.11144e-05 -0.000136042 -0.000493142 -0.000479225 -0.000189508 -2.59078e-05 -0.000180415 1.51172e-05 -0.000318934 0.00039449 -9.13949e-05 -0.000176376 0.000260446 0.000456222 -3.46025e-05 -0.000806778 0.00021271 0.000164231
internal_weight=3181 3126 2006 1956 1596 112 360 1484 1361 291 1070 1120 264 123 186 856 556 250 134 116 505 455 300 214 364 110 142 118
internal_count=3181 3126 2006 1956 1596 112 360 1484 1361 291 1070 1120 264 123 186 856 556 250 134 116 505 455 300 214 364 110 142 118
cat_boundaries=0 1
cat_threshold=1090
is_linear=0
shrinkage=0.05


Tree=35
num_leaves=11
num_cat=0
split_feature=174 183 170 110 171 164 146 101 99 170
split_gain=0.0317057 0.0326855 0.0245022 0.0173709 0.0280542 0.0316479 0.0227877 0.0227656 0.020209 0.0212359
threshold=94.841560363769545 0.062619756907224669 10588294656.000002 0.087627604603767409 157158488.00000003 174.15678405761722 0.72640797495841991 0.71685594320297252 0.83625757694244396 6004771328.000001
decision_type=2 2 2 2 2 2 2 2 2 2
left_child=1 2 3 6 5 -5 -1 -8 -9 -10
right_child=-2 -3 -4 4 -6 -7 7 8 9 -11
leaf_value=-0.00097245763187553771 -0.0012441107891499998 0.0011174718056172967 -0.0010646089288748732 0.0019246259122155608 -0.00035665055684308246 0.00015438301633652124 0.00095206234747445074 -0.00072578143671547118 -4.3640396133201519e-06 0.0009797586911450449
leaf_weight=60 50 67 53 50 57 51 63 95 2594 56
leaf_count=60 50 67 53 50 57 51 63 95 2594 56
internal_value=5.08321e-06 2.49369e-05 1.163e-06 1.98299e-05 0.000530226 0.00103074 -8.28821e-06 1.23137e-05 -9.25431e-06 1.64325e-05
internal_weight=3196 3146 3079 3026 158 101 2868 2808 2745 2650
internal_count=3196 3146 3079 3026 158 101 2868 2808 2745 2650
is_linear=0
shrinkage=0.05


Tree=36
num_leaves=11
num_cat=0
split_feature=117 126 124 115 116 111 65 123 111 49
split_gain=0.0251039 0.0364613 0.0353384 0.0288198 0.0331888 0.0212795 0.0325007 0.0184596 0.0161828 0.016472
threshold=0.8978705406188966 0.14707927405834201 0.022942063398659233 0.01053408393636346 0.0058102945331484088 0.10806054994463922 -0.079353220760822282 0.04472563415765763 0.099443227052688613 0.55000001192092907
decision_type=2 2 2 2 2 2 2 2 2 2
left_child=1 3 -2 4 5 7 -7 8 9 -1
right_child=2 -3 -4 -5 -6 6 -8 -9 -10 -11
leaf_value=1.651788398882814e-05 -0.00011740078885590525 -0.0010129905442914202 0.0016927290753161427 0.0011987515705986879 -0.0012065798717422263 0.0015645135862373369 -0.00020458214706741275 0.00091878587185279827 -0.00072837715419559075 -0.00057599106372894376
leaf_weight=2531 56 90 52 50 57 54 50 52 81 123
leaf_count=2531 56 90 52 50 57 54 50 52 81 123
internal_value=4.82905e-06 -2.13775e-05 0.000754143 8.3907e-06 -1.17986e-05 1.17581e-05 0.000713987 -1.44463e-05 -3.21896e-05 -1.0942e-05
internal_weight=3196 3088 108 2998 2948 2891 104 2787 2735 2654
internal_count=3196 3088 108 2998 2948 2891 104 2787 2735 2654
is_linear=0
shrinkage=0.05


Tree=37
num_leaves=11
num_cat=0
split_feature=174 123 181 110 119 153 42 101 136 111
split_gain=0.0273261 0.060531 0.0261467 0.0291681 0.0305135 0.0208979 0.0181806 0.0277731 0.0198997 0.0185437
threshold=94.841560363769545 0.051872828975319869 0.046454291790723808 0.085526566952466979 0.10475388914346696 0.47939135134220129 0.60833334922790538 0.71685594320297252 0.71341669559478771 0.10806054994463922
decision_type=2 2 2 2 2 2 2 2 2 2
left_child=1 2 3 6 -5 -4 7 -1 -9 -10
right_child=-2 -3 5 4 -6 -7 -8 8 9 -11
leaf_value=0.00094826059702379437 -0.0011551240049302578 0.0017147766280686484 -0.0015235428292071449 0.0016860468815698719 0.0001583503570972508 -7.7933327178470799e-05 -0.00085337172541397792 -0.00077842552474023598 -1.8114360996016144e-05 0.00082450588290239064
leaf_weight=76 50 52 50 52 88 50 63 84 2564 67
leaf_count=76 50 52 50 52 88 50 63 84 2564 67
internal_value=4.5876e-06 2.30191e-05 -5.41378e-06 2.11502e-05 0.00072578 -0.000800738 -1.34147e-05 5.54523e-06 -2.08439e-05 3.34347e-06
internal_weight=3196 3146 3094 2994 140 100 2854 2791 2715 2631
internal_count=3196 3146 3094 2994 140 100 2854 2791 2715 2631
is_linear=0
shrinkage=0.05


Tree=38
num_leaves=14
num_cat=1
split_feature=174 123 170 137 138 101 173 88 186 170 129 39 166
split_gain=0.0246618 0.0546292 0.0186731 0.0151178 0.028038 0.0276404 0.0218067 0.0163157 0.0162208 0.0157119 0.0246305 0.0175607 0.0126385
threshold=94.841560363769545 0.051872828975319869 10588294656.000002 0.96601405739784252 0.96938085556030285 0.84852471947669994 1.1342945098876955 -0.63023436069488514 0 2535153664.0000005 1.0202974677085879 0.75000000000000011 48.143898010253913
decision_type=2 2 2 2 2 2 2 2 1 2 2 2 2
left_child=1 2 3 -1 5 -5 7 12 -9 11 -11 -8 -6
right_child=-2 -3 -4 4 6 -7 9 8 -10 10 -12 -13 -14
leaf_value=-0.00069961717552559258 -0.0010973677660804243 0.0016290377827737339 -0.00092677693087521397 0.0012131001601877265 -2.3431298983711246e-05 -2.8846899788602189e-05 -0.00025116537542250881 0.00029123906941432259 -1.1824259569373825e-05 -0.00081856581981649957 0.00043342187749637208 -0.0010894547536736356 -0.001014035424987812
leaf_weight=73 50 52 54 96 74 84 581 788 995 51 171 70 57
leaf_count=73 50 52 54 96 74 84 581 788 995 51 171 70 57
internal_value=4.35822e-06 2.18682e-05 -5.14308e-06 1.1228e-05 2.87177e-05 0.000633525 -1.03442e-05 8.41126e-05 0.000123682 -0.000217435 0.000145803 -0.000341304 -0.000454458
internal_weight=3196 3146 3094 3040 2967 180 2787 1914 1783 873 222 651 131
internal_count=3196 3146 3094 3040 2967 180 2787 1914 1783 873 222 651 131
cat_boundaries=0 1
cat_threshold=592
is_linear=0
shrinkage=0.05


Tree=39
num_leaves=12
num_cat=0
split_feature=174 123 181 110 154 153 42 62 173 116 152
split_gain=0.0222592 0.0493 0.0228665 0.0258285 0.0194721 0.0186925 0.0166583 0.0261328 0.0167266 0.0249793 0.0219651
threshold=94.841560363769545 0.051872828975319869 0.046454291790723808 0.085526566952466979 0.36322095990180975 0.47939135134220129 0.60833334922790538 0.32405875623226171 1.100370526313782 0.0047778754960745582 0.18478210270404818
decision_type=2 2 2 2 2 2 2 2 2 2 2
left_child=1 2 3 6 -5 -4 7 -1 9 -9 -10
right_child=-2 -3 5 4 -6 -7 -8 8 10 -11 -12
leaf_value=0.001020677485916343 -0.0010424993736669421 0.0015475859706594538 -0.0014322086818283424 0.0014385665783368685 0.00022281935500735738 -6.5002645715139804e-05 -0.00081654788420622466 4.2580894200355257e-05 -0.0006034604484458203 0.0010897318691866654 -5.1576112751555985e-05
leaf_weight=62 50 52 50 53 87 50 63 1640 233 59 797
leaf_count=62 50 52 50 53 87 50 63 1640 233 59 797
internal_value=4.18402e-06 2.08192e-05 -4.84078e-06 2.00011e-05 0.000683067 -0.000748606 -1.25249e-05 5.62394e-06 -1.7437e-05 7.89446e-05 -0.00017642
internal_weight=3196 3146 3094 2994 140 100 2854 2791 2729 1699 1030
internal_count=3196 3146 3094 2994 140 100 2854 2791 2729 1699 1030
is_linear=0
shrinkage=0.05


Tree=40
num_leaves=14
num_cat=0
split_feature=39 126 117 97 132 111 60 121 87 131 34 32 120
split_gain=0.0203751 0.0357195 0.0350262 0.0268457 0.0212163 0.0174146 0.035176 0.0233376 0.0274507 0.0217608 0.0192825 0.0190341 0.0121772
threshold=0.84999999403953563 0.11785228922963144 0.25340545177459722 0.89198902249336254 0.89976230263710033 0.10806054994463922 0.51603308320045482 0.46247696876525884 0.80344784259796154 1.1864714622497561 -1.0000000180025095e-35 0.64166665077209484 0.28941267728805548
decision_type=2 2 2 2 2 2 2 2 2 2 2 2 2
left_child=1 3 -3 -1 -5 7 -7 9 10 11 -9 -6 -11
right_child=-2 2 -4 4 5 6 -8 8 -10 12 -12 -13 -14
leaf_value=0.0010402475250657517 0.00095296664845331445 -0.00018851119920823708 -0.0018353364885757295 -0.00088123127638248136 -9.3329980642010927e-05 -0.00019577531187858343 0.0012918798922514842 0.00054484085386330883 0.0012554793913567217 -0.00027111556730920623 -0.00015949243488563793 0.00028050225877102985 -0.00097190884819322438
leaf_weight=64 56 88 51 66 1450 81 78 178 67 254 214 445 82
leaf_count=64 56 88 51 66 1450 81 78 178 67 254 214 445 82
internal_value=7.68776e-06 -9.28966e-06 -0.000792742 2.72662e-05 5.02577e-06 2.55568e-05 0.000534018 -4.49719e-06 0.00032019 -7.12976e-05 0.000160332 -5.54352e-06 -0.000442142
internal_weight=3174 3118 139 2979 2915 2849 159 2690 459 2231 392 1895 336
internal_count=3174 3118 139 2979 2915 2849 159 2690 459 2231 392 1895 336
is_linear=0
shrinkage=0.05


Tree=41
num_leaves=12
num_cat=0
split_feature=39 126 118 125 124 1 135 105 87 135 170
split_gain=0.0183885 0.0322369 0.0273512 0.0254785 0.0158548 0.0239318 0.0167644 0.0203617 0.015175 0.0540536 0.0148461
threshold=0.84999999403953563 0.11785228922963144 0.20569075644016269 0.075322706252336516 0.045293113216757781 0.045910922810435302 0.71147280931472789 0.88153314590454113 0.81235578656196605 0.84488636255264293 6934475264.000001
decision_type=2 2 2 2 2 2 2 2 2 2 2
left_child=1 3 -3 4 6 -6 -1 -8 10 -10 -9
right_child=-2 2 -4 -5 5 -7 7 8 9 -11 -12
leaf_value=0.00087923872259645063 0.00090531828619922242 -0.0013824684411123268 2.8523870587964814e-05 0.00085915415897688135 0.00015257291116330845 -0.001364375156901168 -0.00088315646922666703 -2.122572396112825e-05 0.0016515844061242178 -0.00024632010924458312 0.00083250323861228451
leaf_weight=56 56 77 62 89 52 52 63 2458 62 95 52
leaf_count=56 56 77 62 89 52 52 63 2458 62 95 52
internal_value=7.30337e-06 -8.82518e-06 -0.000753105 2.59029e-05 2.42199e-07 -0.000605901 2.28692e-05 5.30268e-06 2.62899e-05 0.000503171 -3.53891e-06
internal_weight=3174 3118 139 2979 2890 104 2786 2730 2667 157 2510
internal_count=3174 3118 139 2979 2890 104 2786 2730 2667 157 2510
is_linear=0
shrinkage=0.05


Tree=42
num_leaves=16
num_cat=0
split_feature=39 55 57 85 116 182 120 181 173 87 29 90 89 72 148
split_gain=0.0165956 0.0278542 0.0222346 0.0216584 0.0444967 0.0211345 0.0191274 0.0159905 0.0186306 0.0154813 0.0148366 0.0150583 0.0156344 0.0134303 0.0130276
threshold=0.84999999403953563 0.75098621845245372 0.56752166152000438 0.86090597510337841 0.0017010737792588773 0.044776858761906631 0.0073753674514591703 0.038958055898547179 1.0643807053565981 0.76307952404022228 1.0000000180025095e-35 0.47599652409553533 0.28226104378700262 0.52520039677619945 1.0514809489250185
decision_type=2 2 2 2 2 2 2 2 2 2 2 2 2 2 2
left_child=1 3 -3 5 -5 6 10 8 14 -10 -1 12 -12 -4 -8
right_child=-2 2 13 4 -6 -7 7 -9 9 -11 11 -13 -14 -15 -16
leaf_value=0.0011830023785242465 0.00086005235477516957 0.00019508225853384761 -0.00052058426509822976 -0.00026594040315300132 0.0014510231763094229 -0.00073419393474978285 0.00023358827884959927 0.00062370907129739883 -0.00028059013559618662 0.00040497655694367838 6.3975008670240642e-05 -0.00045909710768480888 0.0012215987235540526 -0.0016413663957232181 -6.8918345083255421e-05
leaf_weight=54 56 52 55 74 77 96 656 93 866 91 70 54 50 52 778
leaf_count=54 56 52 55 74 77 96 656 93 866 91 70 54 50 52 778
internal_value=6.9382e-06 -8.38392e-06 -0.000653075 2.62581e-05 0.000609597 -5.11088e-06 2.06974e-05 -1.95321e-05 -4.45515e-05 -0.0002154 0.000458987 0.000234293 0.000546318 -0.00106526 6.94668e-05
internal_weight=3174 3118 159 2959 151 2808 2712 2484 2391 957 228 174 120 107 1434
internal_count=3174 3118 159 2959 151 2808 2712 2484 2391 957 228 174 120 107 1434
is_linear=0
shrinkage=0.05


Tree=43
num_leaves=26
num_cat=1
split_feature=117 55 56 121 159 170 113 121 119 101 161 92 87 84 87 186 111 117 121 85 54 20 47 51 132
split_gain=0.0167193 0.0170175 0.0353382 0.0207188 0.0182812 0.051436 0.0312201 0.0265674 0.0208769 0.02862 0.0191544 0.0179605 0.017258 0.0159056 0.0145887 0.0145532 0.0140918 0.0135831 0.0134852 0.013317 0.0146736 0.0141978 0.0116204 0.010071 0.00961948
threshold=0.90306004881858837 0.69068124890327465 0.67047923803329479 0.19963844120502475 1.122474253177643 6934475264.000001 0.0041097071953117856 0.27445930242538458 0.065652213990688338 0.92712399363517772 1.2535508275032046 0.55899134278297435 0.82432198524475109 0.36942698061466223 -0.117352157831192 0 0.062184421345591552 0.09419457241892816 0.012753143906593324 0.43321539461612707 0.9080183506011964 0.89592173695564281 0.44166666269302374 0.15000000596046451 0.96881070733070385
decision_type=2 2 2 2 2 2 2 2 2 2 2 2 2 2 2 1 2 2 2 2 2 2 2 2 2
left_child=1 2 4 -4 6 12 7 11 9 -9 -8 17 13 15 -15 -6 -12 -1 -3 22 21 23 -20 -21 -10
right_child=-2 18 3 -5 5 -7 10 8 24 -11 16 -13 -14 14 -16 -17 -18 -19 19 20 -22 -23 -24 -25 -26
leaf_value=0.00025301526562916714 0.00066710155335522852 -0.00095843189293659786 0.0012904378106996289 1.8465065616456903e-05 0.00046526244541382771 0.0015820413185569475 -0.00016615864061462704 0.0014894853686807134 -0.00056550005544893259 -1.0185682709051067e-05 -0.00052989548466239979 -0.0010304728992022796 0.00088514469132829716 0.00067847533744134136 -0.00020679808136546421 -3.5762068208506599e-05 -0.0016380248507630313 -0.00030723092589247377 0.00075438234765650867 0.00017682049787896069 0.00034714345867872576 -0.0010788298090667386 -0.0002466474492521548 -0.00071592676469077509 0.00023405437558164611
leaf_weight=156 93 66 86 51 270 57 89 72 54 57 52 63 59 50 672 305 64 353 59 68 55 83 57 59 124
leaf_count=156 93 66 86 51 270 57 89 72 54 57 52 63 59 50 672 305 64 353 59 68 55 83 57 59 124
internal_value=6.5913e-06 -1.33462e-05 3.50619e-05 0.00081693 -7.83593e-06 0.000110661 -0.000162297 -3.2712e-05 0.000342502 0.00082684 -0.000717933 -0.000234094 4.88108e-05 1.07663e-05 -0.000145491 0.000206971 -0.00114128 -0.000135525 -0.000298597 -0.000184295 -0.000379871 -0.00057028 0.000262497 -0.00023792 -8.50708e-06
internal_weight=3174 3081 2634 137 2497 1413 1084 879 307 129 205 572 1356 1297 722 575 116 509 447 381 265 210 116 127 178
internal_count=3174 3081 2634 137 2497 1413 1084 879 307 129 205 572 1356 1297 722 575 116 509 447 381 265 210 116 127 178
cat_boundaries=0 1
cat_threshold=210
is_linear=0
shrinkage=0.05


Tree=44
num_leaves=24
num_cat=0
split_feature=178 101 86 126 170 119 111 161 119 10 111 165 109 42 170 127 106 138 173 90 162 157 176
split_gain=0.0160497 0.0298647 0.0323755 0.043307 0.0231553 0.0208852 0.0357839 0.0224447 0.0194333 0.0178751 0.0176338 0.0201629 0.0173615 0.0146049 0.0113464 0.0173535 0.0114266 0.0227034 0.0131046 0.0102808 0.0105485 0.00905249 0.00617939
threshold=-10.304393768310545 0.62692645192146312 0.87976890802383434 0.086296577006578459 4315459584.000001 0.12161264941096307 0.09256636351346971 1.160195589065552 0.0025171885499730711 1.0238000154495241 0.093367420136928572 21.001945495605472 0.023682020604610447 0.45833332836627966 2879704064.0000005 1.0305660367012026 0.85986673831939708 0.97339686751365673 1.326167941093445 0.67314472794532787 405.05364990234381 0.84336817264556896 79.580558776855483
decision_type=2 2 2 2 2 2 2 2 2 2 2 2 2 2 2 2 2 2 2 2 2 2 2
left_child=4 -2 3 5 14 6 8 12 21 -10 11 -9 -7 -5 16 -16 22 -18 19 20 -19 -3 -1
right_child=1 2 -4 13 -6 7 -8 10 9 -11 -12 -13 -14 -15 15 -17 17 18 -20 -21 -22 -23 -24
leaf_value=-0.00024578741826841889 0.0012728880817751186 -0.00092686120103198019 0.0012335373330738789 -0.00029405710443344742 -0.0011651004386191556 -0.00012365241302177312 0.0012274431285914035 -0.00046176197098015727 0.00016392825763560489 0.0010144445952605834 -0.00083267391982472282 0.00020567269114239988 -0.0013743431030629185 -0.0014162936487991829 -0.00011009486776972753 0.00099563786477614366 0.0008953755281658637 -0.00048787795760936458 -0.00074311266128659914 -0.00078101386351045227 5.7438438716592875e-05 -2.0766190216675696e-06 -0.00099267016600512368
leaf_weight=53 52 55 57 53 53 55 85 141 675 68 58 573 56 64 94 57 54 107 87 50 518 51 58
leaf_count=53 52 55 57 53 53 55 85 141 675 68 58 573 56 64 94 57 54 107 87 50 518 51 58
internal_value=6.32939e-06 8.99853e-05 5.90908e-05 2.44768e-05 -0.000144784 8.45163e-05 0.00024934 -8.98269e-05 0.000151414 0.000241768 5.76027e-06 7.38684e-05 -0.000754631 -0.00090793 -9.46199e-05 0.000307301 -0.000160089 -9.53444e-05 -0.000165553 -9.11119e-05 -3.59197e-05 -0.000481918 -0.00063605
internal_weight=3174 2043 1991 1934 1131 1817 934 883 849 743 772 714 111 117 1078 151 927 816 762 675 625 106 111
internal_count=3174 2043 1991 1934 1131 1817 934 883 849 743 772 714 111 117 1078 151 927 816 762 675 625 106 111
is_linear=0
shrinkage=0.05


Tree=45
num_leaves=15
num_cat=0
split_feature=98 140 0 83 119 156 110 87 55 171 98 5 128 110
split_gain=0.0335837 0.0272498 0.0291046 0.0249258 0.016878 0.0179732 0.0193838 0.0151819 0.0305876 0.0241082 0.0129312 0.00892017 0.00849992 0.00740486
threshold=0.84060999751091015 0.91003927588462841 0.051384894177317626 0.8739718794822694 0.0013688595499843361 0.85563841462135326 0.10133837535977365 0.76307952404022228 0.52578347921371471 117884796.00000001 0.98251873254776012 0.0071069002151489266 1.0303096175193789 0.040862755849957473
decision_type=2 2 2 2 2 2 2 2 2 2 2 2 2 2
left_child=3 -2 4 -1 12 6 7 9 -9 -6 -7 13 -3 -12
right_child=1 2 -4 -5 5 10 -8 8 -10 -11 11 -13 -14 -15
leaf_value=-0.00024008712368432748 0.0010602123125863728 -3.883678852411498e-05 -0.0011667068581172155 -0.0015880078740775827 0.00013755450249065793 -0.00074729531772822365 0.0010542717775226466 0.0015839836301747711 0.00015357623137911229 -0.00029489997345301551 1.5680001745711476e-06 0.00043519141089815933 -0.00080873059684081995 -0.00057053772845315411
leaf_weight=94 64 62 51 54 1731 97 54 50 148 396 142 65 85 94
leaf_count=94 64 62 51 54 1731 97 54 50 148 396 142 65 85 94
internal_value=3.59537e-06 3.9414e-05 1.74539e-05 -0.000731896 3.81079e-05 6.57463e-05 0.000117775 9.60236e-05 0.00051479 5.70411e-05 -0.000245246 -8.34566e-05 -0.000484013 -0.000226305
internal_weight=3187 3039 2975 148 2924 2777 2379 2325 198 2127 398 301 147 236
internal_count=3187 3039 2975 148 2924 2777 2379 2325 198 2127 398 301 147 236
is_linear=0
shrinkage=0.05


Tree=46
num_leaves=28
num_cat=0
split_feature=126 125 130 83 107 0 119 158 6 175 56 158 11 109 86 106 178 119 77 41 178 27 84 32 121 72 112
split_gain=0.0327076 0.0242658 0.029908 0.0231357 0.0260154 0.0195427 0.0141471 0.0123157 0.0149684 0.0143779 0.0293075 0.0170928 0.0163358 0.0147998 0.0236624 0.0180079 0.0139395 0.0167636 0.0317716 0.0139332 0.0139176 0.0131717 0.00948905 0.00920149 0.00889965 0.00672185 0.00454829
threshold=0.11785228922963144 0.058424308896064765 1.0203431248664858 0.89771133661270153 0.046109708026051528 0.010722446721047165 0.0018542734324000778 1.1078032255172732 0.054384795948863036 71.645072937011733 0.67047923803329479 0.82787680625915538 0.9814518690109254 0.037769503891468055 0.81945022940635692 0.92047706246376049 -6.85229468345642 0.2068087309598923 0.47781160473823553 0.55000001192092907 -8.2534952163696271 0.94166666269302379 0.55140727758407604 0.20833333581686023 0.19464344531297686 0.51533320546150219 0.0033101277658715848
decision_type=2 2 2 2 2 2 2 2 2 2 2 2 2 2 2 2 2 2 2 2 2 2 2 2 2 2 2
left_child=1 6 -3 4 -2 -4 22 9 26 10 13 19 -13 15 -15 -8 20 18 -18 -11 21 -10 24 -14 -1 -19 -9
right_child=3 2 5 -5 -6 -7 7 8 16 11 -12 12 23 14 -16 -17 17 25 -20 -21 -22 -23 -24 -25 -26 -27 -28
leaf_value=-0.00057775642314079401 -0.0011120716963584224 0.0015287170014975562 0.00081562866812179757 -0.0015740171544603072 0.0003627641117608578 -0.00047203070726474657 0.0009538506838941464 2.4432372487023135e-05 3.8073552848201666e-05 -0.00030882953173745224 0.0011147416038912231 -0.001258545045129722 0.0001198686684490115 -0.00060869741507091173 0.00060679718578467157 1.0540114900825183e-05 0.0015880925063226773 0.00025134666330746381 0.00036508736648246752 0.00074190609225876299 -0.00066898680709224817 0.00084498851381418919 -0.00096268041387175853 -0.0006108948277480002 0.0003172280238347822 -0.0003991127048880516 -0.00056185851293315844
leaf_weight=61 54 59 57 50 67 61 54 55 395 74 59 64 70 201 50 802 70 131 220 55 60 58 57 112 51 57 83
leaf_count=61 54 59 57 50 67 61 54 55 395 74 59 64 70 201 50 802 70 131 220 55 60 58 57 112 51 57 83
internal_value=3.4156e-06 4.15561e-05 0.000609555 -0.000669284 -0.000295427 0.000149974 6.14364e-06 3.42244e-05 0.000159682 -5.76913e-05 2.89216e-05 -0.000327 -0.000571448 -2.89496e-05 -0.000366567 7.0048e-05 0.00022762 0.000421888 0.000660296 0.000139159 4.66066e-05 0.000141387 -0.000437499 -0.000329832 -0.000170219 5.41329e-05 -0.000328192
internal_weight=3187 3016 177 171 121 118 2839 2670 1129 1541 1166 375 246 1107 251 856 991 478 290 129 513 453 169 182 112 188 138
internal_count=3187 3016 177 171 121 118 2839 2670 1129 1541 1166 375 246 1107 251 856 991 478 290 129 513 453 169 182 112 188 138
is_linear=0
shrinkage=0.05


Tree=47
num_leaves=26
num_cat=1
split_feature=126 125 110 83 90 119 158 132 160 135 37 175 56 158 109 86 146 186 170 33 109 0 179 84 121
split_gain=0.0295186 0.0218999 0.0428445 0.0208799 0.0271717 0.0127677 0.0111149 0.0140802 0.0143228 0.0327777 0.022071 0.012976 0.02645 0.0154262 0.0133569 0.0213553 0.0199841 0.012945 0.0248711 0.0127293 0.0109086 0.0138603 0.00921894 0.00856386 0.00803193
threshold=0.11785228922963144 0.058424308896064765 0.047480013221502311 0.89771133661270153 0.4441987425088883 0.0018542734324000778 1.1078032255172732 0.91218429803848278 1.1784599423408511 0.90627640485763561 -0.37499999999999994 71.645072937011733 0.67047923803329479 0.82787680625915538 0.037769503891468055 0.81945022940635692 0.85992899537086498 0 228240144.00000003 0.5000000149011613 0.018449887633323673 -0.0031662278342992063 74.572929382324233 0.55140727758407604 0.19464344531297686
decision_type=2 2 2 2 2 2 2 2 2 2 2 2 2 2 2 2 2 1 2 2 2 2 2 2 2
left_child=1 5 -3 4 -2 23 11 -8 9 -9 -11 12 14 19 16 -16 -7 22 -19 -13 -15 -22 -10 24 -1
right_child=3 2 -4 -5 -6 6 7 8 17 10 -12 13 -14 20 15 -17 -18 18 -20 -21 21 -23 -24 -25 -26
leaf_value=-0.00054886860154630224 -0.00097611720320016436 0.0013353174876301437 -0.00022113009508757387 -0.0014953162978636103 0.00052657635845077628 0.00092366609314922246 -0.000556935797177368 0.0016698195137352886 -0.00015919301904852807 0.0010579920641212799 -0.00021386215048904299 -0.00044391889556374573 0.0010590045311354038 -5.4229764254369708e-05 -0.00057826254643390969 0.00057645733334356917 -1.5484424982587898e-06 0.0012271656334633008 0.00014541723705388751 0.00056039751729553542 -0.00019081425450622193 -0.0011260139149149278 0.00046155181231110221 -0.0009145464135192589 0.00030136661722174134
leaf_weight=61 65 91 86 50 56 63 66 51 411 51 103 55 59 78 201 50 793 64 313 74 64 104 70 57 51
leaf_count=61 65 91 86 50 56 63 66 51 411 51 103 55 59 78 201 50 793 64 313 74 64 104 70 57 51
internal_value=3.24482e-06 3.94782e-05 0.000579077 -0.00063582 -0.000280656 5.83645e-06 3.25132e-05 0.000151698 0.000195696 0.000571174 0.000207336 -5.48067e-05 2.74755e-05 -0.00031065 -2.75021e-05 -0.000348239 6.65456e-05 0.000105984 0.000320553 0.000132201 -0.000542876 -0.000769747 -6.74536e-05 -0.000415624 -0.000161708
internal_weight=3187 3016 177 171 121 2839 2670 1129 1063 205 154 1541 1166 375 1107 251 856 858 377 129 246 168 481 169 112
internal_count=3187 3016 177 171 121 2839 2670 1129 1063 205 154 1541 1166 375 1107 251 856 858 377 129 246 168 481 169 112
cat_boundaries=0 1
cat_threshold=1121
is_linear=0
shrinkage=0.05


Tree=48
num_leaves=12
num_cat=1
split_feature=98 140 9 83 110 182 186 84 158 27 90
split_gain=0.0257584 0.0228564 0.0256949 0.0192034 0.0141261 0.0248341 0.017528 0.0285081 0.0137986 0.0157535 0.0149454
threshold=0.84060999751091015 0.91003927588462841 0.95112645626068126 0.8739718794822694 0.10133837535977365 0.03960551135241986 0 0.67089977860450756 1.1078032255172732 0.62500000000000011 0.69181725382804882
decision_type=2 2 2 2 2 2 1 2 2 2 2
left_child=3 -2 -3 -1 5 6 7 -4 10 -10 -8
right_child=1 2 4 -5 -6 -7 8 -9 9 -11 -12
leaf_value=-0.000209366738512317 0.00096934581224559233 -0.0010982982461642035 -1.3379858848586513e-05 -0.0013924880634510407 0.00069758512289785695 -0.0010464788156376152 -5.127193889658635e-05 0.0013579857521990287 -3.4381052040599642e-05 0.00034040932250824224 -0.00066973275040730935
leaf_weight=94 64 51 89 54 78 54 1402 66 614 516 105
leaf_count=94 64 51 89 54 78 54 1402 66 614 516 105
internal_value=3.08258e-06 3.44518e-05 1.43398e-05 -0.000641046 3.37463e-05 1.55525e-05 3.60932e-05 0.000535977 4.66039e-06 0.000136762 -9.43631e-05
internal_weight=3187 3039 2975 148 2924 2846 2792 155 2637 1130 1507
internal_count=3187 3039 2975 148 2924 2846 2792 155 2637 1130 1507
cat_boundaries=0 1
cat_threshold=512
is_linear=0
shrinkage=0.05


Tree=49
num_leaves=20
num_cat=0
split_feature=126 117 102 135 62 107 32 12 176 108 119 117 0 1 3 130 87 180 135
split_gain=0.024861 0.0231408 0.0201926 0.0350628 0.0298677 0.0181034 0.0180966 0.0158589 0.012899 0.0169678 0.0136529 0.010711 0.0132162 0.0141056 0.013115 0.0118803 0.0121488 0.00842718 0.00777205
threshold=0.11785228922963144 0.25340545177459722 0.96416428685188305 0.79247766733169567 0.38618934154510504 0.035177221521735198 0.64166665077209484 0.16078158468008044 103.90056610107423 0.017667280510067943 0.0013688595499843361 0.25700995326042181 0.012140835635364057 0.036584001034498222 0.0047607601154595622 1.1590164899826052 0.78621587157249462 321.26873779296881 0.93494483828544628
decision_type=2 2 2 2 2 2 2 2 2 2 2 2 2 2 2 2 2 2 2
left_child=2 6 3 -1 -5 8 -2 -6 10 -10 17 12 13 -12 -14 16 -13 -4 -17
right_child=1 -3 5 4 7 -7 -8 -9 9 -11 11 15 14 -15 -16 18 -18 -19 -20
leaf_value=-0.00047694862825499679 -0.00083196890701864909 -0.0013849447306032961 -0.00085547010487455229 0.001786145259294722 -0.00026206077664392072 -0.00081251512564816026 0.00044098592916270719 0.0009972585558425636 3.363543761388223e-05 0.0011215773305351226 -4.578498413838131e-05 2.1769633156241786e-05 1.594366922015042e-06 0.00060808813344920059 -0.00066888463138666952 0.00086765147550442424 0.00070233925296531499 -5.4354519029325515e-05 0.0001089971539905881
leaf_weight=66 53 59 74 59 50 67 59 50 89 60 987 858 132 90 163 85 71 59 56
leaf_count=66 53 59 74 59 50 67 59 50 89 60 987 858 132 90 163 85 71 59 56
internal_value=2.92845e-06 -0.000583555 3.61807e-05 0.000491839 0.000893978 -5.52835e-07 -0.000161394 0.000367599 1.94183e-05 0.000471733 -6.75442e-06 2.01143e-05 -7.23612e-05 8.85622e-06 -0.000368874 0.00013869 7.3783e-05 -0.000500088 0.000566342
internal_weight=3187 171 3016 225 159 2791 112 100 2724 149 2575 2442 1372 1077 295 1070 929 133 141
internal_count=3187 171 3016 225 159 2791 112 100 2724 149 2575 2442 1372 1077 295 1070 929 133 141
is_linear=0
shrinkage=0.05


Tree=50
num_leaves=19
num_cat=1
split_feature=62 145 106 116 92 52 186 77 173 124 2 50 121 182 90 84 172 119
split_gain=0.0253307 0.0189595 0.0340939 0.0215309 0.030019 0.0248247 0.0142273 0.0368982 0.0208577 0.0170731 0.0235871 0.016406 0.0130433 0.0309389 0.0155056 0.011951 0.0168234 0.00965264
threshold=0.29240581393241888 0.74561786651611339 0.8558790683746339 0.0049304936546832332 0.35719726979732519 0.075000002980232253 0 0.48593157529830938 1.2612043023109438 0.040069857612252242 0.48934240639209753 0.22500000149011615 0.26929800212383276 0.027008685283362869 0.21454576402902606 -0.54910546541213978 71423300.000000015 0.081130631268024458
decision_type=2 2 2 2 2 2 1 2 2 2 2 2 2 2 2 2 2 2
left_child=-1 -2 3 4 -3 -6 7 -4 9 12 -11 15 13 -8 -14 -10 -17 -9
right_child=1 2 6 -5 5 -7 8 17 11 10 -12 -13 14 -15 -16 16 -18 -19
leaf_value=0.0010374283982870975 0.00088708460185004919 -0.0010737974524389546 0.0016083483586507832 -0.0012870400672351633 -0.00046947998023824769 0.0010155587683361516 2.4267290695260642e-05 0.00046701685891745891 0.00027747105088805397 0.0014414323906888828 -7.1917997917683122e-05 0.00038574608461802913 0.0004467331803422948 -0.00074076033095479951 -5.340928923317146e-06 -0.00023831477502387258 -0.00093503372819533394 -0.00047035960933977834
leaf_weight=59 58 73 51 75 60 53 1111 53 53 52 51 74 340 150 429 209 148 57
leaf_count=59 58 73 51 75 60 53 1111 53 53 52 51 74 340 150 429 209 148 57
internal_value=1.11397e-05 -8.4118e-06 -2.55025e-05 -0.000571875 -0.000283502 0.000227043 2.58305e-05 0.000467644 -3.12524e-06 6.4103e-05 0.000692104 -0.000299466 3.22389e-05 -6.67352e-05 0.000194536 -0.000423139 -0.000527151 -1.87146e-05
internal_weight=3156 3097 3039 261 186 113 2778 161 2617 2133 103 484 2030 1261 769 410 357 110
internal_count=3156 3097 3039 261 186 113 2778 161 2617 2133 103 484 2030 1261 769 410 357 110
cat_boundaries=0 1
cat_threshold=512
is_linear=0
shrinkage=0.05


Tree=51
num_leaves=23
num_cat=0
split_feature=92 117 161 0 118 140 122 18 160 37 72 0 84 72 90 40 136 172 116 157 139 71
split_gain=0.0240768 0.0170487 0.0200932 0.0157765 0.0175099 0.0211526 0.0227262 0.0140878 0.0174295 0.0328574 0.0246356 0.0213771 0.0137129 0.0126876 0.0126785 0.0125449 0.0232972 0.0187015 0.0108757 0.0105155 0.0106804 0.00939277
threshold=0.66315379738807689 0.8978705406188966 1.3839192390441897 0.025691137649118904 0.0069935328792780646 0.94144076108932506 0.011235800571739675 0.59345847368240368 1.1950037479400637 0.77500000596046459 0.51242589950561535 0.010722446721047165 -0.48289553821086878 0.54001274704933178 0.70460006594657909 0.62500000000000011 0.72370421886444103 59794384.000000007 -0.0039198831655085078 0.50525513291358959 0.95452207326889049 0.51514965295791637
decision_type=2 2 2 2 2 2 2 2 2 2 2 2 2 2 2 2 2 2 2 2 2 2
left_child=1 3 -3 7 -5 13 -7 12 9 10 11 -9 21 -6 19 16 -14 -17 -18 -10 -21 -1
right_child=-2 2 -4 4 5 6 -8 8 14 -11 -12 -13 15 -15 -16 17 18 -19 -20 20 -22 -23
leaf_value=0.0009060121787012389 0.0007861241758418306 0.0013375433408655227 -3.0208247837185026e-05 0.0004314076042072357 -0.0005319626112468541 -0.00085680790064846717 0.00032096997686925248 0.00028209470585807141 0.00073685452913401991 0.0015841942569240928 0.00099521122334053657 -0.00063390971025389237 -0.00099484997247833063 -0.0016474714751194162 -0.00055563287993304821 -0.00022917110394290275 -0.0008515410847715377 0.0010705089349066839 -0.00010316187032540878 -0.00052187800230014893 8.1565791626426651e-05 -7.4538933889319498e-06
leaf_weight=53 97 50 58 57 50 72 95 224 53 50 82 89 86 52 95 62 51 50 1009 84 577 60
leaf_count=53 97 50 58 57 50 72 95 224 53 50 82 89 86 52 95 62 51 50 1009 84 577 60
internal_value=1.05827e-05 -1.40095e-05 0.00060301 -3.6591e-05 -0.000364646 -0.000533326 -0.000186814 4.15024e-06 0.000125265 0.000376603 0.000223743 2.16334e-05 -0.000106629 -0.00110065 -1.29866e-05 -0.000154022 -0.000203382 0.000351043 -0.000139169 5.92143e-05 4.88004e-06 0.000420986
internal_weight=3156 3059 108 2951 326 269 167 2625 1254 445 395 313 1371 102 809 1258 1146 112 1060 714 661 113
internal_count=3156 3059 108 2951 326 269 167 2625 1254 445 395 313 1371 102 809 1258 1146 112 1060 714 661 113
is_linear=0
shrinkage=0.05


Tree=52
num_leaves=17
num_cat=0
split_feature=62 116 110 135 116 119 36 146 111 126 144 121 111 52 92 127
split_gain=0.0221173 0.0159406 0.0131046 0.0201797 0.0251274 0.0187175 0.0162513 0.0225001 0.0164481 0.0149526 0.0254223 0.0202518 0.0150428 0.0231825 0.0131188 0.0110698
threshold=0.29240581393241888 0.0058102945331484088 0.088895648717880263 0.79247766733169567 0.0046181858051568278 0.33994810283184057 0.45000000298023229 0.78356289863586437 0.087230555713176741 -0.005254392744973301 0.97804483771324169 0.21317724138498309 0.084622744470834746 -0.091666668653488145 0.67426493763923656 1.0134263634681704
decision_type=2 2 2 2 2 2 2 2 2 2 2 2 2 2 2 2
left_child=-1 2 3 6 9 -4 7 -2 -8 10 15 -12 14 -14 -11 -5
right_child=1 -3 5 4 -6 -7 8 -9 -10 12 11 -13 13 -15 -16 -17
leaf_value=0.00096903987035502578 0.0007327445245013509 -0.00070040571854743008 0.001007913290882961 -0.00013498140546931503 0.0009045658394387818 -0.00020307926073490475 -0.00036542862045975844 -0.00075248082478841143 -0.0015600482020527125 0.00010214558729148788 -0.00029192185015885699 0.00023144703578153954 0.00016565734967754445 -0.0012338179088953252 0.0009252854858641514 -0.0010301205321369045
leaf_weight=59 51 81 76 51 79 55 68 51 50 1517 388 353 67 53 50 107
leaf_count=59 51 81 76 51 79 55 68 51 50 1517 388 353 67 53 50 107
internal_value=1.00536e-05 -8.21576e-06 1.03742e-05 -1.18348e-05 2.61594e-05 0.000499481 -0.000472082 -9.86815e-06 -0.000871623 -6.75174e-07 -0.000165375 -4.25977e-05 8.7093e-05 -0.000452444 0.00012841 -0.000741183
internal_weight=3156 3097 3016 2885 2665 131 220 102 118 2586 899 741 1687 120 1567 158
internal_count=3156 3097 3016 2885 2665 131 220 102 118 2586 899 741 1687 120 1567 158
is_linear=0
shrinkage=0.05


Tree=53
num_leaves=15
num_cat=0
split_feature=92 77 82 112 136 6 90 110 119 50 87 181 0 73
split_gain=0.0202726 0.0150512 0.0203993 0.0268178 0.0180299 0.0263161 0.0203883 0.0163461 0.0120341 0.0115728 0.0110535 0.0103091 0.00780546 0.00749364
threshold=0.66315379738807689 0.35152503848075872 0.11891527101397516 0.029848747886717323 0.72370421886444103 0.36749699711799627 0.43040144443511968 0.086596362292766585 0.0025171885499730711 -0.32500000298023218 -0.16999419778585431 0.018439628183841709 0.0076074562966823587 0.46309146285057073
decision_type=2 2 2 2 2 2 2 2 2 2 2 2 2 2
left_child=1 -1 3 4 5 6 -3 -8 11 -10 -11 13 -4 -6
right_child=-2 2 12 -5 8 -7 7 -9 9 10 -12 -13 -14 -15
leaf_value=0.00081433881665968026 0.00072118981177285164 -0.0013034134223974445 -0.00029397605450447796 0.0011109400707525465 0.00032544783491455468 0.00036198099927476995 -0.0007637592608880369 0.00039647793505448101 -0.00052252778638175253 0.00043670172172790048 3.5676107658670995e-05 -0.00094474160996469445 -0.0011689246458699927 -0.00049461682371960101
leaf_weight=54 97 83 52 53 52 82 75 51 86 187 2118 56 50 60
leaf_count=54 97 83 52 53 52 82 75 51 86 187 2118 56 50 60
internal_value=9.55091e-06 -1.3015e-05 -2.78825e-05 -3.46333e-06 -2.41873e-05 -0.000397122 -0.000694952 -0.000294139 1.82214e-05 4.69627e-05 6.82105e-05 -0.000390829 -0.000722872 -0.000113873
internal_weight=3156 3059 3005 2903 2850 291 209 126 2559 2391 2305 168 102 112
internal_count=3156 3059 3005 2903 2850 291 209 126 2559 2391 2305 168 102 112
is_linear=0
shrinkage=0.05


Tree=54
num_leaves=21
num_cat=0
split_feature=117 92 99 17 92 94 160 3 32 45 110 136 52 153 171 169 72 137 178 119
split_gain=0.0187935 0.0156222 0.0152722 0.0270487 0.0315922 0.0229532 0.0218671 0.0200232 0.018379 0.02022 0.0180241 0.019916 0.0177867 0.0176515 0.0230086 0.0152005 0.0138597 0.0137818 0.00962169 0.00950163
threshold=0.91961705684661876 0.66756233572959911 0.92558351159095775 0.97083333134651195 0.35939925909042364 -1.4326468706130979 1.1950037479400637 0.020843151025474075 0.058333335444331176 0.32500000298023229 0.082479368895292296 0.71341669559478771 0.091666668653488173 0.46888040006160742 180787744.00000003 0.26540720462799078 0.51219961047172557 1.038925349712372 -13.48418617248535 0.079871978610754027
decision_type=2 2 2 2 2 2 2 2 2 2 2 2 2 2 2 2 2 2 2 2
left_child=1 2 5 7 -5 13 12 10 -8 -10 11 -4 -7 14 15 18 -11 -13 -1 -17
right_child=-2 -3 3 4 -6 6 8 -9 9 16 -12 17 -14 -15 -16 19 -18 -19 -20 -21
leaf_value=-0.00031151585022563756 0.00079109840439438523 0.0006752313687437341 -0.0010375895660254175 4.9682685360968332e-05 0.0016380055789470913 -2.5464540941372386e-05 -0.001053557141131023 0.00093883924641307778 0.0006992924656515243 0.00016321989894314704 0.00090882988029625266 -1.1556736608929883e-06 0.0011921703914222386 0.00031859116514589496 -0.001601844843985005 0.0004711542974166828 -0.00056672425121915529 -0.00075343937265671913 -0.0011990057269596604 -0.00048485609528692091
leaf_weight=52 75 81 50 71 56 59 52 55 72 116 50 1810 61 52 55 51 148 63 74 53
leaf_count=52 75 81 50 71 56 59 52 55 72 116 50 1810 61 52 55 51 148 63 74 53
internal_value=9.07337e-06 -9.96327e-06 -2.84635e-05 4.21789e-05 0.000750046 -0.000208623 3.62675e-06 -2.15004e-06 -0.000178808 -4.34304e-05 -2.83814e-05 -5.27498e-05 0.0005935 -0.000528571 -0.000683141 -0.000463451 -0.000245991 -2.64594e-05 -0.00083274 -1.60433e-05
internal_weight=3156 3081 3000 2155 127 845 508 2028 388 336 1973 1923 120 337 285 230 264 1873 126 104
internal_count=3156 3081 3000 2155 127 845 508 2028 388 336 1973 1923 120 337 285 230 264 1873 126 104
is_linear=0
shrinkage=0.05


Tree=55
num_leaves=16
num_cat=0
split_feature=117 75 125 136 124 110 181 117 136 106 160 87 163 69 120
split_gain=0.0203571 0.0145026 0.0139589 0.0145898 0.0221431 0.0164714 0.023862 0.0172654 0.013321 0.0162227 0.0100947 0.0104903 0.0200024 0.00979972 0.00929962
threshold=0.91961705684661876 0.31163157522678381 0.106780081987381 0.73481449484825145 0.045293113216757781 0.087627604603767409 0.033359687775373466 0.364422157406807 0.76647520065307628 0.8936181664466859 0.85202831029891979 -0.117352157831192 338.86630249023443 0.44925804436206823 0.012382221408188345
decision_type=2 2 2 2 2 2 2 2 2 2 2 2 2 2 2
left_child=1 -1 3 4 5 6 7 -3 9 -5 -10 12 -12 -7 -13
right_child=-2 2 -4 8 -6 13 -8 -9 10 -11 11 14 -14 -15 -16
leaf_value=-0.00075168146207970363 0.00087685360317664169 -0.00043546703370147036 0.00076025258840045672 6.3933616505426814e-05 -0.0011912697753480948 0.00085599465962207192 -0.0012599914714790709 0.00068670183268841362 0.00055621583472072547 0.0011634739914602092 0.0010147839639959037 0.00022985131140781869 -7.0086540312960424e-06 -7.970188293726215e-05 -9.8339164595310439e-05
leaf_weight=67 64 109 58 86 60 51 59 50 77 55 68 244 162 62 1871
leaf_count=67 64 109 58 86 60 51 59 50 77 55 68 244 162 62 1871
internal_value=-5.75967e-06 -2.41056e-05 -7.92118e-06 -2.30038e-05 -0.000307499 -0.000147299 -0.00040124 -8.25837e-05 2.03976e-05 0.000492832 -7.10583e-06 -2.5603e-05 0.000295087 0.000342604 -6.0477e-05
internal_weight=3143 3079 3012 2954 391 331 218 159 2563 141 2422 2345 230 113 2115
internal_count=3143 3079 3012 2954 391 331 218 159 2563 141 2422 2345 230 113 2115
is_linear=0
shrinkage=0.05


Tree=56
num_leaves=15
num_cat=1
split_feature=117 76 97 92 132 156 5 101 173 178 157 186 87 72
split_gain=0.0183723 0.013243 0.0127586 0.0265255 0.0232558 0.0157721 0.0145304 0.0123764 0.0191247 0.0242663 0.0217373 0.0142314 0.0147884 0.00922475
threshold=0.91961705684661876 0.35095065832138067 0.89198902249336254 0.44583703577518469 0.90396296977996837 0.31536933779716497 0.022255948744714264 0.88402852416038524 1.0429031252861025 -7.9249680042266837 0.93341028690338146 0 -0.066365484148263917 0.48093277215957647
decision_type=2 2 2 2 2 2 2 2 2 2 2 1 2 2
left_child=1 -1 3 -3 5 -4 7 8 10 -10 -6 13 -13 -9
right_child=-2 2 4 -5 6 -7 -8 11 9 -11 -12 12 -14 -15
leaf_value=-0.00072901191964494787 0.00083301091808607453 -0.00011661141707756468 -0.00019627269592151168 0.0013782728151418269 -0.00025582662607484964 -0.0013833348947467612 0.0007828028959983354 -0.00042210048625831152 5.1682846814011488e-05 -0.00089959307434327054 0.00044286333300104389 0.0007776546825372958 0.00012119105227036227 -1.6197015069270841e-05
leaf_weight=65 64 73 62 50 300 51 58 169 112 167 177 95 885 815
leaf_count=65 64 73 62 50 300 51 58 169 112 167 177 95 885 815
internal_value=-5.47168e-06 -2.29004e-05 -7.67234e-06 0.000491065 -2.88915e-05 -0.000732026 -2.90298e-07 -1.69886e-05 -0.000188895 -0.000517719 3.43569e-06 4.91832e-05 0.000182961 -8.50458e-05
internal_weight=3143 3079 3014 123 2891 113 2778 2720 756 279 477 1964 980 984
internal_count=3143 3079 3014 123 2891 113 2778 2720 756 279 477 1964 980 984
cat_boundaries=0 1
cat_threshold=1065
is_linear=0
shrinkage=0.05


Tree=57
num_leaves=14
num_cat=0
split_feature=101 157 86 75 146 114 139 86 101 101 68 168 118
split_gain=0.0172904 0.0155007 0.0256759 0.0225342 0.0171116 0.0130374 0.0145734 0.011675 0.0140065 0.0129885 0.0192979 0.0134598 0.00798132
threshold=0.6567898988723756 0.50525513291358959 0.70485109090805065 0.31163157522678381 0.71117943525314342 0.0017141246353276076 1.0218940377235415 0.85829937458038341 0.72948741912841808 0.88402852416038524 0.69548162817955028 -1.8204182982444761 0.29881827533245092
decision_type=2 2 2 2 2 2 2 2 2 2 2 2 2
left_child=-1 2 5 -3 -5 6 -2 8 -6 10 -10 -11 -9
right_child=1 3 -4 4 7 -7 -8 12 9 11 -12 -13 -14
leaf_value=0.0006450892278570047 0.0010510931119628653 -0.0010607337997961704 0.0013457232000501581 -0.00093705235446507769 0.00060223262752055805 -0.00040730941295510388 -0.00015017784805968404 -0.00099429872224573047 -0.00032500149278726689 -0.00016089734284617811 0.00046399253205486787 0.00013264714027372472 -0.00012877928772165131
leaf_weight=99 51 55 52 52 93 77 50 50 558 558 90 1301 57
leaf_count=99 51 55 52 52 93 77 50 50 558 558 90 1301 57
internal_value=-5.1981e-06 -2.63474e-05 0.000368311 -5.86045e-05 -3.86273e-05 8.27755e-05 0.000456405 -2.1369e-05 -3.04099e-07 -2.26559e-05 -0.000215419 4.45364e-05 -0.000533228
internal_weight=3143 3044 230 2814 2759 178 101 2707 2600 2507 648 1859 107
internal_count=3143 3044 230 2814 2759 178 101 2707 2600 2507 648 1859 107
is_linear=0
shrinkage=0.05


Tree=58
num_leaves=19
num_cat=1
split_feature=117 55 115 136 34 132 124 181 136 159 101 178 173 181 168 186 91 78
split_gain=0.0163506 0.0113201 0.0125775 0.0135381 0.0205738 0.0226693 0.0220579 0.0272443 0.0156622 0.0171788 0.0135927 0.021132 0.0295928 0.0139672 0.0136258 0.0219149 0.0164402 0.012079
threshold=0.91961705684661876 0.78953987360000621 0.01053408393636346 0.73481449484825145 0.75000000000000011 0.90521827340126049 0.0010566688724793496 0.022857620380818847 0.76647520065307628 1.2538210749626162 0.88914182782173168 -7.9249680042266837 1.0409216284751894 0.027836296707391742 -1.8204182982444761 0 0.10986103489995004 -0.12746859341859815
decision_type=2 2 2 2 2 2 2 2 2 2 2 2 2 2 2 1 2 2
left_child=1 2 3 4 5 -1 17 -8 9 -5 11 13 -13 -10 16 -16 -12 -7
right_child=-2 -3 -4 8 -6 6 7 -9 10 -11 14 12 -14 -15 15 -17 -18 -19
leaf_value=-0.0013415297315019878 0.00078606785777992629 -0.00058696035706562672 0.00074400259494061837 0.0010362909118381825 0.00040723897481360769 -0.0013529196238123405 -0.00053783043956589268 0.0010018713934446819 -0.00012535503847175278 -7.7017293346764914e-05 3.8422715186538524e-05 -5.1954920689090062e-05 -0.0010697822436647674 0.00084341183818072412 0.00032468105383635188 -7.0198473506227156e-05 -0.0005193057453517654 -0.00027441858705801512
leaf_weight=63 64 86 55 77 79 50 59 56 115 63 382 157 131 55 712 683 202 54
leaf_count=63 64 86 55 77 79 50 59 56 115 63 382 157 131 55 712 683 202 54
internal_value=-4.9382e-06 -2.138e-05 -5.1288e-06 -1.91527e-05 -0.000305918 -0.000505703 -0.000265259 0.000211937 2.10189e-05 0.000535302 -8.52551e-06 -0.000253988 -0.000514925 0.00018807 4.82819e-05 0.00013317 -0.00015449 -0.000792929
internal_weight=3143 3079 2993 2938 361 282 219 115 2577 140 2437 458 288 170 1979 1395 584 104
internal_count=3143 3079 2993 2938 361 282 219 115 2577 140 2437 458 288 170 1979 1395 584 104
cat_boundaries=0 1
cat_threshold=593
is_linear=0
shrinkage=0.05


Tree=59
num_leaves=11
num_cat=0
split_feature=101 87 184 97 102 118 7 120 113 72
split_gain=0.0154477 0.0127326 0.0128755 0.0232414 0.0116716 0.0107564 0.00997544 0.0097783 0.0146996 0.011718
threshold=0.6567898988723756 0.86124607920646679 0.19544032961130145 0.88867545127868663 0.9486404061317445 0.62759843468666088 0.0023905066773295407 0.014099146705120804 0.0076061515137553224 0.47107926011085516
decision_type=2 2 2 2 2 2 2 2 2 2
left_child=-1 2 3 -2 -5 7 -7 8 -6 -9
right_child=1 -3 -4 4 5 6 -8 9 -10 -11
leaf_value=0.00061000840231817985 0.00094317052683506441 -0.00058238055860765413 -0.00077084805293620943 -0.00074810117773079084 0.00045576009127022997 -3.4342551845809078e-05 -0.00096743169221250958 -0.00039129104770449405 -0.00046292885209659975 2.017723777875448e-05
leaf_weight=99 65 99 54 53 244 61 54 188 53 2173
leaf_count=99 65 99 54 53 244 61 54 188 53 2173
internal_value=-4.6508e-06 -2.46414e-05 -5.89223e-06 8.39612e-06 -1.31044e-05 9.43544e-07 -0.000472489 2.14269e-05 0.000291819 -1.25869e-05
internal_weight=3143 3044 2945 2891 2826 2773 115 2658 297 2361
internal_count=3143 3044 2945 2891 2826 2773 115 2658 297 2361
is_linear=0
shrinkage=0.05


Tree=60
num_leaves=24
num_cat=0
split_feature=98 125 62 118 97 158 159 158 176 16 169 75 76 170 37 37 35 32 12 183 132 166 183
split_gain=0.0176979 0.0169742 0.0326363 0.0187072 0.0178678 0.0202199 0.0177426 0.0157265 0.0191895 0.0121172 0.0159973 0.0116452 0.0291196 0.0172637 0.0192635 0.0139659 0.0105806 0.0148731 0.0131471 0.0102328 0.00955359 0.0158074 0.00930232
threshold=0.79925605654716503 0.066540908068418517 0.37992796301841741 0.075106203556060805 0.93624550104141246 1.0163064599037173 1.145140588283539 1.0979578495025637 102.26573562622072 0.90833333134651195 0.45339430868625646 0.4582496732473374 0.46101601421833044 3388950656.0000005 0.17500000447034839 0.29166667163372045 0.42499999701976782 0.64166665077209484 0.1497064679861069 0.0040398612618446359 0.95926532149314891 57.019208908081062 0.0083719445392489451
decision_type=2 2 2 2 2 2 2 2 2 2 2 2 2 2 2 2 2 2 2 2 2 2 2
left_child=-1 4 -3 -4 5 -2 -7 11 9 16 22 20 -13 15 -15 -14 18 -18 -9 -8 -6 -22 -11
right_child=1 2 3 -5 7 6 19 8 -10 10 -12 12 13 14 -16 -17 17 -19 -20 -21 21 -23 -24
leaf_value=-0.0007425011632377147 0.00024739749302470147 0.0015589516959153117 0.0007166067180464623 -0.00049766644303287787 -0.0008202534672010289 -0.0015126919736649144 9.0852895752097296e-05 -4.7378476794046823e-05 0.0010324711327577183 0.00044805487993502451 0.0012222720039135311 0.0011259162781733232 -0.00015663259188923459 0.00019783909424561367 -0.00091979120970000117 0.00021284907760074084 -0.00048440049002079918 0.00039050371498998367 0.00044477371067286092 -0.00079354452176873258 -0.00053840386528238536 0.00055602747107332104 -0.00036007812824191563
leaf_weight=82 79 50 58 70 90 50 58 365 59 118 50 52 629 58 115 431 184 66 216 75 97 50 51
leaf_count=82 79 50 58 70 90 50 58 365 59 118 50 52 629 58 115 431 184 66 216 75 97 50 51
internal_value=-1.75624e-05 1.79444e-06 0.000475697 5.25511e-05 -2.73638e-05 -0.000421132 -0.000709732 1.18484e-05 0.000155056 0.000105754 0.000436621 -9.24995e-05 -3.31032e-05 -8.19832e-05 -0.000545094 -6.39995e-06 1.85578e-05 -0.000253426 0.00013559 -0.000407867 -0.000414543 -0.000166148 0.00020418
internal_weight=3153 3071 178 128 2893 262 183 2631 1109 1050 219 1522 1285 1233 173 1060 831 250 581 133 237 147 169
internal_count=3153 3071 178 128 2893 262 183 2631 1109 1050 219 1522 1285 1233 173 1060 831 250 581 133 237 147 169
is_linear=0
shrinkage=0.05


Tree=61
num_leaves=16
num_cat=0
split_feature=133 125 92 97 140 167 102 183 89 88 90 52 22 31 3
split_gain=0.0179548 0.0203077 0.0277548 0.0162126 0.0200405 0.0213031 0.0124717 0.0120276 0.0119223 0.00969923 0.0184832 0.0161567 0.0100924 0.00893903 0.00875784
threshold=0.79501983523368847 0.068749688565731062 0.42452065646648413 0.93624550104141246 0.9196525812149049 1.3655260205268862 0.97011017799377453 0.031718108803033836 0.66488888859748851 -0.63023436069488514 -0.31225997209548945 0.19166667014360431 0.45705977082252508 0.15000000596046451 0.020843151025474075
decision_type=2 2 2 2 2 2 2 2 2 2 2 2 2 2 2
left_child=-1 3 -3 4 -2 -6 13 9 -7 10 -8 14 -12 -5 -11
right_child=1 2 -4 6 5 8 7 -9 -10 11 12 -13 -14 -15 -16
leaf_value=-0.00068998766010584713 0.00036572692311333065 -1.0928939179090473e-05 0.0013389904667609231 0.0010325491966796108 0.00021592556259524573 -0.00058689852870720852 0.00049883436037746905 -0.00076206136106450758 -0.0015034563413730397 -1.1063608703299361e-05 -0.00012221916636483355 0.00066432952922065055 -0.00093082555742092586 8.708480614586734e-05 0.00053530434459772602
leaf_weight=96 65 90 66 50 53 89 52 52 59 2099 67 98 91 50 76
leaf_count=96 65 90 66 50 53 89 52 52 59 2099 67 98 91 50 76
internal_value=-1.66843e-05 4.45966e-06 0.000560191 -2.54245e-05 -0.00039745 -0.000644248 1.21309e-05 -9.47405e-06 -0.000952283 6.28695e-06 -0.000318831 3.63242e-05 -0.000587936 0.000559817 8.02787e-06
internal_weight=3153 3057 156 2901 266 201 2635 2535 148 2483 210 2273 158 100 2175
internal_count=3153 3057 156 2901 266 201 2635 2535 148 2483 210 2273 158 100 2175
is_linear=0
shrinkage=0.05


Tree=62
num_leaves=19
num_cat=0
split_feature=133 140 140 46 179 165 156 101 103 155 115 157 120 160 88 138 20 133
split_gain=0.0162042 0.014653 0.0269098 0.0230001 0.0132329 0.0198164 0.0138063 0.0227191 0.0220311 0.0142645 0.0209261 0.0144452 0.0133713 0.0132378 0.00869633 0.00728597 0.006956 0.0110015
threshold=0.79501983523368847 0.9196525812149049 0.93483528494834911 0.41666667163372045 13.722714424133303 395.86126708984381 0.74064907431602489 0.69164046645164501 0.98087957501411449 0.64071032404899608 0.0021956686396151785 1.5630373954772951 0.0078882174566388148 1.1950037479400637 -0.010784280020743607 1.0120794177055361 0.82847315073013317 0.9231819510459901
decision_type=2 2 2 2 2 2 2 2 2 2 2 2 2 2 2 2 2 2
left_child=-1 3 -3 -2 6 -6 7 -4 -8 11 -11 -9 -7 15 -15 -10 17 -14
right_child=1 2 4 -5 5 12 8 9 13 10 -12 -13 16 14 -16 -17 -18 -19
leaf_value=-0.00065548828288228842 -0.00010148286770951625 -0.00094790877342587154 0.001182748396182433 0.0012012275174129172 -0.0010964700727964993 0.00054300921033750957 -0.0011236588658754376 2.1969610625295413e-05 0.00077600166654427367 0.0011593834148575174 -8.0520109576542713e-05 0.000757576514858686 0.00055879315407682121 -0.00084505195674650807 -0.00010211184401148554 -9.7812022925038845e-06 -0.00060573278757013822 -0.00018653762278679478
leaf_weight=96 72 76 50 64 54 72 55 1432 59 74 63 70 55 51 173 59 82 496
leaf_count=96 72 76 50 64 54 72 55 1432 59 74 63 70 55 51 173 59 82 496
internal_value=-1.58501e-05 4.23668e-06 -1.93839e-05 0.000511557 5.42031e-06 -0.000173349 7.04663e-05 0.00013283 -0.000194854 0.000100801 0.000589209 5.62522e-05 -0.000102642 -4.54854e-05 -0.000271263 0.00038311 -0.000176081 -0.00011214
internal_weight=3153 3057 2921 136 2845 759 2086 1689 397 1639 137 1502 705 342 224 118 633 551
internal_count=3153 3057 2921 136 2845 759 2086 1689 397 1639 137 1502 705 342 224 118 633 551
is_linear=0
shrinkage=0.05


Tree=63
num_leaves=17
num_cat=0
split_feature=135 122 128 84 123 62 181 150 150 121 0 125 73 158 70 91
split_gain=0.0148785 0.0226824 0.0208999 0.0194506 0.0141399 0.0136606 0.0472023 0.0182116 0.0204196 0.0128897 0.0112097 0.0116044 0.0112626 0.032538 0.0115891 0.00694613
threshold=0.79018139839172374 0.020802062004804615 1.0108066797256472 0.36581607162952429 0.019528572447597984 0.34542131423950201 0.018338102847337726 0.40512868762016302 0.53050884604454052 0.36197829246521002 0.025691137649118904 0.021036108955740932 0.32166433334350591 1.2360059618949892 0.55698132514953624 0.36466355621814733
decision_type=2 2 2 2 2 2 2 2 2 2 2 2 2 2 2 2
left_child=2 5 -1 -4 9 6 -2 15 -9 -5 12 -12 13 -10 -14 -7
right_child=1 -3 3 4 -6 7 -8 8 10 -11 11 -13 14 -15 -16 -17
leaf_value=-0.001046620649254979 0.0016030085310814212 0.0010814674086868765 -0.00092862442171117137 0.00027071574277439975 0.0005926401803598685 -0.00028306593601882927 -0.00048758606620443362 0.0007305618025144979 3.8103327427048132e-05 -0.00058778969402498518 2.3189166425324332e-05 -0.0010140956447555385 -9.5472090800352931e-06 0.0013935920712538066 -0.00060285367192612518 -0.001081018623081036
leaf_weight=76 54 50 61 81 85 60 54 95 227 95 52 56 1916 55 86 50
leaf_count=76 54 50 61 81 85 60 54 95 227 95 52 56 1916 55 86 50
internal_value=-1.50576e-05 2.62252e-05 -0.000300821 -0.000124794 6.30742e-05 6.71975e-06 0.000557711 -1.6194e-05 1.16522e-05 -0.000192682 -1.68998e-05 -0.000514662 6.63711e-06 0.000302472 -3.50339e-05 -0.000645772
internal_weight=3153 2755 398 322 261 2705 108 2597 2487 176 2392 108 2284 282 2002 110
internal_count=3153 2755 398 322 261 2705 108 2597 2487 176 2392 108 2284 282 2002 110
is_linear=0
shrinkage=0.05


Tree=64
num_leaves=18
num_cat=0
split_feature=146 101 153 107 116 120 121 169 31 161 111 120 182 84 136 176 126
split_gain=0.0140068 0.0171237 0.0158558 0.0152237 0.0148466 0.0145555 0.0116747 0.0137156 0.0140244 0.011683 0.0113873 0.0205517 0.0183784 0.0164367 0.0154005 0.0262311 0.0110035
threshold=0.75056126713752758 0.72948741912841808 0.24156989157199862 0.051036974415183074 0.0045693181455135354 0.14638460427522662 0.45877315104007726 0.49134460091590887 0.71666666865348827 1.7262816429138186 0.05139932036399842 0.27941298484802252 0.027333697304129604 0.38158099353313452 0.83126062154769909 83.410713195800795 -0.015196806285530327
decision_type=2 2 2 2 2 2 2 2 2 2 2 2 2 2 2 2 2
left_child=2 -2 -1 4 6 -4 10 8 9 -8 14 13 -13 -12 15 -3 -16
right_child=1 3 5 -5 -6 -7 7 -9 -10 -11 11 12 -14 -15 16 -17 -18
leaf_value=0.00014769807499500791 0.00071414108323070288 0.0012164940801322583 -0.0011823836634277257 -0.000745191662110087 0.00072066004926859433 -0.00015759931892038339 -0.00035178831944904232 0.00087169116031609651 0.00063744605351913428 0.00027246493664537127 0.00023285813599175999 -0.00092660308702791853 0.00010272806832856942 -0.00029878314371527514 -0.00029858384236218852 -0.00020668778957829613 5.3880191541745388e-05
leaf_weight=84 85 69 77 68 72 63 160 69 95 141 270 150 61 315 282 61 1031
leaf_count=84 85 69 77 68 72 63 160 69 95 141 270 150 61 315 282 61 1031
internal_value=-1.43047e-05 1.48388e-05 -0.000395382 -6.06157e-06 1.20439e-05 -0.000721231 -6.82455e-06 0.000221152 0.0001078 -5.9364e-05 -5.41711e-05 -0.000205991 -0.000629024 -5.34102e-05 2.95772e-05 0.000548693 -2.18204e-05
internal_weight=3153 2929 224 2844 2776 140 2704 465 396 301 2239 796 211 585 1443 130 1313
internal_count=3153 2929 224 2844 2776 140 2704 465 396 301 2239 796 211 585 1443 130 1313
is_linear=0
shrinkage=0.05


Tree=65
num_leaves=13
num_cat=0
split_feature=181 4 145 75 74 137 125 31 111 85 154 185
split_gain=0.0167732 0.0207363 0.015815 0.0123242 0.0255762 0.012411 0.0156978 0.0259211 0.0204483 0.0130483 0.0172453 0.0150177
threshold=0.046454291790723808 0.26696971058845526 0.75163820385932933 0.31163157522678381 0.24744452536106112 0.96286252140998851 0.058424308896064765 0.41666667163372045 0.070984378457069411 0.84503984451293956 0.69554755091667186 0.053333351388573653
decision_type=2 2 2 2 2 2 2 2 2 2 2 2
left_child=2 -2 -1 -4 -5 -6 9 -8 -9 11 -11 -7
right_child=1 -3 3 4 5 6 7 8 -10 10 -12 -13
leaf_value=0.00085063501192383809 -0.0012377818176125895 8.8617226860502316e-05 -0.00073974685671730973 0.001130239678430371 -0.00072807016480572022 3.2158427534433978e-06 -0.00041677731962408871 0.000307539889925263 0.0016617383394168428 0.00099517776970710001 -0.00018201379300860157 -0.00032896619354552502
leaf_weight=55 61 57 56 50 59 2156 55 63 50 70 56 404
leaf_count=55 61 57 56 50 59 2156 55 63 50 70 56 404
internal_value=-1.2061e-05 -0.000597064 1.03952e-05 -4.91226e-06 8.97594e-06 -1.02699e-05 4.56898e-06 0.000473447 0.000906743 -2.47577e-05 0.000471982 -4.92066e-05
internal_weight=3192 118 3074 3019 2963 2913 2854 168 113 2686 126 2560
internal_count=3192 118 3074 3019 2963 2913 2854 168 113 2686 126 2560
is_linear=0
shrinkage=0.05


Tree=66
num_leaves=17
num_cat=0
split_feature=62 174 69 75 32 22 181 3 6 158 87 88 12 110 117 43
split_gain=0.0199703 0.0152584 0.0166932 0.0139094 0.0223006 0.0290836 0.0219427 0.0241302 0.0405133 0.0178465 0.0181592 0.00895552 0.0110846 0.00956288 0.00881914 0.00632433
threshold=0.28653225302696234 93.497631072998061 0.76251679658889782 0.44292689859867101 0.47499999403953558 0.610974282026291 0.04566143453121186 0.019153733737766746 0.13021738827228549 1.1829596757888796 0.35376451909542089 0.91304269433021557 0.15832804888486865 0.086596362292766585 0.13654428720474246 0.30000000447034841
decision_type=2 2 2 2 2 2 2 2 2 2 2 2 2 2 2 2
left_child=-1 2 3 4 9 14 7 11 -9 10 -2 13 -13 -5 -6 -11
right_child=1 -3 -4 6 5 -7 -8 8 -10 15 -12 12 -14 -15 -16 -17
leaf_value=0.00090786164966692891 -0.00025619147513432177 -0.00086964070986416016 0.00070814223124146406 1.05257263940791e-05 -0.00083052034533466219 0.00088250694134815906 -0.0009757141441911121 -3.9562405032079882e-05 0.0018131052499229556 -0.0005255257932003588 -0.0014143387710150407 -0.00057594228867901295 0.00011028369580983937 0.00056771218143694571 2.5581060343448864e-05 0.00024492821884402807
leaf_weight=58 55 53 78 2058 56 75 55 72 50 50 88 141 101 80 65 57
leaf_count=58 55 53 78 2058 56 75 55 72 50 50 88 141 101 80 65 57
internal_value=-1.14579e-05 -2.84715e-05 -1.40016e-05 -3.27585e-05 -0.000290417 0.000108886 1.21831e-05 3.38995e-05 0.000719728 -0.000603471 -0.000968898 -1.25642e-06 -0.000289542 3.13746e-05 -0.000370631 -0.000115097
internal_weight=3192 3134 3081 3003 446 196 2557 2502 122 250 143 2380 242 2138 121 107
internal_count=3192 3134 3081 3003 446 196 2557 2502 122 250 143 2380 242 2138 121 107
is_linear=0
shrinkage=0.05


Tree=67
num_leaves=22
num_cat=0
split_feature=181 101 84 137 32 111 55 121 178 89 155 131 10 133 176 91 149 12 131 171 117
split_gain=0.0140372 0.0206998 0.0501103 0.0209644 0.01897 0.0118614 0.0250809 0.0132498 0.0145043 0.022031 0.014522 0.0138335 0.015738 0.0175381 0.0160119 0.0155868 0.0134048 0.0108886 0.0105575 0.00788797 0.00666896
threshold=0.046454291790723808 0.69164046645164501 0.70898947119712841 0.9583631455898286 0.4916666597127915 0.10806054994463922 0.47885151207447058 0.45877315104007726 -5.8029725551605216 0.19889649748802188 0.37356804311275488 1.1864714622497561 1.0198060274124148 0.96765834093093883 72.668048858642592 0.30034509301185613 1.0845896005630495 0.058601286262273795 1.121546804904938 70269612.000000015 0.18703206628561023
decision_type=2 2 2 2 2 2 2 2 2 2 2 2 2 2 2 2 2 2 2 2 2
left_child=1 2 -1 -3 -2 7 -7 11 18 -10 -11 12 13 -5 -14 17 -17 -13 19 -9 -20
right_child=4 3 -4 5 -6 6 -8 8 9 10 -12 15 14 -15 -16 16 -18 -19 20 -21 -22
leaf_value=-0.00028604909562091052 -0.0012362229016919931 -0.00089246077145277805 0.0016448687996238561 -0.0002185980416524344 3.6277246590543657e-05 0.001189479214105229 -0.00032113229157403116 -0.00065930171536493639 0.00139716030405411 0.00083723369017865603 -0.00018183587248627605 -0.00060850407619574606 7.3220836081115225e-06 0.00011100670792386352 0.00076639082464074213 -0.0013577869704049282 -0.00029640432806142297 0.00012211263883903984 -3.6444672235234064e-05 0.00012682992792515844 0.00063182350618132786
leaf_weight=72 54 67 63 930 64 61 50 78 55 58 88 76 165 713 120 59 60 155 80 54 70
leaf_count=72 54 67 63 930 64 61 50 78 55 58 88 76 165 713 120 59 60 155 80 54 70
internal_value=-1.0885e-05 9.65817e-06 0.000615046 -1.81497e-05 -0.000546053 2.24683e-06 0.000509024 -1.8127e-05 0.000219746 0.000544288 0.000223 -6.85627e-05 -1.6065e-05 -7.5562e-05 0.00032693 -0.00035775 -0.000822636 -0.000118263 -1.15768e-05 -0.000337702 0.000275414
internal_weight=3192 3074 135 2939 118 2872 111 2761 483 201 146 2278 1928 1643 285 350 119 231 282 132 150
internal_count=3192 3074 135 2939 118 2872 111 2761 483 201 146 2278 1928 1643 285 350 119 231 282 132 150
is_linear=0
shrinkage=0.05


Tree=68
num_leaves=17
num_cat=0
split_feature=62 170 174 69 75 77 126 92 133 117 122 99 136 122 60 155
split_gain=0.0165907 0.013859 0.0136828 0.0155896 0.0135223 0.0337212 0.0160294 0.0201086 0.0185331 0.0156534 0.0143112 0.0131352 0.012923 0.011499 0.0109655 0.0102092
threshold=0.28653225302696234 10588294656.000002 93.497631072998061 0.76251679658889782 0.5216081738471986 0.48278498649597174 -0.0044377602171152821 0.32007743418216711 0.95337191224098217 0.1242458112537861 -0.0085973581299185736 0.95388257503509533 0.98501533269882213 0.0076183879282325515 0.25848725438117987 0.41686172783374792
decision_type=2 2 2 2 2 2 2 2 2 2 2 2 2 2 2 2
left_child=-1 2 3 4 6 -6 7 12 -9 14 -11 15 -2 -13 -8 -7
right_child=1 -3 -4 -5 5 11 9 8 -10 10 -12 13 -14 -15 -16 -17
leaf_value=0.0008275876730200754 5.0711633764382387e-05 -0.00078491975032424525 -0.00080770681807683462 0.00070500839439253992 0.0011195502852781008 0.00019296500981259412 -0.00090689263038802896 -0.0014552119766634306 -0.00040818829968475561 0.00055471583287570157 3.6667355237765012e-05 0.00021528580403817242 -0.00080594994159092982 -0.00052823290014905014 -0.00013408674471195679 -0.00064163114443116054
leaf_weight=58 287 59 53 77 81 56 50 59 149 163 732 593 52 57 560 106
leaf_count=58 287 59 53 77 81 56 50 59 149 163 732 593 52 57 560 106
internal_value=-1.03408e-05 -2.58481e-05 -1.12838e-05 2.68392e-06 -1.56791e-05 0.000146732 -8.63581e-05 -0.000318159 -0.000705181 -2.10899e-06 0.000131016 4.96901e-05 -8.06937e-05 0.000150085 -0.000197431 -0.000353129
internal_weight=3192 3134 3075 3022 2945 893 2052 547 208 1505 895 812 339 650 610 162
internal_count=3192 3134 3075 3022 2945 893 2052 547 208 1505 895 812 339 650 610 162
is_linear=0
shrinkage=0.05


Tree=69
num_leaves=13
num_cat=0
split_feature=170 101 70 110 174 38 142 142 91 75 77 175
split_gain=0.0130195 0.011301 0.0434956 0.0253815 0.0211785 0.0112901 0.0114322 0.0104245 0.0140861 0.0102575 0.0252733 0.0105584
threshold=10588294656.000002 0.69164046645164501 0.57159432768821727 0.079519677907228484 93.497631072998061 0.90000000596046459 0.92664054036140453 0.95010021328926098 0.49366988241672521 0.52211612462997448 0.4851819127798081 10.502470493316652
decision_type=2 2 2 2 2 2 2 2 2 2 2 2
left_child=1 2 3 -1 5 6 -3 8 -8 11 -11 -9
right_child=-2 4 -4 -5 -6 -7 7 9 -10 10 -12 -13
leaf_value=-0.00095216144310632874 -0.00074567376691216634 -0.00056329433219782729 0.0015990830229734108 0.00061769577139285489 -0.001027771307945288 0.00053323369587208915 -0.00013517679087244412 -0.00080666993113118223 0.00084615762142475871 0.00096201596857155638 3.142188248763769e-05 -6.9629318933501157e-05
leaf_weight=52 59 93 52 51 51 96 66 50 82 81 735 1724
leaf_count=52 59 93 52 51 51 96 66 50 82 81 735 1724
internal_value=-9.82376e-06 4.03362e-06 0.000420274 -0.000174854 -1.7631e-05 -3.032e-08 -1.81135e-05 4.0438e-07 0.000408536 -2.29174e-05 0.000123797 -9.04027e-05
internal_weight=3192 3133 155 103 2978 2927 2831 2738 148 2590 816 1774
internal_count=3192 3133 155 103 2978 2927 2831 2738 148 2590 816 1774
is_linear=0
shrinkage=0.05


Tree=70
num_leaves=28
num_cat=1
split_feature=123 170 57 88 31 123 148 156 89 146 60 186 162 8 119 120 64 49 96 142 31 133 120 121 5 130 154
split_gain=0.012496 0.0164585 0.0119865 0.0175408 0.0197491 0.0154895 0.0220314 0.0214963 0.0171214 0.0120169 0.0171119 0.0123107 0.0191836 0.0119356 0.0113389 0.0111277 0.0109995 0.0144782 0.011538 0.010068 0.00885915 0.00961003 0.00765423 0.00741054 0.0100942 0.00793723 0.00668057
threshold=0.051872828975319869 10588294656.000002 0.56752166152000438 0.26249071955680853 0.15000000596046451 0.030772858299314979 0.74461230635643016 0.25121271610260015 0.27295227348804479 0.96902480721473705 0.59677210450172435 0 412.68533325195318 -0.57511281967163075 0.10475388914346696 0.43063405156135565 0.21591366827487948 -0.15000000223517415 -7.560652256011962 0.98456537723541271 0.28333334624767309 0.97977253794670116 0.18140380084514621 0.093637216836214079 0.0042962362058460721 1.0744267702102663 0.29930555820465093
decision_type=2 2 2 2 2 2 2 2 2 2 2 1 2 2 2 2 2 2 2 2 2 2 2 2 2 2 2
left_child=1 2 9 4 19 6 7 -5 -8 10 11 12 -1 -10 -6 20 17 -13 -18 -4 21 -11 -21 25 -25 -22 -14
right_child=-2 -3 3 5 14 -7 8 -9 13 15 -12 16 26 -15 -16 -17 18 -19 -20 22 23 -23 -24 24 -26 -27 -28
leaf_value=0.001285169861616201 0.00063955400334969842 -0.00089143668570054269 0.00047347335535892786 0.00015069392556477782 -0.0014375555893102979 -0.00069046184022328013 0.00060835371617498385 0.0013857441321306397 0.00041269216270584076 -0.00074509016639820545 0.00094207965014223667 -0.00021653586589862875 -0.00026460156783714948 -0.0003450878352540602 -0.00051469999796609049 -0.00063151753349278527 -0.00066670373935154704 0.00046352284263792044 -1.7117382407404739e-06 -0.00081751784408697851 0.00020121870669950002 5.7765642747288385e-06 1.6993744924786638e-05 -1.4887499206400914e-06 0.00048611390116314621 -0.00031849758773930075 0.00044226369660914177
leaf_weight=56 76 52 54 95 57 72 74 56 62 76 71 115 51 321 80 76 81 245 335 50 121 97 61 249 185 187 97
leaf_count=56 76 52 54 95 57 72 74 56 62 76 71 115 51 321 80 76 81 245 335 50 121 97 61 249 185 187 97
internal_value=6.19711e-06 -9.4515e-06 5.71491e-06 -0.000137833 -0.000454928 2.99446e-06 8.51143e-05 0.000608726 -8.78952e-05 7.47473e-05 0.000192528 0.000138224 0.000473712 -0.000222418 -0.000898662 -5.01646e-05 4.33652e-05 0.000246282 -0.000131193 -8.64952e-05 -1.87731e-06 -0.000324084 -0.000358912 7.32463e-05 0.00020636 -0.000114323 0.000198682
internal_weight=3152 3076 3024 982 302 680 608 151 457 2042 1051 980 204 383 137 991 776 360 416 165 915 173 111 742 434 308 148
internal_count=3152 3076 3024 982 302 680 608 151 457 2042 1051 980 204 383 137 991 776 360 416 165 915 173 111 742 434 308 148
cat_boundaries=0 1
cat_threshold=513
is_linear=0
shrinkage=0.05


Tree=71
num_leaves=25
num_cat=0
split_feature=123 170 57 160 160 91 3 181 87 86 77 35 59 178 178 175 53 155 101 177 120 173 99 86
split_gain=0.0112776 0.0148538 0.0108178 0.014713 0.0259705 0.0275883 0.0239919 0.0167867 0.0149248 0.0140512 0.0135461 0.0145145 0.0182588 0.0144543 0.0131053 0.0129627 0.0124545 0.0105781 0.00938784 0.00847933 0.00769847 0.00681664 0.00608394 0.00578006
threshold=0.051872828975319869 10588294656.000002 0.56752166152000438 1.03544557094574 1.205146372318268 0.38395901024341589 0.0091879176907241362 0.030915684998035434 0.8275849223136903 0.8087822198867799 0.5099792778491975 -0.57500001788139332 0.37737652659416204 -0.21183827519416806 -10.304393768310545 87.300930023193374 0.26713615655899053 0.37016534805297857 1.0787029862403872 401.33137512207037 0.026888106018304828 1.4351237416267397 1.0185865759849551 0.19069338589906695
decision_type=2 2 2 2 2 2 2 2 2 2 2 2 2 2 2 2 2 2 2 2 2 2 2 2
left_child=1 2 10 7 5 -5 -7 -4 9 15 13 23 17 14 19 -6 -16 -13 -18 -1 -14 -21 -22 -12
right_child=-2 -3 3 4 8 6 -8 -9 -10 -11 11 12 20 -15 16 -17 18 -19 -20 21 22 -23 -24 -25
leaf_value=-0.00051047288092781354 0.00060757629745287556 -0.00084686488139246088 -0.00020288868493140638 -0.00026102847489685677 -0.00028554493574178916 0.0002246090481583871 0.0017226082271769305 -0.0013123746585244171 0.00044358656297845302 -0.0010304510078225448 -0.00101055061939736 -0.00092978581479932786 0.00069503249706617831 -0.00056535951241958591 -0.00026515908640302606 0.00056187992022023534 0.00043379126585890075 -6.0456654286816721e-05 -0.00012935060640959721 0.0001386774351768096 -7.4397173448711624e-05 -0.00046811911653584014 0.00045743927393292931 -0.00029205132465760564
leaf_weight=72 76 52 99 74 463 52 55 52 80 57 55 69 62 67 85 50 683 71 83 421 190 52 75 57
leaf_count=72 76 52 99 74 463 52 55 52 80 57 55 69 62 67 85 50 683 71 83 421 190 52 75 57
internal_value=5.88725e-06 -8.97893e-06 5.42916e-06 -0.000130941 -4.84417e-05 0.000481254 0.000994609 -0.000584963 -0.000195942 -0.0002857 7.101e-05 -0.000133697 -1.10988e-05 0.000152025 0.000186455 -0.00020295 0.000309054 -0.000488912 0.000372772 -4.97806e-06 0.000193469 7.19683e-05 7.61226e-05 -0.000644886
internal_weight=3152 3076 3024 982 831 181 107 151 650 570 2042 579 467 1463 1396 513 851 140 766 545 327 473 265 112
internal_count=3152 3076 3024 982 831 181 107 151 650 570 2042 579 467 1463 1396 513 851 140 766 545 327 473 265 112
is_linear=0
shrinkage=0.05


Tree=72
num_leaves=33
num_cat=0
split_feature=92 83 57 107 181 107 174 37 37 152 101 12 89 108 120 159 119 116 133 121 7 178 30 29 171 87 31 87 172 174 20 6
split_gain=0.0123583 0.0199779 0.0106202 0.0146232 0.0160389 0.0179548 0.0232246 0.0217688 0.0195164 0.0162406 0.0113566 0.0112438 0.0169566 0.0169259 0.0189818 0.015891 0.0194971 0.0157427 0.015231 0.025432 0.0121462 0.0122896 0.0116303 0.00999639 0.00970107 0.0128761 0.00900083 0.00961919 0.00881529 0.00786057 0.00709417 0.00597499
threshold=0.64583784341812145 0.69952717423439037 0.57712513208389293 0.055855916813015945 0.032059941440820701 0.014530235901474954 76.591094970703139 0.70833331346511852 0.75833332538604747 0.19447175413370135 0.80689537525177013 0.16078158468008044 -0.50328534841537464 0.02166025992482901 0.019329655915498737 1.1317296624183657 0.061901178210973747 -0.0014399068313650785 0.92737966775894176 0.19963844120502475 -0.017881815321743485 -0.21183827519416806 0.52500000596046459 0.15000000223517421 139525848.00000003 -0.10090397670865058 0.18333333730697635 0.33470271527767187 70539124.000000015 60.759538650512702 0.768957018852234 0.30567033588886267
decision_type=2 2 2 2 2 2 2 2 2 2 2 2 2 2 2 2 2 2 2 2 2 2 2 2 2 2 2 2 2 2 2 2
left_child=2 -2 10 4 5 26 7 -7 -8 -6 -1 13 -13 14 22 29 -17 -18 19 -14 -20 -22 -12 -11 25 -16 27 -4 -29 -15 -21 -28
right_child=1 -3 3 -5 9 6 8 -9 -10 23 11 12 18 15 24 16 17 -19 20 30 21 -23 -24 -25 -26 -27 31 28 -30 -31 -32 -33
leaf_value=0.00078844125193063518 -0.00011152411886033114 0.0012259655429861941 0.00040679906738329345 0.00064443611806312294 -0.0012578566070029656 0.001442130667644299 -0.00079325212190221807 0.00010863446311660759 0.00030347188274537006 0.00024804014904657379 0.00094135313276547507 0.00106616805534577 0.0012993584188569168 -0.00043471294690971266 0.00055656443904606736 0.00055453337231421305 -0.0011684492520871574 -0.00015425569024263736 -0.00072828668360774102 -0.00034478749275546186 0.00017374362618152077 -0.00047037075404496347 9.823208978886191e-05 -0.00075177946675103165 -0.00072402837565459786 -8.0225921615785219e-05 -0.00039848392154239907 -0.00075437711268322135 3.6815219348628656e-05 -0.0013169547214227566 0.0004738796381941796 -0.0011144172316348618
leaf_weight=50 59 53 55 52 67 55 76 69 87 50 86 50 66 50 90 73 50 163 53 55 441 89 78 50 50 673 68 73 68 51 51 51
leaf_count=50 59 53 55 52 67 55 76 69 87 50 86 50 66 50 90 73 50 163 53 55 441 89 78 50 50 673 68 73 68 51 51 51
internal_value=5.59289e-06 0.000521395 -1.34104e-05 -0.000167051 -0.000221924 -0.000101655 0.000184418 0.000700105 -0.000207884 -0.000655469 4.34347e-05 2.62608e-05 0.000174446 -6.11948e-05 4.96579e-05 -0.000341048 -0.000150648 -0.000392329 0.000115392 0.00052885 -6.58877e-06 6.5581e-05 0.000540357 -0.00025187 -4.93268e-05 -5.11304e-06 -0.000362299 -0.000154042 -0.000372809 -0.000880201 4.90995e-05 -0.000705312
internal_weight=3152 112 3040 821 769 602 287 124 163 167 2219 2169 805 1364 977 387 286 213 755 172 583 530 164 100 813 763 315 196 141 101 106 119
internal_count=3152 112 3040 821 769 602 287 124 163 167 2219 2169 805 1364 977 387 286 213 755 172 583 530 164 100 813 763 315 196 141 101 106 119
is_linear=0
shrinkage=0.05


Tree=73
num_leaves=20
num_cat=1
split_feature=92 83 32 105 99 7 68 186 108 161 57 122 103 160 160 107 158 89 124
split_gain=0.0111533 0.0180301 0.0114627 0.020732 0.0188272 0.0146066 0.011606 0.0115188 0.0225182 0.0107598 0.0136156 0.0107214 0.0103369 0.0101481 0.0118311 0.00682732 0.00670399 0.00564765 0.00358517
threshold=0.64583784341812145 0.69952717423439037 0.041666667908430106 0.80580040812492382 0.83345550298690807 0.049677036702632911 0.17455586045980456 0 0.011945741251111032 2.1931700706481938 0.36260391771793371 0.0046035780105739841 0.94088608026504528 1.03544557094574 1.1986957788467409 0.013123362325131895 1.1042955517768862 0.19889649748802188 -0.0038449910935014482
decision_type=2 2 2 2 2 2 2 1 2 2 2 2 2 2 2 2 2 2 2
left_child=2 -2 4 -4 -1 6 16 8 -6 10 -8 18 -12 -9 -15 17 -5 -16 -11
right_child=1 -3 3 5 7 -7 9 13 -10 11 12 -13 -14 14 15 -17 -18 -19 -20
leaf_value=-0.0011141052584140131 -0.00010594790863066564 0.0011646672993248224 0.0010381627243477851 -0.00079667771710701925 -0.0005892599908025552 -0.00078132694409424944 0.0008665237792196091 -0.00082830352702856062 0.0007206038694082805 -0.00041765325972935937 -0.00036208984934581591 -0.00086794557252065519 9.8804219868626951e-05 0.00040282480708876814 -0.00026423274305974095 7.4182266366228257e-05 -9.9141181003927306e-05 -0.0010016931944264798 8.8795773095822568e-05
leaf_weight=54 59 53 50 63 51 57 55 71 92 51 130 57 1895 69 54 54 76 50 111
leaf_count=54 59 53 50 63 51 57 55 71 92 51 130 57 1895 69 54 54 76 50 111
internal_value=5.31324e-06 0.000495325 -1.27398e-05 3.00791e-05 -0.00023289 9.87703e-06 2.83752e-05 -0.000124986 0.000236884 5.51998e-05 9.02986e-05 -0.000278159 6.9216e-05 -0.00029663 -0.000143403 -0.000381945 -0.000415291 -0.000618781 -7.06419e-05
internal_weight=3152 112 3040 2545 495 2495 2438 441 143 2299 2080 219 2025 298 227 158 139 104 162
internal_count=3152 112 3040 2545 495 2495 2438 441 143 2299 2080 219 2025 298 227 158 139 104 162
cat_boundaries=0 1
cat_threshold=1096
is_linear=0
shrinkage=0.05


Tree=74
num_leaves=26
num_cat=0
split_feature=91 31 62 142 71 36 88 91 55 66 134 76 0 169 9 37 51 126 160 170 157 161 71 130 121
split_gain=0.0105143 0.0109295 0.0362898 0.0210845 0.0192273 0.0134436 0.0126175 0.0154896 0.0184052 0.0216164 0.0181318 0.0124499 0.0111181 0.0131563 0.0120783 0.0111012 0.0108968 0.0111768 0.0106264 0.00933745 0.0123405 0.0121321 0.00913469 0.00872357 0.00739452
threshold=0.75319996476173412 0.31666667759418493 0.35317631065845495 0.92664054036140453 0.57160812616348278 0.51666668057441723 0.91655743122100841 0.34540216624736791 0.66033875942230236 0.33028183877468115 0.88727408647537243 0.44120363891124731 0.010877453256398441 0.76835930347442638 0.99290165305137645 0.45833332836627966 -0.050000002607703202 0.020162531174719337 1.4652600884437563 99730760.000000015 0.51233652234077465 1.4662929177284243 0.5198723077774049 1.0634369850158694 0.14824269711971286
decision_type=2 2 2 2 2 2 2 2 2 2 2 2 2 2 2 2 2 2 2 2 2 2 2 2 2
left_child=1 3 -3 11 6 12 7 10 9 -9 -5 -1 14 16 23 -12 24 -18 -10 21 -21 -16 -8 -4 -14
right_child=-2 2 5 4 -6 -7 22 8 18 -11 15 -13 13 -15 19 -17 17 -19 -20 20 -22 -23 -24 -25 -26
leaf_value=-0.0013371099978730155 0.00067202738844508562 0.0014123933191876859 0.0010081883263410418 -0.0009433381213270484 0.00074479030766572878 0.00072425169956936183 -0.0002292100989507162 0.0001548172828874828 -4.6597468858308753e-05 0.0012194367227768351 -0.0003131895588465494 -0.00023209890513680877 -0.0005207603149821287 0.00037544924071491033 0.00095400243560012825 0.00022938622983525016 -0.0012507118583016564 -0.00033434946562032925 -0.00079033630393244691 0.00068655188107287458 -9.6725591549115701e-05 1.8262527365275376e-05 -0.0010601073074350046 0.00019451952586678091 0.00022459561608606816
leaf_weight=52 58 50 56 81 72 69 88 475 153 53 273 50 56 70 58 144 56 82 70 54 731 86 53 80 82
leaf_count=52 58 50 56 81 72 69 88 475 153 53 273 50 56 70 58 144 56 82 70 54 731 86 53 80 82
internal_value=5.04758e-06 -7.4556e-06 8.75572e-05 -0.000100403 -5.1912e-05 4.27992e-05 -9.31801e-05 -4.25653e-05 0.000100819 0.000261682 -0.000258794 -0.000795438 9.47513e-06 -0.000236765 8.94744e-05 -0.000125825 -0.000392037 -0.000706207 -0.000280058 2.50486e-05 -4.28441e-05 0.000395158 -0.000541533 0.00052956 -7.78677e-05
internal_weight=3152 3094 1530 1564 1462 1480 1390 1249 751 528 498 102 1411 346 1065 417 276 138 223 929 785 144 141 136 138
internal_count=3152 3094 1530 1564 1462 1480 1390 1249 751 528 498 102 1411 346 1065 417 276 138 223 929 785 144 141 136 138
is_linear=0
shrinkage=0.05


Tree=75
num_leaves=24
num_cat=0
split_feature=11 182 122 119 30 173 182 42 135 99 84 170 130 12 161 136 168 92 159 27 135 146 158
split_gain=0.0120676 0.019215 0.0106671 0.0097044 0.0140036 0.0139645 0.0195687 0.012673 0.0129935 0.0295981 0.0166641 0.0124151 0.0143192 0.0137746 0.0174118 0.0110088 0.0132779 0.0100581 0.0118656 0.0130775 0.0092025 0.00631557 0.00434557
threshold=0.94727438688278209 0.033727539703249938 0.019281422719359401 0.26093259453773504 0.42499999701976782 1.7822427153587344 0.039287719875574119 0.60833334922790538 0.91224542260169994 0.956925928592682 0.58151498436927807 2317719552.0000005 1.0354743599891665 0.10612425580620767 1.3018823862075808 0.91961330175399791 7.2330861091613778 0.11083590611815454 1.1161151528358462 0.4916666597127915 0.87277561426162731 0.96218618750572216 1.1971050500869753
decision_type=2 2 2 2 2 2 2 2 2 2 2 2 2 2 2 2 2 2 2 2 2 2 2
left_child=1 -1 3 5 11 6 7 8 9 -2 -10 13 -13 15 -15 16 -5 22 19 -19 -16 -20 -6
right_child=2 -3 -4 4 17 -7 -8 -9 10 -11 -12 12 -14 14 20 -17 -18 18 21 -21 -22 -23 -24
leaf_value=-0.0010298656180835473 4.1065007969674346e-05 0.00024233601403002649 0.00068066582728314303 -0.0013128494349075482 0.00035976216119161107 0.00074740243156806436 -0.00091902801870227856 -0.00072401474822339983 7.9526383251209777e-05 0.00073861214251286038 -0.00034770959362612132 -0.00016858547728938552 0.00092677791374236622 0.00097778899152763175 -0.00036713917634011368 9.3973542397813597e-05 -0.00025806471832246256 -0.00039250375211493375 1.8886390546135886e-05 -0.0015089688308459396 0.00045959341598791068 -0.00066285474288100708 -0.00029944705875823276
leaf_weight=71 538 51 58 52 50 70 53 51 925 212 303 52 70 50 103 66 70 51 82 54 50 58 50
leaf_count=71 538 51 58 52 50 70 53 51 925 212 303 52 70 50 103 66 70 51 82 54 50 58 50
internal_value=-1.03652e-05 -0.000498044 9.02751e-06 -3.91436e-06 -0.000146098 5.2774e-05 2.94195e-05 5.41941e-05 7.42592e-05 0.000238238 -2.5891e-05 1.95543e-05 0.000459902 -0.000117843 0.000167753 -0.000426226 -0.000707645 -0.000392415 -0.000564893 -0.000966686 -9.69651e-05 -0.000263549 3.01576e-05
internal_weight=3190 122 3068 3010 858 2152 2082 2029 1978 750 1228 513 122 391 203 188 122 345 245 105 153 140 100
internal_count=3190 122 3068 3010 858 2152 2082 2029 1978 750 1228 513 122 391 203 188 122 345 245 105 153 140 100
is_linear=0
shrinkage=0.05


Tree=76
num_leaves=18
num_cat=0
split_feature=91 11 56 169 172 11 170 3 100 30 67 36 85 120 66 152 67
split_gain=0.0116249 0.015326 0.0142427 0.0113672 0.0094307 0.0113196 0.00976358 0.0347337 0.0166068 0.0250235 0.0168106 0.0118154 0.0139922 0.0139032 0.0107953 0.0132851 0.00961012
threshold=0.76129642128944408 0.94727438688278209 0.66106796264648449 1.2558025121688845 418021232.00000006 0.98728206753730785 2986034560.0000005 0.019153733737766746 0.96738493442535411 0.17500000447034839 -0.01408905442804098 0.68333333730697643 0.787593573331833 0.015516664832830431 0.32694427669048315 0.21053095161914828 0.13787972182035449
decision_type=2 2 2 2 2 2 2 2 2 2 2 2 2 2 2 2 2
left_child=1 2 -1 4 6 -6 11 8 9 -8 -10 14 13 -13 16 -16 -3
right_child=-2 3 -4 -5 5 -7 7 -9 10 -11 -12 12 -14 -15 15 -17 -18
leaf_value=4.4181971701190752e-05 0.00074655009259004144 4.3664512914200703e-05 -0.0010683237913657318 0.00061190654932697481 -0.00096024338731934365 5.0762051922412451e-06 -0.00011332784658297897 0.0014312706910109578 0.00015068923953962936 0.00096323339017353169 -0.00080792323453351869 0.00052849312409913786 -0.0010091267652326183 -0.00030741535431060745 0.0010961004292803411 -4.0083004500528025e-05 -0.00023685599076596594
leaf_weight=51 50 1475 66 74 57 65 125 52 99 95 85 60 57 291 50 53 385
leaf_count=51 50 1475 66 74 57 65 125 52 99 95 85 60 57 291 50 53 385
internal_value=-9.84692e-06 -2.18915e-05 -0.000583385 -1.59806e-07 -1.55185e-05 -0.000445934 3.05615e-06 0.000214939 5.83811e-05 0.000351551 -0.000292148 -3.76939e-05 -0.000282521 -0.000164525 1.31922e-05 0.000511462 -1.44002e-05
internal_weight=3190 3140 117 3023 2949 122 2827 456 404 220 184 2371 408 351 1963 103 1860
internal_count=3190 3140 117 3023 2949 122 2827 456 404 220 184 2371 408 351 1963 103 1860
is_linear=0
shrinkage=0.05


Tree=77
num_leaves=20
num_cat=0
split_feature=91 0 182 136 119 112 181 158 87 110 3 120 120 174 5 139 121 159 5
split_gain=0.0104915 0.0122317 0.0199593 0.0215839 0.00908466 0.0128894 0.014315 0.0106787 0.00986037 0.0133802 0.0130178 0.00951914 0.013912 0.0119587 0.0101195 0.00944363 0.00921574 0.00866865 0.00719426
threshold=0.76129642128944408 0.03127222694456578 0.033727539703249938 0.8127904236316682 0.26093259453773504 0.029848747886717323 0.041782120242714889 0.72877332568168651 -0.16999419778585431 0.085526566952466979 0.020043041557073597 0.14464307576417926 0.082117017358541503 71.483997344970717 0.014108170289546253 0.97913119196891796 0.026024144142866138 1.3456169962882998 0.0028080058982595806
decision_type=2 2 2 2 2 2 2 2 2 2 2 2 2 2 2 2 2 2 2
left_child=1 4 3 -3 5 6 8 -6 17 10 -10 12 13 18 15 -13 -17 -1 -9
right_child=-2 2 -4 -5 7 -7 -8 11 9 -11 -12 14 -14 -15 -16 16 -18 -19 -20
leaf_value=0.00079248551056869995 0.00070922258985228834 -0.0011996940342419039 0.00029962518137260387 -7.1659883416694723e-05 -0.00070415463654300669 0.00083435576058757269 -0.00075112402873029087 -0.00028423136588625155 -1.8376430219757573e-05 0.00083373531855542363 0.00061952849965087986 -0.00067179350090537269 -0.00087287029973828257 -0.00061531828204620779 0.00060760573279468289 -0.00056615067861618144 0.00016016843061379405 -6.3884956162247256e-06 0.00046693809663445469
leaf_weight=84 50 89 79 81 74 53 55 51 1670 51 84 51 78 71 72 51 304 57 85
leaf_count=84 50 89 79 81 74 53 55 51 1670 51 84 51 78 71 72 51 304 57 85
internal_value=-9.35458e-06 -2.07969e-05 -0.000357056 -0.000662219 8.16486e-06 6.47449e-05 4.43604e-05 -0.000130683 6.68432e-05 3.53863e-05 1.21732e-05 -7.50641e-05 -0.000303781 -8.93414e-05 6.13047e-05 -3.55762e-05 5.5824e-05 0.000469536 0.00018525
internal_weight=3190 3140 249 170 2891 2054 2001 837 1946 1805 1754 763 285 207 478 406 355 141 136
internal_count=3190 3140 249 170 2891 2054 2001 837 1946 1805 1754 763 285 207 478 406 355 141 136
is_linear=0
shrinkage=0.05


Tree=78
num_leaves=23
num_cat=0
split_feature=100 107 125 82 112 170 144 149 150 118 138 119 99 11 173 112 152 87 163 161 120 10
split_gain=0.0103615 0.0143839 0.0245428 0.014191 0.0128337 0.0110711 0.01088 0.0171198 0.0174462 0.0196388 0.0210752 0.0122332 0.0116809 0.0109905 0.0113077 0.0105099 0.0102348 0.01053 0.00984623 0.00964894 0.0085764 0.0052021
threshold=0.83122453093528759 0.052578041329979903 0.056408789008855827 -0.0014729733229614792 0.0045591183006763467 6934475264.000001 0.92806509137153637 0.39221119880676275 0.4869095534086228 0.048546953126788146 0.99789777398109447 0.25456951558589941 0.90362751483917247 0.96900656819343578 1.5357668399810793 0.0093159945681691187 0.072870433330535903 -0.16999419778585431 258.82260131835943 1.3974322676658633 0.019329655915498737 1.0206009745597842
decision_type=2 2 2 2 2 2 2 2 2 2 2 2 2 2 2 2 2 2 2 2 2 2
left_child=1 2 3 -1 -5 6 7 -2 -9 15 12 -12 -11 -8 16 -10 -15 19 21 -18 -19 -6
right_child=5 -3 -4 4 18 -7 13 8 9 10 11 -13 -14 14 -16 -17 17 20 -20 -21 -22 -23
leaf_value=0.00057474634457178712 -0.00048214344213575762 0.00043183757006772796 -0.0013336624196645889 -0.0008121459675749066 -0.00065973620044953031 0.00059557760580364306 -0.00058808251021880348 0.0010671249465410845 0.0013092808477085782 5.4019973481445051e-05 0.0010449647476198152 6.952934678540461e-05 -0.00085739311012170789 0.00064513226361062462 -0.0007247472918243148 0.00029871656316692746 0.00077254768578936101 0.0002107750597098029 0.00046384545863215211 4.2631747633744714e-05 -0.00010189125940527713 2.4519506505206592e-05
leaf_weight=51 76 68 55 92 61 83 88 68 50 64 50 90 78 60 55 53 76 257 56 112 1496 51
leaf_count=51 76 68 55 92 61 83 88 68 50 64 50 90 78 60 55 53 76 257 56 112 1496 51
internal_value=-8.88685e-06 -0.000235968 -0.000360041 -0.000187857 -0.000337444 2.68726e-05 9.21359e-06 0.000212295 0.000328801 0.000198396 -1.74238e-05 0.000417899 -0.000446615 -4.08937e-05 -1.74732e-05 0.000789282 1.96711e-06 -1.79144e-05 -7.74885e-05 0.000337704 -5.60526e-05 -0.000348155
internal_weight=3190 434 366 311 260 2756 2673 529 453 385 282 140 142 2144 2056 103 2001 1941 168 188 1753 112
internal_count=3190 434 366 311 260 2756 2673 529 453 385 282 140 142 2144 2056 103 2001 1941 168 188 1753 112
is_linear=0
shrinkage=0.05


Tree=79
num_leaves=20
num_cat=0
split_feature=91 0 182 136 86 172 119 36 135 86 98 173 53 158 120 120 5 154 42
split_gain=0.00949617 0.0103123 0.0180199 0.0196418 0.00878427 0.00929834 0.00901275 0.0124044 0.0255623 0.0315888 0.0145578 0.0124183 0.0106857 0.00998176 0.00917841 0.0121375 0.00986707 0.00864542 0.00580081
threshold=0.76129642128944408 0.03127222694456578 0.033727539703249938 0.75797641277313244 -0.43699522316455836 418021232.00000006 0.26093259453773504 0.68333333730697643 0.91031402349472057 0.77481973171234142 0.97718068957328807 0.78196635842323314 0.9076276719570161 0.72877332568168651 0.14464307576417926 0.082117017358541503 0.014108170289546253 0.21404618024826053 0.45833332836627966
decision_type=2 2 2 2 2 2 2 2 2 2 2 2 2 2 2 2 2 2 2
left_child=1 4 3 -3 -1 6 7 8 9 -6 -10 -9 -13 -8 15 -15 -16 -5 -7
right_child=-2 2 -4 17 5 18 13 11 10 -11 -12 12 -14 14 16 -17 -18 -19 -20
leaf_value=-0.00047347187172145706 0.00067519955104216938 -0.00142764687547102 0.00029588309477696409 -0.00069655423877552024 0.0003225871736254158 -0.00010019824321716442 -0.00068340515140131281 -0.00087947292335089657 -0.00038857355856829131 0.0016262003841872614 0.00010770882943686162 0.00010283783481586379 -0.00065249531820380327 -6.7338179306613446e-05 -6.2294922586032051e-06 -0.00080459672298475906 0.0006401658310538291 0.00015952587515736621 -0.00081500437603715587
leaf_weight=92 50 52 79 58 437 64 67 52 178 52 870 243 58 203 377 77 70 60 51
leaf_count=92 50 52 79 58 437 64 67 52 178 52 870 243 58 203 377 77 70 60 51
internal_value=-8.4425e-06 -1.93285e-05 -0.000328078 -0.000618037 7.26389e-06 2.30651e-05 4.19289e-05 0.000101315 0.000162702 0.000461213 2.34166e-05 -0.000165971 -4.27081e-05 -9.94316e-05 -4.56128e-05 -0.000270084 9.49957e-05 -0.000261259 -0.000417199
internal_weight=3190 3140 249 170 2891 2799 2684 1890 1537 489 1048 353 301 794 727 280 447 118 115
internal_count=3190 3140 249 170 2891 2799 2684 1890 1537 489 1048 353 301 794 727 280 447 118 115
is_linear=0
shrinkage=0.05


Tree=80
num_leaves=13
num_cat=0
split_feature=115 116 101 53 111 102 157 85 124 101 102 35
split_gain=0.0176621 0.0170758 0.0198191 0.0400622 0.015094 0.0138109 0.0118395 0.0232414 0.0135547 0.010151 0.0200591 0.0104369
threshold=0.010873379185795786 0.0058102945331484088 0.69164046645164501 0.90940183401107799 0.10806054994463922 0.91872626543045055 0.51233652234077465 0.098332889378070845 0.0049144465010613212 0.77284878492355358 0.99045863747596752 -0.67499998211860646
decision_type=2 2 2 2 2 2 2 2 2 2 2 2
left_child=1 2 3 -1 5 -4 7 -7 -9 10 -8 -11
right_child=-2 -3 4 -5 -6 6 9 8 -10 11 -12 -13
leaf_value=-0.00024564103611434497 0.00092276085200080401 -0.00091377093110797713 -0.00085917212680785681 0.0016833335099648798 0.00062852322955096014 -0.00035872610804778184 -0.00085557174943720138 0.00025252544422983193 0.0012165554230528842 -0.00031525715174462554 0.00029046226506276678 4.2356896813511249e-06
leaf_weight=57 51 52 51 51 86 82 105 80 67 290 60 2156
leaf_count=57 51 52 51 51 86 82 105 80 67 290 60 2156
internal_value=-2.43291e-07 -1.52491e-05 -1.03834e-07 0.000665264 -2.42421e-05 -4.36603e-05 -2.90155e-05 0.000315702 0.000691913 -5.92492e-05 -0.000438832 -3.36437e-05
internal_weight=3188 3137 3085 108 2977 2891 2840 229 147 2611 165 2446
internal_count=3188 3137 3085 108 2977 2891 2840 229 147 2611 165 2446
is_linear=0
shrinkage=0.05


Tree=81
num_leaves=13
num_cat=0
split_feature=101 63 157 142 97 49 59 142 102 119 92 111
split_gain=0.0125652 0.0363149 0.0331457 0.015951 0.0107532 0.0109413 0.0142826 0.0112553 0.0258489 0.0087639 0.0156136 0.013778
threshold=0.69164046645164501 0.82502698898315441 0.83447882533073436 0.88297232985496532 0.8848189413547517 0.55000001192092907 0.19471803307533267 0.93376931548118602 0.96416428685188305 0.26093259453773504 0.1690415367484093 0.1048223376274109
decision_type=2 2 2 2 2 2 2 2 2 2 2 2
left_child=1 2 -1 -2 -5 7 -7 -6 -9 11 -11 -10
right_child=3 -3 -4 4 5 6 -8 8 9 10 -12 -13
leaf_value=-0.00097690607108233971 -0.00084496733154459241 0.0013948814700105701 0.00076756961687626151 0.00065484763562077819 -0.00054414463308563902 0.0001142082633185933 -0.00094009446216255631 0.0009807034968295793 1.8589265564882264e-05 0.0001893249532753416 -0.0003096330704128816 0.00062753085572063471
leaf_weight=56 58 61 53 60 92 58 72 68 1782 228 502 98
leaf_count=56 58 61 53 60 92 58 72 68 1782 228 502 98
internal_value=-2.31128e-07 0.000418013 -0.000128675 -2.37903e-05 -7.69965e-06 -2.14075e-05 -0.000469713 -3.67901e-07 1.8313e-05 -6.76077e-06 -0.000153794 5.0332e-05
internal_weight=3188 170 109 3018 2960 2900 130 2770 2678 2610 730 1880
internal_count=3188 170 109 3018 2960 2900 130 2770 2678 2610 730 1880
is_linear=0
shrinkage=0.05


Tree=82
num_leaves=11
num_cat=0
split_feature=115 116 101 178 142 111 146 184 35 161
split_gain=0.0156604 0.0156413 0.0164065 0.0369409 0.0144287 0.0119574 0.0110081 0.0137043 0.0112437 0.00843133
threshold=0.010873379185795786 0.0058102945331484088 0.69164046645164501 -8.4002285003662092 0.88297232985496532 0.10806054994463922 0.75969132781028759 0.1222793646156788 -0.67499998211860646 1.5722793936729433
decision_type=2 2 2 2 2 2 2 2 2 2
left_child=1 2 3 -1 -4 6 9 8 -8 -6
right_child=-2 -3 4 -5 5 -7 7 -9 -10 -11
leaf_value=-0.00031919769502969256 0.00086890999889731703 -0.00087430234413589543 -0.00080271896269927122 0.0015302492333662317 -0.00099829864921048279 0.00057452488343737651 -0.00030042272573408812 0.00074223284493200479 1.5896642031767277e-05 -8.0075687554199252e-05
leaf_weight=54 51 52 58 54 50 86 319 60 2354 50
leaf_count=54 51 52 58 54 50 86 319 60 2354 50
internal_value=-2.1957e-07 -1.43495e-05 1.45648e-07 0.000605526 -2.18164e-05 -6.30002e-06 -2.39318e-05 -5.07874e-06 -2.18534e-05 -0.000539187
internal_weight=3188 3137 3085 108 2977 2919 2833 2733 2673 100
internal_count=3188 3137 3085 108 2977 2919 2833 2733 2673 100
is_linear=0
shrinkage=0.05


Tree=83
num_leaves=22
num_cat=0
split_feature=3 156 71 35 118 6 3 130 35 170 167 182 120 5 0 77 90 46 174 29 55
split_gain=0.0105668 0.0118481 0.0280126 0.014603 0.022528 0.0142775 0.0148019 0.0129668 0.0129544 0.0129991 0.0128369 0.0165948 0.0135037 0.00935741 0.00850768 0.0080156 0.00766875 0.00760952 0.0135368 0.00722785 0.00601598
threshold=0.032291604205966003 0.25949506461620336 0.57004728913307201 0.87500000000000011 0.077559605240821852 0.076655983924865737 0.019153733737766746 1.0997882485389712 0.67499998211860668 7234391296.000001 1.4300620555877688 0.02576942648738623 0.18895974010229113 0.0055904989130795011 0.0071774648968130359 0.47564777731895452 0.592361479997635 0.41666667163372045 60.759538650512702 0.55000001192092907 0.58511570096015941
decision_type=2 2 2 2 2 2 2 2 2 2 2 2 2 2 2 2 2 2 2 2 2
left_child=1 10 3 5 -5 7 8 17 9 -7 13 12 15 20 -13 -12 -10 -3 -19 -9 -1
right_child=-2 2 -4 4 -6 6 -8 19 16 -11 11 14 -14 -15 -16 -17 -18 18 -20 -21 -22
leaf_value=1.9369410952871166e-05 0.00070670775972897764 -0.00058275846224473832 0.0011285457033010429 0.0013157830476422602 2.6677915155310171e-05 2.2175941806304219e-05 0.00067514024250318904 -0.0011008410250269664 -0.0001322848685492481 0.0007431094125002766 0.00092137413510141083 -6.3905103420207313e-05 -0.00031362804385769941 -0.00091426177666614262 -0.00091666826127289713 0.00012525825826614572 -0.00072035402979033056 -0.00034322065959905131 0.00053083267780329403 -0.00031925485359600068 -0.00064600540720456245
leaf_weight=82 52 61 57 53 94 1643 85 64 156 65 71 59 66 88 58 57 86 95 83 55 58
leaf_count=82 52 61 57 53 94 1643 85 64 156 65 71 59 66 88 58 57 86 95 83 55 58
internal_value=-2.08592e-07 -1.19304e-05 3.23452e-05 7.74547e-06 0.000491457 -2.19686e-05 2.92566e-05 -0.000313151 1.10272e-06 4.96119e-05 -0.000225259 -1.63322e-05 0.000267308 -0.000510241 -0.000486642 0.000566854 -0.000341268 -0.000100816 6.43435e-05 -0.000739604 -0.000256286
internal_weight=3188 3136 2597 2540 147 2393 2035 358 1950 1708 539 311 194 228 117 128 242 239 178 119 140
internal_count=3188 3136 2597 2540 147 2393 2035 358 1950 1708 539 311 194 228 117 128 242 239 178 119 140
is_linear=0
shrinkage=0.05


Tree=84
num_leaves=12
num_cat=0
split_feature=115 116 101 58 184 111 136 122 184 35 159
split_gain=0.0136718 0.0142298 0.0145781 0.0333439 0.0125918 0.0127425 0.0102254 0.0165292 0.0131125 0.0102392 0.00488345
threshold=0.010873379185795786 0.0058102945331484088 0.69164046645164501 0.10093948245048524 0.19544032961130145 0.10806054994463922 0.72370421886444103 -0.0051394111942499867 0.1222793646156788 -0.67499998211860646 1.1923559904098513
decision_type=2 2 2 2 2 2 2 2 2 2 2
left_child=1 2 3 -1 5 6 7 -4 9 -8 -9
right_child=-2 -3 4 -5 -6 -7 8 10 -10 -11 -12
leaf_value=0.0014998688362538816 0.00081187538076739991 -0.00083363470296787378 0.0002491881383956218 -0.0002599491913427125 -0.00076294779953189266 0.00059718155394554797 -0.00028217410590971801 -0.0011119711010734428 0.00075027995049471458 2.0620387203823182e-05 -0.00044523443410932826
leaf_weight=51 51 52 63 57 56 85 318 53 57 2288 57
leaf_count=51 51 52 63 57 56 85 318 53 57 2288 57
internal_value=-1.98162e-07 -1.34005e-05 4.25161e-07 0.000571076 -2.0277e-05 -6.03886e-06 -2.41185e-05 -0.000396613 8.03745e-08 -1.63284e-05 -0.00076648
internal_weight=3188 3137 3085 108 2977 2921 2836 173 2663 2606 110
internal_count=3188 3137 3085 108 2977 2921 2836 173 2663 2606 110
is_linear=0
shrinkage=0.05


Tree=85
num_leaves=14
num_cat=0
split_feature=123 142 111 138 116 139 111 88 18 0 87 0 4
split_gain=0.015689 0.0118293 0.0153382 0.011286 0.0211071 0.0109827 0.00943594 0.0212463 0.0225582 0.0103981 0.00935426 0.0127956 0.011259
threshold=0.051872828975319869 0.92492988705635082 0.065505400300025954 0.96938085556030285 0.0020734368590638046 0.95452207326889049 0.10806054994463922 0.7479618787765504 0.5730867087841035 0.03127222694456578 -0.16999419778585431 0.0044536832720041284 0.052770815789699561
decision_type=2 2 2 2 2 2 2 2 2 2 2 2 2
left_child=1 2 -1 4 -3 -5 9 8 -8 10 11 -7 -12
right_child=-2 3 -4 5 -6 6 7 -9 -10 -11 12 -13 -14
leaf_value=2.623168849061395e-08 0.00068271261213036878 -8.9427312788643574e-05 -0.0010133205057531031 -0.0005797650636118417 0.0011396743213540064 6.7150905886863142e-05 9.5775324629027067e-05 -0.00043348598388410261 0.001563183357124217 -0.00066591697371526002 0.00024426306512512788 0.00093894487586415685 -7.1918608801165999e-05
leaf_weight=86 84 80 66 82 62 141 55 53 50 60 327 60 2026
leaf_count=86 84 80 66 82 62 141 55 53 50 60 327 60 2026
internal_value=8.3245e-06 -9.67061e-06 -0.00043998 1.21608e-05 0.000447223 -9.48557e-06 7.38417e-06 0.000382608 0.000794541 -1.52958e-05 -1.10058e-08 0.000327388 -2.79784e-05
internal_weight=3232 3148 152 2996 142 2854 2772 158 105 2614 2554 201 2353
internal_count=3232 3148 152 2996 142 2854 2772 158 105 2614 2554 201 2353
is_linear=0
shrinkage=0.05


Tree=86
num_leaves=9
num_cat=0
split_feature=122 39 146 72 140 132 175 117
split_gain=0.0116827 0.0147867 0.0193024 0.0105056 0.0105939 0.0115443 0.00986422 0.00943845
threshold=0.027236429974436763 0.84999999403953563 0.66956263780593883 0.55723574757576 0.91596782207489025 0.90396296977996837 9.0669693946838397 0.0068703421857208022
decision_type=2 2 2 2 2 2 2 2
left_child=1 2 -1 4 -4 -6 -7 -8
right_child=-2 -3 3 -5 5 6 7 -9
leaf_value=-0.00097377503496738009 0.0007238086030286338 0.00083979519869328714 0.00054271305669554638 -0.0005090332628260696 -0.00055033650327635355 -0.00066625385767950392 -0.00026655326430001167 5.808763305224634e-05
leaf_weight=52 56 51 92 99 93 52 246 2491
leaf_count=52 56 51 92 99 93 52 246 2491
internal_value=7.90827e-06 -4.71465e-06 -1.84971e-05 -2.33225e-06 1.45351e-05 -2.32557e-06 1.5948e-05 2.89091e-05
internal_weight=3232 3176 3125 3073 2974 2882 2789 2737
internal_count=3232 3176 3125 3073 2974 2882 2789 2737
is_linear=0
shrinkage=0.05


Tree=87
num_leaves=16
num_cat=0
split_feature=123 102 138 89 119 139 88 166 52 160 36 168 161 136 119
split_gain=0.0136623 0.0107327 0.0170509 0.0264156 0.0152522 0.0103213 0.00926798 0.023104 0.016849 0.0134189 0.00956873 0.0114048 0.00909 0.00679388 0.00635183
threshold=0.051872828975319869 0.95587095618247997 0.96938085556030285 0.65800970792770397 0.035361511632800109 0.95452207326889049 -0.63023436069488514 46.937273025512702 0.19166667014360431 1.2239671349525454 -0.78333333134651173 -1.8204182982444761 1.5060462951660158 0.95431262254714977 0.11540511623024942
decision_type=2 2 2 2 2 2 2 2 2 2 2 2 2 2 2
left_child=1 4 3 -3 -1 -4 7 14 10 -10 13 -12 -6 -8 -7
right_child=-2 2 5 -5 12 6 8 -9 9 -11 11 -13 -14 -15 -16
leaf_value=-0.0011176581464265017 0.00063683662918351952 -0.00015211563408970338 -0.00052539381196108114 0.0014118183087753601 0.0003446090115295326 0.00045674410957320964 0.00085132043110476205 -0.00094328555603360022 0.0010983234859080627 5.213515220836191e-05 -0.00024830455707790673 3.5507372728042106e-05 -0.00051169417348564678 0.00011782578350999086 -0.00023694119952393303
leaf_weight=51 84 54 94 54 61 66 54 86 65 58 437 1863 63 76 66
leaf_count=51 84 54 94 54 61 66 54 86 65 58 437 1863 63 76 66
internal_value=7.51286e-06 -9.27977e-06 1.31192e-05 0.000629851 -0.000389807 -1.01293e-05 7.34988e-06 -0.000305576 3.40705e-05 0.000604999 5.17169e-06 -1.84169e-05 -9.04483e-05 0.000422508 0.000109901
internal_weight=3232 3148 2973 108 175 2865 2771 218 2553 123 2430 2300 124 130 132
internal_count=3232 3148 2973 108 175 2865 2771 218 2553 123 2430 2300 124 130 132
is_linear=0
shrinkage=0.05


Tree=88
num_leaves=15
num_cat=1
split_feature=123 146 110 186 84 159 111 64 180 146 84 156 169 116
split_gain=0.0123302 0.0165279 0.0115969 0.00800682 0.0288321 0.0136047 0.0124905 0.0219454 0.0123662 0.0116773 0.0135166 0.0113459 0.0117125 0.00952304
threshold=0.051872828975319869 0.66956263780593883 0.10133837535977365 0 0.89774960279464733 0.80058202147483837 0.096844639629125609 0.11639196425676347 13.393226146698 0.77056586742401134 0.90460756421089183 0.26418226957321173 0.68350142240524303 0.00045034350478090351
decision_type=2 2 2 1 2 2 2 2 2 2 2 2 2 2
left_child=1 -1 3 4 5 -3 8 -8 -5 -10 -11 13 -13 -7
right_child=-2 2 -4 6 -6 11 7 -9 9 10 -12 12 -14 -15
leaf_value=-0.00084504797153479969 0.00060499479083903551 0.00081877250434119115 0.00060880605885755266 0.00066105327999638024 0.0011909465364718427 -0.00096561446706852269 7.6958616464804501e-05 -0.0012501266732677756 0.00054197259029397412 -5.8904057860359743e-05 -0.00086957490322057095 5.6076519108754093e-06 0.0007633396668296138 -8.52728662008018e-06
leaf_weight=58 84 53 78 62 58 53 66 59 78 1723 53 701 55 51
leaf_count=58 84 53 78 62 58 53 66 59 78 1723 53 701 55 51
internal_value=7.13722e-06 -8.81578e-06 6.88049e-06 -8.70723e-06 0.00010884 4.12893e-05 -6.48455e-05 -0.000549426 -3.35699e-05 -5.6799e-05 -8.30964e-05 -6.62536e-06 6.07337e-05 -0.000496274
internal_weight=3232 3148 3090 3012 971 913 2041 125 1916 1854 1776 860 756 104
internal_count=3232 3148 3090 3012 971 913 2041 125 1916 1854 1776 860 756 104
cat_boundaries=0 1
cat_threshold=1600
is_linear=0
shrinkage=0.05


Tree=89
num_leaves=19
num_cat=0
split_feature=64 146 110 49 42 170 3 109 22 91 91 180 160 160 18 125 9 3
split_gain=0.0102608 0.0138487 0.0115061 0.00965369 0.0105282 0.0299517 0.0275878 0.0175726 0.0142382 0.0138529 0.013353 0.0214798 0.0131816 0.0124086 0.012285 0.0121998 0.0101081 0.00926724
threshold=0.86258798837661754 0.66956263780593883 0.10937402769923212 0.55000001192092907 0.52500000596046459 2638967680.0000005 0.0091879176907241362 0.022770960815250877 0.7637307643890382 -0.20079384744167325 0.12348789349198343 129.32708740234378 1.1699586510658266 1.4041715264320376 0.91899701952934276 0.038987575098872192 0.99290165305137645 0.010082759428769352
decision_type=2 2 2 2 2 2 2 2 2 2 2 2 2 2 2 2 2 2
left_child=1 -1 3 4 7 9 12 8 15 -6 16 -12 -7 -10 -11 -3 -9 -5
right_child=-2 2 -4 17 5 6 -8 10 13 14 11 -13 -14 -15 -16 -17 -18 -19
leaf_value=-0.00077215467714142566 0.00059698312841950001 9.3181765896014878e-05 0.0007451443921756716 -9.6377607899311214e-05 -0.00069137841073274055 0.00076297954875738936 0.0014019390477276431 0.00047705491806641876 0.0011325476809967464 0.00015753619543416972 1.7801673313720562e-05 -0.00049810842336981114 -0.00028640919832497954 7.7278506796574231e-05 -0.00061226228544596941 -0.00067042620069059924 -0.00011617925384720385 -0.00094008416624721857
leaf_weight=58 72 793 52 87 66 57 82 114 60 487 347 482 63 52 58 56 194 52
leaf_count=58 72 793 52 87 66 57 82 114 60 487 347 482 63 52 58 56 194 52
internal_value=6.78036e-06 -6.6673e-06 7.64549e-06 -4.92827e-06 1.45098e-05 0.000167261 0.000695075 -4.4683e-05 0.000112717 -7.23741e-06 -0.000177718 -0.000282161 0.00021205 0.000642601 7.56127e-05 4.28142e-05 0.000103394 -0.000412009
internal_weight=3232 3160 3102 3050 2911 813 202 2098 961 611 1137 829 120 112 545 849 308 139
internal_count=3232 3160 3102 3050 2911 813 202 2098 961 611 1137 829 120 112 545 849 308 139
is_linear=0
shrinkage=0.05


Tree=90
num_leaves=26
num_cat=1
split_feature=170 92 21 0 169 106 161 123 117 71 5 97 35 179 59 20 157 159 110 121 135 129 111 186 182
split_gain=0.0129331 0.008837 0.0138446 0.00914179 0.0159785 0.0141184 0.0134073 0.0148871 0.0119462 0.0109496 0.00922706 0.00856523 0.0076789 0.0126115 0.0104555 0.0170874 0.0141293 0.0151475 0.0119452 0.0109293 0.0109861 0.0108266 0.00979546 0.00945271 0.00560623
threshold=10588294656.000002 0.64583784341812145 0.80676192045211803 0.011377327609807255 0.74758857488632213 0.93157050013542186 1.10195928812027 0.027994443662464622 0.2800807803869248 0.54103878140449535 0.010583559051156046 0.99247562885284435 0.87500000000000011 4.3563053607940683 0.49352744221687322 0.61123567819595348 0.61413726210594188 1.1959154605865481 0.067233633249998107 0.22612083703279498 0.9084308147430421 1.0732061862945559 0.088774126023054137 0 0.027008685283362869
decision_type=2 2 2 2 2 2 2 2 2 2 2 2 2 2 2 2 2 2 2 2 2 2 2 1 2
left_child=1 3 -3 12 6 -6 -5 10 -9 -7 11 -8 14 -14 16 22 19 21 -19 20 -1 -18 23 -16 -24
right_child=-2 2 -4 4 5 9 7 8 -10 -11 -12 -13 13 -15 15 -17 17 18 -20 -21 -22 -23 24 -25 -26
leaf_value=0.0011529522199256747 -0.000786732898191794 -9.4152956229604046e-05 0.0010281805323902517 0.00031757984172974278 0.00083698771336457875 0.00040327342493601107 -0.00045563954368607888 -0.00043649921655456087 -0.001344885388231783 -0.00063798804428006413 0.0003474385675751061 0.00010177124812409084 -0.00016925187891531331 0.00078082089692543388 0.00033043018869061082 0.00087420269436038606 -0.00029031860669512087 9.6979815617649219e-05 -0.00062512599287208905 -0.00015130584323719048 0.00010995816020295024 -0.00094932114868267526 0.00087561817915996593 -0.00010392113615929973 0.00015696464387443044
leaf_weight=51 57 61 50 79 64 51 284 89 61 50 60 91 62 80 148 68 395 433 66 78 50 74 51 595 58
leaf_count=51 57 61 50 79 64 51 284 89 61 50 60 91 62 80 148 68 395 433 66 78 50 74 51 595 58
internal_value=-4.03045e-05 -2.67934e-05 0.000411403 -4.28038e-05 -0.000184387 0.000255968 -0.000293813 -0.000376377 -0.00080591 -0.000112203 -0.000228262 -0.000320375 1.033e-05 0.000366 -1.41041e-05 0.000111459 -0.000114817 -0.000190281 1.47083e-06 0.000293277 0.000636619 -0.000394298 5.05823e-05 -1.43531e-05 0.000493215
internal_weight=3206 3149 111 3038 829 165 664 585 150 101 435 375 2209 142 2067 920 1147 968 499 179 101 469 852 743 109
internal_count=3206 3149 111 3038 829 165 664 585 150 101 435 375 2209 142 2067 920 1147 968 499 179 101 469 852 743 109
cat_boundaries=0 1
cat_threshold=66
is_linear=0
shrinkage=0.05


Tree=91
num_leaves=33
num_cat=0
split_feature=172 161 92 89 40 5 172 57 87 72 77 181 101 50 183 40 171 150 133 47 121 146 53 71 181 155 36 150 35 108 182 57
split_gain=0.0107523 0.0228464 0.0286586 0.0226221 0.0175811 0.0173571 0.0138869 0.0158756 0.013838 0.0150253 0.0133262 0.0118938 0.0109585 0.010604 0.0121756 0.00953335 0.0114314 0.00949119 0.00907621 0.0121427 0.0118138 0.0141169 0.0110988 0.00858219 0.0112233 0.00816004 0.00809504 0.00758591 0.00726567 0.00633419 0.00489453 0.00324913
threshold=107854100.00000001 1.3974322676658633 0.24501114338636401 0.31000527739524847 0.62500000000000011 0.0061690339352935561 95537104.000000015 0.58298587799072277 0.76742276549339306 0.52014595270156871 0.50259006023406994 0.029385536909103397 0.68604296445846569 0.12500000372529033 0.0090973656624555605 0.47499999403953558 391360608.00000006 0.97871285676956188 0.89148497581481945 0.4916666597127915 0.13573040068149569 0.98673525452613842 0.91472807526588451 0.48418010771274572 0.017940610647201542 0.54433086514472973 -0.35000000894069666 1.2551344037055971 -0.22500000149011609 0.016200769692659382 0.014576324261724951 0.61895528435707103
decision_type=2 2 2 2 2 2 2 2 2 2 2 2 2 2 2 2 2 2 2 2 2 2 2 2 2 2 2 2 2 2 2 2
left_child=6 2 -2 -4 13 -5 8 17 10 -10 12 23 -1 15 -15 26 -17 -8 19 31 21 -20 -22 24 29 27 -3 -25 -28 -12 -27 -14
right_child=1 4 3 5 -6 -7 7 -9 9 -11 11 -13 18 14 -16 16 -18 -19 20 -21 22 -23 -24 25 -26 30 28 -29 -30 -31 -32 -33
leaf_value=0.00078832477880998088 0.00037234699462814088 -0.00062046781354971857 -0.00020604223913013391 -0.0007970760204587254 0.00068086404147074577 -0.0019965813541784885 -0.00039380094641819596 0.0011533965661444448 -0.00011382188960132036 -0.0011927333270432428 0.00010637389192399414 -0.00086611463624615024 -0.00089660665017436258 -6.8900746009603614e-05 -0.001088359355452229 0.00065490309035897473 -0.00027077448679707373 0.00055802731605415995 0.0005523828785887905 0.00019130373162788399 7.8935136018378854e-05 -0.00012189537231077136 -0.00063558401978904542 -0.00021768191351040326 0.00073897703323844762 -0.00027593720281170224 0.00040563952804614718 0.00037234302295528873 -0.00034195497143977823 -0.00052565691225668967 -0.00097210830307449211 -0.00032659523142501717
leaf_weight=58 62 75 82 76 79 50 50 55 91 50 178 53 50 64 54 93 52 55 276 89 577 108 60 312 59 51 65 66 65 51 50 50
leaf_count=58 62 75 82 76 79 50 50 55 91 50 178 53 50 64 54 93 52 55 276 89 577 108 60 312 59 51 65 66 65 51 50 50
internal_value=-3.82539e-05 -0.000194834 -0.000571173 -0.000852415 -9.07252e-06 -0.00127307 1.5294e-05 0.000465239 -1.70035e-05 -0.000496415 1.53705e-05 -0.000141706 0.00011695 -0.000125536 -0.000535433 1.26575e-05 0.000322936 0.000104776 8.47681e-05 -0.000233514 0.000143686 0.000362742 1.16335e-05 -9.16488e-05 0.000124048 -0.000221337 -0.000206808 -0.000114662 3.18423e-05 -3.43841e-05 -0.000620576 -0.000611601
internal_weight=3206 817 270 208 547 126 2389 160 2229 141 2088 820 1268 468 118 350 145 105 1210 189 1021 384 637 767 288 479 205 378 130 229 101 100
internal_count=3206 817 270 208 547 126 2389 160 2229 141 2088 820 1268 468 118 350 145 105 1210 189 1021 384 637 767 288 479 205 378 130 229 101 100
is_linear=0
shrinkage=0.05


Tree=92
num_leaves=17
num_cat=0
split_feature=170 86 181 101 126 49 138 89 146 114 36 141 101 159 52 120
split_gain=0.0107713 0.00951682 0.0116722 0.0137123 0.0125775 0.0120984 0.0119815 0.0116701 0.0102781 0.0208489 0.0195643 0.0106914 0.0090505 0.0081693 0.008089 0.00703933
threshold=10588294656.000002 0.88643896579742443 0.03474117815494538 0.68604296445846569 0.0027245437959209089 0.55000001192092907 1.0045176744461062 0.54464569687843334 0.8286179006099702 0.0035302698379382495 0.28333334624767309 0.93708345293998729 0.82844984531402599 1.3370084166526797 0.075000002980232253 0.019329655915498737
decision_type=2 2 2 2 2 2 2 2 2 2 2 2 2 2 2 2
left_child=1 2 3 -1 -4 8 7 -6 9 10 -5 -11 -10 -8 -7 -14
right_child=-2 -3 4 5 6 14 13 -9 12 11 -12 -13 15 -15 -16 -17
leaf_value=0.00064627096706064121 -0.00071753659959588397 0.00053630935612631757 -0.00081969105702632485 6.4588156928331995e-05 -0.00089226577198132885 -2.2461034453814277e-05 0.00073738178960047664 -2.9807614061073998e-06 -0.00050538461580020217 0.00029073996650119877 0.0012852247513758296 -0.00050279195211038407 0.0002010136474852541 -0.00013827114078020187 -0.00083620021767863949 -5.2472773679355623e-05
leaf_weight=79 57 74 90 59 70 52 50 78 98 88 74 82 323 57 74 1801
leaf_count=79 57 74 90 59 70 52 50 78 98 88 74 82 323 57 74 1801
internal_value=-3.63412e-05 -2.40109e-05 -3.74951e-05 -2.86506e-06 -0.000311524 -2.22094e-05 -0.00013217 -0.000423589 1.65139e-06 0.00027483 0.000743739 -9.20225e-05 -3.56002e-05 0.000270912 -0.000500371 -1.39247e-05
internal_weight=3206 3149 3075 2730 345 2651 255 148 2525 303 133 170 2222 107 126 2124
internal_count=3206 3149 3075 2730 345 2651 255 148 2525 303 133 170 2222 107 126 2124
is_linear=0
shrinkage=0.05


Tree=93
num_leaves=21
num_cat=0
split_feature=170 86 172 101 37 42 129 133 182 160 172 167 164 106 146 172 50 160 165 117
split_gain=0.00972112 0.00858893 0.0103594 0.0179717 0.0164082 0.0192871 0.0171659 0.0120342 0.0105394 0.0150467 0.0142574 0.0141832 0.0133396 0.0116837 0.0143099 0.00818378 0.00934957 0.00791571 0.00926623 0.0073839
threshold=10588294656.000002 0.88643896579742443 107854100.00000001 0.69164046645164501 0.74166667461395275 0.5416666865348817 1.0147142410278323 0.88870063424110424 0.026561046019196514 1.301948130130768 95537104.000000015 1.6277593970298769 179.30954742431643 0.8558790683746339 0.82757157087326061 144235336.00000003 0.12500000372529033 1.7009857892990115 184.98403930664065 0.1455146670341492
decision_type=2 2 2 2 2 2 2 2 2 2 2 2 2 2 2 2 2 2 2 2
left_child=1 2 3 -1 6 -6 -4 -8 10 12 13 -12 -10 -5 -15 19 -17 18 -11 -9
right_child=-2 -3 4 8 5 -7 7 15 9 17 11 -13 -14 14 -16 16 -18 -19 -20 -21
leaf_value=0.00071223904930540431 -0.00068165976400977302 0.00050949387596857206 -0.00075328009534357011 -0.00064132596146330751 -0.0011693547987046517 -3.1949758421935479e-05 0.00073650286369094699 -0.00077086973083963142 -3.3709496710798704e-05 0.00073349464081481778 4.0516675746179671e-05 0.0011767785230438435 -0.00104595712346263 0.0006594117373734822 -6.0406375960825423e-06 0.00022806634688846722 -0.00049412949926177553 -0.0003708796207969759 -0.00010135453340332053 -4.308198008519144e-05
leaf_weight=89 57 74 81 68 84 67 54 63 52 55 57 53 87 85 1630 242 55 91 84 78
leaf_count=89 57 74 81 68 84 67 54 63 52 55 57 53 87 85 1630 242 55 91 84 78
internal_value=-3.45242e-05 -2.28104e-05 -3.56203e-05 1.53079e-05 -0.000200996 -0.000664678 -7.88042e-05 3.22376e-05 -1.21134e-05 -0.000256566 3.55374e-05 0.000587988 -0.000667275 1.45462e-06 2.6941e-05 -5.45896e-05 9.43264e-05 -8.35487e-06 0.000228981 -0.000368264
internal_weight=3206 3149 3075 2351 724 151 573 492 2262 369 1893 110 139 1783 1715 438 297 230 139 141
internal_count=3206 3149 3075 2351 724 151 573 492 2262 369 1893 110 139 1783 1715 438 297 230 139 141
is_linear=0
shrinkage=0.05


Tree=94
num_leaves=23
num_cat=0
split_feature=181 32 101 5 123 2 72 120 152 170 131 152 181 3 169 4 7 92 111 20 11 91
split_gain=0.00922379 0.0237016 0.0107144 0.0367647 0.00955997 0.00711716 0.0117307 0.0103807 0.0153108 0.0111151 0.0101921 0.00974263 0.00959613 0.00886892 0.00767922 0.0174709 0.00934832 0.00842946 0.0164725 0.00737295 0.00681466 0.00580266
threshold=0.04566143453121186 0.47499999403953558 0.69164046645164501 0.0074784285388886937 0.046381564810872085 -0.22157622873783109 0.4803538322448731 0.15372799336910251 0.18936558812856677 1930424128.0000002 1.1469820737838747 0.43441532552242285 0.018338102847337726 0.002759486087597907 0.74758857488632213 0.13702239841222766 0.035139355808496482 0.51680099964141857 0.046493291854858405 0.80277952551841747 0.96726259589195263 0.56769976019859325
decision_type=2 2 2 2 2 2 2 2 2 2 2 2 2 2 2 2 2 2 2 2 2 2
left_child=2 -2 3 -1 5 6 10 9 13 21 -4 -10 -11 -9 16 -16 17 20 -19 -17 -7 -8
right_child=1 -3 4 -5 -6 14 7 8 11 12 -12 -13 -14 -15 15 19 -18 18 -20 -21 -22 -23
leaf_value=-0.00062606588284977059 -0.0011866488941881996 0.00016511973076881582 9.1482460373771144e-05 0.0010444562265317587 -0.00064495633465297051 0.00046298106216384509 0.00027959686607408171 -0.00058152233589101922 0.00072078624098974504 -1.1587100843452428e-06 -0.00087996543910843757 -4.4759323925693305e-05 -0.00085081682429786337 0.00026430192933922872 0.00088376637260366951 -0.0004655615952156106 -0.00064599712246230672 0.00011127266743727395 -0.00071533748401713608 0.00033179848897270858 -6.070323413416816e-05 -0.00031712103390600535
leaf_weight=53 59 72 54 87 63 65 220 55 207 73 54 52 61 71 66 69 77 107 138 50 1403 50
leaf_count=53 59 72 54 87 63 65 220 55 207 73 54 52 61 71 66 69 77 107 138 50 1403 50
internal_value=-3.2798e-05 -0.000443692 -1.52932e-05 0.000412044 -3.56773e-05 -2.23122e-05 9.44813e-05 0.000161379 0.000347161 -1.56662e-05 -0.000394241 0.000567086 -0.000387943 -0.000104907 -7.53571e-05 0.000231323 -0.000107053 -8.28274e-05 -0.000354328 -0.000130536 -3.75156e-05 0.000169094
internal_weight=3206 131 3075 140 2935 2872 897 789 385 404 108 259 134 126 1975 185 1790 1713 245 119 1468 270
internal_count=3206 131 3075 140 2935 2872 897 789 385 404 108 259 134 126 1975 185 1790 1713 245 119 1468 270
is_linear=0
shrinkage=0.05


Tree=95
num_leaves=26
num_cat=0
split_feature=97 156 115 100 119 1 100 124 109 84 120 183 141 29 154 102 126 144 87 159 182 56 116 75 42
split_gain=0.00956369 0.0336836 0.0106671 0.0223238 0.0300986 0.0305379 0.0188967 0.0145564 0.0134758 0.0133967 0.0128441 0.0117164 0.0111435 0.0119283 0.0107258 0.0105349 0.016029 0.0118849 0.00867587 0.0108754 0.00792469 0.012734 0.00853969 0.0145632 0.0123739
threshold=0.86261427402496349 0.22280629724264148 0.0033323584357276563 0.9051823914051057 0.096677437424659743 0.03147548437118531 0.92492961883544933 0.045293113216757781 0.029203943908214573 0.56883007287979137 0.17940020561218264 0.011025000829249622 0.92417365312576305 0.45000000298023229 0.37048026919364935 0.97890421748161327 0.0078757861629128473 0.92337435483932506 0.23811882734298709 1.3561751842498782 0.027008685283362869 0.48806625604629522 0.0022803122410550718 0.54513806104660045 0.55833333730697643
decision_type=2 2 2 2 2 2 2 2 2 2 2 2 2 2 2 2 2 2 2 2 2 2 2 2 2
left_child=1 -1 3 4 5 -2 7 8 -4 10 14 -12 -11 -14 -10 16 -5 -17 -18 -20 22 -22 24 -24 -19
right_child=2 -3 6 15 -6 -7 -8 -9 9 12 11 -13 13 -15 -16 17 18 20 19 -21 21 -23 23 -25 -26
leaf_value=-0.00028537226299062346 0.00022314187898211037 0.0014241738149430604 0.00037628965620468892 -0.0011071444065657069 -0.00011478778604043783 0.0018987154351187904 0.00074085320880198306 -0.0010527277872721965 -0.00047716151605108905 0.00039286052853306186 8.7598622644015838e-05 -0.00082478210921787349 -0.0005837484275818699 0.00033798542174806178 -0.0014327556919306516 0.00073438614651278938 -0.00060633988833938871 2.5884353510948052e-05 0.00060230638203497401 -0.0003498163709606407 0.00010628559540482312 -0.0009159153833086563 -3.7145736685561875e-05 0.00088653990886329364 -0.00059494950461906713
leaf_weight=68 52 50 90 52 96 57 51 53 63 98 101 54 108 52 55 57 59 1439 61 59 63 59 99 75 85
leaf_count=68 52 50 90 52 96 57 51 53 63 98 101 54 108 52 55 57 59 1439 61 59 63 59 99 75 85
internal_value=-2.62704e-06 0.000439012 -1.97809e-05 3.26733e-05 0.000530783 0.00109936 -0.000187128 -0.000257346 -0.000189463 -0.000285354 -0.0005295 -0.000230263 -2.70126e-05 -0.000284185 -0.000922566 -1.57671e-05 -0.00033439 2.34454e-05 -0.000109902 0.000134179 1.17963e-06 -0.000388058 2.9146e-05 0.000360995 -8.74221e-06
internal_weight=3156 118 3038 2313 205 109 725 674 621 531 273 155 258 160 118 2108 231 1877 179 120 1820 122 1698 174 1524
internal_count=3156 118 3038 2313 205 109 725 674 621 531 273 155 258 160 118 2108 231 1877 179 120 1820 122 1698 174 1524
is_linear=0
shrinkage=0.05


Tree=96
num_leaves=13
num_cat=0
split_feature=92 83 102 55 157 85 30 9 5 77 39 158
split_gain=0.0111053 0.0117964 0.00920189 0.0115288 0.00970672 0.0155128 0.0115991 0.00941709 0.00918495 0.00918018 0.00739631 0.0087781
threshold=0.64583784341812145 0.68673717975616466 0.90492892265319835 0.78262674808502208 0.51689696311950695 0.098332889378070845 0.17500000447034839 0.95112645626068126 0.023058651946485046 0.49464909732341772 0.75000000000000011 1.101027309894562
decision_type=2 2 2 2 2 2 2 2 2 2 2 2
left_child=2 -2 -1 4 5 -4 -7 -6 10 -8 11 -9
right_child=1 -3 3 -5 7 6 9 8 -10 -11 -12 -13
leaf_value=0.00064489500912125501 -5.6690408694391542e-05 0.00094067440682371693 -0.00028119496071604802 -0.00066195220553683456 -0.0006552044822456083 2.4023953925019932e-05 0.00039639466584112757 -0.00011290174799278148 0.00060758703197775913 0.0012977650485351791 -0.00046917330467781865 7.8485199685198855e-05
leaf_weight=51 56 63 87 71 62 70 57 1355 55 56 99 1074
leaf_count=51 56 63 87 71 62 70 57 1355 55 56 99 1074
internal_value=-2.49569e-06 0.000471326 -2.10616e-05 -3.2436e-05 -1.7103e-05 0.000268471 0.000529787 -4.62542e-05 -3.16375e-05 0.000843091 -4.55447e-05 -2.82786e-05
internal_weight=3156 119 3037 2986 2915 270 183 2645 2583 113 2528 2429
internal_count=3156 119 3037 2986 2915 270 183 2645 2583 113 2528 2429
is_linear=0
shrinkage=0.05


Tree=97
num_leaves=15
num_cat=0
split_feature=123 183 153 181 32 141 151 7 153 136 116 117 118 90
split_gain=0.0149685 0.0109696 0.0108761 0.0078386 0.0192612 0.0124888 0.013218 0.0096762 0.0211041 0.013169 0.0126595 0.00914536 0.00765237 0.00415204
threshold=0.051872828975319869 0.044882807880640037 0.2286404222249985 0.04566143453121186 0.55833333730697643 0.89925459027290355 0.59475746750831615 0.028452513739466671 0.26766186952590948 0.72977134585380565 0.0042900494299829015 0.43414388597011572 0.59421902894973766 0.4441987425088883
decision_type=2 2 2 2 2 2 2 2 2 2 2 2 2 2
left_child=1 3 -3 5 -5 6 -1 9 -9 11 12 13 -11 -7
right_child=-2 2 -4 4 -6 7 -8 8 -10 10 -12 -13 -14 -15
leaf_value=-6.3072982296909934e-06 0.00065214609792319076 -5.853867759552403e-05 -0.0010153542296460795 -0.0011359391552396118 0.00021999813687712466 -0.001015817018753082 0.001115730070187755 -7.2997545897070433e-05 0.0012215725134592506 7.1339329765780549e-06 0.00077556484347951482 8.214770020761838e-05 -0.00041276807687449547 -0.00043709006531111004
leaf_weight=53 85 66 54 50 55 51 52 85 50 2250 52 60 114 79
leaf_count=53 85 66 54 50 55 51 52 85 50 2250 52 60 114 79
internal_value=-2.3709e-06 -2.04868e-05 -0.000489106 -1.43081e-06 -0.000425686 1.42216e-05 0.000549368 -6.27834e-06 0.000406473 -2.76603e-05 3.85975e-06 -0.000428463 -1.31151e-05 -0.000664129
internal_weight=3156 3071 120 2951 105 2846 105 2741 135 2606 2416 190 2364 130
internal_count=3156 3071 120 2951 105 2846 105 2741 135 2606 2416 190 2364 130
is_linear=0
shrinkage=0.05


Tree=98
num_leaves=15
num_cat=0
split_feature=123 146 135 136 85 116 156 171 102 167 110 145 107 27
split_gain=0.0135091 0.0100642 0.009244 0.00961737 0.0199626 0.0111534 0.0102042 0.0108857 0.0108766 0.00855648 0.00821962 0.00814283 0.00836332 0.00779185
threshold=0.051872828975319869 0.66956263780593883 0.70413544774055492 0.73481449484825145 0.79615074396133434 0.0042900494299829015 0.25121271610260015 45682412.000000007 0.96298527717590343 11.455153942108156 0.032698282971978194 0.84791687130928051 0.018884402699768547 0.97499999403953563
decision_type=2 2 2 2 2 2 2 2 2 2 2 2 2 2
left_child=1 -1 -3 4 11 6 7 10 -8 -10 -5 -4 -13 -9
right_child=-2 2 3 5 -6 -7 8 13 9 -11 -12 12 -14 -15
leaf_value=-0.00067765541096920505 0.00061953881079235176 0.00065385987254558138 -0.00011352540000929325 0.00029186099040475508 0.00052275294214875129 0.00075097830002778215 0.00074510311791321868 -0.00077673998277323262 4.7274024525461077e-05 -0.00034040838229474523 -0.00038062097147830126 -0.00035147454083827955 -0.0011057687997467153 -0.00010834850393326683
leaf_weight=57 85 52 86 113 60 50 53 113 2040 153 76 74 73 71
leaf_count=57 85 52 86 113 60 50 53 113 2040 153 76 74 73 71
internal_value=-2.25236e-06 -1.94625e-05 -7.01489e-06 -1.8617e-05 -0.00029054 1.12344e-05 -2.88823e-06 -0.00024507 3.73317e-05 2.02264e-05 2.1445e-05 -0.000499972 -0.000726056 -0.000518828
internal_weight=3156 3071 3014 2962 293 2669 2619 373 2246 2193 189 233 147 184
internal_count=3156 3071 3014 2962 293 2669 2619 373 2246 2193 189 233 147 184
is_linear=0
shrinkage=0.05


Tree=99
num_leaves=20
num_cat=0
split_feature=123 137 179 3 75 165 136 90 105 101 176 118 92 121 177 118 150 120 71
split_gain=0.0121919 0.00956108 0.0076113 0.0175248 0.0190041 0.016604 0.0133612 0.0169802 0.0128644 0.011665 0.0103125 0.0102703 0.00932343 0.00706919 0.00668612 0.00722135 0.00447555 0.00439852 0.00400066
threshold=0.051872828975319869 0.96601405739784252 13.362823009490969 0.019153733737766746 0.4767384678125382 395.86126708984381 0.73481449484825145 0.43040144443511968 0.89489740133285534 0.78190681338310253 107.58150482177736 0.01074087666347623 0.46538926661014562 0.27872496843338018 7790.3344726562509 0.027871367521584037 1.0193261504173281 0.15662489831447604 0.54261562228202831
decision_type=2 2 2 2 2 2 2 2 2 2 2 2 2 2 2 2 2 2 2
left_child=1 -1 3 6 13 -4 7 -3 -9 -8 11 -11 14 -5 15 16 -7 -12 -17
right_child=-2 2 5 4 -6 12 9 8 -10 10 17 -13 -14 -15 -16 18 -18 -19 -20
leaf_value=-0.00055113641299435478 0.00058856186506626041 -0.00091752604252713578 -0.00092651923215703773 0.00057557086200596625 0.0013495040151254075 4.7375739471005675e-05 0.00079443690300846069 0.00057557701514236183 -0.00049244822684952748 -0.00024087587284395609 -0.00014581242327855353 0.00011059130990023418 -0.00057698085596555001 -0.00025709029220161026 -0.00056670963607029993 -7.6905164935805546e-06 0.00059644059522874666 -0.00078236951536097231 -0.00045674108696402982
leaf_weight=82 85 85 61 52 51 70 51 54 59 244 58 1403 81 50 50 434 79 51 56
leaf_count=82 85 85 61 52 51 70 51 54 59 244 58 1403 81 50 50 434 79 51 56
internal_value=-2.13974e-06 -1.84893e-05 -3.87675e-06 4.56354e-05 0.000561437 -0.000132453 6.27492e-06 -0.000383652 1.79355e-05 4.90007e-05 2.73508e-05 5.85221e-05 -6.95468e-05 0.000167404 -9.89196e-06 3.36775e-05 0.000338491 -0.000443651 -5.90106e-05
internal_weight=3156 3071 2989 2158 153 831 2005 198 113 1807 1756 1647 770 102 689 639 149 109 490
internal_count=3156 3071 2989 2158 153 831 2005 198 113 1807 1756 1647 770 102 689 639 149 109 490
is_linear=0
shrinkage=0.05


Tree=100
num_leaves=13
num_cat=0
split_feature=72 183 32 124 173 130 9 52 11 21 55 176
split_gain=0.0121442 0.019383 0.0144961 0.0120723 0.0133869 0.00858654 0.00907999 0.0141385 0.015896 0.0135855 0.016064 0.00841614
threshold=0.55723574757576 0.062619756907224669 0.69166666269302379 0.061620183289051063 1.8277001380920412 1.2312045693397524 0.97645786404609691 0.19166667014360431 0.98603689670562755 0.58590465784072887 0.63465929031372081 103.90056610107423
decision_type=2 2 2 2 2 2 2 2 2 2 2 2
left_child=1 3 -2 4 5 6 9 11 -9 -1 -11 -8
right_child=2 -3 -4 -5 -6 -7 7 8 -10 10 -12 -13
leaf_value=-0.00097738318114092438 -0.00086057768834196888 0.00092076488396488742 0.00021958776989777106 -0.00063326182596780281 0.00070918312005435139 0.00050208324617496958 -2.2586921597967523e-05 0.0011539288448242087 3.8181424479518408e-05 0.00052760804559732078 -0.00048149147368516131 0.00035505097522575316
leaf_weight=56 82 61 50 69 72 89 2228 58 71 66 98 158
leaf_count=56 82 61 50 69 72 89 2228 58 71 66 98 158
internal_value=1.80323e-05 3.85109e-05 -0.000451424 2.03599e-05 3.59331e-05 1.87681e-05 3.04046e-06 2.99853e-05 0.000539835 -0.000304989 -7.53904e-05 2.42011e-06
internal_weight=3158 3026 132 2965 2896 2824 2735 2515 129 220 164 2386
internal_count=3158 3026 132 2965 2896 2824 2735 2515 129 220 164 2386
is_linear=0
shrinkage=0.05


Tree=101
num_leaves=11
num_cat=0
split_feature=72 183 30 124 173 118 110 99 1 179
split_gain=0.0109601 0.0174932 0.0131408 0.0108952 0.0120817 0.00855541 0.00871071 0.010722 0.0118529 0.00497313
threshold=0.55723574757576 0.062619756907224669 0.22500000149011615 0.061620183289051063 1.8277001380920412 0.62759843468666088 0.10461222007870676 0.81467074155807506 0.051613876596093185 5.5756680965423593
decision_type=2 2 2 2 2 2 2 2 2 2
left_child=1 3 -2 4 5 6 7 -1 -9 -7
right_child=2 -3 -4 -5 -6 9 -8 8 -10 -11
leaf_value=-0.00059556210082305108 -0.0010011056197854167 0.00087472665902288242 6.059161678422243e-06 -0.00060159873198337166 0.00067372397512978452 -8.057753123956411e-05 0.00068388043334433697 1.8644069658544046e-05 0.0005660553436242587 -0.0007091401002205695
leaf_weight=68 57 61 75 69 72 65 51 2476 103 61
leaf_count=68 57 61 75 69 72 65 51 2476 103 61
internal_value=1.71306e-05 3.65853e-05 -0.000428853 1.93419e-05 3.41364e-05 1.78297e-05 3.66368e-05 2.41663e-05 4.05066e-05 -0.000384882
internal_weight=3158 3026 132 2965 2896 2824 2698 2647 2579 126
internal_count=3158 3026 132 2965 2896 2824 2698 2647 2579 126
is_linear=0
shrinkage=0.05


Tree=102
num_leaves=28
num_cat=0
split_feature=9 118 82 76 169 67 117 124 3 30 30 158 108 92 87 148 55 145 32 0 27 120 169 142 146 34 36
split_gain=0.0104603 0.01408 0.0151208 0.0173779 0.0157124 0.014059 0.0087082 0.00782259 0.0280799 0.00800505 0.0169903 0.0154647 0.0207955 0.0151366 0.0143327 0.0116071 0.0122382 0.0269104 0.0100873 0.0104159 0.00942024 0.00895575 0.00797057 0.00728554 0.00678422 0.012096 0.00954284
threshold=0.97645786404609691 0.0066685476340353498 0.10536717623472215 0.44549395143985754 0.5490003526210786 0.34948693215847021 0.16699086874723437 0.040069857612252242 0.0097906687296926993 0.37500000000000006 0.17500000447034839 0.98760542273521434 0.028306785970926288 0.49609744548797613 -0.14343760907649991 1.1820879578590395 0.61052280664443981 0.94920259714126598 0.64166665077209484 0.0093513363972306269 0.20833333581686023 0.38637691736221319 0.1913002356886864 0.99366852641105663 0.96162316203117382 0.25000000745058065 -0.516666680574417
decision_type=2 2 2 2 2 2 2 2 2 2 2 2 2 2 2 2 2 2 2 2 2 2 2 2 2 2 2
left_child=1 -1 3 -3 6 7 -5 9 -9 10 14 12 13 20 -2 16 17 -12 19 -16 -11 24 -20 -17 25 -13 -26
right_child=5 2 -4 4 -6 -7 -8 8 -10 11 15 21 -14 -15 18 23 -18 -19 22 -21 -22 -23 -24 -25 26 -27 -28
leaf_value=0.00052425386599713459 0.00069810645820465519 0.00043262631962557533 -0.0011385568282932189 -0.0011882550477734879 0.00015608207326699307 0.00078890226469079539 -0.00038840557983250523 -0.00018914751072974915 0.0011113595706168176 -0.00043132460512395015 0.0017409635673496214 0.00079092723236642902 -0.0012504624573921319 -0.0008985483619994739 -6.1470510538258946e-05 -0.00047312250123838942 -3.1546319951303304e-07 0.00041365691127123825 0.00044044945322670615 -0.00053185618513214891 9.7205202239399396e-05 -0.0003860919453371834 -0.00022587172108894896 0.00030478790037758542 0.00027508833613436133 5.9959148540136605e-05 -0.0002727158541250066
leaf_weight=54 65 78 51 63 72 63 74 98 72 123 51 95 51 64 560 54 75 152 145 149 268 90 65 68 159 140 159
leaf_count=54 65 78 51 63 72 63 74 98 72 123 51 95 51 64 560 54 75 152 145 149 268 90 65 68 159 140 159
internal_value=1.62741e-05 -0.000225449 -0.000345224 -0.000204248 -0.000441934 5.05313e-05 -0.00075622 3.33218e-05 0.000361655 1.1286e-05 9.2275e-05 -8.62674e-05 -0.000293049 -0.000185734 -1.94204e-05 0.000367046 0.000545472 0.000747118 -7.01703e-05 -0.000160324 -6.90587e-05 7.64562e-05 0.000234207 -3.95331e-05 0.000151735 0.000355457 1.18624e-06
internal_weight=3158 392 338 287 209 2766 137 2703 170 2533 1384 1149 506 455 984 400 278 203 919 709 391 643 210 122 553 235 318
internal_count=3158 392 338 287 209 2766 137 2703 170 2533 1384 1149 506 455 984 400 278 203 919 709 391 643 210 122 553 235 318
is_linear=0
shrinkage=0.05


Tree=103
num_leaves=21
num_cat=0
split_feature=75 166 84 58 9 169 152 177 147 61 99 92 91 116 161 50 151 111 182 3
split_gain=0.0103446 0.0131424 0.0112825 0.0223247 0.0129771 0.0123303 0.0128931 0.0117644 0.00806601 0.0204147 0.0210259 0.0109323 0.0202802 0.0124876 0.0125808 0.0108769 0.00829792 0.00774462 0.00660504 0.00498981
threshold=0.31163157522678381 77.881381988525405 0.89774960279464733 0.25045454502105718 0.97645786404609691 0.5490003526210786 0.21577312052249911 111.38790130615236 1.3932161927223208 0.40834110975265508 0.96230086684227001 0.51680099964141857 0.53186735510826122 0.0020734368590638046 1.2134901881217959 0.075000001117587103 1.6697347760200503 0.039632925763726241 0.023836716078221801 0.0077435942366719255
decision_type=2 2 2 2 2 2 2 2 2 2 2 2 2 2 2 2 2 2 2 2
left_child=-1 2 4 -4 5 7 -7 -2 11 19 -11 13 -13 16 -15 -14 -6 -12 -9 -10
right_child=1 -3 3 -5 8 6 -8 18 9 10 17 12 15 14 -16 -17 -18 -19 -20 -21
leaf_value=-0.00058558969882142268 -0.001164472062624429 0.00076816539240098791 0.0012460065474510043 -0.00010293050260040385 1.4845483667212488e-05 0.00066794195758680317 -0.00038834753500011109 -0.00074098664562916386 -0.00058908131170028362 0.0013863131516148185 -0.00022770322029828094 -0.0010307796773434217 0.00033145925431745131 0.00081923173625909852 0.0001432827090348782 -0.00037460383870590403 -0.00033955299278843205 0.00051668825861527531 7.0734127398787277e-06 7.6709038914040718e-05
leaf_weight=70 58 59 54 71 1360 52 65 50 60 56 54 70 100 85 362 120 188 99 72 53
leaf_count=70 58 59 54 71 1360 52 65 50 60 56 54 70 100 85 362 120 188 99 72 53
internal_value=1.54604e-05 2.90852e-05 1.46892e-05 0.00047981 -5.33155e-06 -0.000318482 8.11145e-05 -0.000578219 3.03438e-05 0.000264629 0.000557367 -2.67141e-06 -0.000289521 3.9026e-05 0.000271819 -5.36661e-05 -2.81952e-05 0.000253962 -0.000299509 -0.000276808
internal_weight=3158 3088 3029 125 2904 297 117 180 2607 322 209 2285 290 1995 447 220 1548 153 122 113
internal_count=3158 3088 3029 125 2904 297 117 180 2607 322 209 2285 290 1995 447 220 1548 153 122 113
is_linear=0
shrinkage=0.05


Tree=104
num_leaves=23
num_cat=0
split_feature=75 166 152 142 157 170 76 170 173 30 119 109 133 158 138 175 166 162 86 57 55 55
split_gain=0.00933601 0.011861 0.0105846 0.0174132 0.0139398 0.0205339 0.0120203 0.0113623 0.0111222 0.0104413 0.00995383 0.0102553 0.0152641 0.011973 0.007947 0.0088577 0.0122378 0.0106189 0.00624489 0.00624382 0.00596246 0.00521085
threshold=0.31163157522678381 77.881381988525405 0.20502064377069476 0.96378371119499218 0.58286207914352428 1361191616.0000002 0.45513382554054266 5629854208.000001 1.1482548713684084 0.47499999403953558 0.40138077735900884 0.047621496021747596 0.86953240633010875 0.78899708390235912 0.9898650348186494 56.573944091796882 57.412179946899421 322.15480041503912 0.43961934745311743 0.53684794902801525 0.51738828420639049 0.63138341903686535
decision_type=2 2 2 2 2 2 2 2 2 2 2 2 2 2 2 2 2 2 2 2 2 2
left_child=-1 2 3 6 5 -4 -2 10 14 19 11 13 -13 -6 -5 16 -16 -17 -8 -10 -12 -22
right_child=1 -3 4 8 7 -7 18 -9 9 -11 20 12 -14 -15 15 17 -18 -19 -20 -21 21 -23
leaf_value=-0.0005563102010637522 2.0751856439011661e-05 0.00072975711015514817 0.00010985238202415025 0.00050163450329725092 0.00057167615946102362 0.0013504028669146621 -0.00049024811984660734 0.00063004231489663029 0.00025482354685664178 -0.00087970984185989387 0.00016946749025373721 -0.00017111211059419739 0.00082743341694731503 -3.02203780057382e-05 3.5906648485205379e-05 -0.00054816787968614816 0.00079385121927647939 5.9048117277687237e-05 -0.0012438430347953859 -0.00044394359226289181 -0.00086008121208990668 -0.00024576700163765272
leaf_weight=70 57 59 90 87 90 53 54 81 62 66 50 62 100 1008 547 136 59 153 56 66 53 99
leaf_count=70 57 59 90 87 90 53 54 81 62 66 50 62 100 1008 547 136 59 153 56 66 53 99
internal_value=1.46874e-05 2.7631e-05 1.39547e-05 -9.07699e-05 9.73741e-05 0.000569637 -0.000568537 5.36064e-05 -2.29236e-05 -0.000368877 2.16698e-05 7.39072e-05 0.000445274 1.91154e-05 4.54215e-05 1.07451e-06 0.0001097 -0.000226701 -0.000873896 -0.000105478 -0.000304168 -0.000459969
internal_weight=3158 3088 3029 1343 1686 143 167 1543 1176 194 1462 1260 162 1098 982 895 606 289 110 128 202 152
internal_count=3158 3088 3029 1343 1686 143 167 1543 1176 194 1462 1260 162 1098 982 895 606 289 110 128 202 152
is_linear=0
shrinkage=0.05


Tree=105
num_leaves=13
num_cat=0
split_feature=91 174 146 103 137 137 160 170 145 80 148 72
split_gain=0.0087442 0.00901106 0.0101145 0.013869 0.0106565 0.00892286 0.0226668 0.0223036 0.00885019 0.0072521 0.0203322 0.0123378
threshold=0.76129642128944408 94.10675430297853 0.65447908639907848 0.89567258954048168 0.96286252140998851 0.98859176039695751 1.2239671349525454 776702816.00000012 0.9205743968486787 -0.043445738032460206 0.77286404371261608 0.45386213064193731
decision_type=2 2 2 2 2 2 2 2 2 2 2 2
left_child=1 2 -1 -4 -5 6 7 -6 -8 10 -7 -11
right_child=-2 -3 3 4 5 9 8 -9 -10 11 -12 -13
leaf_value=-0.0006845128188347992 0.00065610479717948835 -0.00063793121573528175 0.00074797660667592523 -0.00070688410099440562 -2.9584186496304389e-05 0.00099770927702290163 0.00021117740604830417 0.0013151000381465285 -0.00047486319781455679 -0.00076100411808452449 4.2760934434893426e-05 -4.2448661143614998e-05
leaf_weight=51 52 54 65 51 51 60 114 78 80 62 785 1638
leaf_count=51 52 54 65 51 51 60 114 78 80 62 785 1638
internal_value=1.3116e-05 2.29196e-06 1.36831e-05 2.56161e-05 9.5306e-06 2.22702e-05 0.000269827 0.000783481 -7.17259e-05 -9.14863e-06 0.000110568 -6.86548e-05
internal_weight=3141 3089 3035 2984 2919 2868 323 129 194 2545 845 1700
internal_count=3141 3089 3035 2984 2919 2868 323 129 194 2545 845 1700
is_linear=0
shrinkage=0.05


Tree=106
num_leaves=12
num_cat=0
split_feature=91 75 86 76 130 168 60 111 126 26 88
split_gain=0.00789164 0.00834696 0.00782164 0.00774267 0.0116989 0.0101761 0.0124177 0.0138633 0.0124624 0.0101297 0.00697321
threshold=0.76129642128944408 0.32940754294395452 -0.43699522316455836 0.57577708363533031 1.2312045693397524 -4.9692256450653067 0.55213683843612682 0.091861322522163405 -0.0058577188756316892 0.21666666865348819 0.46840703487396246
decision_type=2 2 2 2 2 2 2 2 2 2 2
left_child=1 -1 -3 4 5 9 8 -8 -7 10 -4
right_child=-2 2 3 -5 -6 6 7 -9 -10 -11 -12
leaf_value=-0.00050189318135380751 0.00062329955309486159 -0.00047536061805819574 0.00020891068055314702 -0.00045631510586645167 0.00061332136967979459 -0.00024999599388457363 0.00019755679599233215 0.0010748211950104794 6.6127632465835481e-05 -0.00066708412280660221 -0.00037870448394743209
leaf_weight=80 52 79 115 80 87 385 385 51 1639 98 90
leaf_count=80 52 79 115 80 87 385 385 51 1639 98 90
internal_value=1.24602e-05 2.17736e-06 1.5579e-05 2.8816e-05 4.24337e-05 2.44579e-05 5.81341e-05 0.000300173 5.99542e-06 -0.000248954 -4.90667e-05
internal_weight=3141 3089 3009 2930 2850 2763 2460 436 2024 303 205
internal_count=3141 3089 3009 2930 2850 2763 2460 436 2024 303 205
is_linear=0
shrinkage=0.05


Tree=107
num_leaves=27
num_cat=1
split_feature=88 160 90 91 107 186 173 104 160 119 116 172 62 72 112 4 137 102 75 182 111 2 119 86 36 160
split_gain=0.00736478 0.0169518 0.0147674 0.0136548 0.013032 0.00885352 0.0221863 0.0164759 0.0123948 0.0154534 0.0246718 0.00880421 0.00878941 0.0135029 0.00961374 0.0107859 0.0112754 0.00907299 0.00842182 0.0116219 0.0087633 0.00845974 0.0072289 0.00675088 0.00663353 0.00283808
threshold=0.26249071955680853 0.85202831029891979 -0.33399002254009241 -0.20079384744167325 0.031266253441572196 0 1.6803507804870608 0.88608384132385265 0.92636060714721691 0.10331978276371957 0.0045026680454611787 34080390.000000007 0.41275478899478918 0.51014775037765514 0.002043921267613769 0.55583900213241588 1.0005674362182619 0.98899024724960338 0.5216081738471986 0.036306284368038184 0.079336337745189681 -0.25143678486347193 0.11540511623024942 0.0074766683392226705 0.71666666865348827 1.4111099243164065
decision_type=2 2 2 2 2 1 2 2 2 2 2 2 2 2 2 2 2 2 2 2 2 2 2 2 2 2
left_child=2 -2 22 -4 12 6 7 -3 -9 10 -10 -11 13 -5 15 16 -14 -16 19 20 23 -20 -1 -7 -25 -23
right_child=1 5 3 4 -6 18 -8 8 9 11 -12 -13 14 -15 17 -17 -18 -19 21 -21 -22 25 -24 24 -26 -27
leaf_value=0.00079553595724511812 0.00093940741924732865 -0.00074963850088583276 -0.00090654011119267568 -0.00086291717711606307 -0.00075250618129093963 0.00027020724040939417 0.00087894656967061268 -0.00064000308245666475 0.00022711319539104222 0.0002009682459051334 0.0013847300246946845 -0.00019511141403846506 0.00067657375317139675 6.183184860999995e-05 8.7574152411403267e-05 0.00076489089026574107 -6.4365520273732026e-05 -0.00077584414932516674 0.00071740971017991099 0.00053269203810486939 -0.00089475987479090699 -0.0002357873252723749 4.8419672405715036e-05 -0.00036210229220464801 0.00021719053076030205 0.00019934488459571128
leaf_weight=61 54 59 59 77 74 66 90 53 472 236 51 346 60 81 58 59 356 64 54 50 50 73 69 334 58 77
leaf_count=61 54 59 59 77 74 66 90 53 472 236 51 346 60 81 58 59 356 64 54 50 50 73 69 334 58 77
internal_value=1.18372e-05 6.48541e-05 -9.87277e-05 -0.000171592 -0.000119285 4.20287e-05 0.000120497 6.53983e-05 0.000106924 0.00014275 0.000339997 -3.45018e-05 -5.72213e-05 -0.000388837 3.05429e-05 0.000132229 4.25007e-05 -0.000365367 -9.29244e-05 -0.00019465 -0.000266239 0.000180771 0.00039899 -0.000197623 -0.000276391 -1.24195e-05
internal_weight=3141 2123 1018 888 829 2069 1307 1217 1158 1105 523 582 755 158 597 475 416 122 762 558 508 204 130 458 392 150
internal_count=3141 2123 1018 888 829 2069 1307 1217 1158 1105 523 582 755 158 597 475 416 122 762 558 508 204 130 458 392 150
cat_boundaries=0 1
cat_threshold=1553
is_linear=0
shrinkage=0.05


Tree=108
num_leaves=28
num_cat=0
split_feature=179 157 113 83 162 170 117 119 53 119 121 89 87 92 3 121 105 55 112 159 90 25 121 116 71 35 71
split_gain=0.00738313 0.0143935 0.0180639 0.0117428 0.0107135 0.0131274 0.0114209 0.0125794 0.0107988 0.0153943 0.0139927 0.00984424 0.00830512 0.00957761 0.00780466 0.00778318 0.00730265 0.00716046 0.00947549 0.00638346 0.00590424 0.00718106 0.00517127 0.00613 0.00423688 0.00383572 0.00370755
threshold=14.786090373992922 1.4640864133834841 0.004509370308369399 -0.57489717006683339 400.10670471191412 1897264064.0000002 0.8978705406188966 0.0025171885499730711 0.8649597465991975 0.081130631268024458 0.025175926275551323 0.41484817862510687 0.79087197780609142 0.48877607285976415 0.0062773239333182582 0.073828212916851058 0.98994693160057079 0.67037236690521251 0.0033101277658715848 1.1478745937347414 0.028914568014442924 0.67499998211860668 0.56177198886871349 0.0019292756333015861 0.51427218317985546 -0.32500000298023218 0.51207709312438976
decision_type=2 2 2 2 2 2 2 2 2 2 2 2 2 2 2 2 2 2 2 2 2 2 2 2 2 2 2
left_child=1 3 26 19 6 14 7 11 10 -10 -9 -5 13 15 16 20 -6 18 22 -1 -2 -22 23 -17 -20 -18 -3
right_child=12 2 -4 4 5 -7 -8 8 9 -11 -12 -13 -14 -15 -16 17 25 -19 24 -21 21 -23 -24 -25 -26 -27 -28
leaf_value=0.00014527511289501985 3.2550535986544832e-05 -0.00021161060839613831 0.0011455784197702693 -0.0010313536370419266 -0.00041022889131290212 0.00099975111099047365 0.00061155037232102133 -0.00034234604193526059 0.00011498691287309316 -0.00060237211026343065 9.7432421332883782e-05 -0.00012179048360972587 0.00049329069363154181 -0.00082745142158362835 0.00052908653229678749 3.4111417476506001e-05 -7.9268121044151496e-05 0.00055131226859521127 -0.00016952135282876889 0.00077769915798155923 -0.0010581891158944927 -0.00027127346122828044 -0.00039009730994710515 0.00062407245381369391 -0.00073523153818490347 0.000534079811477568 0.00039140303455860703
leaf_weight=88 53 52 66 60 83 50 61 220 126 184 1017 59 51 51 80 206 52 50 71 73 50 69 51 56 62 50 50
leaf_count=88 53 52 66 60 83 50 61 220 126 184 1017 59 51 51 80 206 52 50 71 73 50 69 51 56 62 50 50
internal_value=1.12453e-05 5.49307e-05 0.000501039 2.09106e-05 -1.15035e-05 0.000256659 -6.04156e-05 -8.50194e-05 -4.69137e-05 -0.0003108 1.9218e-05 -0.000580394 -0.000123271 -0.000167005 0.000116453 -0.000116582 -6.19835e-05 -1.6078e-05 -7.96868e-05 0.000432026 -0.000406408 -0.00060191 7.05433e-05 0.00016021 -0.000433236 0.000221393 8.39843e-05
internal_weight=3141 2371 168 2203 2042 315 1727 1666 1547 310 1237 119 770 719 265 668 185 496 446 161 172 119 313 262 133 102 102
internal_count=3141 2371 168 2203 2042 315 1727 1666 1547 310 1237 119 770 719 265 668 185 496 446 161 172 119 313 262 133 102 102
is_linear=0
shrinkage=0.05


Tree=109
num_leaves=27
num_cat=0
split_feature=86 130 131 121 57 125 128 88 123 132 12 6 157 95 175 168 99 94 152 119 131 158 68 111 116 156
split_gain=0.00686263 0.00692501 0.00831577 0.017409 0.0212428 0.013052 0.0113804 0.00979989 0.0200161 0.0156158 0.0126926 0.0125135 0.0123801 0.00935097 0.011298 0.00921018 0.0114681 0.00912897 0.00836141 0.00834816 0.00833369 0.0072239 0.00501739 0.00712897 0.00488573 0.00270743
threshold=-0.43699522316455836 1.2312045693397524 1.1864714622497561 0.47491234540939337 0.41532100737094885 -0.0024063253076747055 1.0265564322471621 0.23931995779275897 0.051872828975319869 0.98135030269622814 0.20884902775287631 0.49285568296909338 0.54957064986228954 0.12458033859729768 67.655204772949233 -4.1115808486938468 1.0391046404838564 -6.4815120697021475 0.18785155564546588 0.15001078695058825 1.1125566959381106 0.96466216444969188 0.37674702703952795 0.049736436456441886 0.0008726082742214204 0.49850384891033178
decision_type=2 2 2 2 2 2 2 2 2 2 2 2 2 2 2 2 2 2 2 2 2 2 2 2 2 2
left_child=-1 2 7 4 21 -6 -7 9 13 10 11 17 -11 14 20 25 -17 -2 -12 -5 -9 -4 24 -24 -14 -15
right_child=1 -3 3 19 5 6 -8 8 -10 12 18 -13 22 15 -16 16 -18 -19 -20 -21 -22 -23 23 -25 -26 -27
leaf_value=-0.00044943599797781788 -0.00047228200123196047 0.00043608092258052368 -0.00022344910356440341 0.00079605809110216801 -0.00021037752812008383 -0.00055686020094788437 -0.0015125235417360536 -0.0002185178443542882 0.0010595841505198257 0.00080775301321409651 -0.00040928899891361269 -0.00080743813900966722 1.712955372308248e-05 -0.00059318837019964126 -0.00065096775910003805 0.00013167526663847347 0.00082297236675956472 0.00028069896867157157 -0.0012368874447180561 -9.7341014033721276e-06 0.0005768050262750145 0.00059825002239415222 -2.2681609250587199e-06 0.00066694428799382881 -0.00061922703291957253 -7.2859152045566595e-05
leaf_weight=79 57 98 54 50 87 66 59 93 54 55 76 53 70 50 90 1257 63 137 51 90 51 53 195 50 53 50
leaf_count=79 57 98 54 50 87 66 59 93 54 55 76 53 70 50 90 1257 63 137 51 90 51 53 195 50 53 50
internal_value=1.06831e-05 2.25542e-05 8.88157e-06 -0.000186768 -0.000390763 -0.000680634 -0.00100793 4.47312e-05 0.000112287 -0.000100043 -0.000335416 -0.000126553 0.000108065 8.13594e-05 -0.000211505 0.00012962 0.000164669 5.94623e-05 -0.000741632 0.000278049 6.3159e-05 0.000183561 3.49174e-06 0.000134306 -0.000257073 -0.000333024
internal_weight=3141 3062 2964 459 319 212 125 2505 1708 797 374 247 423 1654 234 1420 1320 194 127 140 144 107 368 245 123 100
internal_count=3141 3062 2964 459 319 212 125 2505 1708 797 374 247 423 1654 234 1420 1320 194 127 140 144 107 368 245 123 100
is_linear=0
shrinkage=0.05


Tree=110
num_leaves=23
num_cat=0
split_feature=0 169 106 136 132 101 151 152 27 117 176 144 112 71 88 138 112 9 37 37 100 130
split_gain=0.0082374 0.0147388 0.0184804 0.0140334 0.0116707 0.0114664 0.0150501 0.0107381 0.00984707 0.00987211 0.00923393 0.00928131 0.00921496 0.00917064 0.00875826 0.0145603 0.00792239 0.0140105 0.00839773 0.00851895 0.00766504 0.00218328
threshold=0.010267156641930343 0.74758857488632213 0.91630041599273693 0.65422531962394725 0.88951629400253307 0.73492825031280529 0.3695147186517716 0.18478210270404818 0.80833333730697643 0.055496962741017349 98.040805816650405 0.88663342595100414 0.017352721653878692 0.54103878140449535 0.91304269433021557 0.9817398488521577 0.009026970714330675 1.0081218481063845 0.85833334922790538 -0.75833332538604725 0.97334256768226635 1.0732061862945559
decision_type=2 2 2 2 2 2 2 2 2 2 2 2 2 2 2 2 2 2 2 2 2 2
left_child=4 3 -3 -2 -1 -5 -7 8 9 -8 11 -9 14 -4 15 -6 18 -18 19 -17 -16 -22
right_child=1 2 13 5 12 6 7 10 -10 -11 -12 -13 -14 -15 20 16 17 -19 -20 -21 21 -23
leaf_value=0.00061454208797923375 -0.00095138555453693277 0.00094393335042640869 0.0002926581991362452 0.00045131546616228638 0.00090476987939977201 -0.0010257863817834598 -4.6804704159678132e-05 0.00051992107741534704 0.0001179078006400512 -0.00085470430424998802 0.00057482786286282273 -0.00023319995105218068 -0.00053721879442621557 -0.00056578614109769536 -0.00058418429835001013 -0.00036897963004929737 3.155333747383251e-05 0.0010886726971657483 -0.00044063224006574706 8.5328530855269499e-05 0.00027166775031946597 -0.00019558805093402044
leaf_weight=88 61 66 70 69 52 54 55 50 65 121 63 225 70 56 98 111 84 50 91 1466 50 50
leaf_count=88 61 66 70 69 52 54 55 50 65 121 63 225 70 56 98 111 84 50 91 1466 50 50
internal_value=-2.70964e-06 -0.000125418 0.000266154 -0.000223952 5.03158e-05 -0.000160742 -0.000227459 -0.000153004 -0.000408006 -0.000602236 2.88172e-05 -9.62689e-05 2.69171e-05 -8.88726e-05 4.61615e-05 7.99188e-05 5.61162e-05 0.000426001 2.64013e-05 5.33512e-05 -0.00026993 3.80398e-05
internal_weight=3165 955 192 763 2210 702 633 579 241 176 338 275 2122 126 2052 1854 1802 134 1668 1577 198 100
internal_count=3165 955 192 763 2210 702 633 579 241 176 338 275 2122 126 2052 1854 1802 134 1668 1577 198 100
is_linear=0
shrinkage=0.05


Tree=111
num_leaves=37
num_cat=0
split_feature=30 30 20 22 157 32 120 171 0 136 158 120 87 10 115 182 12 108 181 131 88 157 86 108 32 91 136 35 120 181 125 72 107 5 12 92
split_gain=0.00797702 0.0228615 0.0272915 0.0245973 0.0200268 0.0177861 0.0190077 0.0224735 0.0175574 0.0169294 0.0154511 0.0154027 0.0152905 0.0137564 0.0130397 0.0183598 0.012812 0.0117965 0.0128204 0.0111515 0.0149084 0.0100404 0.00908215 0.00834563 0.00805783 0.0115522 0.00787278 0.00766393 0.00689226 0.00679686 0.00675387 0.00620249 0.00615502 0.00586307 0.00515803 0.00300304
threshold=0.17500000447034839 0.37500000000000006 0.90205883979797374 0.86680027842521679 0.50525513291358959 0.65833333134651195 0.14800586551427844 147654352.00000003 -0.0074752443470060817 0.7370269000530244 0.89647164940834057 0.39112018048763281 0.19687250256538394 1.0140173435211184 0.0031812529778108005 0.032311929389834411 0.061300938948988921 0.03830921649932862 0.014436933677643539 1.0877121090888979 0.73248523473739635 0.70082059502601635 0.79156848788261425 0.048561733216047294 0.058333335444331176 0.43912084400653845 0.86330178380012523 0.37500000000000006 0.30569674074649816 0.014503066893666984 -0.014754920732229946 0.48924919962883001 0.0095865451730787771 0.0086840498261153715 0.14409880340099337 0.1690415367484093
decision_type=2 2 2 2 2 2 2 2 2 2 2 2 2 2 2 2 2 2 2 2 2 2 2 2 2 2 2 2 2 2 2 2 2 2 2 2
left_child=5 2 3 19 -3 6 7 9 30 -1 16 14 -7 -9 15 23 35 18 28 27 21 -21 33 -12 -11 29 -18 -2 -10 -26 -8 -14 -28 -20 -13 -6
right_child=1 4 -4 -5 10 12 8 13 17 24 11 34 31 -15 -16 -17 26 -19 22 20 -22 -23 -24 -25 25 -27 32 -29 -30 -31 -32 -33 -34 -35 -36 -37
leaf_value=0.00048048230825156339 0.00041657072721090451 0.00065989879856428362 -0.00064228428414547832 0.0014964396750416064 0.00030116450230055323 0.001084443627612428 0.00093974674296727503 -0.00053609798776270857 -0.00022393260668549273 -0.0008739037088293961 0.0001304573975552184 -0.00073767646141144425 -0.00031655813565860521 -0.0016678078370168806 -0.00052545159120038793 0.0010658075190697084 -0.0010812764797719866 0.00055307730037549685 -0.00042727286782900486 0.001449812809820287 -1.2302860351545471e-05 0.00057757615799458757 0.00012827207419495269 -0.00053894546988885849 -0.00020926730944087138 0.00018262937152741516 -0.00073667307693348885 -0.000248343620266193 0.00041181558414892709 -0.0010105958201968273 0.00019056279180893821 0.00036286443157794755 -9.820990061173991e-05 -0.0010161664010956883 -9.3348562717437752e-05 -0.00018658929829820038
leaf_weight=67 79 95 61 53 53 51 56 58 81 69 677 82 59 50 79 51 64 55 143 50 70 97 54 50 55 87 76 96 90 51 65 78 75 60 50 78
leaf_count=67 79 95 61 53 53 51 56 58 81 69 677 82 59 50 79 51 64 55 143 50 70 97 54 50 55 87 76 96 90 51 65 78 75 60 50 78
internal_value=-2.57415e-06 6.06709e-05 0.000349515 0.000485469 -4.15353e-05 -0.000102202 -0.000183035 -0.000434216 -1.30265e-06 -0.000228779 -9.14501e-05 9.16177e-06 0.000345389 -0.00106004 8.6602e-05 0.000148751 -0.000379037 -0.00013623 -0.000224809 0.000348782 0.000588269 0.000874255 -0.000448028 8.44187e-05 -0.000410155 -0.000244359 -0.000616533 5.18177e-05 0.000110672 -0.000594812 0.000537293 7.02664e-05 -0.000419556 -0.00060133 -0.000493613 1.07462e-05
internal_weight=3165 1936 506 445 1430 1229 1041 437 604 329 1335 989 188 108 857 778 346 483 428 392 217 147 257 727 262 193 215 175 171 106 121 137 151 203 132 131
internal_count=3165 1936 506 445 1430 1229 1041 437 604 329 1335 989 188 108 857 778 346 483 428 392 217 147 257 727 262 193 215 175 171 106 121 137 151 203 132 131
is_linear=0
shrinkage=0.05


Tree=112
num_leaves=29
num_cat=0
split_feature=5 101 115 136 122 157 170 10 109 172 15 49 89 84 185 89 172 155 127 124 171 148 26 84 32 89 89 94
split_gain=0.00732054 0.0191477 0.0360959 0.0106451 0.010015 0.00751791 0.0142148 0.0221347 0.0122494 0.00818352 0.0138273 0.00906027 0.0143835 0.0140926 0.0114147 0.013762 0.0124223 0.00940069 0.00778929 0.00776212 0.0109773 0.0107873 0.00697632 0.00633379 0.00960775 0.00543129 0.00440561 0.00427955
threshold=0.015637025237083439 0.78190681338310253 0.005858753342181445 0.65422531962394725 0.0016175078344531359 0.51233652234077465 915310912.00000012 1.0089545249938967 0.026212567463517192 107854100.00000001 0.96250000596046459 0.15000000223517421 0.76205885410308849 0.79108554124832164 0.017001708038151268 0.57902875542640697 95537104.000000015 0.41271013021469122 1.0068089962005617 0.011905384715646507 69203964.000000015 1.0833467841148379 1.0000000180025095e-35 0.37287433445453649 0.10833333432674409 0.59286320209503185 0.30404962599277502 -0.80980956554412831
decision_type=2 2 2 2 2 2 2 2 2 2 2 2 2 2 2 2 2 2 2 2 2 2 2 2 2 2 2 2
left_child=3 2 -2 -1 -3 6 8 -8 -5 11 18 14 19 -14 16 27 22 -17 -11 21 -21 -13 -7 26 -25 -12 -20 -16
right_child=1 4 -4 5 -6 9 7 -9 -10 10 25 12 13 -15 15 17 -18 -19 23 20 -22 -23 -24 24 -26 -27 -28 -29
leaf_value=-0.0005780660827226444 0.0016018232327843504 0.00025985516275017594 -0.00017043761350968062 0.00037226544675936343 -0.00048592161529952482 0.00036862250856998168 2.6311368401366053e-05 0.0014507455960265361 -0.00065188117524875072 0.00047367457311007789 -0.00035843002799083477 0.0004661081209652721 0.00021051855992265615 0.0012517535699342536 -0.0004905905269552023 0.00020931864511525915 0.00078394779590598782 -0.00048848368706510582 -0.00010510013245205114 -0.00032796827985735928 0.00034087083318005425 -0.00010632005807169323 -8.0591789515604493e-05 -0.00079251635102587498 -0.00013101612739262447 -0.0010917813510305304 0.00045017234251018036 -0.0011447728305211059
leaf_weight=85 59 97 56 61 84 98 60 50 56 55 50 187 84 53 50 110 50 86 93 214 86 147 732 72 231 51 58 50
leaf_count=85 59 97 56 61 84 98 60 50 56 55 50 187 84 53 50 110 50 86 93 214 86 147 732 72 231 51 58 50
internal_value=-2.44545e-06 0.000234296 0.000738809 -2.68705e-05 -8.62512e-05 -1.00416e-05 0.000265722 0.000673781 -0.000117924 -3.45227e-05 -0.000194329 1.55449e-05 0.000148754 0.000613332 -7.17887e-05 -0.000340381 1.85559e-05 -9.68599e-05 -8.82871e-05 4.83641e-05 -0.000136234 0.000214171 -2.7552e-05 -0.000156366 -0.000288204 -0.000728736 0.000108183 -0.000817682
internal_weight=3165 296 115 2869 181 2784 227 110 117 2557 610 1947 771 137 1176 296 880 196 509 634 300 334 830 454 303 101 151 100
internal_count=3165 296 115 2869 181 2784 227 110 117 2557 610 1947 771 137 1176 296 880 196 509 634 300 334 830 454 303 101 151 100
is_linear=0
shrinkage=0.05


Tree=113
num_leaves=38
num_cat=1
split_feature=30 30 20 22 157 32 158 87 12 152 56 131 88 83 186 5 161 116 146 92 132 133 157 5 57 1 22 121 167 35 72 182 57 101 89 119 126
split_gain=0.00698656 0.0200926 0.0244803 0.0216843 0.0174761 0.0157714 0.0139367 0.0136145 0.0114007 0.0110465 0.0105221 0.0100787 0.0130765 0.00958544 0.0111267 0.0189547 0.0146347 0.0179461 0.015217 0.0135432 0.0120767 0.00929665 0.00885456 0.00885339 0.00999197 0.0100678 0.00859797 0.00703373 0.00804071 0.00695414 0.00561768 0.00473748 0.00437203 0.00600963 0.00416159 0.00328028 0.00303819
threshold=0.17500000447034839 0.37500000000000006 0.90205883979797374 0.86680027842521679 0.50525513291358959 0.65833333134651195 0.89647164940834057 0.19687250256538394 0.061300938948988921 0.16776783764362338 0.56688335537910473 1.0877121090888979 0.73248523473739635 -0.45207738876342768 0 0.017476213164627556 1.2406898736953738 0.0018628172110766175 0.74825862050056469 0.35939925909042364 0.94268813729286205 0.97067725658416759 0.70082059502601635 0.015637025237083439 0.58458274602890026 0.029536928981542591 0.4707359671592713 0.31755243241786962 -0.026073845103383061 0.37500000000000006 0.48924919962883001 0.017105834558606151 0.52471187710762035 1.0492869019508364 0.24349799752235415 0.11249088495969774 -0.024871205911040303
decision_type=2 2 2 2 2 2 2 2 2 2 2 2 2 2 1 2 2 2 2 2 2 2 2 2 2 2 2 2 2 2 2 2 2 2 2 2 2
left_child=5 2 3 11 -3 13 8 -7 36 10 32 29 22 21 20 16 17 -16 -18 -20 -15 -1 -13 24 26 -26 -11 28 34 -2 -9 35 33 -8 -10 -22 -6
right_child=1 4 -4 -5 6 7 9 30 27 23 -12 12 -14 14 15 -17 18 -19 19 -21 31 -23 -24 -25 25 -27 -28 -29 -30 -31 -32 -33 -34 -35 -36 -37 -38
leaf_value=-0.0011183685761061498 0.00039320906607251426 0.00061629235456501586 -0.00061167723558400383 0.0014056369848988669 0.00030109336528869979 0.0010232926669927753 -0.00067894825048404948 -0.00030182644939918263 -0.00078644403364998684 -2.5116116146940232e-05 -0.00094700797006953504 0.0013640930737601595 -6.7133652139870855e-06 -0.0010025410544201919 -0.00017545191124219474 0.00084536189956529366 -0.0010337143084353348 0.00094702799201581587 -0.00041271921609875524 0.00015447391106479118 0.00025554738588349818 -0.00017220110096753129 0.00054498492822811805 0.00058726797202636113 5.3553790725157437e-05 -0.0009045622827565799 0.00037090587022871828 -7.6411943994641595e-05 -0.0012501936813350768 -0.000240166896151095 0.00034477320338900875 -0.00048590107402643218 0.00027190215373411775 7.4143835121908027e-05 -0.00016972833899689803 -0.00029280698086949999 -0.00018950688912436586
leaf_weight=50 79 95 61 53 53 51 52 59 59 375 50 50 70 64 76 59 52 67 209 212 60 54 97 82 58 52 216 52 53 96 78 88 50 54 51 50 78
leaf_count=50 79 95 61 53 53 51 52 59 59 375 50 50 70 64 76 59 52 67 209 212 60 54 97 82 58 52 216 52 53 96 78 88 50 54 51 50 78
internal_value=-2.32317e-06 5.68654e-05 0.000327653 0.000456415 -3.89515e-05 -9.55609e-05 -8.55794e-05 0.000325917 -0.00035871 9.97487e-06 -0.00031581 0.000328076 0.000555752 -0.000171678 -0.000121131 -1.06133e-05 -9.27702e-05 0.000350465 -0.000226772 -0.000127102 -0.000390549 -0.000627089 0.000823593 9.56858e-05 3.81826e-05 -0.000399374 0.000119623 -0.000582744 -0.000744274 4.57571e-05 6.63106e-05 -0.000212459 -0.000113503 -0.000295298 -0.000500512 6.2954e-06 8.98024e-06
internal_weight=3165 1936 506 445 1430 1229 1335 188 346 989 206 392 217 1041 937 675 616 143 473 421 262 104 147 783 701 110 591 215 163 175 137 198 156 106 110 110 131
internal_count=3165 1936 506 445 1430 1229 1335 188 346 989 206 392 217 1041 937 675 616 143 473 421 262 104 147 783 701 110 591 215 163 175 137 198 156 106 110 110 131
cat_boundaries=0 1
cat_threshold=1153
is_linear=0
shrinkage=0.05


Tree=114
num_leaves=28
num_cat=1
split_feature=94 102 170 136 186 163 120 156 122 88 181 175 59 20 7 88 156 21 54 165 119 81 132 131 154 116 33
split_gain=0.00642462 0.0184294 0.0455376 0.0132871 0.0134005 0.0145444 0.010501 0.00812392 0.00912782 0.00906192 0.00863691 0.00756782 0.00852667 0.0136014 0.0130879 0.00921607 0.0087059 0.00865907 0.0081583 0.00945559 0.0111428 0.0104071 0.00704364 0.00687329 0.00626792 0.00564879 0.00406049
threshold=-1.5116009712219236 0.96416428685188305 1173911488.0000002 0.66332966089248668 0 427.25738525390631 0.048443175852298744 0.29769298434257513 0.012741860467940571 0.75271800160408031 0.018885591998696331 89.601192474365249 0.49352744221687322 0.61123567819595348 -0.01732467487454414 -0.34355255961418146 0.40775328874588018 0.53947186470031749 0.51894184947013866 18.2082633972168 0.081130631268024458 0.1113027185201645 0.97529771924018871 1.174501955509186 0.23308917880058291 -0.00051420417730696489 0.30000000447034841
decision_type=2 2 2 2 1 2 2 2 2 2 2 2 2 2 2 2 2 2 2 2 2 2 2 2 2 2 2
left_child=3 2 -2 -1 5 -5 -7 9 23 10 -6 12 15 14 -14 -3 25 -18 -17 20 -20 -21 -8 24 -9 -16 -26
right_child=1 11 -4 4 7 6 22 8 -10 -11 -12 -13 13 -15 16 18 17 -19 19 21 -22 -23 -24 -25 26 -27 -28
leaf_value=-0.0007385244825471953 -0.00021605451570394507 -0.00063083613905473611 0.0017978212744201303 0.00080511469536304514 -0.00028761985323076406 0.00057068598311854569 -0.00045825177462111054 0.00044258652369198563 0.00051480401423759765 -4.4247300915726973e-05 -0.0011188819899019557 0.00062062422989401969 -0.0005192728472800148 0.00077328194733933882 -0.000622256695991382 -0.00067203760598774772 0.00031216603515643875 -0.00030984000768512492 8.5454847612709281e-05 -4.2228602863208264e-06 -0.00070085751210172023 0.00063552775266933689 0.00020696043531860423 -0.00058922174689036598 -0.00034041034644183819 3.0993157438038349e-06 2.9015751666747744e-05
leaf_weight=76 64 75 50 80 62 63 98 54 60 88 63 50 88 72 50 51 445 64 82 692 100 70 67 72 139 130 160
leaf_count=76 64 75 50 80 62 63 98 54 60 88 63 50 88 72 50 51 445 64 82 692 100 70 67 72 139 130 160
internal_value=-2.20702e-06 4.91353e-05 0.000667224 -0.000101048 -5.28889e-05 0.000217988 2.1539e-05 -0.00017306 -6.2496e-05 -0.000432938 -0.000706576 1.33496e-05 -2.47309e-06 0.000115847 5.49269e-05 -9.63555e-05 0.000128264 0.000233957 -5.6068e-05 -2.279e-05 -0.000346585 5.45469e-05 -0.000188135 -0.000143997 -5.31865e-05 -0.000170611 -0.000142724
internal_weight=3165 2083 114 1082 1006 308 228 698 485 213 125 1969 1919 849 777 1070 689 509 995 944 182 762 165 425 353 180 299
internal_count=3165 2083 114 1082 1006 308 228 698 485 213 125 1969 1919 849 777 1070 689 509 995 944 182 762 165 425 353 180 299
cat_boundaries=0 1
cat_threshold=513
is_linear=0
shrinkage=0.05


Tree=115
num_leaves=35
num_cat=0
split_feature=137 161 37 67 99 41 118 176 111 101 126 153 160 98 160 106 116 39 30 136 27 84 88 169 108 98 147 70 159 61 136 172 8 96
split_gain=0.0110522 0.0181354 0.0156046 0.0141136 0.0208514 0.0155954 0.0123665 0.0130451 0.0127254 0.0204447 0.00715346 0.00826446 0.00713503 0.0132121 0.0102089 0.0262691 0.0129449 0.00935304 0.00999932 0.0125099 0.00909016 0.010652 0.00888367 0.00876423 0.0104888 0.00831329 0.0081727 0.00686805 0.00680524 0.0065356 0.00584481 0.00559806 0.00461309 0.00411309
threshold=0.99583739042282116 1.4706208705902102 0.77500000596046459 0.055716380476951606 0.92558351159095775 0.51666668057441723 0.0066685476340353498 104.54729461669923 0.081713058054447188 0.83482035994529735 0.07434591650962831 0.41343067586421972 1.0645706653594973 0.97487080097198497 1.1662480831146242 0.93674406409263622 -0.0010433509014546869 0.65000000596046459 0.12500000372529033 0.90280288457870495 0.20833333581686023 0.27296721935272222 -0.1534442529082298 -0.11021653190255164 0.016200769692659382 0.99754318594932567 0.97207081317901622 0.48995514214038854 1.2012302279472353 0.46900974214077001 0.95431262254714977 29633067.000000004 0.44513888657093054 -6.2942481040954581
decision_type=2 2 2 2 2 2 2 2 2 2 2 2 2 2 2 2 2 2 2 2 2 2 2 2 2 2 2 2 2 2 2 2 2 2
left_child=1 2 3 5 -5 -1 -3 8 9 -8 12 -12 13 26 15 -14 -17 18 19 22 27 -22 -16 30 31 -18 -2 -20 -19 -21 -15 -25 -11 -34
right_child=10 6 -4 4 -6 -7 7 -9 -10 32 11 -13 14 23 17 16 25 28 20 29 21 -23 -24 24 -26 -27 -28 -29 -30 -31 -32 -33 33 -35
leaf_value=0.00022208430425668457 -0.0011334242807089479 0.00064337114273602591 0.0011757252008804137 -0.00081438909309278988 0.00040779825107771706 0.0012333567758105346 0.00093455641074342572 -0.00080473109114644753 -0.00053948822462879091 0.0002310169786484777 -0.00065446250591041401 9.4998465694230073e-06 0.0012467177396332371 0.00052623854829375084 -0.00098546870300443698 0.00067508798924871116 -0.00073533422235050241 -8.0690057410930219e-05 4.7097218327102951e-05 -0.00022036545952964254 0.00038958216528545728 -4.5907971003648207e-05 -0.00030284162487899478 -0.0003647665716513681 -0.0008514683773476995 7.3709915845050089e-05 -0.00026917682360794583 -0.00049238386349720212 0.00064548416215556631 0.00045391208459235108 -0.00014674465648847846 0.0002172325310390949 4.8836034983213285e-05 -0.00053195356245851145
leaf_weight=99 51 58 59 57 90 62 64 62 87 69 99 89 59 85 59 57 50 52 119 69 254 314 248 75 53 87 59 117 85 75 52 92 54 70
leaf_count=99 51 58 59 57 90 62 64 62 87 69 99 89 59 85 59 57 50 52 119 69 254 314 248 75 53 87 59 117 85 75 52 92 54 70
internal_value=1.18774e-05 0.000168162 0.000430801 0.000288104 -6.61111e-05 0.000611518 -3.95713e-05 -0.000137135 -1.68119e-05 0.000160125 -4.45891e-05 -0.00034014 -1.82805e-05 -0.000190763 3.06857e-05 0.000322855 4.18869e-05 -2.2417e-05 -6.52389e-05 -0.000253679 4.04657e-05 0.000148836 -0.000434031 -4.31383e-05 -0.000238636 -0.000221562 -0.000669873 -0.000220357 0.000369856 0.000130821 0.0002708 -4.41443e-05 -9.6681e-05 -0.000279029
internal_weight=3131 831 367 308 147 161 464 406 344 257 2300 188 2112 467 1645 253 194 1392 1255 451 804 568 307 357 220 137 110 236 137 144 137 167 193 124
internal_count=3131 831 367 308 147 161 464 406 344 257 2300 188 2112 467 1645 253 194 1392 1255 451 804 568 307 357 220 137 110 236 137 144 137 167 193 124
is_linear=0
shrinkage=0.05


Tree=116
num_leaves=22
num_cat=1
split_feature=183 170 170 119 126 173 144 23 130 92 98 67 37 67 177 172 186 155 54 156 72
split_gain=0.0097093 0.0244002 0.010446 0.0088191 0.0153601 0.0129775 0.0121859 0.0129959 0.0113558 0.00967034 0.00837422 0.00778128 0.00734975 0.0129392 0.00865156 0.00737446 0.00735083 0.00673997 0.00295902 0.00287148 0.00267926
threshold=0.056894054636359222 2233773184.0000005 10588294656.000002 0.26093259453773504 -0.05948692932724952 1.7822427153587344 0.82671692967414867 0.5000000149011613 1.1299608349800112 0.14080192148685458 1.0291439890861513 0.13007003068923953 0.74166667461395275 0.16668889671564105 106.32250976562501 52051954.000000007 0 0.44957345724105841 0.51300472021102916 0.68840235471725475 0.50226759910583507
decision_type=2 2 2 2 2 2 2 2 2 2 2 2 2 2 2 2 1 2 2 2 2
left_child=2 -2 3 4 10 6 -6 11 12 -9 -1 -8 13 14 -5 -14 -16 -10 19 -19 -12
right_child=1 -3 -4 8 5 -7 7 9 17 -11 20 -13 15 -15 16 -17 -18 18 -20 -21 -22
leaf_value=0.0010668085877185542 -0.0001413725827236928 0.0012840076657833861 -0.00072326749208150433 0.0004236675111115092 -0.00073501721242791979 0.00071156936162768754 -4.123682363552277e-05 -0.00010839692349472704 -0.00092964616767993136 0.00023665695241263286 2.0690961740911011e-05 -0.00040071569372471738 0.00068062992733867957 -0.00073746207398100116 0.00015514174447674471 -6.6812966476639059e-05 -0.00032077662130879233 0.00013688975537101773 -0.00057664784509532706 -0.00038856575916864901 0.00053830647473296269
leaf_weight=51 73 51 50 91 55 66 649 281 54 732 50 196 66 71 132 66 187 52 56 52 50
leaf_count=51 73 51 50 91 55 66 649 281 54 732 50 196 66 71 132 66 187 52 56 52 50
internal_value=1.12835e-05 0.000444873 -6.59647e-06 5.52174e-06 5.93263e-05 2.22375e-05 -1.54499e-06 2.01671e-05 -0.000133056 0.000140941 0.000545411 -0.000124619 -2.3584e-05 -0.000114281 -6.36372e-06 0.000306908 -0.000129037 -0.000446637 -0.000283621 -0.000125838 0.000279499
internal_weight=3131 124 3007 2957 2130 1979 1913 1858 827 1013 151 845 613 481 410 132 319 214 160 104 100
internal_count=3131 124 3007 2957 2130 1979 1913 1858 827 1013 151 845 613 481 410 132 319 214 160 104 100
cat_boundaries=0 1
cat_threshold=65
is_linear=0
shrinkage=0.05


Tree=117
num_leaves=38
num_cat=0
split_feature=137 161 117 117 176 31 156 109 36 167 123 158 152 181 116 71 175 84 50 182 172 95 93 32 170 11 11 146 180 86 136 139 141 91 34 107 88
split_gain=0.00942616 0.0163465 0.0119805 0.018235 0.0127121 0.00991111 0.017302 0.0147383 0.0130173 0.00980164 0.0105171 0.00768169 0.006617 0.0128147 0.0127952 0.0126259 0.0120702 0.00972865 0.0118681 0.00976744 0.0129906 0.00880813 0.00954516 0.00880234 0.00833974 0.00969965 0.0159007 0.00894274 0.00824997 0.00744388 0.00717141 0.00615341 0.00860363 0.00892028 0.00762965 0.00472731 0.00415277
threshold=0.99583739042282116 1.4706208705902102 0.16321738064289096 0.088056456297636046 102.79655075073244 0.51666668057441723 0.30788618326187139 0.023210735991597179 0.55000001192092907 0.69109958410263073 0.022604076191782955 1.1934993863105776 0.20241389423608783 0.015634190291166309 0.0024420578265562658 0.50798717141151439 56.850933074951179 0.18297214061021808 -0.27500000596046442 0.015700533054769043 42251786.000000007 1.3759832978248598 8.8710069656372088 0.12500000372529033 343138656.00000006 0.97269016504287731 0.98410063982009899 0.79462197422981273 538.30108642578136 0.45856674015522009 0.89215710759162914 1.0516306757926943 1.0734112262725832 0.54389280080795299 0.45000000298023229 0.0081212483346462267 0.13893051445484164
decision_type=2 2 2 2 2 2 2 2 2 2 2 2 2 2 2 2 2 2 2 2 2 2 2 2 2 2 2 2 2 2 2 2 2 2 2 2 2
left_child=1 5 3 11 9 7 -7 -1 -9 -4 -11 -3 13 14 31 16 23 19 -19 35 -21 -17 -23 -15 28 -26 -27 -28 29 -20 -22 32 33 34 -2 36 -14
right_child=12 2 4 -5 -6 6 -8 8 -10 10 -12 -13 17 15 -16 21 -18 18 24 20 30 22 -24 -25 25 26 27 -29 -30 -31 -32 -33 -34 -35 -36 -37 -38
leaf_value=0.00071938067040896981 -0.00038395141349577863 -0.00037555651113340078 -0.00049057497064558422 0.0009515417989948015 -0.00098617617040872583 0.00014255721034714953 0.001330513044869384 -0.00070577212016494876 0.00026103944560139895 -0.00025003963634265925 0.00075191205262672154 0.00032262919568084832 0.000506857437367695 0.00016427440993720666 0.00072646335957952859 -0.00057150258756431371 -0.001138145611875165 -0.0007386733172461391 -0.00085990660853395371 0.00091909584687369789 -0.00027556188145178582 0.00067618296246641798 -0.00024111671961885001 -0.00074100342007709676 0.0007022372640469194 -0.00059688617803157692 0.00070088438626650417 5.0784705131192551e-05 0.00014599392543925954 -0.00015653655006644842 0.00052851869841106234 -0.00054702909623242175 0.00041502742154834581 0.00047732847148196291 0.00012684347811037539 -0.00027320314517857442 -0.00011103535229127514
leaf_weight=92 222 87 87 62 51 58 65 54 98 55 50 72 57 50 55 58 78 60 71 92 57 53 61 58 57 89 60 447 78 80 54 61 94 54 109 93 52
leaf_count=92 222 87 87 62 51 58 65 54 98 55 50 72 57 50 55 58 78 60 71 92 57 53 61 58 57 89 60 447 78 80 54 61 94 54 109 93 52
internal_value=1.06929e-05 0.000155024 -4.21985e-05 0.000224215 -0.000284492 0.000404373 0.000770339 0.00021989 -8.24331e-05 -9.81073e-05 0.00022708 -5.93969e-05 -4.14545e-05 -0.000142281 -6.09238e-08 -0.000378652 -0.000664193 2.98799e-05 -5.82279e-05 0.000234812 0.000479753 -6.98696e-05 0.000185347 -0.000321893 -1.19391e-05 7.91095e-05 1.9515e-05 0.00012772 -0.000271567 -0.00048726 0.000115612 -7.40588e-05 -1.38266e-05 -0.000118534 -0.000215744 -1.13409e-05 0.000212083
internal_weight=3131 831 464 221 243 367 123 244 152 192 105 159 2300 953 595 358 186 1347 942 405 203 172 114 108 882 653 596 507 229 151 111 540 479 385 331 202 109
internal_count=3131 831 464 221 243 367 123 244 152 192 105 159 2300 953 595 358 186 1347 942 405 203 172 114 108 882 653 596 507 229 151 111 540 479 385 331 202 109
is_linear=0
shrinkage=0.05


Tree=118
num_leaves=14
num_cat=0
split_feature=39 175 38 170 102 119 122 52 99 120 40 51 133
split_gain=0.00894839 0.0129312 0.0098634 0.00902961 0.00857905 0.00756454 0.0144999 0.00813643 0.0106873 0.00991439 0.00492121 0.00676843 0.0033538
threshold=0.84999999403953563 91.34037017822267 0.90000000596046459 10588294656.000002 0.96416428685188305 0.42994953691959387 0.020802062004804615 -0.10833333432674407 1.0228343009948733 0.091177985072135939 0.62500000000000011 -0.050000002607703202 0.96169885993003856
decision_type=2 2 2 2 2 2 2 2 2 2 2 2 2
left_child=1 2 3 5 -4 6 7 9 -9 -1 11 -7 -13
right_child=-2 -3 4 -5 -6 10 -8 8 -10 -11 -12 12 -14
leaf_value=0.00010603359634322779 0.00065432354590398668 -0.00074044560416699958 0.00096444780495949099 -0.00065021653104197896 4.2767880550658734e-05 5.4247516055801205e-05 0.00075334231512607557 -2.9148711382396764e-06 0.00026947374109117183 -0.00038629778088458504 0.00018502102811908118 -0.00063634289287083686 -0.00020626581141629219
leaf_weight=175 53 58 50 53 51 91 69 1562 468 246 64 117 74
leaf_count=175 53 58 50 53 51 91 69 1562 468 246 64 117 74
internal_value=1.01582e-05 -9.33645e-07 1.32689e-05 -3.53939e-06 0.000499045 8.4194e-06 3.8519e-05 1.83955e-05 5.98821e-05 -0.000181647 -0.000210803 -0.000300636 -0.000469716
internal_weight=3131 3078 3020 2919 101 2866 2520 2451 2030 421 346 282 191
internal_count=3131 3078 3020 2919 101 2866 2520 2451 2030 421 346 282 191
is_linear=0
shrinkage=0.05


Tree=119
num_leaves=14
num_cat=0
split_feature=115 115 64 122 115 170 30 115 107 52 133 53 21
split_gain=0.00831181 0.010057 0.0138725 0.00962093 0.00941522 0.00919769 0.0106886 0.00742829 0.0069296 0.0134914 0.0104592 0.00652468 0.00587129
threshold=0.010873379185795786 0.0059483898803591737 0.86258798837661754 0.02141241263598204 0.0054621079470962295 3388950656.0000005 0.075000001117587103 0.0044809905812144288 0.028179395943880085 0.10833333432674409 0.88870063424110424 0.70724752545356762 0.74459475278854381
decision_type=2 2 2 2 2 2 2 2 2 2 2 2 2
left_child=1 2 3 4 7 6 12 8 10 -10 -1 -9 -3
right_child=-2 5 -4 -5 -6 -7 -8 11 9 -11 -12 -13 -14
leaf_value=0.00067413113791816182 0.00064274189485331596 -9.2256651715987077e-05 0.00078604283986289563 0.0006539734931848536 0.00058734863705467433 -0.00083099570853891402 0.00032692604623961517 -0.00065925118133458365 -0.00051792557365940755 0.00043125146697275339 1.0445993650811818e-05 5.402368343851961e-07 -0.00075262226846461999
leaf_weight=61 51 71 59 57 66 61 79 82 149 50 2212 69 64
leaf_count=61 51 71 59 57 66 61 79 82 149 50 2212 69 64
internal_value=9.65031e-06 -8.32702e-07 2.7457e-05 1.11582e-05 -2.46787e-06 -0.000289388 -0.000135004 -1.73089e-05 3.48714e-06 -0.000279439 2.82572e-05 -0.000357757 -0.000405319
internal_weight=3131 3080 2805 2746 2689 275 214 2623 2472 199 2273 151 135
internal_count=3131 3080 2805 2746 2689 275 214 2623 2472 199 2273 151 135
is_linear=0
shrinkage=0.05


Tree=120
num_leaves=13
num_cat=0
split_feature=169 185 72 103 102 137 141 35 98 118 11 113
split_gain=0.0128357 0.00847017 0.00700082 0.0114161 0.00717361 0.011756 0.00748097 0.00895267 0.00811841 0.00663974 0.0105699 0.0087095
threshold=1.2558025121688845 0.29298968613147741 0.53613874316215526 0.92443180084228527 1.0305384993553164 1.0347978472709658 0.94885414838790905 -0.32500000298023218 0.92860138416290294 0.082813423126935973 0.97155681252479564 0.009687111712992193
decision_type=2 2 2 2 2 2 2 2 2 2 2 2
left_child=1 2 3 -1 5 6 8 -8 -5 11 -11 -4
right_child=-2 -3 9 4 -6 -7 7 -9 -10 10 -12 -13
leaf_value=0.00066374462030720542 0.00058029322221247841 -0.00059470891234241212 -0.00044349340822401583 -3.8583875445103085e-06 -0.0005941966929765163 0.00061734468166784948 -0.00011359612442191308 9.1438176044789939e-05 -0.00054911613019788816 -0.0010238752976619524 -0.00011795880980915517 0.00047179965713096538
leaf_weight=65 90 64 51 145 51 76 843 1445 129 57 74 53
leaf_count=65 90 64 51 145 51 76 843 1445 129 57 74 53
internal_value=-8.21154e-06 -2.55602e-05 -1.33737e-05 8.97921e-06 -6.84814e-06 4.50697e-06 -1.36724e-05 1.58945e-05 -0.000260567 -0.00027533 -0.000512136 2.2954e-05
internal_weight=3143 3053 2989 2754 2689 2638 2562 2288 274 235 131 104
internal_count=3143 3053 2989 2754 2689 2638 2562 2288 274 235 131 104
is_linear=0
shrinkage=0.05


Tree=121
num_leaves=26
num_cat=0
split_feature=179 180 46 61 132 135 115 12 175 135 92 168 145 182 157 125 172 111 173 57 111 27 72 171 55
split_gain=0.00951638 0.0160752 0.0100715 0.0165226 0.0136156 0.012942 0.0103747 0.0103011 0.0122037 0.0116461 0.0159323 0.0119857 0.0128574 0.0102346 0.00721577 0.0071372 0.00486665 0.0118905 0.00436858 0.0079116 0.00906338 0.00730564 0.00498438 0.00411035 0.00331007
threshold=13.495225429534914 366.29389953613287 0.38333334028720861 0.30087219178676611 0.89763948321342479 0.75016194581985485 0.0070326437707990417 0.042611487209796912 67.655204772949233 0.82935360074043285 0.37142679095268255 5.7040951251983651 0.91246017813682567 0.019898919388651851 0.99853354692459118 -0.001968524768017232 222584528.00000003 0.1048223376274109 1.2233060598373415 0.59093835949897777 0.067679602652788176 0.94166666269302379 0.50875651836395275 45081092.000000007 0.61712265014648449
decision_type=2 2 2 2 2 2 2 2 2 2 2 2 2 2 2 2 2 2 2 2 2 2 2 2 2
left_child=2 -2 4 -4 -1 -5 13 8 15 10 -9 12 -11 14 -6 -7 17 18 19 20 22 23 -3 -20 -15
right_child=1 16 3 5 6 7 -8 9 -10 11 -12 -13 -14 24 -16 -17 -18 -19 21 -21 -22 -23 -24 -25 -26
leaf_value=-0.00094332281889644677 -0.0009844719307255691 -0.00016443437325870037 0.00097095918317791075 -0.00068824318584202878 0.00032942839887332509 0.00039883601366111766 0.00054711331551646127 -0.00014411053835470793 -5.6186130635636064e-05 -0.00046673093990052465 0.00086504796872759475 0.00073832385642836696 3.0230007935969807e-05 -0.0002944561801850796 -0.00036212703354457127 0.0012316145412623882 -0.00055201432076298971 0.00067655392855408094 -0.00024325066983609843 -0.00059582777076253772 0.00054824981977015367 9.7810250361252482e-05 0.00025625725578245931 -0.00083481034093965147 -0.00085903370129893097
leaf_weight=52 54 300 52 55 94 53 56 66 69 145 96 54 1271 50 63 50 54 51 55 57 71 66 92 63 54
leaf_count=52 54 300 52 55 94 53 56 66 69 145 96 54 1271 50 63 50 54 51 55 57 71 66 92 63 54
internal_value=-7.80096e-06 -0.000149216 4.57259e-05 9.19036e-05 -0.000193422 6.73147e-05 -7.04101e-05 9.035e-05 0.000458385 5.1562e-05 0.000453909 7.22166e-06 -2.06594e-05 -0.000202906 5.19253e-05 0.000803097 -9.34635e-05 -6.06665e-05 -0.000114073 -3.99829e-05 2.84473e-05 -0.000323458 -6.57006e-05 -0.000559083 -0.000587602
internal_weight=3143 863 2280 1911 369 1859 317 1804 172 1632 162 1470 1416 261 157 103 809 755 704 520 463 184 392 118 104
internal_count=3143 863 2280 1911 369 1859 317 1804 172 1632 162 1470 1416 261 157 103 809 755 704 520 463 184 392 118 104
is_linear=0
shrinkage=0.05


Tree=122
num_leaves=27
num_cat=1
split_feature=169 185 94 94 54 54 127 117 47 90 142 122 173 132 183 108 37 135 186 73 163 100 127 47 18 108
split_gain=0.0115077 0.00723885 0.0066751 0.0119176 0.0155843 0.0119598 0.00963702 0.0100137 0.00857703 0.0099333 0.00842513 0.00797972 0.0115415 0.0105466 0.0132739 0.00751883 0.0126462 0.00892268 0.00751094 0.00750484 0.00603802 0.00599534 0.00587461 0.0048635 0.00438139 0.00407446
threshold=1.2558025121688845 0.29298968613147741 -1.4326468706130979 -0.89179968833923329 0.68369171023368847 0.50631222128868114 1.015471935272217 0.37019887566566473 0.50833332538604747 0.47334502637386328 0.93835484981536876 -0.0097753703594207746 1.0681461095809939 0.93767976760864269 -0.015784117393195626 0.023213539272546772 0.75833332538604747 0.90748611092567455 0 0.6006457805633546 338.86630249023443 0.95132601261138927 1.0254815220832827 0.45833332836627966 0.86262255907058727 0.018016338348388675
decision_type=2 2 2 2 2 2 2 2 2 2 2 2 2 2 2 2 2 2 1 2 2 2 2 2 2 2
left_child=1 2 6 4 5 -4 8 19 15 24 -5 13 18 -12 -15 17 -17 -1 -13 20 -8 -14 -9 -19 -10 -22
right_child=-2 -3 3 10 -6 -7 7 22 9 -11 11 12 21 14 -16 16 -18 23 -20 -21 25 -23 -24 -25 -26 -27
leaf_value=0.0004846154125090512 0.00054981828390737069 -0.00054999329045131169 0.00064385625155409802 0.00054764149052275834 0.0011680012560485494 -0.00032043225561638423 -0.00098380967439832645 -0.00034959380942122415 0.00028578570677446284 0.00080000192729852329 -0.00022839640311350854 0.00017417255060858029 -0.00046929856110321195 0.00013703172904142776 0.0010224639464752273 -0.00074416425247060645 0.00023012431304189653 -0.00042769839776584002 -0.00010174350578829932 5.4901182874484719e-06 -0.00073782971768585938 -0.00011861866842678626 0.00032163490196137739 9.1625847623314871e-05 -0.00031499982586916851 -0.000163790283050216
leaf_weight=79 90 64 61 68 51 68 77 56 71 63 87 479 203 125 64 96 51 85 489 59 56 305 78 96 53 69
leaf_count=79 90 64 61 68 51 68 77 56 71 63 87 479 203 125 64 96 51 85 489 59 56 305 78 96 53 69
internal_value=-7.41091e-06 -2.38376e-05 -1.25716e-05 3.99719e-05 0.000428077 0.000135549 -0.000118827 -0.000310226 8.4492e-06 0.000288748 1.58783e-06 -1.9606e-05 -6.57493e-05 0.00022716 0.000436861 -0.000120337 -0.000406146 4.12551e-05 3.55376e-05 -0.000490611 -0.000635512 -0.000258753 4.11214e-05 -0.000152256 2.89983e-05 -0.00042096
internal_weight=3143 3053 2989 2000 180 129 989 395 594 187 1820 1752 1476 276 189 407 147 260 968 261 202 508 134 181 124 125
internal_count=3143 3053 2989 2000 180 129 989 395 594 187 1820 1752 1476 276 189 407 147 260 968 261 202 508 134 181 124 125
cat_boundaries=0 1
cat_threshold=82
is_linear=0
shrinkage=0.05


Tree=123
num_leaves=15
num_cat=0
split_feature=169 144 72 133 94 125 171 160 168 122 83 36 24 183
split_gain=0.0103852 0.00926236 0.00691521 0.0104819 0.0063672 0.013361 0.00930585 0.00949377 0.00898528 0.00988929 0.0081828 0.0075026 0.00677466 0.00608434
threshold=1.2558025121688845 0.76777601242065441 0.54840636253356945 0.83024364709854137 -1.4326468706130979 0.058424308896064765 134565464.00000003 0.93497982621192943 -4.9692256450653067 -0.0097753703594207746 0.65141561627388012 -0.61666667461395253 0.75000000000000011 0.025889998301863674
decision_type=2 2 2 2 2 2 2 2 2 2 2 2 2 2
left_child=1 -1 3 -3 6 8 7 -5 11 -10 -8 -6 -9 -4
right_child=-2 2 13 4 5 -7 10 12 9 -11 -12 -13 -14 -15
leaf_value=-0.00059535382767891224 0.00052232734335120766 0.00068385429706958282 -4.3591544310788089e-05 -0.00058231066994432533 -6.7500026259375251e-06 0.00079877705647321139 -0.00012574472398459182 -0.00011374885067784446 0.0003646062130701066 9.4926512679162662e-06 -0.00096956506469366246 -0.00065137074069393432 0.00020844046615392845 -0.0007423609177980541
leaf_weight=69 90 56 66 77 95 57 59 453 227 1438 56 86 255 59
leaf_count=69 90 56 66 77 95 57 59 453 227 1438 56 86 255 59
internal_value=-7.02885e-06 -2.26338e-05 -9.39065e-06 6.52488e-06 -7.00721e-06 4.48172e-05 -0.000116587 -5.50495e-05 2.15368e-05 5.79075e-05 -0.000536649 -0.000313034 2.29391e-06 -0.000373411
internal_weight=3143 3053 2984 2859 2803 1903 900 785 1846 1665 115 181 708 125
internal_count=3143 3053 2984 2859 2803 1903 900 785 1846 1665 115 181 708 125
is_linear=0
shrinkage=0.05


Tree=124
num_leaves=10
num_cat=0
split_feature=169 144 72 133 124 125 49 176 183
split_gain=0.00937267 0.00835928 0.00624098 0.00945989 0.00586708 0.0090579 0.00651864 0.00620201 0.00549112
threshold=1.2558025121688845 0.76777601242065441 0.54840636253356945 0.83024364709854137 0.05359368026256562 0.063303697854280486 0.55000001192092907 82.03842926025392 0.025889998301863674
decision_type=2 2 2 2 2 2 2 2 2
left_child=1 -1 3 -3 5 6 7 -5 -4
right_child=-2 2 8 4 -6 -7 -8 -9 -10
leaf_value=-0.00056558612837840846 0.00049621100336985874 0.00064966159299209342 -4.1411960961395934e-05 -3.7890266583762252e-05 -0.00044903049100063468 0.00062885610708403154 -0.00041487844329630638 0.00014125544233029754 -0.00070524287224605178
leaf_weight=69 90 56 66 1934 73 57 95 644 59
leaf_count=69 90 56 66 1934 73 57 95 644 59
internal_value=-6.6774e-06 -2.15021e-05 -8.92112e-06 6.19864e-06 -6.65685e-06 5.17219e-06 -8.12747e-06 6.86142e-06 -0.00035474
internal_weight=3143 3053 2984 2859 2803 2730 2673 2578 125
internal_count=3143 3053 2984 2859 2803 2730 2673 2578 125
is_linear=0
shrinkage=0.05


Tree=125
num_leaves=27
num_cat=0
split_feature=180 178 162 55 181 87 162 170 146 119 29 164 180 164 55 36 136 112 147 122 172 120 91 166 141 118
split_gain=0.0102948 0.015346 0.0467346 0.0201931 0.0242823 0.0146554 0.013724 0.0134727 0.0132005 0.00878752 0.0080183 0.00785413 0.00860378 0.0089969 0.017694 0.0165094 0.00859787 0.00847366 0.00870113 0.00779612 0.00641049 0.0063541 0.0055233 0.00463576 0.00674759 0.00457894
threshold=129.32708740234378 -1.8370029330253599 56.092216491699226 0.74561694264411937 0.037888830527663238 0.81235578656196605 119.78383636474611 4075391488.0000005 0.93008527159690868 0.35820469260215765 0.15000000223517421 153.30999755859378 172.99420166015628 247.80969238281253 0.46919564902782446 0.45000000298023229 0.91961330175399791 0.019045673310756687 0.63729259371757518 0.0063596898689866075 48875542.000000007 0.0052842397708445796 0.41982598602771765 43.474773406982429 1.0097251534461977 0.23102603107690814
decision_type=2 2 2 2 2 2 2 2 2 2 2 2 2 2 2 2 2 2 2 2 2 2 2 2 2 2
left_child=1 2 -1 4 6 8 9 11 10 20 -3 16 -13 14 -14 -16 -2 18 -15 23 -4 -20 -12 -10 -25 -26
right_child=7 5 3 -5 -6 -7 -8 -9 19 -11 22 12 13 17 15 -17 -18 -19 21 -21 -22 -23 -24 24 25 -27
leaf_value=0.0015374280571396573 -0.00079485438671586701 -0.00077802354044826261 4.3254695543403027e-05 -0.00074741244750105567 0.0011862820993216398 0.00071148228255032313 0.00061758978404067156 -0.00067716637496459961 0.00056242145928990799 0.00049572046526579882 0.0001875586126547644 0.00052642149900618415 0.00036266303607703778 0.00058378191421808504 -0.0012021972287149529 -0.00016654472585350019 3.6349739457364197e-05 -0.00046162805930370079 0.00040128774224094271 -0.00048069205146836387 -0.00051595401498241136 -2.3442751141649663e-05 -0.0004912540128345662 0.00044572718644853867 -0.00028339725538332501 0.00022391369300229209
leaf_weight=68 70 95 102 57 60 58 93 88 56 51 58 70 64 69 69 87 56 91 95 58 103 1205 62 81 122 70
leaf_count=68 70 95 102 57 60 58 93 88 56 51 58 70 64 69 69 87 56 91 95 58 103 1205 62 81 122 70
internal_value=-2.13117e-06 0.000113651 0.000312932 0.00013425 0.000257123 -4.7586e-05 9.7382e-05 -7.252e-05 -0.000120719 -9.15998e-05 -0.000434845 -4.41571e-05 -1.67054e-05 -3.93357e-05 -0.000337412 -0.000624622 -0.00042543 5.57988e-06 3.66361e-05 5.37955e-05 -0.000237714 7.59525e-06 -0.000163161 0.000148021 6.30161e-05 -9.84401e-05
internal_weight=3158 1194 534 466 409 660 349 1964 602 256 215 1876 1750 1680 220 156 126 1460 1369 387 205 1300 120 329 273 192
internal_count=3158 1194 534 466 409 660 349 1964 602 256 215 1876 1750 1680 220 156 126 1460 1369 387 205 1300 120 329 273 192
is_linear=0
shrinkage=0.05


Tree=126
num_leaves=29
num_cat=1
split_feature=180 182 170 154 11 55 170 89 181 167 160 116 164 180 177 99 136 181 176 186 31 95 182 153 30 85 111 153
split_gain=0.00929104 0.0173658 0.0326744 0.0305977 0.0144699 0.013575 0.0121591 0.0101564 0.0118501 0.0116857 0.0241045 0.00809981 0.00708835 0.00776491 0.00915084 0.0172784 0.00775958 0.00710185 0.0163826 0.0102532 0.0257527 0.00605723 0.00601519 0.00584261 0.00588613 0.00778308 0.00481574 0.00568833
threshold=129.32708740234378 0.025335174053907398 1395232832.0000002 0.38394328951835638 0.98091378808021557 0.67458367347717296 4075391488.0000005 -0.40754044055938715 0.020812616683542732 0.55992266535758983 1.2263345718383791 0.0023481352254748349 153.30999755859378 172.99420166015628 217.37014770507815 1.009478807449341 0.91961330175399791 0.030655363574624065 83.140266418457045 0 0.18333333730697635 7.109175682067872 0.023738412186503414 0.30049587786197668 0.27500000596046453 0.43321539461612707 0.027347852475941185 0.26210822165012365
decision_type=2 2 2 2 2 2 2 2 2 2 2 2 2 2 2 2 2 2 2 1 2 2 2 2 2 2 2 2
left_child=1 7 5 -4 -5 -3 12 -1 9 23 -11 -10 16 -14 15 -15 -2 19 21 20 -16 -19 -21 26 -25 -26 -9 -28
right_child=6 2 3 4 -6 -7 -8 8 11 10 -12 -13 13 14 17 -17 -18 18 -20 22 -22 -23 -24 24 25 -27 27 -29
leaf_value=0.00067471032649336861 -0.00075511166772879992 0.00020181554716302088 0.0014916594359143031 -0.00037220018010702917 0.00077949572698344128 -0.00077790198551321574 -0.00064330805954258808 0.00017944670028501768 -0.00014693922640652966 0.0013135061470093206 -5.8471004732392649e-05 -0.00092552331475031927 0.00050010043618385679 -0.00085267948627333265 0.0013272135031963085 0.00025071619196658781 3.4532245159165803e-05 -0.00037196040273735639 -0.00101407662097534 3.3422429855042667e-05 -0.00010871166211329279 0.00028950419626198713 -0.00031515733554572634 -0.00021189680064708229 -3.3611002721705057e-05 0.00084427164058433846 -0.00018329148142464871 -0.00076719152868962763
leaf_weight=50 70 99 92 50 60 55 88 68 77 50 89 59 70 89 53 59 56 61 55 1067 76 80 140 64 51 50 229 51
leaf_count=50 70 99 92 50 60 55 88 68 77 50 89 59 70 89 53 59 56 61 55 1067 76 80 140 64 51 50 229 51
internal_value=-2.02461e-06 0.000107968 0.000400527 0.000818774 0.000255998 -0.000148084 -6.8894e-05 -1.63167e-05 -6.01636e-05 2.83915e-05 0.000435046 -0.000484707 -4.19492e-05 -1.58701e-05 -3.73689e-05 -0.000412812 -0.000404159 -1.09891e-06 -0.000282161 4.01347e-05 0.00044662 3.33866e-06 -6.95176e-06 -8.17936e-05 0.000163261 0.000400984 -0.000197983 -0.000289645
internal_weight=3158 1194 356 202 110 154 1964 838 788 652 139 136 1876 1750 1680 148 126 1532 196 1336 129 141 1207 513 165 101 348 280
internal_count=3158 1194 356 202 110 154 1964 838 788 652 139 136 1876 1750 1680 148 126 1532 196 1336 129 141 1207 513 165 101 348 280
cat_boundaries=0 1
cat_threshold=528
is_linear=0
shrinkage=0.05


Tree=127
num_leaves=39
num_cat=0
split_feature=180 182 66 166 83 74 180 87 161 145 29 162 118 153 177 117 12 71 121 128 177 157 70 7 27 115 84 45 178 167 111 22 147 108 94 90 28 127
split_gain=0.00838516 0.0156727 0.0197336 0.053107 0.0158933 0.0222224 0.011604 0.0103996 0.0126303 0.0107495 0.00962954 0.0137532 0.0134859 0.0107419 0.00937566 0.00846514 0.00809184 0.00839528 0.00741729 0.00703282 0.011484 0.00629378 0.00627288 0.00606405 0.00738273 0.00957881 0.00876647 0.0105167 0.0105319 0.00773592 0.00931194 0.00463917 0.00447881 0.00421462 0.0041882 0.00346941 0.00247201 0.00188439
threshold=129.32708740234378 0.025335174053907398 0.17782990634441379 54.525047302246101 0.84586957097053539 0.4264016598463059 81.845489501953139 0.64722940325737011 1.7037243247032168 0.90664362907409679 0.15000000223517421 116.59011840820314 0.16390452533960345 0.30049587786197668 317.59761047363287 0.52430450916290294 0.20884902775287631 0.52075350284576427 0.31755243241786962 1.0095340013504031 409.98104858398443 0.77068322896957409 0.49298079311847692 0.027886890806257728 0.95833331346511852 0.0031211778987199072 0.25776727497577673 0.62500000000000011 -14.904233455657957 7.5065100193023691 0.049047531560063369 0.57402232289314281 0.8764062523841859 0.015911562368273739 -5.5131773948669425 0.35164801776409155 1.0000000180025095e-35 1.0047640204429629
decision_type=2 2 2 2 2 2 2 2 2 2 2 2 2 2 2 2 2 2 2 2 2 2 2 2 2 2 2 2 2 2 2 2 2 2 2 2 2 2
left_child=1 10 3 -3 5 -4 -7 19 9 -9 12 13 16 15 -11 32 -1 -18 35 20 -2 -14 -10 24 26 -26 29 28 -28 30 -21 -22 36 -34 -24 -15 -12 -33
right_child=7 2 4 -5 -6 6 -8 8 22 14 11 -13 21 18 -16 -17 17 -19 -20 23 31 -23 34 -25 25 -27 27 -29 -30 -31 -32 37 33 -35 -36 -37 -38 -39
leaf_value=1.3411026984434941e-05 0.00068526356875534282 1.8454684302721743e-05 0.0012351417656575976 0.0021273108272997013 -0.00051374556338922841 -0.0005421942814050622 0.00048506470096754128 -0.0010807227163061558 0.00041403170044790826 -0.00074368168063716571 -5.2154153818264609e-06 0.0008803360740201688 0.00058613815897842877 -0.00019198282773360469 0.00017140277879661882 -0.0006215165469680645 -0.00039642458031937029 -0.0012209122416187222 0.00079083541015279491 -5.4672562907285286e-05 0.00029789726481474547 -0.00011491843164385704 0.00016255482262931764 -0.00058514961548588381 0.00085799565616374222 -0.0001159087521955371 0.00011410123597099479 -0.00090391266113147139 -0.00034291301317478367 -0.00049738554594763891 0.00036294956304698241 -0.00044765180547256026 5.6249295073829482e-05 -0.00054563997607776679 -0.00040818926024561129 0.00035896853767025601 0.00048953423878022781 -1.5689831329212872e-05
leaf_weight=51 90 72 52 51 71 54 56 71 58 57 50 53 50 53 55 73 76 52 60 320 71 89 50 52 51 50 223 50 290 56 229 50 66 52 90 62 51 51
leaf_count=51 90 72 52 51 71 54 56 71 58 57 50 53 50 53 55 73 76 52 60 320 71 89 50 52 51 50 223 50 290 56 229 50 66 52 90 62 51 51
internal_value=-1.92338e-06 0.00010257 0.0003805 0.000892858 0.000110028 0.000383411 -1.92261e-05 -6.54493e-05 -0.000299972 -0.000599421 -1.55009e-05 0.000117044 -0.000232241 3.04176e-05 -0.00029431 -0.000155226 -0.000519172 -0.000731373 0.000340178 -9.00378e-06 0.00022764 0.00013726 -2.32094e-05 -5.59384e-05 -3.42528e-05 0.000375865 -6.97168e-05 -0.000211716 -0.00014425 6.24242e-05 0.000119527 -1.18143e-05 2.03882e-07 -0.00020899 -0.000204352 0.000105052 0.000244609 -0.000229532
internal_weight=3158 1194 356 123 233 162 110 1964 381 183 838 520 318 467 112 292 179 128 175 1583 262 139 198 1321 1269 101 1168 563 513 605 549 172 219 118 140 115 101 101
internal_count=3158 1194 356 123 233 162 110 1964 381 183 838 520 318 467 112 292 179 128 175 1583 262 139 198 1321 1269 101 1168 563 513 605 549 172 219 118 140 115 101 101
is_linear=0
shrinkage=0.05


Tree=128
num_leaves=37
num_cat=0
split_feature=180 182 170 172 154 55 170 89 181 167 146 70 72 87 47 126 126 176 99 176 11 90 35 87 161 154 183 179 30 127 111 92 122 32 87 142
split_gain=0.00756761 0.0141446 0.0290902 0.0268385 0.0261247 0.0118271 0.0105086 0.00889639 0.0103673 0.0106645 0.0090349 0.00637738 0.0195487 0.00856645 0.00963533 0.00838066 0.0129174 0.0075686 0.00756308 0.00688863 0.00687417 0.00681026 0.0072861 0.00655866 0.00608733 0.00593522 0.00544364 0.00540978 0.00523446 0.00518548 0.00452041 0.00739626 0.00676192 0.00389385 0.00310952 0.00284049
threshold=129.32708740234378 0.025335174053907398 1395232832.0000002 371955616.00000006 0.41803349554538732 0.67458367347717296 4075391488.0000005 -0.40754044055938715 0.020812616683542732 1.5518485307693484 0.84963059425354015 0.4778501838445664 0.51286727190017711 0.68281614780426036 0.45833332836627966 -0.0049314282368868581 -0.02923461981117725 84.401901245117202 0.95860192179679882 22.482638359069828 0.98995116353034984 0.70760712027549755 0.87500000000000011 0.56320869922637951 1.7896831631660464 0.36588221788406378 -0.0064343181438744059 2.1721923351287846 0.57500001788139354 1.0157243609428408 0.050127089023590095 0.34130980074405676 0.0035903631942346696 0.50833332538604747 0.4818957000970841 0.99972361326217662
decision_type=2 2 2 2 2 2 2 2 2 2 2 2 2 2 2 2 2 2 2 2 2 2 2 2 2 2 2 2 2 2 2 2 2 2 2 2
left_child=1 7 5 4 -4 -3 11 -1 9 24 -10 12 18 15 -15 16 25 -16 20 -18 -2 22 23 -17 27 26 -13 28 -9 -21 31 35 34 -26 -32 -20
right_child=6 2 3 -5 -6 -7 -8 8 10 -11 -12 13 -14 14 17 21 19 -19 30 29 -22 -23 -24 -25 33 -27 -28 -29 -30 -31 32 -33 -34 -35 -36 -37
leaf_value=0.00063201915117679173 -0.00080021731591128345 0.00017042613859909279 0.0017503073423424027 -9.995541477110238e-05 0.00036899803085138139 -0.00074404732300370772 -0.00059618481004277291 -0.00032051299982750032 -0.00090474210379904775 0.00066225347118840244 -8.5324005602160471e-05 0.00063290118582049869 0.00089792445748624987 0.00017423540320359517 -0.00035064740548487142 -1.4724528164547139e-05 -0.00012771505525825655 -0.0011066277075733523 -3.5739885702655143e-05 -0.00045282978660127681 2.0719898120481888e-05 -0.00036805446674406997 0.00064779256622147705 0.00044212609248471155 4.4737490437303984e-05 -0.00031984370263558052 -6.1199247705333521e-05 0.00023045223311486695 9.1354876315529479e-05 -0.0011172671055431815 0.00066489229460255702 -0.00057045126590377624 -0.00019374797676308928 0.00061437549940274042 0.00016983866829969833 0.00041877236574896419
leaf_weight=50 51 99 78 63 61 55 88 270 61 60 75 56 68 54 98 506 67 50 110 63 51 85 57 93 75 64 57 89 108 55 79 54 55 50 53 50
leaf_count=50 51 99 78 63 61 55 88 270 61 60 75 56 68 54 98 506 67 50 110 63 51 85 57 93 75 64 57 89 108 55 79 54 55 50 53 50
internal_value=-1.82721e-06 9.74414e-05 0.000361475 0.000756117 0.00114412 -0.000156172 -6.21768e-05 -1.47258e-05 -5.5763e-05 2.70665e-05 -0.000452857 -3.71274e-05 0.00010224 -9.81074e-05 -0.000397456 -4.32857e-05 -0.000240472 -0.000606046 -5.32744e-06 -0.000532621 -0.000389749 5.30454e-05 0.000107609 5.62055e-05 -3.73106e-05 6.4882e-05 0.00028278 -0.000120261 -0.000202836 -0.000762525 9.24555e-05 -6.44726e-05 0.000272042 0.000272593 0.000466121 0.000106295
internal_weight=3158 1194 356 202 139 154 1964 838 788 652 136 1876 571 1305 202 1103 362 148 503 185 102 741 656 599 592 177 113 467 378 118 401 214 187 125 132 160
internal_count=3158 1194 356 202 139 154 1964 838 788 652 136 1876 571 1305 202 1103 362 148 503 185 102 741 656 599 592 177 113 467 378 118 401 214 187 125 132 160
is_linear=0
shrinkage=0.05


Tree=129
num_leaves=36
num_cat=0
split_feature=180 153 124 160 140 182 111 170 62 138 100 98 82 109 145 153 62 70 115 91 12 57 172 83 163 167 115 121 46 162 158 172 32 162 85
split_gain=0.00682977 0.0130083 0.016635 0.0541905 0.00985073 0.0114431 0.0146562 0.00948405 0.0070564 0.00660193 0.00648115 0.00797768 0.00597149 0.0144724 0.0198928 0.0101971 0.00900662 0.0104253 0.00909548 0.00841519 0.0109032 0.00814057 0.00847834 0.00645092 0.00559046 0.00692519 0.0116418 0.00646716 0.00797014 0.00570391 0.00502942 0.00459039 0.00449814 0.00419966 0.00306848
threshold=129.32708740234378 0.18293691426515582 0.040069857612252242 1.3123635649681094 0.93786290287971508 0.025335174053907398 0.062932211905717864 4075391488.0000005 0.5533893108367921 0.99143755435943615 1.0182217955589297 1.0026146769523623 -0.0052529284730553618 0.026967969723045829 0.92188900709152233 0.18825589865446093 0.44552905857563024 0.4904563575983048 0.0011083639692515137 0.38093440234661108 0.091998286545276656 0.6038835644721986 34080390.000000007 0.75716176629066478 209.71635437011722 7.6390180587768564 0.0017015439225360753 0.11725869029760362 0.51666668057441723 395.61787414550787 0.99411875009536754 109351192.00000001 0.12500000372529033 167.76721191406253 0.2781063318252564
decision_type=2 2 2 2 2 2 2 2 2 2 2 2 2 2 2 2 2 2 2 2 2 2 2 2 2 2 2 2 2 2 2 2 2 2 2
left_child=1 9 4 -4 -3 8 -7 12 10 -1 11 -6 24 14 -14 -15 17 -16 23 20 32 22 -21 -18 33 26 27 29 -29 -26 -12 -8 -17 -2 -10
right_child=7 2 3 -5 5 6 31 -9 34 -11 30 -13 13 15 16 19 18 -19 -20 21 -22 -23 -24 -25 25 -27 -28 28 -30 -31 -32 -33 -34 -35 -36
leaf_value=-0.0007513656644732692 -0.00018916214128847982 -0.00056683970947882961 0.0019824887962313366 -6.252798367590319e-05 -9.1999307409480478e-05 0.0011256350429265009 0.00047868720043077386 -0.0005663755639923032 0.00011763319662013263 -6.9609819254911527e-05 -0.00076198133334115731 0.00041208096676060587 0.001162744920467958 -0.00069626892121685735 0.0003154417563975233 0.00024977007763842473 0.00027337822973169418 -0.00051138479207616511 0.00082968725398351473 0.000101003353268391 0.00060118255887887093 0.00016348221102948247 -0.00063874666019509395 -0.00025658076532029858 -0.00078351715052906671 -0.00059703229889144778 0.00063603179316210046 -0.00025417622597791905 0.00029045957620211317 -0.00016818813474451925 -9.6397723496011167e-05 -8.5052698072009768e-05 -0.00033583758876227159 -0.0007626556378517277 0.00065066103936125598
leaf_weight=60 71 56 50 92 320 57 68 88 54 87 51 104 50 73 62 53 245 99 58 54 87 83 137 75 51 59 59 121 151 144 64 77 86 58 54
leaf_count=60 71 56 50 92 320 57 68 88 54 87 51 104 50 73 62 53 245 99 58 54 87 83 137 75 51 59 59 121 151 144 64 77 86 58 54
internal_value=-1.73585e-06 9.25693e-05 0.000154409 0.000657548 7.54628e-05 0.000117829 0.000446351 -5.9068e-05 1.52612e-05 -0.000347878 -5.86528e-05 3.1643e-05 -3.52711e-05 3.46553e-05 0.000208699 -0.000144248 0.000120197 -0.00019298 0.000253587 -6.36528e-05 0.000162206 -0.000249946 -0.000429603 0.000149169 -0.000149073 -8.33734e-05 -2.57576e-05 -0.000109367 4.81767e-05 -0.00032912 -0.00039157 0.000179322 -0.000112548 -0.000447012 0.000384147
internal_weight=3158 1194 1047 142 905 849 202 1964 647 147 539 424 1876 1162 589 573 539 161 378 500 226 274 191 320 714 585 526 467 272 195 115 145 139 129 108
internal_count=3158 1194 1047 142 905 849 202 1964 647 147 539 424 1876 1162 589 573 539 161 378 500 226 274 191 320 714 585 526 467 272 195 115 145 139 129 108
is_linear=0
shrinkage=0.05


Tree=130
num_leaves=15
num_cat=1
split_feature=106 184 125 101 30 30 123 107 22 120 127 47 186 115
split_gain=0.0126242 0.00829129 0.00922008 0.00978291 0.00557103 0.0180385 0.0139062 0.0104527 0.00982468 0.00947493 0.0154583 0.0150817 0.00913682 0.0087579
threshold=0.75715318322181713 0.19544032961130145 0.095651801675558104 0.67111140489578258 0.37500000000000006 0.17500000447034839 0.015197149477899076 0.028502096422016624 0.89187201857566845 0.14800586551427844 1.0579473376274111 0.5416666865348817 0 0.0024291977752000098
decision_type=2 2 2 2 2 2 2 2 2 2 2 2 1 2
left_child=-1 2 3 -2 5 9 12 8 13 11 -11 -5 -7 -6
right_child=1 -3 -4 4 7 6 -8 -9 -10 10 -12 -13 -14 -15
leaf_value=0.00072257621345230407 -0.00065968836141109936 -0.00059544549005071886 0.00063217431600806184 -0.00031930612299309395 -2.522179424076263e-05 -0.0001365125942363465 0.0009409566401320517 -0.00058991077199938122 0.0006401249220323495 1.1434784501034302e-05 0.00081572643618776713 0.00046102114698093316 0.00037241462233673114 -0.00066601378036596414
leaf_weight=62 55 57 59 408 1115 127 79 88 53 630 66 73 266 56
leaf_count=62 55 57 59 408 1115 127 79 88 53 630 66 73 266 56
internal_value=1.60643e-05 2.07846e-06 1.31545e-05 1.04504e-06 1.3318e-05 7.44932e-05 0.000335635 -6.35706e-05 -2.57291e-05 -3.02298e-05 8.77038e-05 -0.000200878 0.000213955 -5.5866e-05
internal_weight=3194 3132 3075 3016 2961 1649 472 1312 1224 1177 696 481 393 1171
internal_count=3194 3132 3075 3016 2961 1649 472 1312 1224 1177 696 481 393 1171
cat_boundaries=0 1
cat_threshold=98
is_linear=0
shrinkage=0.05


Tree=131
num_leaves=19
num_cat=0
split_feature=145 181 120 170 160 101 146 179 87 135 171 115 95 36 141 47 160 152
split_gain=0.0105598 0.00702598 0.0172686 0.0195378 0.0194142 0.0125117 0.00982223 0.00826548 0.00567929 0.0302284 0.00803659 0.00734938 0.011022 0.00966273 0.00725683 0.00708593 0.00571288 0.00422969
threshold=0.73431757092475902 0.032381478697061546 0.15050630271434787 2879704064.0000005 1.3953537344932558 0.68604296445846569 0.80297794938087474 6.5586588382720956 0.81235578656196605 0.84488636255264293 320998480.00000006 0.0045818141661584386 4.550966978073121 0.91666665673255932 0.93708345293998729 0.45833332836627966 1.1784599423408511 0.31371006369590765
decision_type=2 2 2 2 2 2 2 2 2 2 2 2 2 2 2 2 2 2
left_child=-1 5 4 6 7 -2 -4 -3 10 -10 11 13 16 14 -7 -12 -13 -8
right_child=1 2 3 -5 -6 8 17 -9 9 -11 15 12 -14 -15 -16 -17 -18 -19
leaf_value=0.00067235816345297887 0.00078590340940367992 -0.00040167144238344361 -0.00067100300754753929 0.00096674122831638112 0.00018790643474447631 -0.00043463907621116966 0.00035755394607168793 -0.0012175994066070985 0.0012950744004389409 -0.00024132329067787247 0.00010874598408597248 3.0170922960118893e-06 0.00030326930056511685 0.00062150393599343567 5.1139196184953455e-05 -0.00062603440351465358 -0.00061776679575031759 -0.00022927318712837012
leaf_weight=60 54 52 59 51 62 80 73 77 51 86 51 52 69 72 1971 92 129 53
leaf_count=60 54 52 59 51 62 80 73 77 51 86 51 52 69 72 1971 92 129 53
internal_value=1.5298e-05 2.71871e-06 -0.000185778 0.000100274 -0.000539224 3.24521e-05 -0.00013859 -0.000888698 1.71161e-05 0.00033062 4.52889e-08 2.19819e-05 -0.000234438 5.21773e-05 3.21912e-05 -0.00036398 -0.00043942 0.000110714
internal_weight=3194 3134 427 236 191 2707 185 129 2653 137 2516 2373 250 2123 2051 143 181 126
internal_count=3194 3134 427 236 191 2707 185 129 2653 137 2516 2373 250 2123 2051 143 181 126
is_linear=0
shrinkage=0.05


Tree=132
num_leaves=17
num_cat=0
split_feature=106 184 125 136 39 143 77 92 126 172 117 155 137 171 29 2
split_gain=0.0104951 0.00720427 0.00820991 0.00970835 0.00559152 0.0127529 0.0120065 0.015348 0.0186971 0.0122906 0.0141395 0.0112449 0.0112056 0.00930367 0.00618528 0.00485388
threshold=0.75715318322181713 0.19544032961130145 0.095651801675558104 0.65422531962394725 0.55000001192092907 0.93332475423812877 0.4851819127798081 0.42266914248466497 0.052521197125315673 103994324.00000001 0.22885881364345553 0.28382527828216558 0.98211836814880382 162132104.00000003 0.45000000298023229 0.38799282908439642
decision_type=2 2 2 2 2 2 2 2 2 2 2 2 2 2 2 2
left_child=-1 2 3 -2 5 15 7 13 -9 11 -11 -8 -7 -6 -14 -5
right_child=1 -3 -4 4 6 12 9 8 -10 10 -12 -13 14 -15 -16 -17
leaf_value=0.00065871860298953372 -0.00062897762828773322 -0.00055519863018529134 0.00059623138251974864 -0.00024903105394245091 0.0002171843819355647 0.00069457270686557005 -0.00029549346491561298 0.00019687623949357657 0.0012120573975876307 -0.00096006377893097716 0.0001293346340732895 0.00020502099507769186 -0.00012409261401084376 -0.00053699872462531408 6.744335653628312e-05 -0.00093270551308523872
leaf_weight=62 60 57 59 54 179 55 153 100 83 68 53 421 864 53 823 50
leaf_count=62 60 57 59 54 179 55 153 100 83 68 53 421 864 53 823 50
internal_value=1.45331e-05 1.78106e-06 1.21056e-05 6.78697e-07 1.34593e-05 -3.98654e-05 0.000102142 0.000314948 0.000657314 -2.49299e-05 -0.000482889 7.16086e-05 -7.75467e-06 4.48926e-05 -3.06521e-05 -0.000577721
internal_weight=3194 3132 3075 3016 2956 1846 1110 415 183 695 121 574 1742 232 1687 104
internal_count=3194 3132 3075 3016 2956 1846 1110 415 183 695 121 574 1742 232 1687 104
is_linear=0
shrinkage=0.05


Tree=133
num_leaves=11
num_cat=0
split_feature=145 175 166 0 122 132 151 103 92 130
split_gain=0.00887652 0.00654168 0.0101749 0.0107445 0.00989307 0.00544354 0.0078186 0.00588379 0.0160317 0.00661511
threshold=0.73431757092475902 91.848949432373061 77.881381988525405 0.051384894177317626 0.016892143525183204 0.90521827340126049 0.61534124612808239 0.95107504725456249 0.38845926523208624 1.2413652539253237
decision_type=2 2 2 2 2 2 2 2 2 2
left_child=-1 2 3 4 5 6 -2 8 -7 -9
right_child=1 -3 -4 -5 -6 7 -8 9 -10 -11
leaf_value=0.00061622432515529609 1.9308626497149818e-05 -0.00054850009514923858 0.00069204643469102274 -0.00065725426759809876 0.00053534161996305393 -0.00015496312265615697 -0.00073220021321369552 -1.4951597103056713e-05 0.0010359140404034406 0.00050773203514719136
leaf_weight=60 80 53 54 61 88 65 61 2560 50 62
leaf_count=60 80 53 54 61 88 65 61 2560 50 62
internal_value=1.38065e-05 2.27327e-06 1.17478e-05 -3.88363e-07 1.3121e-05 -2.84681e-06 -0.000305812 1.27608e-05 0.00036281 -2.59218e-06
internal_weight=3194 3134 3081 3027 2966 2878 141 2737 115 2622
internal_count=3194 3134 3081 3027 2966 2878 141 2737 115 2622
is_linear=0
shrinkage=0.05


Tree=134
num_leaves=22
num_cat=0
split_feature=145 181 111 170 101 0 129 117 147 96 166 75 77 30 136 170 84 1 99 77 28
split_gain=0.00801106 0.00603032 0.0124084 0.0153351 0.0109788 0.0107856 0.00997525 0.00913752 0.00534894 0.00719834 0.00715987 0.00587 0.0188077 0.0090616 0.0109958 0.00657339 0.00878314 0.00628217 0.00911355 0.00530717 0.00413735
threshold=0.73431757092475902 0.032381478697061546 0.09735796228051187 4005288064.0000005 0.68604296445846569 0.0090854875743389147 1.0350373387336733 0.21160184592008593 1.3932161927223208 -0.70911106467246998 55.904180526733406 0.52331152558326732 0.48463226854801184 0.52500000596046459 0.81407815217971813 3250204800.0000005 0.27296721935272222 0.057107288390398032 0.8638884723186494 0.52327993512153637 1.0000000180025095e-35
decision_type=2 2 2 2 2 2 2 2 2 2 2 2 2 2 2 2 2 2 2 2 2
left_child=-1 4 3 6 -2 -4 -3 20 11 10 -10 13 -13 17 -15 16 -14 18 -6 -16 -8
right_child=1 2 5 -5 8 -7 7 -9 9 -11 -12 12 15 14 19 -17 -18 -19 -20 -21 -22
leaf_value=0.00058541309641441336 0.00073549522365081235 -0.00080603204651561117 -0.00016842776600050886 0.00076917381039283319 -0.0004520396249565584 -0.0011745774745359086 -4.7576016206423647e-05 0.00035942883573275488 0.00034594965761463193 0.00061696499126054436 -0.00033069751343261914 0.00085647453285530087 0.00027494389805908233 -0.00089265620065686702 -9.2624009592449488e-05 -0.00036163734814877863 -0.00012681928687789513 0.00048969323890641638 3.7696879523264311e-05 -0.0006328986317955652 -0.00062352661540816465
leaf_weight=60 54 50 57 52 105 50 72 91 87 83 71 76 297 56 418 94 251 67 997 51 55
leaf_count=60 54 50 57 52 105 50 72 91 87 83 71 76 297 56 418 94 251 67 997 51 55
internal_value=1.31162e-05 2.15961e-06 -0.000172471 -1.66124e-05 2.97057e-05 -0.000638591 -0.000169078 -2.29881e-05 1.53399e-05 0.000239943 4.18867e-05 -7.10178e-06 0.000112709 -5.78833e-05 -0.000230445 2.46617e-05 9.09246e-05 1.96143e-05 -8.96585e-06 -0.000151375 -0.000297003
internal_weight=3194 3134 427 320 2707 107 268 218 2653 241 158 2412 718 1694 525 642 548 1169 1102 469 127
internal_count=3194 3134 427 320 2707 107 268 218 2653 241 158 2412 718 1694 525 642 548 1169 1102 469 127
is_linear=0
shrinkage=0.05


Tree=135
num_leaves=15
num_cat=0
split_feature=176 84 123 88 76 176 130 91 32 110 53 176 53 159
split_gain=0.00779434 0.00830497 0.00815674 0.00645345 0.00795838 0.00657799 0.00653981 0.00591024 0.00519206 0.00843547 0.00490217 0.0113266 0.00941482 0.00443738
threshold=110.3118019104004 0.66637277603149425 0.051872828975319869 0.91304269433021557 0.55790644884109508 103.90056610107423 1.2364590764045718 0.15922983735799792 0.058333335444331176 0.026818726211786274 0.85355341434478771 74.741264343261733 0.67325246334075939 1.2404046654701235
decision_type=2 2 2 2 2 2 2 2 2 2 2 2 2 2
left_child=2 -2 3 4 5 6 10 -6 -5 -10 12 -12 -1 -11
right_child=1 -3 -4 8 7 -7 -8 -9 9 13 11 -13 -14 -15
leaf_value=-5.0765220590642874e-06 1.6111326629853514e-05 -0.00074157893583448467 0.00058932627088665874 0.00026473007023741958 -3.1209373458599053e-05 0.00048399381074381784 0.00054717236425858571 -0.00069395438343190861 6.8949027115882124e-05 -0.00088464448829075676 -0.00073495378301371463 1.0428107432996651e-06 0.00023429119619306884 -0.00032348695545500293
leaf_weight=1414 76 69 64 50 75 90 64 61 98 55 65 267 579 98
leaf_count=1414 76 69 64 50 75 90 64 61 98 55 65 267 579 98
internal_value=1.35354e-05 -0.000344445 3.09539e-05 1.86988e-05 4.39348e-05 6.43652e-05 4.85567e-05 -0.00032847 -0.000200544 -0.000293228 3.48313e-05 -0.000143053 6.44638e-05 -0.00052521
internal_weight=3125 145 2980 2916 2615 2479 2389 136 301 251 2325 332 1993 153
internal_count=3125 145 2980 2916 2615 2479 2389 136 301 251 2325 332 1993 153
is_linear=0
shrinkage=0.05


Tree=136
num_leaves=15
num_cat=2
split_feature=176 123 84 176 130 118 170 143 130 92 186 115 138 186
split_gain=0.00708294 0.00955546 0.00810196 0.00701693 0.00567383 0.00988982 0.00511982 0.0214385 0.0063129 0.0101301 0.0159648 0.0106858 0.00917923 0.00704451
threshold=108.20363998413087 0.051872828975319869 0.66637277603149425 103.90056610107423 1.2144998311996462 0.23833453655242923 5378513152.000001 0.95855560898780834 1.0744267702102663 0.37142679095268255 0 0.0042379242368042478 0.99088722467422496 1
decision_type=2 2 2 2 2 2 2 2 2 2 1 2 2 1
left_child=1 3 -2 4 6 -6 8 -8 9 11 -11 -1 -10 -14
right_child=2 -3 -4 -5 5 -7 7 -9 12 10 -12 -13 13 -15
leaf_value=3.5896887763318895e-05 1.8333716229790298e-05 0.00065064123957169807 -0.0006584229719098913 0.0005022397151313346 0.00070163424541916407 -0.00014195567837020919 -0.0010170041380974239 0.00019713814021088185 -0.00055379500746918591 -0.00014591315536470936 0.00042832952771492208 -0.00048244204436556594 -0.00027546686674004262 3.7782516378890505e-05
leaf_weight=828 96 61 82 73 76 64 61 90 96 177 363 113 229 716
leaf_count=828 96 61 82 73 76 64 61 90 96 177 363 113 229 716
internal_value=1.28586e-05 3.13586e-05 -0.000293431 1.82691e-05 5.70965e-06 0.000315993 -1.05416e-05 -0.000293343 6.39058e-06 7.27129e-05 0.000245335 -2.63479e-05 -8.79643e-05 -4.06418e-05
internal_weight=3125 2947 178 2886 2813 140 2673 151 2522 1481 540 941 1041 945
internal_count=3125 2947 178 2886 2813 140 2673 151 2522 1481 540 941 1041 945
cat_boundaries=0 1 2
cat_threshold=1057 16
is_linear=0
shrinkage=0.05


Tree=137
num_leaves=12
num_cat=0
split_feature=39 98 160 87 160 110 136 101 36 4 109
split_gain=0.00681288 0.0104694 0.00534756 0.00655927 0.0126681 0.00650743 0.00845181 0.00620341 0.0226671 0.005512 0.00400303
threshold=0.84999999403953563 0.78349363803863536 0.85202831029891979 -0.16999419778585431 1.1246929168701174 0.10937402769923212 0.65422531962394725 0.72948741912841808 0.68333333730697643 0.052770815789699561 0.028426727280020717
decision_type=2 2 2 2 2 2 2 2 2 2 2
left_child=1 -1 -3 4 -4 6 -5 8 -8 -9 -6
right_child=-2 2 3 5 10 -7 7 9 -10 -11 -12
leaf_value=-0.00071552101593442793 0.00054907306054293923 0.00037726185078749302 0.00094196113158140403 -0.0005710639621247538 0.00023456483549932853 0.0005358560627008466 0.0010863975500951539 0.00014431518767044811 -0.00039770269650034611 -6.1576836877038461e-05 -0.00032453801683732307
leaf_weight=50 58 98 53 70 89 52 53 384 50 2118 50
leaf_count=50 58 98 53 70 89 52 53 384 50 2118 50
internal_value=1.22229e-05 2.07049e-06 1.3963e-05 1.76587e-06 0.000284236 -1.8122e-05 -2.88909e-05 -1.4322e-05 0.000365961 -2.99771e-05 3.34487e-05
internal_weight=3125 3067 3017 2919 192 2727 2675 2605 103 2502 139
internal_count=3125 3067 3017 2919 192 2727 2675 2605 103 2502 139
is_linear=0
shrinkage=0.05


Tree=138
num_leaves=28
num_cat=0
split_feature=170 170 161 145 158 17 94 136 56 182 144 17 154 56 56 32 106 155 161 37 169 10 92 148 120 159 146
split_gain=0.00636282 0.0122704 0.00582597 0.0111598 0.0189164 0.0171297 0.0137152 0.0146697 0.00790068 0.00741408 0.00611471 0.00948402 0.00910568 0.00920147 0.00882415 0.00874885 0.00938246 0.00800686 0.00752013 0.00681084 0.00552601 0.00621782 0.0053128 0.00508002 0.00387737 0.00437482 0.00350088
threshold=10892632576.000002 7234391296.000001 1.2874288558959963 0.98197767138481151 0.78132447600364696 0.66250002384185802 -4.6181561946868888 0.83126062154769909 0.46445561945438391 0.015993538312613968 0.98316693305969249 0.86250001192092907 0.37616164982318884 0.55397406220436107 0.55397406220436107 0.24166666716337207 1.0322690606117251 0.18259119987487796 1.7233132123947146 -0.75833332538604725 -0.13369166105985639 1.0101292729377749 0.28883169591426855 1.3688904643058779 0.019329655915498737 1.1087583899497988 0.96902480721473705
decision_type=2 2 2 2 2 2 2 2 2 2 2 2 2 2 2 2 2 2 2 2 2 2 2 2 2 2 2
left_child=1 2 3 4 -1 -6 -7 -8 9 -5 11 12 15 23 -13 -4 -17 -16 -19 -12 21 26 -10 -14 -22 -26 -21
right_child=-2 -3 10 8 5 6 7 -9 22 -11 19 14 13 -15 17 16 -18 18 -20 20 24 -23 -24 -25 25 -27 -28
leaf_value=0.00092340888557864071 -0.0005478975040605292 0.00071132226790752377 -0.001027765512355307 -0.00014775533070716942 0.00079263988568877377 -0.00065273961484698317 0.00047934287307223967 -0.0002435602292400611 -0.00016336888265181359 0.00057756750227002036 -0.00032672422562730696 0.00055667137437840622 -2.3381169653089424e-05 -0.00051353358090409527 0.0005121190661991962 -0.00013950872392791985 -0.00091489674734618234 -0.00024655155297675577 6.4402170446865631e-05 0.00048592982939996962 0.00038979160076864491 0.00079355475741945075 -0.00080747563670407617 0.00055714260280365123 0.00018688471883703277 -0.00016293143034002704 -3.4688560541932624e-06
leaf_weight=89 50 63 55 95 78 70 145 136 86 56 90 67 153 80 61 166 51 369 411 59 66 57 51 50 147 228 96
leaf_count=89 50 63 55 95 78 70 145 136 86 56 90 67 153 80 61 166 51 369 411 59 66 57 51 50 147 228 96
internal_value=1.16117e-05 2.07094e-05 6.26433e-06 0.000121308 0.000260035 0.000122412 -2.65278e-05 0.000129468 -0.000128208 0.000121239 -3.57688e-05 -9.50924e-05 -0.000257925 -5.93741e-05 4.43614e-06 -0.000464505 -0.000321743 -3.95588e-05 -8.27029e-05 8.1042e-05 0.000137243 0.000347026 -0.000403146 0.000119605 3.63944e-05 -2.58035e-05 0.000182818
internal_weight=3125 3075 3012 806 518 429 351 281 288 151 2206 1463 555 283 908 272 217 841 780 743 653 212 137 203 441 375 155
internal_count=3125 3075 3012 806 518 429 351 281 288 151 2206 1463 555 283 908 272 217 841 780 743 653 212 137 203 441 375 155
is_linear=0
shrinkage=0.05


Tree=139
num_leaves=16
num_cat=0
split_feature=176 123 122 176 152 130 157 130 121 183 137 111 173 101 130
split_gain=0.00642423 0.00840933 0.00784045 0.00626164 0.00560129 0.0051086 0.00898199 0.00484447 0.010182 0.00733683 0.00645939 0.00768091 0.0204478 0.00756093 0.00539274
threshold=108.20363998413087 0.051872828975319869 0.0041721786838024863 103.90056610107423 0.25611965358257299 1.2144998311996462 0.86280211806297313 1.1299608349800112 0.093637216836214079 0.010076161939650776 1.0347978472709658 0.084622744470834746 1.2233060598373415 0.72948741912841808 1.1965534090995791
decision_type=2 2 2 2 2 2 2 2 2 2 2 2 2 2 2
left_child=1 3 4 5 -2 7 -7 10 -9 14 11 13 -13 -1 -10
right_child=2 -3 -4 -5 -6 6 -8 8 9 -11 -12 12 -14 -15 -16
leaf_value=0.00063825210604323633 0.00031945735028220324 0.0006096066569968616 -0.00069774814794494686 0.00047355279357735489 -0.00039887943129025523 -0.00012513945643370268 0.00067715253144096761 -0.0006113376101355392 0.00022324753237788371 -0.00040482559082371042 0.00047234137202490517 1.8490279751223704e-06 -0.0010445655255969014 2.1102582703657148e-05 -0.00034772363116924402
leaf_weight=51 58 61 69 73 51 66 74 98 202 97 76 189 62 1846 52
leaf_count=51 58 61 69 73 51 66 74 98 202 97 76 189 62 1846 52
internal_value=1.10311e-05 2.86499e-05 -0.000280668 1.63705e-05 -1.66452e-05 4.50617e-06 0.000298929 -1.09144e-05 -0.000160723 -3.49109e-05 1.93303e-05 3.30197e-06 -0.000256628 3.76944e-05 0.000106356
internal_weight=3125 2947 178 2886 109 2813 140 2673 449 351 2224 2148 251 1897 254
internal_count=3125 2947 178 2886 109 2813 140 2673 449 351 2224 2148 251 1897 254
is_linear=0
shrinkage=0.05


Tree=140
num_leaves=19
num_cat=1
split_feature=84 186 92 176 72 183 125 160 98 36 177 135 75 111 130 97 92 113
split_gain=0.00804974 0.0336888 0.0272773 0.011281 0.00873484 0.00833367 0.00749459 0.00697563 0.0124701 0.00642465 0.00785187 0.0157386 0.0103185 0.0133601 0.00952637 0.0074138 0.00643876 0.00372132
threshold=0.81041073799133312 0 0.39203715324401861 93.811763763427749 0.54580342769622814 0.056894054636359222 0.073335632681846633 1.7303487062454226 0.9210433065891267 -0.78333333134651173 46.647769927978523 0.84488636255264293 0.44061847031116491 0.0523435976356268 1.1034825444221499 0.98922055959701549 0.11967221647500993 0.0048753782175481328
decision_type=2 1 2 2 2 2 2 2 2 2 2 2 2 2 2 2 2 2
left_child=4 2 -2 7 5 6 9 8 -3 16 11 -11 13 -12 -14 -13 -1 -10
right_child=1 3 -4 -5 -6 -7 -8 -9 17 10 12 15 14 -15 -16 -17 -18 -19
leaf_value=0.00075568170147016648 3.3863122601025297e-05 0.00088253982625987942 0.0014652218199262279 -0.00060453904566147468 -0.00055719359996146526 0.00060609100041534377 -0.00059639312198900589 -0.00028821933784557691 0.0002163359521458211 0.00097879858427297561 -0.00010515726331345082 -0.00019231109239161353 2.0084391913724319e-05 -0.0010711508666814953 -0.00023154036189430884 0.00028132143693570388 5.5957675865177714e-05 -0.00036342224181134955
leaf_weight=50 57 54 80 83 80 51 59 90 62 51 91 172 1284 59 532 159 96 50
leaf_count=50 57 54 80 83 80 51 59 90 62 51 91 172 1284 59 532 159 96 50
internal_value=-8.97237e-06 0.000180526 0.00081053 -9.51794e-05 -4.25794e-05 -2.67694e-05 -3.94117e-05 6.62466e-05 0.000258427 -2.62354e-05 -4.62466e-05 0.000161181 -8.65505e-05 -0.000485115 -5.36295e-05 3.52042e-05 0.000295589 -4.24847e-05
internal_weight=3160 476 137 339 2684 2604 2553 256 166 2494 2348 382 1966 150 1816 331 146 112
internal_count=3160 476 137 339 2684 2604 2553 256 166 2494 2348 382 1966 150 1816 331 146 112
cat_boundaries=0 1
cat_threshold=1536
is_linear=0
shrinkage=0.05


Tree=141
num_leaves=24
num_cat=0
split_feature=85 162 124 89 147 91 20 36 125 57 35 1 55 91 171 147 1 52 80 179 44 149 111
split_gain=0.00740039 0.0230967 0.039634 0.0108457 0.0128072 0.0100651 0.00720163 0.00698401 0.00670487 0.00643944 0.00665901 0.0107851 0.00990521 0.00972625 0.00990325 0.0190842 0.00792553 0.00689399 0.00682221 0.00615186 0.00540362 0.00529237 0.00450582
threshold=0.79089057445526134 56.092216491699226 0.022518819198012355 0.80923718214035045 1.123825252056122 0.43573033809661871 0.72494733333587658 -0.78333333134651173 -0.00068426763755269338 0.68469688296318065 -0.37499999999999994 0.034725770354270942 0.42973697185516363 -0.20079384744167325 119698252.00000001 1.4065941572189333 0.016783217899501327 -0.10833333432674407 0.21953967958688739 13.495225429534914 0.65000000596046459 1.1108924150466921 0.077935285866260542
decision_type=2 2 2 2 2 2 2 2 2 2 2 2 2 2 2 2 2 2 2 2 2 2 2
left_child=7 2 -2 4 5 -3 -7 8 -1 10 11 17 21 16 18 -16 -14 19 -15 -9 22 -12 -19
right_child=1 3 -4 -5 -6 6 -8 9 -10 -11 12 -13 13 14 15 -17 -18 20 -20 -21 -22 -23 -24
leaf_value=-0.00015629250682530187 -6.4437266146188008e-05 0.00010221504030357067 0.0018489647731184959 0.00060934785556900409 0.00034212226730946725 -0.00033227598895401963 -0.0011578564089140854 -0.00011816431480838219 0.00054433122713059374 -0.00059212985427372841 0.00072127497802232062 -0.00073308395133412719 -0.00010845602864719695 4.2602444125752413e-05 -0.0003598555365864708 0.00068775465801445537 -0.00094861537293763833 3.0995779554699857e-06 0.00062183701034573813 -0.00078171875277128567 0.00041469884073684133 8.7424141487904965e-05 -0.00046828826401202429
leaf_weight=53 59 57 50 53 79 56 50 80 96 55 69 79 64 1244 333 50 50 278 53 62 65 63 62
leaf_count=53 59 57 50 53 79 56 50 80 96 55 69 79 64 1244 333 50 50 278 53 62 65 63 62
internal_value=-8.52375e-06 0.000191326 0.00081327 -3.84777e-05 -0.000180357 -0.000433583 -0.000721701 -3.78195e-05 0.000295116 -5.6848e-05 -4.53118e-05 -0.000186981 7.34362e-07 -3.0023e-05 3.03953e-07 -0.000223092 -0.000476947 -0.000108111 6.6272e-05 -0.000407885 -3.00436e-06 0.000418755 -8.28594e-05
internal_weight=3160 404 109 295 242 163 106 2756 149 2607 2552 626 1926 1794 1680 383 114 547 1297 142 405 132 340
internal_count=3160 404 109 295 242 163 106 2756 149 2607 2552 626 1926 1794 1680 383 114 547 1297 142 405 132 340
is_linear=0
shrinkage=0.05


Tree=142
num_leaves=23
num_cat=0
split_feature=77 163 116 29 108 151 72 124 146 35 56 53 69 137 158 45 143 176 182 124 42 123
split_gain=0.00705056 0.00533924 0.0186179 0.00857419 0.011559 0.00855158 0.0077359 0.012788 0.0150796 0.00700299 0.0105991 0.00891318 0.0093225 0.0078777 0.00594156 0.00563301 0.00493315 0.00597133 0.00471159 0.0040168 0.00400906 0.00385927
threshold=0.35152503848075872 58.94897651672364 0.0038583968998864297 0.15000000223517421 0.026581662707030777 0.64896148443222057 0.57459309697151195 0.045293113216757781 0.8286179006099702 0.87500000000000011 0.59062853455543529 0.85355341434478771 0.56064552068710338 0.99392202496528637 0.97108840942382824 0.47499999403953558 0.97258675098419201 68.216587066650405 0.030214248225092891 0.008467071224004032 0.45833332836627966 -0.0041276228148490182
decision_type=2 2 2 2 2 2 2 2 2 2 2 2 2 2 2 2 2 2 2 2 2 2
left_child=-1 2 3 5 16 -2 7 9 18 11 -11 13 19 15 -15 -3 -5 20 -9 -13 -18 -7
right_child=1 6 -4 4 -6 21 -8 8 -10 10 -12 12 -14 14 -16 -17 17 -19 -20 -21 -22 -23
leaf_value=0.00058092697279062122 -0.00070225617902692388 3.2662884091380345e-05 0.00083530412586510353 -0.00031132164974534838 0.00075901481802495921 0.00028435046074567555 0.0005587071279353718 -0.00052984804840525612 3.1924438094609372e-05 0.00086033850826357531 -2.2113478932980165e-05 -0.00049309766455553469 -0.00075431458817336035 -0.00016534340154928227 2.85172210780313e-05 0.00054613013728727555 0.00020794717163069833 0.00058807787503802078 -0.0012128854995763487 3.9660966454106505e-05 -0.00032852157281013208 -0.00024200123272792728
leaf_weight=50 68 116 78 79 66 60 51 50 84 54 92 50 86 682 940 99 83 57 51 121 60 83
leaf_count=50 68 116 78 79 66 60 51 50 84 54 92 50 86 682 940 99 83 57 51 121 60 83
internal_value=-8.09756e-06 -1.75674e-05 0.0001119 1.04152e-05 0.000163969 -0.000240656 -5.07186e-05 -6.35354e-05 -0.00046307 -3.05381e-05 0.000304273 -5.38821e-05 -0.000329677 -1.52979e-05 -5.29951e-05 0.000269097 2.32056e-05 0.000155344 -0.000874748 -0.000116116 -1.71446e-05 -2.11544e-05
internal_weight=3160 3110 634 556 345 211 2476 2425 185 2240 146 2094 257 1837 1622 215 279 200 101 171 143 143
internal_count=3160 3110 634 556 345 211 2476 2425 185 2240 146 2094 257 1837 1622 215 279 200 101 171 143 143
is_linear=0
shrinkage=0.05


Tree=143
num_leaves=16
num_cat=0
split_feature=127 87 32 135 145 172 84 161 87 0 93 125 75 111 145
split_gain=0.00664237 0.0168684 0.00604749 0.0153656 0.011215 0.00817202 0.00656036 0.00632581 0.00768301 0.00520185 0.0113911 0.00557589 0.00672079 0.0115509 0.00517952
threshold=1.0016448497772219 0.44782914221286779 1.0000000180025095e-35 0.79989406466484081 0.74561786651611339 13718887.000000002 0.93678131699562084 1.5855582356452944 0.38318352401256567 0.028506800532341007 9.3746447563171404 0.066540908068418517 0.44292689859867101 0.045213209465146072 0.96024206280708324
decision_type=2 2 2 2 2 2 2 2 2 2 2 2 2 2 2
left_child=1 -1 3 -2 -4 -5 9 8 -7 11 -11 12 13 -6 -14
right_child=2 -3 4 5 6 7 -8 -9 -10 10 -12 -13 14 -15 -16
leaf_value=-0.00019911169940314721 -0.0010289209740471515 0.00083761895188831962 0.00070572337678062147 -0.00064267527149058879 0.00010306303054148298 0.00027617714231382707 0.00054599917733439199 0.00050575324141576298 -0.00048709303236511701 -0.00069201240694383159 0.0001080069809025493 0.00037871326019133753 0.00010371794957753609 -0.00054818408430157837 -5.7415355067284783e-05
leaf_weight=80 51 77 55 50 124 64 51 59 68 88 90 90 845 151 1217
leaf_count=80 51 77 55 50 124 64 51 59 68 88 90 90 845 151 1217
internal_value=-7.69269e-06 0.000309349 -2.42679e-05 -0.000240467 -9.81308e-07 -7.36154e-05 -1.56156e-05 7.53532e-05 -0.000117023 -2.66108e-05 -0.000287508 -7.47615e-06 -2.23487e-05 -0.000254531 8.61648e-06
internal_weight=3160 157 3003 292 2711 241 2656 191 132 2605 178 2427 2337 275 2062
internal_count=3160 157 3003 292 2711 241 2656 191 132 2605 178 2427 2337 275 2062
is_linear=0
shrinkage=0.05


Tree=144
num_leaves=26
num_cat=0
split_feature=85 162 124 32 175 112 102 137 154 61 115 109 22 114 161 90 110 85 109 159 170 156 125 182 90
split_gain=0.00624069 0.0201735 0.034719 0.00983821 0.0107877 0.00695539 0.0060618 0.00670193 0.00620079 0.00924875 0.00953355 0.00974008 0.010924 0.0087241 0.006486 0.0113596 0.00902176 0.00925904 0.00783621 0.00930184 0.0148162 0.0136418 0.00874372 0.00987027 0.00724089
threshold=0.79089057445526134 56.092216491699226 0.022518819198012355 0.17500000447034839 70.055942535400405 0.021489950828254226 1.0305384993553164 1.0347978472709658 0.23028512299060824 0.57575890421867382 -0.0014889483572915194 0.023682020604610447 0.83083978295326244 0.0038197982357814912 1.2369683384895327 0.592361479997635 0.033829625695943839 0.38950119912624365 0.027385408990085128 1.1478745937347414 3571527040.0000005 0.58019664883613598 0.035313853994011886 0.016386939212679866 0.44188025593757635
decision_type=2 2 2 2 2 2 2 2 2 2 2 2 2 2 2 2 2 2 2 2 2 2 2 2 2
left_child=6 2 -2 -3 -5 -6 7 8 9 10 -1 12 -12 -13 15 16 24 -18 22 21 -21 -20 23 -16 -10
right_child=1 3 -4 4 5 -7 -8 -9 14 -11 11 13 -14 -15 18 -17 17 -19 19 20 -22 -23 -24 -25 -26
leaf_value=-0.00091052418254548677 -6.4013238603612249e-05 -0.0005078871453103299 0.0017268241113051774 -0.00025079195563484599 0.00081314856080325635 3.8694165970192219e-05 -0.00055386222385674381 0.00044893311314684085 4.4882847973245327e-05 0.00035807719470800037 -0.00013901490686097083 -0.00079383635330164144 0.0006833364450037206 -0.00015209025944246178 2.0538490764148326e-06 0.00086594737656683581 0.00079067632815773929 -8.0094310994852249e-05 -0.0008268364062215287 -0.00014837570260132257 0.00068690376312588344 3.2106605956667211e-06 -0.00041742740129186795 0.0003895947885143364 -0.00063215995489336629
leaf_weight=50 59 81 50 97 64 53 55 73 175 70 194 93 51 123 609 53 72 53 110 461 60 90 88 225 51
leaf_count=50 59 81 50 97 64 53 55 73 175 70 194 93 51 123 609 53 72 53 110 461 60 90 88 225 51
internal_value=-7.30805e-06 0.000176215 0.000757472 -3.85538e-05 0.000139091 0.000462327 -3.42106e-05 -2.3629e-05 -3.67558e-05 -0.000180918 -0.000254753 -0.000183628 3.21684e-05 -0.000428398 4.16182e-06 0.000183647 8.06212e-05 0.00042147 -3.9972e-05 -0.000163454 -5.21823e-05 -0.000453315 5.659e-05 0.000106606 -0.000107901
internal_weight=3160 404 109 295 214 117 2756 2701 2628 581 511 461 245 216 2047 404 351 125 1643 721 521 200 922 834 226
internal_count=3160 404 109 295 214 117 2756 2701 2628 581 511 461 245 216 2047 404 351 125 1643 721 521 200 922 834 226
is_linear=0
shrinkage=0.05


Tree=145
num_leaves=27
num_cat=0
split_feature=36 12 32 75 46 152 35 160 84 10 27 115 182 132 36 92 36 6 120 102 62 117 134 102 90 11
split_gain=0.0067778 0.00926489 0.00919319 0.00917398 0.0093322 0.00908673 0.00874627 0.00722081 0.0125701 0.00700465 0.00725462 0.0068089 0.0115702 0.0149371 0.00976991 0.012504 0.00821087 0.00578436 0.00523893 0.00651307 0.00844771 0.00679649 0.00781329 0.00417973 0.00367356 0.00361873
threshold=0.68333333730697643 0.042611487209796912 0.25833334028720861 0.41274218261241918 0.45000000298023229 0.072870433330535903 0.87500000000000011 1.7389398813247683 0.89774960279464733 1.0085349678993227 0.92500001192092907 0.00047703849850222474 0.039287719875574119 0.92556288838386547 -0.55000001192092884 0.27101141214370733 -0.41666667163372034 0.16247642785310748 0.38637691736221319 0.99723878502845775 0.4722654670476914 0.16321738064289096 0.92892739176750194 1.0040569305419924 0.55056104063987743 0.98881259560585033
decision_type=2 2 2 2 2 2 2 2 2 2 2 2 2 2 2 2 2 2 2 2 2 2 2 2 2 2
left_child=5 2 -2 -3 9 -1 7 8 11 24 -11 14 13 -13 15 -7 -16 -12 19 21 -21 -9 -23 -22 -5 -6
right_child=1 3 -4 4 25 6 -8 18 -10 10 17 12 -14 -15 16 -17 -18 -19 -20 20 23 22 -24 -25 -26 -27
leaf_value=0.0005971079565064778 0.00064916230970111708 -0.00078520023417328981 -0.00015030657761161808 -0.00089204283099990854 0.00052559089550579142 0.00041032445520638609 0.00049394186246955749 9.2710327693826662e-05 0.00081843047202990148 -0.00058610289019396023 0.00049600367808754809 0.00094535885096635108 -0.00035392420743874308 0.00014584462536971324 -0.00040782168550338929 -0.00015390664097078647 -4.5953674173861118e-05 -0.00017654507442587723 -0.00062524319275102601 0.00065390408269125214 0.00019145336785004476 -0.0009008742768604023 -0.00010256939161175478 -0.00045505526871420442 -0.00030721686012111606 -4.5406631436760238e-05
leaf_weight=73 66 67 79 58 55 219 98 70 52 58 52 65 99 577 218 178 558 83 57 52 50 65 58 50 50 56
leaf_count=73 66 67 79 58 55 219 98 70 52 58 52 65 99 577 218 178 558 83 57 52 50 65 58 50 50 56
internal_value=1.10574e-05 -0.000136583 0.00021359 -0.000242585 -0.000154344 4.73423e-05 3.10678e-05 1.19117e-05 5.13932e-05 -0.000298852 -0.00011842 3.05541e-05 0.000149207 0.000226792 -4.44003e-05 0.000157344 -0.000147612 8.25107e-05 -0.000181174 -0.000107806 0.000136993 -0.000300602 -0.000524438 -0.000131801 -0.00062129 0.00023752
internal_weight=3163 624 145 479 412 2539 2466 2368 1966 301 193 1914 741 642 1173 397 776 135 402 345 152 193 123 100 108 111
internal_count=3163 624 145 479 412 2539 2466 2368 1966 301 193 1914 741 642 1173 397 776 135 402 345 152 193 123 100 108 111
is_linear=0
shrinkage=0.05


Tree=146
num_leaves=13
num_cat=0
split_feature=42 152 135 57 156 102 118 5 114 118 139 62
split_gain=0.00678716 0.00707093 0.00666884 0.0128058 0.00622485 0.00913461 0.0153621 0.0093739 0.0060338 0.00583516 0.00568888 0.00276065
threshold=0.60833334922790538 0.072870433330535903 0.6907135844230653 0.66082096099853527 0.15767964720726016 0.96416428685188305 0.082813423126935973 0.008796044625341894 0.0035850818967446689 0.62759843468666088 1.045001268386841 0.46559719741344457
decision_type=2 2 2 2 2 2 2 2 2 2 2 2
left_child=1 8 -3 4 -4 6 -6 -8 -1 10 -7 -11
right_child=-2 2 3 -5 5 9 7 -9 -10 11 -12 -13
leaf_value=0.00082289804803440346 -0.00043024240486214268 -0.00049258759110951079 -0.00052820611865037656 0.00070801173728382723 0.00085975108153631358 3.8843525439452785e-05 0.00034850332216592508 -0.00054786571173463014 7.0348738594666911e-05 -0.00064490290643880145 -0.00016066519190468176 -0.00013375182599182674
leaf_weight=50 85 65 54 66 83 2044 70 50 57 50 433 56
leaf_count=50 85 65 54 66 83 2044 70 50 57 50 433 56
internal_value=1.05045e-05 2.26759e-05 8.29405e-06 1.94975e-05 3.49685e-06 1.38026e-05 0.000336755 -2.49838e-05 0.000422007 -1.15784e-05 3.96776e-06 -0.000374861
internal_weight=3163 3078 2971 2906 2840 2786 203 120 107 2583 2477 106
internal_count=3163 3078 2971 2906 2840 2786 203 120 107 2583 2477 106
is_linear=0
shrinkage=0.05


Tree=147
num_leaves=31
num_cat=2
split_feature=36 155 168 75 91 4 6 177 119 31 186 47 59 92 11 47 35 100 136 111 171 170 55 186 99 171 91 131 13 70
split_gain=0.00623307 0.00895166 0.0081245 0.0073849 0.00733114 0.00764766 0.00740337 0.00985066 0.00718945 0.0143269 0.0164261 0.0193184 0.0161281 0.0171924 0.0112555 0.00889349 0.00955551 0.00742071 0.0110587 0.00690343 0.00915113 0.00732333 0.00605515 0.00593567 0.00866312 0.00498243 0.00487598 0.00407951 0.00379549 0.00335079
threshold=0.68333333730697643 0.15789882838726046 26.340965270996097 0.41274218261241918 0.31141716241836553 0.2484100162982941 0.17413087189197543 249.26152801513675 0.10905385762453081 0.15000000596046451 0 0.44166666269302374 0.15247341990470889 0.45435023307800299 0.98069706559181224 0.39166666567325598 -0.67499998211860646 0.96030628681182872 0.86082094907760631 0.048865281045436866 339329824.00000006 239709088.00000003 0.66033875942230236 1 0.97318229079246532 67254664.000000015 0.031436709687113769 1.017394006252289 0.65000000596046459 0.47163021564483648
decision_type=2 2 2 2 2 2 2 2 2 2 1 2 2 2 2 2 2 2 2 2 2 2 2 1 2 2 2 2 2 2
left_child=1 -1 3 -2 5 -5 22 25 9 10 11 -3 -11 17 -15 -10 26 -14 -19 23 21 -21 -6 24 -18 -8 -17 -25 -16 -12
right_child=2 8 -4 4 6 -7 7 -9 15 12 29 -13 13 14 28 16 19 18 -20 20 -22 -23 -24 27 -26 -27 -28 -29 -30 -31
leaf_value=0.0005904397269248826 -0.00061206745844951597 7.6616160300082086e-05 0.00047968615387799222 -0.00091613214742620574 0.00058695894288059603 -8.9537484722489855e-05 -4.7225273710693111e-05 0.00028039244988738648 -0.0006623345568138911 0.00087979441766667429 0.00029370315822626594 0.0013022208795079896 -0.00035336873696103474 -0.0011115965556818992 -0.0004649400174373743 -0.00013645900065739625 0.00090723834741840588 0.00073639514521346434 6.7355923794128197e-05 0.00012810546322725714 0.00056447739124996588 -0.00026059337310355748 -3.334660162917793e-05 -0.00035076341738641973 0.00011829848544611768 -0.00065706166368637335 -0.00071233942015918304 0.0001224317495674943 0.00011450392846018077 -0.00024076853419039942
leaf_weight=73 86 51 50 51 74 62 53 73 57 52 51 87 85 50 65 80 61 70 525 175 50 394 84 54 81 91 68 291 50 69
leaf_count=73 86 51 50 51 74 62 53 73 57 52 51 87 85 50 65 80 61 70 525 175 50 394 84 54 81 91 68 291 50 69
internal_value=9.9793e-06 4.47756e-05 -0.000131604 -0.000184852 -0.000109564 -0.000462602 -3.18148e-06 -0.000192751 2.86225e-05 0.000119579 0.000447932 0.000791896 2.51357e-05 -2.74586e-05 -0.000485307 -5.15105e-05 -2.37457e-05 8.3637e-05 0.000146066 2.67438e-05 -8.40573e-05 -0.000141046 0.000257176 0.000167577 0.00042713 -0.000432608 -0.000401053 4.7004e-05 -0.000213008 -1.25705e-05
internal_weight=3163 2539 624 574 488 113 375 217 2466 1155 258 138 897 845 165 1311 1254 680 595 1106 619 569 158 487 142 144 148 345 115 120
internal_count=3163 2539 624 574 488 113 375 217 2466 1155 258 138 897 845 165 1311 1254 680 595 1106 619 569 158 487 142 144 148 345 115 120
cat_boundaries=0 1 2
cat_threshold=1616 1216
is_linear=0
shrinkage=0.05


Tree=148
num_leaves=10
num_cat=0
split_feature=42 121 152 174 124 146 101 152 36
split_gain=0.00596216 0.00639337 0.0058568 0.00643849 0.0187798 0.00775561 0.00772262 0.00578421 0.00501857
threshold=0.60833334922790538 0.00014189863577485087 0.072870433330535903 94.10675430297853 0.084377110004425063 0.72640797495841991 0.73940235376358043 0.093677103519439711 0.58333334326744091
decision_type=2 2 2 2 2 2 2 2 2
left_child=1 -1 8 4 5 -4 -7 -8 -3
right_child=-2 2 3 -5 -6 6 7 -9 -10
leaf_value=0.00058166951905877799 -0.00040361201423151855 0.00071456541619328265 -0.00045672208618773946 -0.00056399814924225215 0.0008911458476963532 0.00045550870848313466 -0.00046915145232098932 1.4575939141840729e-06 1.9389361317735168e-05
leaf_weight=50 85 54 94 50 59 92 67 2562 50
leaf_count=50 85 54 94 50 59 92 67 2562 50
internal_value=9.48033e-06 2.0888e-05 1.16281e-05 -1.48638e-06 8.29984e-06 -1.02039e-05 5.22161e-06 -1.05359e-05 0.000380346
internal_weight=3163 3078 3028 2924 2874 2815 2721 2629 104
internal_count=3163 3078 3028 2924 2874 2815 2721 2629 104
is_linear=0
shrinkage=0.05


Tree=149
num_leaves=27
num_cat=0
split_feature=36 62 136 35 12 161 75 46 119 31 107 108 170 99 87 10 161 167 132 60 135 110 110 47 119 161
split_gain=0.00543824 0.00815289 0.00940813 0.00773523 0.00760052 0.00861085 0.00756266 0.00769039 0.00732068 0.02135 0.0283534 0.0114247 0.0135816 0.0106102 0.0068692 0.00631195 0.0077583 0.00692821 0.00613001 0.00928497 0.0113895 0.00695981 0.00748155 0.00633891 0.00416477 0.00414796
threshold=0.68333333730697643 0.34297455847263342 0.65943720936775219 0.87500000000000011 0.042611487209796912 1.4993903040885928 0.41274218261241918 0.45000000298023229 0.11696667969226839 0.050000002607703216 0.014735503122210504 0.033369433134794242 1575435648.0000002 0.97707945108413707 0.57670381665229808 1.0085349678993227 1.2171871066093447 4.1776435375213632 0.97110971808433544 0.66472271084785473 0.89273858070373546 0.057698504999279983 0.044916734099388129 0.45833332836627966 0.096677437424659743 1.3173941373825075
decision_type=2 2 2 2 2 2 2 2 2 2 2 2 2 2 2 2 2 2 2 2 2 2 2 2 2 2
left_child=1 -1 -3 8 5 -2 -6 15 9 10 14 13 -13 -11 -4 25 -17 -18 21 20 -20 22 -10 -23 -9 -8
right_child=4 2 3 -5 6 -7 7 24 18 11 -12 12 -14 -15 -16 16 17 -19 19 -21 -22 23 -24 -25 -26 -27
leaf_value=0.00056975632631318311 0.00058728701153829129 -0.00058691679818754193 0.00049310909534392854 0.00048895676353363001 -0.00071191543557050417 -0.00018349588507777373 -0.00088057698840698743 -0.00012169231416191905 -0.00019868106986730555 -0.00030622154519208453 0.0015027921361615883 -3.5496960670031887e-05 0.0011081197072053328 7.9421854363164129e-05 -0.00027652962683350781 0.00039063623614646006 -5.6887092796387151e-06 -0.00073081078023408614 -0.00038661765553990672 -0.00043979154649161165 0.00021963010003850258 0.00052635364127127102 -0.00076376240975986479 -0.00011265494468282556 0.00049387729072432351 -0.00026073636473947258
leaf_weight=71 71 61 69 93 67 74 55 50 281 260 60 54 50 568 50 57 80 56 93 86 464 52 74 153 61 53
leaf_count=71 71 61 69 93 67 74 55 50 281 260 60 54 50 568 50 57 80 56 93 86 464 52 74 153 61 53
internal_value=9.00632e-06 4.15084e-05 2.63116e-05 4.18525e-05 -0.000123242 0.000193922 -0.000219251 -0.000139134 2.38833e-05 0.000116426 0.000616567 2.03682e-05 0.000514319 -4.16739e-05 0.000169731 -0.000270316 -9.90375e-05 -0.000304268 -6.15817e-05 4.37494e-05 0.000118407 -0.000182524 -0.000316473 4.9435e-05 0.000216594 -0.000576396
internal_weight=3163 2539 2468 2407 624 145 479 412 2314 1111 179 932 104 828 119 301 193 136 1203 643 557 560 355 205 111 108
internal_count=3163 2539 2468 2407 624 145 479 412 2314 1111 179 932 104 828 119 301 193 136 1203 643 557 560 355 205 111 108
is_linear=0
shrinkage=0.05


Tree=150
num_leaves=22
num_cat=0
split_feature=83 54 0 11 148 157 183 87 155 109 53 143 155 135 181 169 181 117 96 68 160
split_gain=0.0077855 0.00952388 0.00853947 0.00827684 0.0047886 0.0153622 0.00909551 0.0165275 0.00879657 0.0106497 0.00762384 0.0116812 0.00823012 0.0115601 0.0065989 0.00588834 0.00565905 0.00511686 0.00483177 0.00469008 0.00320298
threshold=0.95683249831199657 0.92587810754776012 0.051384894177317626 0.98728206753730785 0.74030989408493053 1.4459150433540346 0.030843182466924194 0.44782914221286779 0.26367850601673132 0.024681495502591137 0.85355341434478771 0.92474597692489635 0.37356804311275488 0.85386851429939281 0.013835974503308536 0.60807567834854137 0.018571455962955955 0.17320660501718524 -0.093894626945257173 0.64739137887954723 1.0234363675117495
decision_type=2 2 2 2 2 2 2 2 2 2 2 2 2 2 2 2 2 2 2 2 2
left_child=1 2 4 -2 5 6 14 -8 9 19 12 -12 13 -10 15 -1 -13 -16 -14 20 -6
right_child=3 -3 -4 -5 8 -7 7 -9 10 -11 11 16 18 -15 17 -17 -18 -19 -20 -21 -22
leaf_value=0.00039264715886539695 -0.00064218036333782479 0.0006739143750800631 -0.00054181678233102763 0.000140707147648703 -1.8031714761022932e-05 0.0009517834128928371 -0.0001675885724835098 0.0011055843562084752 0.00078482159356847475 -0.00077877053211126718 -0.00089537863624807978 -0.00024170236508527727 -3.5319952794256563e-05 0.00012466737392987279 -0.00048041392112350398 -0.00024703116582284844 0.00031454040097253429 8.5918758275982809e-06 0.00031778418503346901 0.00031695500186991547 -0.00054273566086591866
leaf_weight=112 93 54 70 53 66 54 50 52 79 78 53 144 1253 413 106 53 67 108 105 53 52
leaf_count=112 93 54 70 53 66 54 50 52 79 78 53 144 1253 413 106 53 67 108 105 53 52
internal_value=-1.37305e-06 1.58556e-05 3.88278e-06 -0.000357981 1.70639e-05 0.00015214 6.23676e-05 0.00048148 -1.35184e-05 -0.00029461 1.95903e-05 -0.000231765 5.54594e-05 0.000230668 -5.04278e-05 0.000187175 -6.50755e-05 -0.000233626 -8.01809e-06 -7.37645e-05 -0.000249257
internal_weight=3168 3022 2968 146 2898 535 481 102 2363 249 2114 264 1850 492 379 165 211 214 1358 171 118
internal_count=3168 3022 2968 146 2898 535 481 102 2363 249 2114 264 1850 492 379 165 211 214 1358 171 118
is_linear=0
shrinkage=0.05


Tree=151
num_leaves=15
num_cat=0
split_feature=122 135 145 150 136 175 87 163 111 27 30 164 147 83
split_gain=0.007492 0.0117711 0.0108405 0.00985403 0.00867784 0.0050006 0.00626687 0.0103301 0.00751082 0.00663277 0.00798233 0.00668621 0.00523685 0.00366027
threshold=0.015300001483410599 0.73440811038017284 0.74561786651611339 0.53934812545776378 0.65422531962394725 12.426136493682863 -0.16999419778585431 335.68386840820318 0.10806054994463922 0.22500000149011615 0.37500000000000006 7070.0021972656259 0.97207081317901622 0.33788745105266577
decision_type=2 2 2 2 2 2 2 2 2 2 2 2 2 2
left_child=2 -2 -1 -3 -4 12 7 -7 9 10 -8 -11 -6 -9
right_child=1 3 4 -5 5 6 8 13 -10 11 -12 -13 -14 -15
leaf_value=0.00072768041397277975 -0.00095154687385051978 -0.00047904721212200293 -0.00061028523528615809 0.00031579402605104087 -0.00068366755531671665 0.00090212901265641562 1.1317012210344295e-05 0.00032156270838770853 0.00043804191802263807 5.7472581014063394e-05 -0.00035128575180828182 -0.000517653445254277 1.6686980390139588e-05 -0.00020828173275403371
leaf_weight=53 51 77 56 79 51 53 345 70 99 1794 271 52 56 61
leaf_count=53 51 77 56 79 51 53 345 70 99 1794 271 52 56 61
internal_value=-1.3044e-06 -0.000292115 1.90258e-05 -7.65315e-05 6.11018e-06 1.82133e-05 3.12849e-05 0.000313136 1.10347e-05 -6.13576e-06 -0.000148205 4.12718e-05 -0.000317127 7.48413e-05
internal_weight=3168 207 2961 156 2908 2852 2745 184 2561 2462 616 1846 107 131
internal_count=3168 207 2961 156 2908 2852 2745 184 2561 2462 616 1846 107 131
is_linear=0
shrinkage=0.05


Tree=152
num_leaves=20
num_cat=0
split_feature=83 76 101 107 168 111 112 170 88 111 160 146 87 163 27 159 37 118 118
split_gain=0.00686508 0.00889186 0.0136385 0.0083472 0.0171528 0.0101204 0.00759013 0.00608681 0.00543788 0.0074455 0.0155717 0.00650258 0.00620434 0.00782764 0.00563794 0.00784992 0.00714696 0.00483214 0.00447721
threshold=0.95683249831199657 0.42185522615909582 0.84237033128738414 0.031266253441572196 0.81399607658386242 0.087671507149934783 0.017352721653878692 324437184.00000006 0.9247482717037202 0.10806054994463922 1.1474035978317263 0.88864251971244823 -0.16999419778585431 335.68386840820318 0.22500000149011615 1.3370084166526797 -0.14166667312383649 0.14310977607965472 0.067223746329545989
decision_type=2 2 2 2 2 2 2 2 2 2 2 2 2 2 2 2 2 2 2
left_child=1 2 -1 8 -5 -6 -2 -4 9 12 -11 -10 13 -3 16 -16 -14 -15 -13
right_child=6 3 7 4 5 -7 -8 -9 11 10 -12 18 14 17 15 -17 -18 -19 -20
leaf_value=0.00086461323809137536 -3.922267966828812e-05 0.00079296563933233053 0.00036448788207470915 -0.0011004710873329224 0.00033577856587271529 -0.00049722281870181995 -0.00077388090911712035 -0.0003418540244265536 -0.0006112753829842256 0.001036329927053105 -3.7522865518707585e-05 -0.00038007668637146707 -8.1712227544345894e-05 -0.00026837443773989174 -3.3195462073183993e-05 0.0002144464317720313 -0.00064993557377508097 0.00035280706995917182 0.00023408113152134768
leaf_weight=76 87 55 61 52 80 67 59 61 73 56 85 50 515 56 1073 456 62 71 73
leaf_count=76 87 55 61 52 80 67 59 61 73 56 85 50 515 56 1073 456 62 71 73
internal_value=-1.23918e-06 1.4939e-05 0.000338845 -7.77112e-06 -0.000319981 -4.38887e-05 -0.000336105 1.13169e-05 1.58973e-05 3.63399e-05 0.000388972 -0.000237444 1.46086e-05 0.000294689 -9.5959e-06 4.06598e-05 -0.000142769 7.89003e-05 -1.55765e-05
internal_weight=3168 3022 198 2824 199 147 146 122 2625 2429 141 196 2288 182 2106 1529 577 127 123
internal_count=3168 3022 198 2824 199 147 146 122 2625 2429 141 196 2288 182 2106 1529 577 127 123
is_linear=0
shrinkage=0.05


Tree=153
num_leaves=17
num_cat=0
split_feature=122 135 145 4 136 175 36 168 121 167 88 70 4 70 92 127
split_gain=0.00658477 0.0107595 0.00953157 0.00851742 0.00798404 0.00456898 0.00577488 0.00537943 0.00732518 0.00861817 0.00671365 0.0114757 0.00662455 0.00496356 0.00481388 0.00426227
threshold=0.015300001483410599 0.73440811038017284 0.74561786651611339 0.16701534390449527 0.65422531962394725 12.426136493682863 -0.78333333134651173 -1.8204182982444761 0.091964762657880797 -1.8461474180221555 0.090078473091125502 0.44064845144748693 0.034549072384834296 0.49654917418956762 0.25398939847946173 1.0167886614799502
decision_type=2 2 2 2 2 2 2 2 2 2 2 2 2 2 2 2
left_child=2 -2 -1 -3 -4 13 14 8 15 -10 12 -12 -9 -6 -7 -8
right_child=1 3 4 -5 5 6 7 10 9 -11 11 -13 -14 -15 -16 -17
leaf_value=0.00068237807930206652 -0.00090427193639448431 0.00022437927927967396 -0.00058546984257970634 -0.00053502840886115641 2.7966620559296149e-05 0.00061173108857282823 -0.00016679013919938487 0.00039109881234190684 0.00012528550688887575 -0.00057175524874495483 0.00044864442091211728 4.6301479669637048e-05 -0.00017651122655366731 -0.00065339143385734558 7.836490194027388e-07 -0.00069305756381557633
leaf_weight=53 51 96 56 60 55 76 79 58 248 54 202 1445 452 52 56 75
leaf_count=53 51 96 56 60 55 76 79 58 248 54 202 1445 452 52 56 75
internal_value=-1.17722e-06 -0.000273812 1.78824e-05 -6.77006e-05 5.77156e-06 1.73808e-05 2.98755e-05 1.35755e-05 -0.000142456 6.4908e-07 4.65612e-05 9.56477e-05 -0.000111959 -0.000303161 0.000352541 -0.000423089
internal_weight=3168 207 2961 156 2908 2852 2745 2613 456 302 2157 1647 510 107 132 154
internal_count=3168 207 2961 156 2908 2852 2745 2613 456 302 2157 1647 510 107 132 154
is_linear=0
shrinkage=0.05


Tree=154
num_leaves=11
num_cat=0
split_feature=83 54 69 0 175 36 81 151 87 92
split_gain=0.00614532 0.00825505 0.00689803 0.00672693 0.00503903 0.00544254 0.00608997 0.00598598 0.0053981 0.00505635
threshold=0.95683249831199657 0.92587810754776012 0.68242871761322033 0.051384894177317626 10.502470493316652 -0.78333333134651173 -0.15812621265649793 2.2035192251205449 0.80344784259796154 0.11565480753779413
decision_type=2 2 2 2 2 2 2 2 2 2
left_child=1 3 -2 4 -1 9 -7 8 -8 -6
right_child=2 -3 -4 -5 5 6 7 -9 -10 -11
leaf_value=-0.00038433087095406587 -3.4920627471386059e-05 0.00062684579325259957 -0.00073528371033455072 -0.00048129433196403884 0.00073371551826130607 -0.00049242883086030888 -1.2809816689576276e-05 0.0004842370740815942 0.00025179007598645904 0.0001027518631668374
leaf_weight=77 87 54 59 70 50 59 2347 68 210 87
leaf_count=77 87 54 59 70 50 59 2347 68 210 87
internal_value=-1.11836e-06 1.41882e-05 -0.000317944 3.04151e-06 1.47404e-05 2.56332e-05 9.94266e-06 2.12341e-05 8.92111e-06 0.000333031
internal_weight=3168 3022 146 2968 2898 2821 2684 2625 2557 137
internal_count=3168 3022 146 2968 2898 2821 2684 2625 2557 137
is_linear=0
shrinkage=0.05


Tree=155
num_leaves=25
num_cat=1
split_feature=138 186 124 153 171 112 117 132 62 36 120 22 36 21 169 10 159 161 102 22 153 115 88 174
split_gain=0.00802274 0.013919 0.0183873 0.0153643 0.0113088 0.00814716 0.00907136 0.00717709 0.00571025 0.0098173 0.00975818 0.00925532 0.00785456 0.00946307 0.00815499 0.00764277 0.0124382 0.00732995 0.00674101 0.00665072 0.00628085 0.00583494 0.00539277 0.0039889
threshold=0.97074368596076976 0 0.043089464306831367 0.25173191726207739 103496692.00000001 0.017352721653878692 0.22885881364345553 0.91771224141120922 0.42282503843307501 0.11666667088866235 0.01490760548040271 0.40218034386634832 0.68333333730697643 0.49876590073108679 0.11752793937921525 1.0210071802139284 1.1923559904098513 1.3622283339500429 1.0040569305419924 0.21581762284040454 0.28749337792396551 0.0010361789609305563 0.052704354748129852 69.201156616210952
decision_type=2 1 2 2 2 2 2 2 2 2 2 2 2 2 2 2 2 2 2 2 2 2 2 2
left_child=1 3 -3 -1 -4 7 -7 -2 9 -9 11 19 13 14 -12 21 -17 -14 -15 -10 -13 -11 -23 -19
right_child=5 2 4 -5 -6 6 -8 8 10 15 12 20 17 18 -16 16 -18 23 -20 -21 -22 22 -24 -25
leaf_value=0.0001082230719512154 0.00049117885429128267 0.00076532830771303476 7.9499571548887732e-05 0.001309091887002037 -0.00075796080936390143 -0.00089858457756269701 2.6668422987523421e-05 -0.00064698641646308331 0.00030753901104244274 0.00021917465343083278 2.8715315231291356e-05 0.00095461221997428572 -0.00073075179057870664 9.3193204645622334e-05 -0.00027677167410580138 -0.00020205377210718973 0.00087729549565005545 -0.00034586563551187522 0.00050926751937979383 -0.00042246798816799691 0.0002621660168425968 -0.00061281882532241566 -0.00014255167750323633 0.00025656650771270511
leaf_weight=50 73 59 99 57 68 54 52 84 78 82 628 66 69 535 335 56 51 61 119 52 65 79 267 50
leaf_count=50 73 59 99 57 68 54 52 84 78 82 628 66 69 535 335 56 51 61 119 52 65 79 267 50
internal_value=1.25306e-05 0.000244783 6.28599e-06 0.000684012 -0.000261502 -1.45493e-05 -0.000444687 2.03056e-06 -1.13082e-05 -0.000144461 2.87412e-05 0.000314425 -1.27521e-05 2.21249e-05 -7.75548e-05 -6.556e-05 0.000312402 -0.000326063 0.000168901 1.55362e-05 0.000611032 -0.000160051 -0.000249925 -7.44998e-05
internal_weight=3189 333 226 107 167 2856 106 2750 2677 619 2058 261 1797 1617 963 535 107 180 654 130 131 428 346 111
internal_count=3189 333 226 107 167 2856 106 2750 2677 619 2058 261 1797 1617 963 535 107 180 654 130 131 428 346 111
cat_boundaries=0 1
cat_threshold=1537
is_linear=0
shrinkage=0.05


Tree=156
num_leaves=19
num_cat=0
split_feature=5 101 96 45 105 99 103 39 40 121 92 109 78 125 161 86 105 19
split_gain=0.00727378 0.0127061 0.00759576 0.00827763 0.00777916 0.00604099 0.00857153 0.00666571 0.0062681 0.00916067 0.00603235 0.0059502 0.0098003 0.0104655 0.0100023 0.00823948 0.00701648 0.00492692
threshold=0.013718590606004001 0.69164046645164501 -5.0809891223907462 0.47499999403953558 0.92839863896369945 0.78073924779891979 0.91276636719703685 0.75000000000000011 0.62500000000000011 0.44712062180042272 0.24101357161998752 0.024322744458913807 0.22714763134717944 0.012713227886706592 1.3936824798583987 0.78266143798828136 0.96875274181365978 0.7590070664882661
decision_type=2 2 2 2 2 2 2 2 2 2 2 2 2 2 2 2 2 2
left_child=5 -2 3 -3 -4 -1 -7 8 11 17 -9 15 13 -13 -14 16 -8 -10
right_child=1 2 4 -5 -6 6 7 10 9 -11 -12 12 14 -15 -16 -17 -18 -19
leaf_value=-0.00048884913154655476 0.00088392733237318069 -0.00048379274339404433 -1.9927616690493089e-05 0.00024375690263696016 0.00065863751350302353 0.00059660019391669962 0.00038717326667061066 -1.1538608957363188e-05 0.00033164748314316444 0.00079962236330877146 -0.00074948188457397166 -0.00015110506429372541 -0.00077353843468154092 0.00021841753729129034 -0.00012073372244756198 -0.00057825162279186767 2.9215620877028241e-05 -0.00022000106019513162
leaf_weight=66 60 87 83 71 86 58 158 53 83 57 58 589 100 284 142 50 1025 79
leaf_count=66 60 87 83 71 86 58 158 53 83 57 58 589 100 284 142 50 1025 79
internal_value=1.19041e-05 0.000215094 9.23719e-05 -0.000156856 0.000325378 -1.61596e-05 -4.75697e-06 -1.77811e-05 -1.37764e-06 0.000254453 -0.000397131 -2.52392e-05 -0.00010894 -3.08938e-05 -0.000390488 5.04516e-05 7.7024e-05 6.26337e-05
internal_weight=3189 387 327 158 169 2802 2736 2678 2567 219 111 2348 1115 873 242 1233 1183 162
internal_count=3189 387 327 158 169 2802 2736 2678 2567 219 111 2348 1115 873 242 1233 1183 162
is_linear=0
shrinkage=0.05


Tree=157
num_leaves=18
num_cat=0
split_feature=140 46 101 107 102 118 142 133 161 110 125 39 126 107 4 30 77
split_gain=0.00827446 0.0140766 0.0221855 0.00830479 0.00668005 0.0146806 0.00591094 0.00792691 0.0075143 0.00603898 0.00795662 0.00715194 0.00694554 0.00566137 0.00545383 0.0046777 0.00434891
threshold=0.9196525812149049 0.38333334028720861 0.74298414587974559 0.031266253441572196 0.96967461705207836 0.075106203556060805 0.96262288093566906 0.88870063424110424 1.4316143989562991 0.085526566952466979 0.044289557263255126 0.75000000000000011 0.018640035763382915 0.052578041329979903 0.28007781505584722 0.32500000298023229 0.47051915526390081
decision_type=2 2 2 2 2 2 2 2 2 2 2 2 2 2 2 2 2
left_child=1 -1 -3 4 5 -2 8 -8 -6 10 11 -9 -11 -4 16 -7 -5
right_child=3 2 13 14 6 15 7 9 -10 12 -12 -13 -14 -15 -16 -17 -18
leaf_value=-0.00030097476041376377 0.00088945223881216687 0.0014283758328529075 0.00050532579581328207 -0.00023837513181206306 -0.00076959335312590401 -0.00037591953068675306 0.00049606289159783042 3.0779563455473611e-06 -1.1615595819118122e-06 0.00075601829559201626 -0.00057201317115239088 -0.00058474721663515083 -6.1801836418453609e-05 -0.00019981503775025802 5.9544432130038605e-05 0.00028885260381845431 -0.00085876958478924318
leaf_weight=69 67 50 59 56 57 55 80 2185 72 54 65 53 50 55 54 51 57
leaf_count=69 67 50 59 56 57 55 80 2185 72 54 65 53 50 55 54 51 57
internal_value=1.13089e-05 0.00029818 0.000550263 -1.13031e-05 9.20457e-06 0.000310111 -1.06948e-05 6.42252e-06 -0.000340701 -9.85136e-06 -2.66813e-05 -1.08428e-05 0.000362836 0.000165126 -0.000353793 -5.60763e-05 -0.000551317
internal_weight=3189 233 164 2956 2789 173 2616 2487 129 2407 2303 2238 104 114 167 106 113
internal_count=3189 233 164 2956 2789 173 2616 2487 129 2407 2303 2238 104 114 167 106 113
is_linear=0
shrinkage=0.05


Tree=158
num_leaves=19
num_cat=0
split_feature=138 163 171 52 112 142 127 52 170 142 4 158 158 24 175 139 109 134
split_gain=0.00669753 0.0127623 0.0098096 0.0116723 0.00774088 0.00701363 0.00678893 0.00584251 0.00913744 0.00520303 0.00836214 0.00636396 0.00787632 0.0091765 0.00429207 0.0062774 0.00392048 0.00381663
threshold=0.96938085556030285 58.94897651672364 97179696.000000015 1.0000000180025095e-35 0.018723971210420135 0.94581788778305065 1.0109444856643679 0.19166667014360431 899281888.00000012 0.96517312526702892 0.25539679825305944 0.95203131437301647 0.91753017902374279 0.65000000596046459 12.426136493682863 1.0168532133102419 0.02944938559085131 0.94812545180320751
decision_type=2 2 2 2 2 2 2 2 2 2 2 2 2 2 2 2 2 2
left_child=1 -1 3 -3 5 -2 -4 9 -9 10 16 12 13 -11 -13 -16 -7 -14
right_child=4 2 6 -5 -6 7 -8 8 -10 11 -12 14 17 -15 15 -17 -18 -19
leaf_value=0.000859232323523429 0.00056525496011427428 0.00085548427774600935 -0.00068367895225740299 -4.0205017268652395e-05 -0.00048066110411191192 0.00035043548719555724 0.00011718190780455045 -0.00021588480552600233 0.00064370329417238006 -0.00017504242101115816 -0.00061141357640735804 -0.00030390603402446163 -0.00080619760534588109 0.00016268800600475797 -7.8076510683529779e-06 0.0002122506640919831 -0.00026365639367316554 -0.00020305149127143168
leaf_weight=64 54 62 55 88 86 51 51 50 81 566 95 76 54 312 791 549 53 51
leaf_count=64 54 62 55 88 86 51 51 50 81 566 95 76 54 312 791 549 53 51
internal_value=1.07434e-05 0.000227709 6.98278e-05 0.000330013 -1.34562e-05 9.81272e-07 -0.000298359 -1.01843e-05 0.000315616 -2.66122e-05 -0.000272291 -6.23291e-06 -0.000103973 -5.50289e-05 6.16193e-05 8.23506e-05 3.74848e-05 -0.000513241
internal_weight=3189 320 256 150 2869 2783 106 2729 131 2598 199 2399 983 878 1416 1340 104 105
internal_count=3189 320 256 150 2869 2783 106 2729 131 2598 199 2399 983 878 1416 1340 104 105
is_linear=0
shrinkage=0.05


Tree=159
num_leaves=18
num_cat=0
split_feature=140 45 92 107 142 112 0 52 177 62 159 132 126 110 169 1 161
split_gain=0.00737536 0.0121063 0.0145434 0.00737721 0.00566544 0.0186704 0.00616289 0.00712852 0.00894408 0.00567353 0.0118892 0.00822723 0.00789676 0.0073272 0.00521136 0.00497908 0.00434782
threshold=0.9196525812149049 0.32500000298023229 0.46862891316413885 0.031266253441572196 0.94870629906654369 0.014181917998939754 0.03127222694456578 0.19166667014360431 240.26593780517581 0.41505996882915502 1.0981491208076479 0.95019614696502697 -0.020595527254045006 0.085526566952466979 0.32398071885108953 0.047580055892467506 1.5722793936729433
decision_type=2 2 2 2 2 2 2 2 2 2 2 2 2 2 2 2 2
left_child=1 -1 16 4 5 -2 7 9 -9 10 12 -12 -6 14 -11 -5 -3
right_child=3 2 -4 15 6 -7 -8 8 -10 13 11 -13 -14 -15 -16 -17 -18
leaf_value=-0.0002803719149897809 0.0010916713144688403 0.00051897958116023802 0.0011673226853807657 -5.9284633870590033e-05 -0.00016199897140419732 -0.00012077464514355786 -0.00047092896038001137 0.00074567267949792696 -0.00012990457890555261 4.0693078134899123e-05 0.00043931394978350807 -0.00017876625154728356 -0.00094631140219871013 0.00051445439636760672 -0.00016295683970943525 -0.00060532414782279553 -0.00011475590983827638
leaf_weight=68 50 50 56 83 60 87 70 70 50 1615 77 179 69 72 390 84 59
leaf_count=68 50 50 56 83 60 87 70 70 50 1615 77 179 69 72 390 84 59
internal_value=1.02063e-05 0.000281044 0.000512415 -1.11419e-05 8.18661e-06 0.000321724 -8.01045e-06 4.53963e-06 0.000380849 -1.3802e-05 -0.000190097 7.14068e-06 -0.000581515 1.88767e-05 1.08038e-06 -0.000333939 0.000175948
internal_weight=3189 233 165 2956 2789 137 2652 2582 120 2462 385 256 129 2077 2005 167 109
internal_count=3189 233 165 2956 2789 137 2652 2582 120 2462 385 256 129 2077 2005 167 109
is_linear=0
shrinkage=0.05


Tree=160
num_leaves=19
num_cat=0
split_feature=156 132 157 138 90 7 42 27 145 132 176 5 120 56 168 148 26 86
split_gain=0.00669978 0.0134224 0.0121384 0.00714525 0.0109882 0.00701481 0.010551 0.00954091 0.00636502 0.00621212 0.00669282 0.0114996 0.00642387 0.00687007 0.0128777 0.00650394 0.00594771 0.00592823
threshold=0.23330313712358478 0.8686894178390504 0.69158050417900097 0.96938085556030285 0.5237402915954591 0.022792844101786617 0.47499999403953558 0.62500000000000011 0.89384904503822338 0.90396296977996837 103.90056610107423 0.0060052548069506892 0.0078882174566388148 0.55683758854866039 -1.0030248165130613 0.89754518866539013 0.21666666865348819 0.3210915625095368
decision_type=2 2 2 2 2 2 2 2 2 2 2 2 2 2 2 2 2 2
left_child=2 -2 -1 4 -3 7 -7 -4 -9 -5 12 -12 15 14 -14 -11 -15 -17
right_child=1 3 5 9 -6 6 -8 8 -10 10 11 -13 13 16 -16 17 -18 -19
leaf_value=-0.00076953839566946654 0.00076700325886831398 -0.00014805682178121061 -0.00036078880056655702 -0.00049855334646053961 0.00085556216397283914 0.00019972498708573932 -0.00068701590073117608 2.8607165858021391e-05 0.00070573950162127657 0.00064813752598719978 -6.780908456114069e-06 0.00093488266810548819 -0.00015426010440497 -0.00063579186185961593 0.0001624120753150545 -0.0003104074621660402 -0.00011959948488996027 0.00031622200234699489
leaf_weight=75 59 50 70 64 60 55 86 72 67 67 89 51 563 60 747 64 798 92
leaf_count=75 59 50 70 64 60 55 86 72 67 67 89 51 563 60 747 64 798 92
internal_value=-7.47432e-06 2.0944e-05 -0.000192294 4.67136e-06 0.000399372 -6.85984e-05 -0.000341124 0.000115259 0.000354995 -1.20597e-05 2.42022e-07 0.000336254 -1.94324e-05 -4.5717e-05 2.63156e-05 0.000236106 -0.000155697 5.91432e-05
internal_weight=3189 2764 425 2705 110 350 141 209 139 2595 2531 140 2391 2168 1310 223 858 156
internal_count=3189 2764 425 2705 110 350 141 209 139 2595 2531 140 2391 2168 1310 223 858 156
is_linear=0
shrinkage=0.05


Tree=161
num_leaves=19
num_cat=0
split_feature=156 132 157 132 138 99 7 52 167 176 77 145 53 183 120 89 88 176
split_gain=0.00604655 0.0121137 0.0109549 0.00650088 0.0166947 0.00742012 0.00633086 0.0127004 0.00785442 0.00604027 0.0110628 0.00595492 0.00582565 0.00794279 0.00736 0.00647356 0.00566699 0.00505009
threshold=0.23330313712358478 0.8686894178390504 0.69158050417900097 0.90396296977996837 0.96938085556030285 0.87717249989509594 0.022792844101786617 1.0000000180025095e-35 1.0720813274383547 103.90056610107423 0.49241539835929876 0.89384904503822338 0.84994357824325573 0.013787055388092996 0.0027101769810542469 0.41484817862510687 0.88786455988883983 75.606906890869155
decision_type=2 2 2 2 2 2 2 2 2 2 2 2 2 2 2 2 2 2
left_child=2 -2 -1 5 -5 -3 8 -8 -4 12 -11 -10 14 17 15 -6 -16 -14
right_child=1 3 6 4 9 -7 7 -9 11 10 -12 -13 13 -15 16 -17 -18 -19
leaf_value=-0.00073106147506041448 0.00072865311004087269 7.7807378082070502e-05 -0.00030887563660966506 0.00081792541295726555 2.3767734737188186e-05 -0.00074692158425023088 0.00014047644918820072 -0.00080880975255622877 4.8760460869673879e-05 0.00088034710626945728 -3.2755877395555767e-05 0.00071774482484184346 -0.00052738919737748801 -0.00076504544784001432 1.7835261513211776e-05 0.00080524885912759692 -0.0002399507020331952 5.5341223240498825e-05
leaf_weight=75 59 50 73 64 53 60 72 69 78 54 86 58 50 57 1791 53 242 145
leaf_count=75 59 50 73 64 53 60 72 69 78 54 86 58 50 57 1791 53 242 145
internal_value=-7.1006e-06 1.98968e-05 -0.000182679 4.43779e-06 2.03966e-05 -0.000372045 -6.51685e-05 -0.000324068 0.000109496 2.2992e-07 0.000319441 0.000334063 -1.84608e-05 -0.000245844 8.32761e-06 0.000414508 -1.28505e-05 -9.40768e-05
internal_weight=3189 2764 425 2705 2595 110 350 141 209 2531 140 136 2391 252 2139 106 2033 195
internal_count=3189 2764 425 2705 2595 110 350 141 209 2531 140 136 2391 252 2139 106 2033 195
is_linear=0
shrinkage=0.05


Tree=162
num_leaves=15
num_cat=0
split_feature=156 56 157 175 101 160 39 148 105 183 167 178 146 117
split_gain=0.00545701 0.0110651 0.00988682 0.00699309 0.00837961 0.00757646 0.00604288 0.00666365 0.00595362 0.00579758 0.00804276 0.00686413 0.00624642 0.00546436
threshold=0.23330313712358478 0.70544549822807323 0.69158050417900097 89.896167755126967 0.67111140489578258 0.8336620330810548 0.75000000000000011 0.56200519204139721 0.88153314590454113 0.044882807880640037 0.97219815850257885 -6.3688447475433341 0.83938950300216686 0.21160184592008593
decision_type=2 2 2 2 2 2 2 2 2 2 2 2 2 2
left_child=2 3 -1 4 -2 -6 7 -7 -9 10 -4 12 -12 -11
right_child=1 -3 9 -5 5 6 -8 8 -10 13 11 -13 -14 -15
leaf_value=-0.00069450840060987203 -0.00052665248444291619 0.00060596444426874556 -0.00031742264109616166 0.00058764014631742612 0.00060347549353117265 0.00054716258192846528 -0.00042579559262502509 -0.00046575360786792934 8.9586400089486273e-06 -2.0891709136776629e-06 -0.00034349089869465391 0.00074521502076850261 0.00042086313290796664 -0.0007307667677007388
leaf_weight=75 76 78 87 50 52 56 83 68 2301 50 52 53 55 53
leaf_count=75 76 78 87 50 52 56 83 68 2301 50 52 53 55 53
internal_value=-6.74557e-06 1.8902e-05 -0.000173545 1.85398e-06 -9.25729e-06 6.10288e-06 -6.28283e-06 8.07575e-06 -4.66755e-06 -6.19101e-05 6.95003e-05 0.00027989 4.94014e-05 -0.00037704
internal_weight=3189 2764 425 2686 2636 2560 2508 2425 2369 350 247 160 107 103
internal_count=3189 2764 425 2686 2636 2560 2508 2425 2369 350 247 160 107 103
is_linear=0
shrinkage=0.05


Tree=163
num_leaves=16
num_cat=0
split_feature=156 183 157 152 106 10 89 86 76 9 102 11 19 77 177
split_gain=0.00492495 0.010672 0.00892285 0.00632 0.00622307 0.00580873 0.00623576 0.00519037 0.0053714 0.00937389 0.0112665 0.00672156 0.00718635 0.00679553 0.00646499
threshold=0.23330313712358478 0.056894054636359222 0.69158050417900097 0.20870800316333774 0.89058539271354686 1.0277955532073977 0.48831847310066229 -0.45616617798805231 0.42900872230529791 0.97241759300231945 0.96416428685188305 0.97269016504287731 0.59537184238433849 0.47564777731895452 165.41925811767581
decision_type=2 2 2 2 2 2 2 2 2 2 2 2 2 2 2
left_child=2 7 -1 4 -4 6 -5 -2 -9 14 -11 12 -12 -13 -10
right_child=1 -3 3 5 -6 -7 -8 8 9 10 11 13 -14 -15 -16
leaf_value=-0.00065978298222034947 -0.00042060121472916635 0.00072747980043109592 -0.00023840431164717302 2.6532848453919951e-05 0.0004615797690265068 0.0002079834672258585 -0.00062634649678357441 0.00043559185716141063 -0.00071062841390570012 0.00074744659101476298 -7.3057796867538456e-05 -0.00033475213659888445 0.00068773724073352784 1.3610508839273956e-05 -2.9340753485135234e-05
leaf_weight=75 70 52 50 58 87 56 99 74 75 53 54 150 73 2098 65
leaf_count=75 70 52 50 58 87 56 99 74 75 53 54 150 73 2098 65
internal_value=-6.40829e-06 1.79569e-05 -0.000164868 -5.88146e-05 0.000206111 -0.000229213 -0.000385155 4.35244e-06 1.56116e-05 3.50939e-06 2.64483e-05 1.03586e-05 0.00036425 -9.63433e-06 -0.000394316
internal_weight=3189 2764 425 350 137 213 157 2712 2642 2568 2428 2375 127 2248 140
internal_count=3189 2764 425 350 137 213 157 2712 2642 2568 2428 2375 127 2248 140
is_linear=0
shrinkage=0.05


Tree=164
num_leaves=20
num_cat=0
split_feature=6 181 65 120 117 101 157 85 49 32 169 180 77 160 172 88 112 133 159
split_gain=0.00479867 0.00688924 0.00811604 0.00747405 0.00572262 0.00928164 0.00701291 0.0112533 0.00811393 0.00906211 0.00760422 0.00629502 0.00574474 0.0145571 0.0133717 0.00705259 0.00660301 0.00757416 0.0028213
threshold=0.039841270074248321 0.016086472198367122 0.34916733205318456 0.19798224419355395 0.8978705406188966 0.6421000361442567 0.5213533639907838 0.098332889378070845 0.55000001192092907 0.50833332538604747 0.16254378855228427 127.79443359375001 0.48240959644317633 1.1551619172096255 53745230.000000007 0.86006855964660656 0.015819808468222622 0.88870063424110424 1.0438248515129092
decision_type=2 2 2 2 2 2 2 2 2 2 2 2 2 2 2 2 2 2 2
left_child=1 18 3 -3 5 -2 7 -7 12 -10 11 -9 13 14 -8 -15 17 -14 -1
right_child=4 2 -4 -5 -6 6 8 10 9 -11 -12 -13 16 15 -16 -17 -18 -19 -20
leaf_value=0.0003477835216163855 -0.00060216794419477903 -0.00094561434032031056 0.00012718995180182254 -0.0002290511592261058 0.00040567330248490144 -0.00022717962919331687 0.00012405342268175445 0.0011760738222801595 -0.00082975569563249372 1.5200316500760472e-05 4.1723204992228643e-05 0.00039032827511479044 0.00059060161127526246 -8.165858273920739e-05 0.0012804128446732648 0.00041524939187697984 -0.00051196989419729697 -2.7826728192049599e-05 -9.7094331221241097e-05
leaf_weight=59 62 69 59 77 91 74 50 50 62 65 54 52 51 319 50 92 68 1695 90
leaf_count=59 62 69 59 77 91 74 50 50 62 65 54 52 51 319 50 92 68 1695 90
internal_value=-6.08788e-06 -0.000179659 -0.000367708 -0.000567701 1.55856e-05 2.64901e-06 1.66306e-05 0.00028062 -8.13183e-06 -0.000397298 0.000521499 0.000775498 1.31258e-05 0.000161208 0.000702233 2.95714e-05 -2.85885e-05 -9.76267e-06 7.90654e-05
internal_weight=3189 354 205 146 2835 2744 2682 230 2452 127 156 102 2325 511 100 411 1814 1746 149
internal_count=3189 354 205 146 2835 2744 2682 230 2452 127 156 102 2325 511 100 411 1814 1746 149
is_linear=0
shrinkage=0.05


Tree=165
num_leaves=28
num_cat=0
split_feature=114 115 130 136 92 173 183 115 118 175 110 166 119 111 46 121 133 42 90 172 100 181 88 148 19 178 126
split_gain=0.00662134 0.00554651 0.00549223 0.00761518 0.00722617 0.0135995 0.0102147 0.0101063 0.00723934 0.00894221 0.00688549 0.010215 0.00951108 0.0140359 0.00929688 0.0087316 0.00825342 0.00654468 0.00626109 0.0061057 0.00696182 0.00668672 0.00604914 0.00852342 0.00677751 0.00430158 0.00292851
threshold=0.013864133507013323 0.01053408393636346 1.0617138147354128 0.65943720936775219 0.37142679095268255 1.6528776884078982 -0.010704892687499521 0.0032781943446025257 0.47197891771793371 82.297100067138686 0.039954232051968581 54.525047302246101 0.070911992341279997 0.094929717481136336 0.41666667163372045 0.29436221718788153 0.93230596184730541 0.57499998807907116 0.65399762988090526 20107889.000000004 1.0715147256851199 0.021320215426385406 0.37660564482212072 0.55241027474403392 0.84963911771774303 -7.0069208145141593 0.031121323816478256
decision_type=2 2 2 2 2 2 2 2 2 2 2 2 2 2 2 2 2 2 2 2 2 2 2 2 2 2 2
left_child=1 2 4 -4 7 6 -6 18 9 -8 11 19 13 16 26 -16 -12 25 22 20 -5 -21 24 -24 -1 -9 -14
right_child=-2 -3 3 10 5 -7 8 17 -10 -11 12 -13 14 -15 15 -17 -18 -19 -20 21 -22 -23 23 -25 -26 -27 -28
leaf_value=3.1666404827534144e-05 -0.00050873020104518223 0.00052740704600000754 -0.00066750911506600332 -0.00048484782441875966 0.0007629539437662711 0.0009519061980999713 3.1102230955517238e-05 -0.00029853617689825897 -0.0004021536026072378 0.00064750194075583888 0.00061387493573979905 -0.00067734505900743369 -0.00075203247369455106 0.00094726657337957938 -0.00018130533201838261 0.00030084877370463393 -0.00013482876745131631 0.00010240408108006275 -0.00040788476330550009 0.00010628696783358124 0.00013848997109490151 -0.0004973967662871868 0.00080999550360879864 0.0001322571048853382 -0.00058771454202525219 -0.00088646735427703658 -0.0002286707841267344
leaf_weight=265 64 50 52 155 56 54 369 70 75 70 52 85 52 64 200 177 126 53 68 341 63 53 53 372 53 56 55
leaf_count=265 64 50 52 155 56 54 369 70 75 70 52 85 52 64 200 177 126 53 68 341 63 53 53 372 53 56 55
internal_value=-5.26407e-06 5.00093e-06 -3.45498e-06 -7.31965e-05 6.02803e-05 0.00019354 0.000121694 -2.37135e-05 5.18295e-05 0.000129389 -5.14788e-05 -0.000163729 5.62875e-05 0.000312224 -7.16806e-05 4.50641e-05 8.38937e-05 -0.000363756 5.1339e-05 -9.23933e-05 -0.000304709 2.50808e-05 9.33676e-05 0.000216775 -7.15638e-05 -0.000559839 -0.000483015
internal_weight=3203 3139 3089 1475 1614 624 570 990 514 439 1423 697 726 242 484 377 178 179 811 612 218 394 743 425 318 126 107
internal_count=3203 3139 3089 1475 1614 624 570 990 514 439 1423 697 726 242 484 377 178 179 811 612 218 394 743 425 318 126 107
is_linear=0
shrinkage=0.05


Tree=166
num_leaves=18
num_cat=0
split_feature=114 37 101 8 47 104 99 76 83 116 92 5 170 157 156 36 1
split_gain=0.00597576 0.00513968 0.0171468 0.00824611 0.00748637 0.00650546 0.00722475 0.00574737 0.00555426 0.00522127 0.00471142 0.00566045 0.00987197 0.0103776 0.00492886 0.0059126 0.00578959
threshold=0.013864133507013323 0.75833332538604747 0.69164046645164501 -0.63455590605735768 0.39166666567325598 0.99273499846458446 0.85575437545776378 0.45947137475013738 0.57375466823577892 0.0056236085947602996 0.66756233572959911 0.0067340098321437844 4005288064.0000005 0.64438900351524364 0.77990621328353893 0.68333333730697643 0.021201135590672496
decision_type=2 2 2 2 2 2 2 2 2 2 2 2 2 2 2 2 2
left_child=1 4 -3 -4 -1 6 -5 -8 -9 10 11 14 13 -13 15 -6 -16
right_child=-2 2 3 5 9 -7 7 8 -10 -11 -12 12 -14 -15 16 -17 -18
leaf_value=-0.000463153200132271 -0.00048329368357826754 0.00087852053904628389 0.00058446754134412662 -0.00045300244575276248 2.6123214142449162e-05 -0.00058722732611931868 0.00062942682820857961 0.00025371664241252543 -0.00029377446844591759 -0.00051242697786074134 0.00046125180717684666 0.00046034293639148397 0.00066030102525473924 -3.7812961939288495e-05 -0.00012631133209799701 -0.00028463252997040648 -0.00064231706440777468
leaf_weight=93 64 70 58 62 1132 50 50 112 79 50 55 126 72 614 271 177 68
leaf_count=93 64 70 58 62 1132 50 50 112 79 50 55 126 72 614 271 177 68
internal_value=-5.00086e-06 4.75088e-06 0.000155151 3.1949e-05 -2.24659e-05 -5.88331e-05 2.83606e-05 0.000152197 2.72674e-05 -6.48779e-06 3.57064e-06 -6.66207e-06 0.000101389 4.70082e-05 -5.99007e-05 -1.58965e-05 -0.000229817
internal_weight=3203 3139 481 411 2658 353 303 241 191 2565 2515 2460 812 740 1648 1309 339
internal_count=3203 3139 481 411 2658 353 303 241 191 2565 2515 2460 812 740 1648 1309 339
is_linear=0
shrinkage=0.05


Tree=167
num_leaves=15
num_cat=0
split_feature=115 136 154 157 86 104 144 172 170 96 101 101 62 155
split_gain=0.00600395 0.00784609 0.0177085 0.00509294 0.0131204 0.00952479 0.00765164 0.00550218 0.00928267 0.00552276 0.00519282 0.00576534 0.00740543 0.00464163
threshold=0.010873379185795786 0.65422531962394725 0.30202984809875494 0.5213533639907838 0.34953811764717108 0.99927952885627758 0.94624754786491405 418021232.00000006 6505856512.000001 -0.22121811658143994 0.70782020688056957 0.77284878492355358 0.36076109111309057 0.16538387537002566
decision_type=2 2 2 2 2 2 2 2 2 2 2 2 2 2
left_child=1 2 -1 4 5 -3 -6 8 10 -9 -5 12 -12 -13
right_child=-2 3 -4 7 6 -7 -8 9 -10 -11 11 13 -14 -15
leaf_value=0.00019760021598797225 0.00051800588375448982 0.00018950088203371663 -0.0010542953361956668 0.00042392975758188045 0.00098119003942899268 -0.00067352514026704463 0.00022861950196726604 -0.00075181196333142008 0.0006511062805108147 -5.9583091618097734e-05 1.0475750325265557e-05 0.00033092874718931853 -0.00069021237938352291 -2.398722513955738e-05
leaf_weight=57 54 83 56 65 59 52 79 50 53 68 78 96 73 2280
leaf_count=57 54 83 56 65 59 52 79 50 53 68 78 96 73 2280
internal_value=-4.75082e-06 -1.37152e-05 -0.000422808 1.51124e-06 0.000207533 -0.000142924 0.000550371 -1.88448e-05 -3.94179e-06 -0.0003529 -1.73359e-05 -2.86862e-05 -0.000328268 -9.64719e-06
internal_weight=3203 3149 113 3036 273 135 138 2763 2645 118 2592 2527 151 2376
internal_count=3203 3149 113 3036 273 135 138 2763 2645 118 2592 2527 151 2376
is_linear=0
shrinkage=0.05


Tree=168
num_leaves=15
num_cat=0
split_feature=115 136 154 89 36 101 3 120 37 155 109 37 3 53
split_gain=0.00541857 0.0070811 0.0159819 0.00479151 0.00539547 0.0134609 0.00809605 0.00796855 0.00620509 0.00541857 0.00491702 0.00468818 0.00501907 0.00428729
threshold=0.010873379185795786 0.65422531962394725 0.30202984809875494 0.90261033177375805 0.68333333730697643 0.71685594320297252 0.017984511330723766 0.0078882174566388148 0.84166666865348827 0.15789882838726046 0.023928731679916385 0.85833334922790538 0.019153733737766746 0.7141222655773164
decision_type=2 2 2 2 2 2 2 2 2 2 2 2 2 2
left_child=1 2 -1 4 5 -3 7 -6 10 -7 -9 12 -11 -10
right_child=-2 3 -4 -5 6 9 -8 8 13 11 -12 -13 -14 -15
leaf_value=0.00018772018972269605 0.00049210559366285992 0.00079183021048915441 -0.0010015805711061278 0.000486852928333974 0.00041663542409272242 0.00043772790171279786 -0.0007112412348904305 -1.3266092841616478e-05 0.00048665723282353545 -9.7123514898416247e-06 -0.00042477305328359898 -0.00040004558885973975 0.00034127537967315136 -0.00011839915754155381
leaf_weight=57 54 56 56 50 69 71 57 113 52 2118 203 73 107 67
leaf_count=57 54 56 56 50 69 71 57 113 52 2118 203 73 107 67
internal_value=-4.51328e-06 -1.30294e-05 -0.000401668 1.43568e-06 -6.69254e-06 2.56345e-05 -0.00014643 -8.2553e-05 -0.000161735 7.52261e-06 -0.00027762 -5.7692e-06 7.16661e-06 0.000145995
internal_weight=3203 3149 113 3036 2986 2425 561 504 435 2369 316 2298 2225 119
internal_count=3203 3149 113 3036 2986 2425 561 504 435 2369 316 2298 2225 119
is_linear=0
shrinkage=0.05


Tree=169
num_leaves=19
num_cat=0
split_feature=114 6 3 115 110 40 181 174 183 185 170 10 94 85 145 162 74 81
split_gain=0.00542126 0.00499238 0.00942314 0.0174921 0.00840112 0.00952953 0.00789686 0.00758063 0.0073882 0.00794964 0.00713015 0.00600398 0.00579533 0.00743757 0.00647813 0.00525743 0.00482731 0.00598207
threshold=0.013864133507013323 0.07387914136052133 0.019632271490991119 0.0032781943446025257 0.026818726211786274 0.62500000000000011 0.040498316287994392 55.864879608154304 0.048569936305284507 0.10020244121551515 1144847808.0000002 1.0106952190399172 -3.3656065464019771 0.83896228671073925 0.93129023909568798 390.46984863281256 0.44827781617641455 0.082077588886022582
decision_type=2 2 2 2 2 2 2 2 2 2 2 2 2 2 2 2 2 2
left_child=1 4 6 -4 7 15 8 -1 9 12 -11 -9 14 -14 -3 16 17 -6
right_child=-2 2 3 -5 5 -7 -8 11 -10 10 -12 -13 13 -15 -16 -17 -18 -19
leaf_value=-0.00026698943035047376 -0.0004598492336981508 0.0005442820511192643 0.001126407412031602 -4.4274909784067672e-05 -0.0011555182238511157 0.00023474955799094078 0.00046909476163569047 1.9052739691117087e-05 -0.0005042787932729375 6.515155808711557e-05 0.00082354432538109419 0.00076580899845443164 -7.0622089126957431e-05 0.00044808110077509716 5.2348132997802422e-05 -7.5286876229226475e-05 -0.0002781984198358112 -0.00041316645380494926
leaf_weight=66 64 87 55 76 51 76 91 51 72 71 55 57 1721 72 290 91 99 58
leaf_count=66 64 87 55 76 51 76 91 51 72 71 55 57 1721 72 290 91 99 58
internal_value=-4.28762e-06 5.00067e-06 3.40318e-05 0.000447233 -0.000131959 -0.000265192 1.20191e-05 0.000155181 -5.54588e-06 1.00938e-05 0.000396196 0.000413174 -1.2325e-05 -4.9793e-05 0.000165871 -0.000392267 -0.000530946 -0.000760505
internal_weight=3203 3139 2590 131 549 375 2459 174 2368 2296 126 108 2170 1793 377 299 208 109
internal_count=3203 3139 2590 131 549 375 2459 174 2368 2296 126 108 2170 1793 377 299 208 109
is_linear=0
shrinkage=0.05


Tree=170
num_leaves=15
num_cat=0
split_feature=174 123 146 115 74 131 131 87 158 156 167 71 108 126
split_gain=0.00540917 0.0104267 0.00440978 0.00630836 0.00405117 0.00660759 0.00568558 0.00587301 0.00563097 0.00521825 0.00842055 0.00546764 0.00390328 0.00344055
threshold=94.10675430297853 0.051872828975319869 0.66956263780593883 0.0097388094291090983 0.57683169841766369 1.34442675113678 1.189076364040375 0.55017474293708812 0.99802681803703319 0.25949506461620336 1.4300620555877688 0.56009429693222057 0.014504143968224527 -0.0031410800293087955
decision_type=2 2 2 2 2 2 2 2 2 2 2 2 2 2
left_child=1 2 -1 4 5 9 7 12 -8 10 -4 -11 -6 -9
right_child=-2 -3 3 -5 6 -7 8 13 -10 11 -12 -13 -14 -15
leaf_value=-0.00045754039079978477 -0.0004934968098933934 0.00069357277108462187 -0.00039882876804229404 0.00054241155915035592 -1.5776745305448681e-05 0.00058296001808370282 -0.00073285125740699532 -5.8646958624355169e-05 -7.1666000193574528e-05 3.0887058633922273e-05 5.256289143103343e-05 0.00046365667891988879 -0.00039621364891806075 0.0004148865758824369
leaf_weight=52 54 55 185 54 161 52 67 68 62 1839 234 76 116 88
leaf_count=52 54 55 185 54 161 52 67 68 62 1839 234 76 116 88
internal_value=2.63743e-06 1.12547e-05 -1.03323e-06 6.87429e-06 -2.93542e-06 2.55111e-05 -0.000123707 -3.69026e-05 -0.000415072 1.30915e-05 -0.000146739 4.80622e-05 -0.000175093 0.000208475
internal_weight=3163 3109 3054 3002 2948 2386 562 433 129 2334 419 1915 277 156
internal_count=3163 3109 3054 3002 2948 2386 562 433 129 2334 419 1915 277 156
is_linear=0
shrinkage=0.05


Tree=171
num_leaves=14
num_cat=0
split_feature=174 123 146 110 119 57 121 121 130 36 78 120 111
split_gain=0.00488178 0.00941012 0.00397983 0.00658092 0.00908492 0.00411905 0.0039293 0.00534011 0.0152183 0.0140106 0.00766067 0.0069958 0.007194
threshold=94.10675430297853 0.051872828975319869 0.66956263780593883 0.085526566952466979 0.16418579965829852 0.58511775732040416 0.00014189863577485087 0.093637216836214079 1.1201357245445254 -0.58333334326744068 -0.23202303797006604 0.6002979874610902 0.10806054994463922
decision_type=2 2 2 2 2 2 2 2 2 2 2 2 2
left_child=1 2 -1 6 -5 -6 -4 8 10 -10 -8 12 -9
right_child=-2 -3 3 4 5 -7 7 11 9 -11 -12 -13 -14
leaf_value=-0.00043466337749403186 -0.00046882197348168124 0.00065889414828482337 0.00042324206017427989 0.00074026500187243638 0.00032155976700596516 -0.00032023856736486779 0.00028467214688134848 -9.1137136842975514e-06 -5.2646940457634631e-05 -0.0010716036792547204 -0.00011186327998285967 0.00058393695587503978 0.00048781056752168783
leaf_weight=52 54 55 51 71 50 50 152 1748 62 74 613 55 76
leaf_count=52 54 55 51 71 50 50 152 1748 62 74 613 55 76
internal_value=2.50556e-06 1.0692e-05 -9.81571e-07 6.53057e-06 0.000307748 6.606e-07 -1.16638e-05 -1.96422e-05 -0.000119717 -0.000607079 -3.30745e-05 2.83445e-05 1.15915e-05
internal_weight=3163 3109 3054 3002 171 100 2831 2780 901 136 765 1879 1824
internal_count=3163 3109 3054 3002 171 100 2831 2780 901 136 765 1879 1824
is_linear=0
shrinkage=0.05


Tree=172
num_leaves=29
num_cat=0
split_feature=163 126 177 184 5 32 11 163 120 97 112 75 157 91 92 83 153 6 156 26 124 32 85 69 147 119 126 162
split_gain=0.00459289 0.0050977 0.00468674 0.0196645 0.0268386 0.0105007 0.00963729 0.00810743 0.00695483 0.00607836 0.0070655 0.00534343 0.00771503 0.00988362 0.00837995 0.00730269 0.00591736 0.00585398 0.00526551 0.0071538 0.00717409 0.00646137 0.0117457 0.00653937 0.00562141 0.00463545 0.00337862 0.00202367
threshold=12.210915088653566 0.024391070939600471 70.50622940063478 0.048602230846881873 0.006871479796245695 0.70833331346511852 0.99285152554512035 76.533096313476577 0.15372799336910251 0.99100258946418773 0.004608363378793002 0.46844853460788732 1.5493050217628481 0.51037096977233898 0.44399130344390875 0.87963986396789562 0.27238427102565771 0.15417630225420001 0.78605356812477123 1.0000000180025095e-35 0.0044764294289052495 0.42499999701976782 0.58278676867485057 0.38783265650272375 1.3332800269126894 0.28386722505092626 0.0041525405831635007 377.57139587402349
decision_type=2 2 2 2 2 2 2 2 2 2 2 2 2 2 2 2 2 2 2 2 2 2 2 2 2 2 2 2
left_child=1 -1 3 5 -5 6 9 -4 -8 10 -2 12 13 14 15 -9 17 -15 19 20 -13 22 -21 -23 25 26 -20 -26
right_child=2 -3 7 4 -6 -7 8 11 -10 -11 -12 18 -14 16 -16 -17 -18 -19 24 21 -22 23 -24 -25 27 -27 -28 -29
leaf_value=-1.1179725328502038e-05 -0.00098105625850924603 -0.00066743414645316086 -0.00054125844518995096 -5.0682562309353113e-05 0.0013702205635662027 0.00055942682242647818 -0.00018876877834298313 -7.0250353462632115e-05 0.00053918903343490993 -4.502068364521013e-05 -0.00020680798577396659 0.00092062402493320403 0.00043950226460984947 -0.00034487779506620162 -0.00063008616556510131 0.00044486041841647144 -0.00015424789030370195 -0.0010845731122623515 1.8600634041080331e-05 0.00026043153008047359 0.00011850788033544156 -0.00055374202958091701 -0.00019825325660005806 -1.2342483888598576e-05 0.00039596720614729118 -0.00065821985256645768 -0.00044945730659147281 -4.3063481417396728e-05
leaf_weight=67 57 53 71 65 68 65 61 329 71 96 61 50 58 54 53 87 86 53 115 578 63 64 184 434 52 57 58 53
leaf_count=67 57 53 71 65 68 65 61 329 71 96 61 50 58 54 53 87 86 53 115 578 63 64 184 434 52 57 58 53
internal_value=2.38028e-06 -0.000301025 1.4345e-05 0.000147341 0.000675794 -2.36672e-05 -0.000133208 -1.46065e-05 0.000202784 -0.000340456 -0.000580809 7.93988e-07 -0.00011345 -0.000161896 -3.79618e-05 3.74771e-05 -0.000463063 -0.000711269 4.89531e-05 9.23175e-05 0.000473427 5.81386e-05 0.000149673 -8.19199e-05 -0.000128776 -0.000267165 -0.000138321 0.000174361
internal_weight=3163 120 3043 544 133 411 346 2499 132 214 118 2428 720 662 469 416 193 107 1708 1373 113 1260 762 498 335 230 173 105
internal_count=3163 120 3043 544 133 411 346 2499 132 214 118 2428 720 662 469 416 193 107 1708 1373 113 1260 762 498 335 230 173 105
is_linear=0
shrinkage=0.05


Tree=173
num_leaves=17
num_cat=0
split_feature=174 183 61 158 141 173 173 126 158 120 7 1 97 99 159 121
split_gain=0.00442429 0.00831017 0.00439809 0.0137449 0.00764436 0.00558664 0.00690592 0.00617246 0.00987215 0.00602145 0.00575271 0.00838219 0.00770868 0.00535972 0.00488966 0.00484712
threshold=94.10675430297853 0.072498708963394179 0.29629878699779516 1.0132848620414736 0.87538981437683117 1.2233060598373415 1.2027997374534609 0.011607034597545864 0.9751984477043153 0.060694484040141113 -0.0024660950293764468 0.032706072553992278 0.9380689561367036 0.93627125024795543 1.2099927067756655 0.23821112513542178
decision_type=2 2 2 2 2 2 2 2 2 2 2 2 2 2 2 2
left_child=1 2 3 -1 -4 6 10 8 -7 13 11 -6 -12 -9 -11 -10
right_child=-2 -3 4 -5 5 7 -8 9 15 14 12 -13 -14 -15 -16 -17
leaf_value=0.00092044548473495529 -0.00044643813065097979 0.00064944993017707021 -0.00059249397249264547 -8.7057054369109113e-05 5.4042739188708637e-05 -0.00092130121849030334 0.00057343182984211658 -0.00069137495790854244 6.3693868039990773e-05 0.00041116008084322354 -0.00050766414743378275 0.00048777406205233469 -1.0659736272897975e-05 -3.9759136546844954e-05 -3.1605558609642355e-05 -0.00050184139979480332
leaf_weight=52 54 50 56 97 637 56 58 53 100 90 83 135 1300 78 203 61
leaf_count=52 54 50 56 97 637 56 58 53 100 90 83 135 1300 78 203 61
internal_value=2.26126e-06 1.00547e-05 -3.96357e-07 0.000264555 -1.39626e-05 -2.61087e-06 3.50384e-05 -0.000132592 -0.000349474 -2.15934e-05 2.0548e-05 0.00012989 -4.04872e-05 -0.00030339 0.000104398 -0.000150577
internal_weight=3163 3109 3059 149 2910 2854 2213 641 217 424 2155 772 1383 131 293 161
internal_count=3163 3109 3059 149 2910 2854 2213 641 217 424 2155 772 1383 131 293 161
is_linear=0
shrinkage=0.05


Tree=174
num_leaves=28
num_cat=0
split_feature=91 173 165 163 176 73 110 111 111 7 118 112 120 182 138 96 163 2 179 39 173 92 172 62 111 160 173
split_gain=0.00436441 0.00498559 0.00845858 0.0253586 0.00938376 0.0113496 0.00847525 0.00688084 0.00512227 0.00483429 0.00676716 0.00640846 0.00789861 0.00711768 0.00703182 0.00602793 0.00648053 0.00563357 0.006974 0.00529787 0.00553105 0.0115324 0.00645944 0.00611008 0.00437217 0.00371095 0.00356119
threshold=0.75319996476173412 1.2812804579734804 18.2082633972168 58.94897651672364 80.216094970703139 0.23241165280342105 0.054579051211476333 0.050127089023590095 0.05116896145045758 -0.0024660950293764468 0.64873579144477855 0.01063753664493561 0.30569674074649816 0.018628540448844436 1.0277385115623476 -1.7912139296531675 117.057674407959 -0.46824596822261805 14.330625534057619 0.75000000000000011 1.1876528263092043 0.34809683263301855 418021232.00000006 0.38829530775547033 0.057262459769845016 1.5983012318611147 0.87117528915405285
decision_type=2 2 2 2 2 2 2 2 2 2 2 2 2 2 2 2 2 2 2 2 2 2 2 2 2 2 2
left_child=1 9 -3 -4 6 -6 8 -7 25 11 19 12 13 17 24 -15 -17 26 -19 20 22 -22 23 -11 -14 -5 -1
right_child=-2 2 3 4 5 7 -8 -9 -10 10 -12 -13 14 15 -16 16 -18 18 -20 -21 21 -23 -24 -25 -26 -27 -28
leaf_value=-0.00038770269916673739 0.00041752128766552965 -0.00060036083562748439 0.00082412393869009046 0.00014762562206351037 -1.8136400555434464e-05 -0.00036052980709396176 0.00040196653069061642 -0.001118712092006934 -0.00062057237210683526 0.00031744078973338545 -0.000529489102405023 0.00051070307417056882 0.00039005582578586964 8.1313241707903217e-05 0.00081108861208154025 -5.4326477961045133e-05 -0.00076519032870419332 0.00052433213438745024 -0.0001369214183611448 -0.0004773390778593654 -4.4648962960179366e-05 0.00090280361238490947 -0.00048825341191200159 -3.1067912958778007e-05 -0.00015439370262981811 -0.00037265125683916267 7.9273347728303642e-05
leaf_weight=63 62 83 71 97 91 57 90 63 50 142 64 94 87 84 57 56 75 123 59 57 84 52 69 1100 64 53 116
leaf_count=63 62 83 71 97 91 57 90 63 50 142 64 94 87 84 57 56 75 123 59 57 84 52 69 1100 64 53 116
internal_value=2.1482e-06 -6.15658e-06 -0.00012867 -6.02258e-05 -0.000185553 -0.000439239 -9.74007e-07 -0.000758576 -0.000182297 2.66507e-05 -2.59489e-05 0.000120587 7.3813e-05 -2.15561e-05 0.000337912 -0.000249308 -0.00046131 0.000114086 0.00030997 -4.52171e-06 1.41034e-05 0.000317612 -1.73818e-05 8.77769e-06 0.000159296 -3.62055e-05 -8.50814e-05
internal_weight=3163 3101 655 572 501 211 290 120 200 2446 1568 878 784 576 208 215 131 361 182 1504 1447 136 1311 1242 151 150 179
internal_count=3163 3101 655 572 501 211 290 120 200 2446 1568 878 784 576 208 215 131 361 182 1504 1447 136 1311 1242 151 150 179
is_linear=0
shrinkage=0.05


Tree=175
num_leaves=18
num_cat=0
split_feature=3 104 176 20 140 132 88 88 176 133 159 92 132 174 95 88 83
split_gain=0.00514749 0.00594674 0.00756791 0.0111761 0.00577224 0.00890265 0.00483222 0.00580783 0.0109239 0.0163959 0.00957534 0.00707923 0.00993477 0.00617359 0.0044076 0.00478583 0.00335912
threshold=0.032291604205966003 0.88608384132385265 98.390789031982436 0.80120590329170238 0.9196525812149049 0.90396296977996837 0.9247482717037202 0.62149432301521312 73.949718475341811 0.9022718369960786 0.99147155880928051 0.53017923235893261 0.97472405433654796 71.483997344970717 1.3429033160209658 0.96243068575859081 0.77732199430465709
decision_type=2 2 2 2 2 2 2 2 2 2 2 2 2 2 2 2 2
left_child=1 2 3 -1 -3 -6 7 11 10 -10 -9 13 -13 -7 16 -16 -8
right_child=-2 4 -4 -5 5 6 14 8 9 -11 -12 12 -14 -15 15 -17 -18
leaf_value=1.893552080918408e-05 0.00049842648283811286 0.00049818345618844208 0.00013297505596282839 -0.00096119000699025387 -0.00047403407184642022 5.606727140104027e-05 0.00031771495027982692 0.00036761335301168312 0.0011241380487465196 0.00019594279417378858 -0.00014967612755905285 -0.00077765375592409535 3.9361810384245669e-05 -0.00020614212423920552 -0.00067248109949610401 -6.784549914300442e-05 -0.00023072359790449364
leaf_weight=52 50 58 68 66 98 1184 53 116 54 400 391 72 77 277 72 60 59
leaf_count=52 50 58 68 66 98 1184 53 116 54 400 391 72 77 277 72 60 59
internal_value=-4.92414e-06 -1.28961e-05 -0.000287159 -0.00052927 4.27417e-06 -5.55993e-06 1.07493e-05 3.09305e-05 0.0001282 0.000306345 -3.13219e-05 -2.71291e-05 -0.000355438 6.35338e-06 -0.000201898 -0.000397647 2.88054e-05
internal_weight=3207 3157 186 118 2971 2913 2815 2571 961 454 507 1610 149 1461 244 132 112
internal_count=3207 3157 186 118 2971 2913 2815 2571 961 454 507 1610 149 1461 244 132 112
is_linear=0
shrinkage=0.05


Tree=176
num_leaves=15
num_cat=0
split_feature=3 98 121 121 140 132 36 132 88 88 92 133 118 111
split_gain=0.00464561 0.00542385 0.0071549 0.00606521 0.0049626 0.0103417 0.00715005 0.00486376 0.00558751 0.00472613 0.00798123 0.00789214 0.00366156 0.00532872
threshold=0.032291604205966003 0.86129146814346325 0.051374251022934921 0.34693588316440588 0.91596782207489025 0.90396296977996837 0.38333334028720861 0.91534528136253368 0.9247482717037202 0.62636056542396557 0.53017923235893261 0.9022718369960786 0.063849400728940978 0.052648268640041358
decision_type=2 2 2 2 2 2 2 2 2 2 2 2 2 2
left_child=1 2 -1 -4 -3 6 -6 -7 9 10 -9 -11 -10 -14
right_child=-2 4 3 -5 5 7 -8 8 12 11 -12 -13 13 -15
leaf_value=-0.00072215830419736454 0.00047350516312144467 0.00047945272327288641 0.00031407718248312633 -0.0003635464979840132 -9.4971978633869494e-05 0.00040838914382651352 -0.00092474522619158969 8.320312366372575e-06 -0.00046208134674199041 0.0006555350335677051 -0.00037961320400514427 7.5423365579383741e-05 0.00019712940113095101 -0.00044930483602242157
leaf_weight=60 50 54 59 75 54 76 50 1443 99 63 146 845 80 53
leaf_count=60 50 54 59 75 54 76 50 1443 99 63 146 845 80 53
internal_value=-4.67793e-06 -1.22513e-05 -0.000268376 -6.51898e-05 4.51824e-06 -4.29801e-06 -0.000493901 1.38548e-05 2.86745e-06 2.46753e-05 -2.73237e-05 0.000115673 -0.000231849 -6.04722e-05
internal_weight=3207 3157 194 134 2963 2909 104 2805 2729 2497 1589 908 232 133
internal_count=3207 3157 194 134 2963 2909 104 2805 2729 2497 1589 908 232 133
is_linear=0
shrinkage=0.05


Tree=177
num_leaves=28
num_cat=1
split_feature=89 107 167 167 31 171 2 88 148 88 90 90 160 23 111 122 186 127 111 4 89 173 19 179 179 77 103
split_gain=0.00443598 0.00505526 0.0109171 0.0109844 0.0139317 0.00582771 0.00592406 0.00435948 0.00635605 0.0051196 0.00981185 0.00910389 0.0107338 0.00794467 0.00699122 0.00608066 0.0104066 0.00716499 0.00777651 0.00634218 0.00537722 0.00518572 0.00642903 0.00552041 0.00484629 0.00407624 0.00259083
threshold=0.87127006053924572 0.031266253441572196 0.85831764340400707 5.1192579269409189 0.31666667759418493 171188960.00000003 0.12848024815320971 0.92199832201004039 1.2895954847335818 0.82691305875778209 0.45345601439476019 0.39286966621875768 1.2079872488975527 0.70000001788139354 0.10717274621129037 0.0011303263017907741 0 1.0160869359970095 0.065505400300025954 0.28531524538993841 0.41120569407939916 1.2233060598373415 0.73915019631385814 14.786090373992922 8.4854946136474627 0.4978568702936173 0.98338624835014354
decision_type=2 2 2 2 2 2 2 2 2 2 2 2 2 2 2 2 1 2 2 2 2 2 2 2 2 2 2
left_child=1 7 -3 4 -4 6 -5 9 25 10 14 26 -13 -14 21 16 20 18 -17 -18 -12 22 -1 -23 -19 -9 -11
right_child=-2 2 3 5 -6 -7 -8 8 -10 11 15 12 13 -15 -16 17 19 24 -20 -21 -22 23 -24 -25 -26 -27 -28
leaf_value=0.00015898698355109084 0.00032852954383772684 -0.00075029412134816609 -0.00022923123563201961 0.0002213861056316091 0.00079041508047271577 -0.00074264423732789257 -0.00050406029052814947 -0.00016553757362702045 0.00026108328122602501 0.00013966324660907408 0.00049720450248666264 0.00099740522878007695 0.00048695621172069076 -0.00028683858903672514 0.00052329444902281426 -0.00030004671116985922 -0.00011644589149575869 -0.00033495233585278548 0.0004458408797326425 -0.0008317031415233443 1.5619332798402433e-05 -1.0521536113468328e-05 -0.00012172528099875714 -0.00054080201953183866 -0.00088628941382504298 -0.00068356281610190749 -0.00030321586155332626
leaf_weight=864 97 70 67 60 67 56 53 98 54 59 84 58 86 54 82 111 79 115 51 51 187 170 267 69 61 62 75
leaf_count=864 97 70 67 60 67 56 53 98 54 59 84 58 86 54 82 111 79 115 51 51 187 170 267 69 61 62 75
internal_value=-4.44403e-06 -1.48294e-05 -0.00018751 -5.74944e-05 0.000280592 -0.000325563 -0.000118868 8.70369e-06 -0.000207968 2.70817e-05 -6.43686e-07 0.000210052 0.000425447 0.000188493 7.48418e-05 -0.000148959 -1.7282e-05 -0.000305179 -6.52302e-05 -0.000368686 0.000159025 4.80001e-05 9.2718e-05 -0.000163615 -0.000526041 -0.000366272 -0.000108217
internal_weight=3207 3110 373 303 134 169 113 2737 214 2523 2191 332 198 140 1452 739 401 338 162 130 271 1370 1131 239 176 160 134
internal_count=3207 3110 373 303 134 169 113 2737 214 2523 2191 332 198 140 1452 739 401 338 162 130 271 1370 1131 239 176 160 134
cat_boundaries=0 1
cat_threshold=1106
is_linear=0
shrinkage=0.05


Tree=178
num_leaves=30
num_cat=1
split_feature=3 185 186 87 89 148 149 156 155 35 164 160 99 117 114 84 86 128 4 185 70 27 100 170 173 137 159 152 99
split_gain=0.00418655 0.00501871 0.00874155 0.010702 0.00741383 0.00679841 0.00876803 0.0123521 0.0102238 0.00892944 0.0115079 0.0118085 0.0101034 0.00925774 0.00813264 0.0064133 0.0107293 0.00718243 0.00742267 0.00594823 0.00517068 0.00474554 0.00383223 0.00441085 0.00367657 0.0044944 0.00428085 0.00295471 0.00279725
threshold=0.032291604205966003 0.017753867432475093 0 -0.15554215759038922 0.87127006053924572 0.44790115952491766 0.59805166721344005 0.25949506461620336 0.21278046071529391 0.82500001788139354 93.861579895019545 1.1784599423408511 0.80510312318801891 0.74194976687431347 0.0036936155520379548 -0.36175855994224543 -0.053790321573615067 1.0917844176292422 0.17694497108459475 0.0049451538361608991 0.49963836371898657 0.075000002980232253 1.0627396702766421 429701312.00000006 1.0409216284751894 1.0001476407051089 0.92005175352096569 0.18200571089982989 0.98854619264602672
decision_type=2 2 1 2 2 2 2 2 2 2 2 2 2 2 2 2 2 2 2 2 2 2 2 2 2 2 2 2 2
left_child=1 2 3 -1 5 14 7 8 -7 12 -11 -12 -8 -14 -3 -5 -17 18 -18 20 24 -22 23 -23 25 -4 -27 -21 -29
right_child=-2 4 19 15 -6 6 9 -9 -10 10 11 -13 13 -15 -16 16 17 -19 -20 27 21 22 -24 -25 -26 26 -28 28 -30
leaf_value=0.00089704598538810397 0.00044972052933007941 -0.00086880256727215699 0.00026398315155044355 0.00057058250720335823 0.00037132552104845551 0.00034751127581330367 -0.00088495129437468872 0.0007557837464143329 -0.00047680009831284977 -0.00041876268542182519 0.00099443750810118779 8.2682370699111685e-05 -9.3912919607391503e-05 -0.00060858678867225548 -9.8110276284830606e-05 -0.00055571511465435234 0.0005185765411869366 -0.00034487968500358085 6.8905882874969399e-05 -4.1564239273772247e-05 -0.00066094583530831462 3.7147109547800893e-06 0.00020053193995274205 -0.00049086017633921339 0.00033685415498860212 0.00023609943697617077 -0.00023096949053712088 0.00010415646247565747 0.00056626355331955544
leaf_weight=50 50 61 84 74 87 80 51 72 71 64 52 112 692 100 78 60 145 62 250 85 62 79 54 105 67 60 269 65 66
leaf_count=50 50 61 84 74 87 80 51 72 71 64 52 112 692 100 78 60 145 62 250 85 62 79 54 105 67 60 269 65 66
internal_value=-4.22183e-06 -1.14113e-05 4.93359e-05 0.000191659 -7.68344e-05 -0.000104043 -6.83493e-05 0.000216881 -4.00788e-05 -0.000127739 0.00014987 0.000371775 -0.000202822 -0.000158897 -0.000436328 0.000135225 7.29103e-05 0.000155443 0.000233975 -4.37447e-05 -0.000108484 -0.000271323 -0.000169824 -0.000278516 -6.71045e-06 -6.24461e-05 -0.00014579 0.000188012 0.000336974
internal_weight=3207 3157 1637 641 1520 1433 1294 223 151 1071 228 164 843 792 139 591 517 457 395 996 780 300 238 184 480 413 329 216 131
internal_count=3207 3157 1637 641 1520 1433 1294 223 151 1071 228 164 843 792 139 591 517 457 395 996 780 300 238 184 480 413 329 216 131
cat_boundaries=0 1
cat_threshold=82
is_linear=0
shrinkage=0.05


Tree=179
num_leaves=34
num_cat=1
split_feature=186 171 174 159 170 86 101 37 159 118 5 135 50 54 146 170 181 83 87 159 171 77 181 109 131 157 174 36 91 161 181 123 92
split_gain=0.00384965 0.00660734 0.0120708 0.0075962 0.0119632 0.00643967 0.00928881 0.0110521 0.0085873 0.00636031 0.00623294 0.00740729 0.00720929 0.00646633 0.0118221 0.00722209 0.00783109 0.00612185 0.00596627 0.0132948 0.0112353 0.00641176 0.00686745 0.0067526 0.00600676 0.00591525 0.00587631 0.00607238 0.00847349 0.00539061 0.0083475 0.00482742 0.00384084
threshold=0 103496692.00000001 77.234470367431655 1.1317296624183657 2393989760.0000005 0.48884025216102606 0.85837331414222728 0.82499998807907116 1.1199258565902712 0.00069756040466018032 0.019871663302183155 0.75016194581985485 0.27500000596046453 0.60218024253845226 0.83938950300216686 1626441600.0000002 0.011979076080024244 0.75407397747039806 0.099511887878179564 0.85764017701148998 5760058.7500000009 0.47869662940502172 0.017260186374187473 0.026061722077429298 1.1582505702972414 0.71781945228576671 25.395709037780765 0.81666666269302379 -0.21036183834075925 1.9550251960754397 0.018571455962955955 0.0058973825071007022 0.29788520932197576
decision_type=1 2 2 2 2 2 2 2 2 2 2 2 2 2 2 2 2 2 2 2 2 2 2 2 2 2 2 2 2 2 2 2 2
left_child=9 5 3 -3 -5 18 7 31 32 -1 11 -11 13 15 -15 16 -13 -16 19 -2 -20 -22 24 -24 -23 -17 -21 28 -28 30 -10 -7 -8
right_child=1 2 -4 4 -6 6 8 -9 29 10 -12 12 -14 14 17 25 -18 -19 20 26 21 22 23 -25 -26 -27 27 -29 -30 -31 -32 -33 -34
leaf_value=-0.00045716835541367932 -0.00056622063414629839 -0.00055340970422274147 -0.00075030739273137853 -0.00030735823177341104 0.0006342355773526695 -4.0597579684869677e-05 0.00037104004537104633 0.00043970967187884861 -3.7856059702235368e-05 -0.0004119619860369773 0.00058040400162114015 0.00089551004880220357 0.00050454176251856105 0.00050274042678482612 -0.00042776098492036652 0.00034296068884194552 0.00020236479402919143 6.7619395513217467e-06 -0.00088584449068887397 -0.00021473653734251975 -0.00058373228407267912 -0.00031413176102328236 0.00066957909116004328 2.3261006676226057e-06 0.00013679086220946878 -8.720296196594475e-05 -0.00017968422320687719 -0.00022827452529991909 0.00050668194325302932 -0.00020243221639517557 0.0007084296280376346 -0.00066922793862800442 0.0009907848928705791
leaf_weight=56 72 53 90 69 66 52 50 55 82 77 61 58 98 67 175 112 137 151 51 79 65 261 52 140 103 279 57 52 213 81 69 74 50
leaf_count=56 72 53 90 69 66 52 50 55 82 77 61 58 98 67 175 112 137 151 51 79 65 261 52 140 103 279 57 52 213 81 69 74 50
internal_value=-4.01074e-06 -4.82948e-05 -0.000274124 -4.61643e-05 0.000152977 -1.07208e-05 0.000136495 -0.000151657 0.000293589 6.33249e-05 8.7836e-05 6.1799e-05 9.56705e-05 5.47416e-05 -0.000102172 0.000159975 0.000408531 -0.000226494 -7.66785e-05 5.93634e-05 -0.000172434 -0.000113845 -5.89122e-05 0.00018304 -0.000186536 3.60153e-05 0.000171688 0.000266494 0.000361782 0.00012664 0.000303162 -0.000409793 0.000680912
internal_weight=3207 1936 278 188 135 1658 513 181 332 1271 1215 1154 1077 979 393 586 195 326 1145 473 672 621 556 192 364 391 401 322 270 232 151 126 100
internal_count=3207 1936 278 188 135 1658 513 181 332 1271 1215 1154 1077 979 393 586 195 326 1145 473 672 621 556 192 364 391 401 322 270 232 151 126 100
cat_boundaries=0 1
cat_threshold=1602
is_linear=0
shrinkage=0.05


Tree=180
num_leaves=41
num_cat=2
split_feature=5 160 13 55 173 26 91 91 124 90 109 55 130 36 186 155 89 120 109 186 160 80 6 69 156 100 145 57 80 152 103 90 153 122 152 175 158 118 118 137
split_gain=0.0049579 0.0110109 0.0124891 0.00689174 0.0101417 0.00496245 0.00971452 0.00820916 0.00854333 0.00693428 0.0134477 0.00787733 0.00662005 0.0065171 0.00705529 0.00639167 0.00635445 0.00811615 0.00698595 0.0125764 0.0102032 0.00621949 0.00615385 0.00587338 0.00571954 0.00601791 0.00730937 0.00539591 0.00524616 0.005189 0.00517776 0.00513749 0.00499114 0.00481351 0.00406414 0.00315209 0.00238348 0.00237167 0.001914 0.000779132
threshold=0.013718590606004001 1.2239671349525454 0.75000000000000011 0.56110411882400524 1.6528776884078982 0.25000000745058065 0.26303172111511236 0.30716146528720861 0.0077663431875407704 0.45345601439476019 0.041442759335041053 0.52055674791336071 1.0988003611564638 0.58333334326744091 0 0.6882825791835786 0.87127006053924572 0.56082579493522655 0.023682020604610447 1 1.0322233438491824 0.069482773542404189 0.20722186565399173 0.36581879854202276 0.28785142302513128 1.0032972693443301 0.97826415300369274 0.45400005578994757 -0.13668053597211835 0.19913674145936969 0.97375026345253002 0.3600952029228211 0.28506033122539526 0.0010024938383139672 0.26998299360275274 38.139696121215827 1.1116290688514712 0.079325191676616683 0.035800682380795486 1.0090985894203188
decision_type=2 2 2 2 2 2 2 2 2 2 2 2 2 2 1 2 2 2 2 1 2 2 2 2 2 2 2 2 2 2 2 2 2 2 2 2 2 2 2 2
left_child=5 2 -2 -3 36 6 23 8 13 10 11 28 29 14 22 -14 17 18 19 -11 -20 30 -7 -1 -25 -26 27 -27 -9 -8 -10 -13 -15 -31 -28 -32 -5 -37 -16 -40
right_child=1 3 -4 4 -6 7 12 9 21 16 -12 31 15 32 38 -17 -18 -19 20 -21 -22 -23 -24 24 25 26 34 -29 -30 33 35 -33 -34 -35 -36 37 -38 -39 39 -41
leaf_value=-0.00047635523164205816 -6.4609226925919452e-05 0.00045439959176919422 0.00093422943846908988 -0.00074372740699818322 0.00024996964315505466 0.00092509794514626274 -0.00055698255891225277 0.0003658583413845498 -0.00088195547264499163 -0.00017211632291148183 -0.00025661946994140245 -6.1438768105476931e-05 -0.00099823207228986522 -0.00044996958064486188 -0.00029496229760115966 -0.00024374818069470796 0.00053459905558788637 0.0005024242353910167 -0.00076922219264279046 0.0005338375135506947 -7.6454779688773082e-05 0.00010416639168180332 0.00017114264908556481 -0.00032091573212918715 0.00062892401925352054 0.0001154509327114703 0.00030732292432833865 -0.00055493346266251742 0.0010176179075451249 0.00035699769633256123 -0.00062480600804433982 0.00053315473835883662 0.00016169109490315 -0.00031244555162265896 -8.0692720439401461e-05 -0.00036942710881950178 -0.00026032865913721789 9.8630731489720354e-05 -3.9454470277178194e-05 0.00022396814155217727
leaf_weight=59 51 58 81 51 80 50 53 52 52 129 84 78 61 93 50 52 59 72 61 109 413 67 59 89 51 52 212 71 76 58 53 68 52 50 99 59 51 50 64 50
leaf_count=59 51 58 81 51 80 50 53 52 52 129 84 78 61 93 50 52 59 72 61 109 413 67 59 89 51 52 212 71 76 58 53 68 52 50 99 59 51 50 64 50
internal_value=9.99113e-06 0.000181515 0.000548314 -2.02255e-05 -0.00017148 -1.27401e-05 -0.000108961 3.31928e-05 -0.000103038 0.000112481 0.000296843 0.000466518 -0.000357677 4.0283e-05 0.000184167 -0.000651036 3.41874e-05 -3.47109e-06 -5.4629e-05 0.000166397 -0.000165608 -0.000316235 0.000473549 -1.30218e-06 4.75273e-05 0.000115139 5.47628e-05 -0.000271519 0.000752841 -0.000151779 -0.000447855 0.000215495 -0.000230615 4.70703e-05 0.000183807 -0.000308515 -0.000502028 -0.000154722 -3.49126e-05 7.60818e-05
internal_weight=3179 372 132 240 182 2807 907 1900 699 1201 358 274 274 418 273 113 843 784 712 238 474 281 109 633 574 485 434 123 128 161 214 146 145 108 311 162 102 109 164 114
internal_count=3179 372 132 240 182 2807 907 1900 699 1201 358 274 274 418 273 113 843 784 712 238 474 281 109 633 574 485 434 123 128 161 214 146 145 108 311 162 102 109 164 114
cat_boundaries=0 1 2
cat_threshold=82 1059
is_linear=0
shrinkage=0.05


Tree=181
num_leaves=13
num_cat=0
split_feature=5 160 127 89 88 64 86 86 84 72 144 101
split_gain=0.00447138 0.00993737 0.0114218 0.00659874 0.008021 0.00434455 0.00653883 0.00581252 0.00760265 0.00507532 0.00457718 0.0108611
threshold=0.013718590606004001 1.2239671349525454 1.0242866277694704 0.61202946305274974 0.39564813673496252 0.79546535015106212 0.87976890802383434 0.85527157783508312 0.90061247348785411 0.54580342769622814 0.85297659039497387 0.71357291936874401
decision_type=2 2 2 2 2 2 2 2 2 2 2 2
left_child=5 2 -2 4 -3 6 7 8 9 10 -1 -12
right_child=1 3 -4 -5 -6 -7 -8 -9 -10 -11 11 -13
leaf_value=0.00035368195901918671 0.0010627295015313263 -0.00021057296913235227 0.0001216550767750098 -0.00036689528567186589 0.00051535567247078804 -0.00043293503071860563 0.00046735852738493126 -0.0005441746168299669 0.00045711999716945158 -0.00044384548732457501 -0.00066440436471566506 -4.1309144017132176e-06
leaf_weight=84 56 71 76 87 82 60 72 51 86 69 64 2321
leaf_count=84 56 71 76 87 82 60 72 51 86 69 64 2321
internal_value=9.54847e-06 0.000172439 0.000520899 -1.92142e-05 0.000178487 -1.20387e-05 -2.84549e-06 -1.55014e-05 -5.22617e-06 -2.08927e-05 -9.07268e-06 -2.18489e-05
internal_weight=3179 372 132 240 153 2807 2747 2675 2624 2538 2469 2385
internal_count=3179 372 132 240 153 2807 2747 2675 2624 2538 2469 2385
is_linear=0
shrinkage=0.05


Tree=182
num_leaves=40
num_cat=1
split_feature=21 88 59 126 183 7 99 137 171 99 12 92 169 158 68 104 174 84 186 22 121 174 119 11 153 181 92 128 132 157 119 168 47 118 90 77 154 6 166
split_gain=0.00410166 0.0119282 0.0105606 0.00988203 0.0133241 0.0123155 0.0130925 0.0103665 0.0121185 0.00848635 0.0079076 0.0101993 0.00732464 0.00867961 0.0112955 0.00730493 0.00672364 0.00626191 0.00567173 0.00739112 0.0054368 0.00543656 0.00530305 0.004838 0.00478231 0.00462583 0.00437879 0.00797121 0.00433235 0.00469222 0.00424265 0.00404924 0.00520046 0.00364681 0.00441859 0.00344623 0.00308671 0.00280667 0.00231438
threshold=0.61402752995491039 0.18204632401466372 0.26398670673370367 0.010108918882906439 0.01026143738999963 0.042488716542720802 0.85295358300209057 1.017577648162842 115380248.00000001 0.83625757694244396 0.042717495933175094 0.3688724040985108 0.1962503716349602 1.1219658851623537 0.63626098632812511 0.94654691219329845 71.483997344970717 0.7343772053718568 0 0.46368482708930975 0.22130443155765536 66.021945953369155 0.093180306255817427 0.9788821041584016 0.23544507473707202 0.013248176313936712 0.43820999562740331 1.0526734590530398 0.99067187309265148 0.92513811588287365 0.10694950073957445 -1.1666073799133299 0.47499999403953558 0.14790228754282 0.14607495069503787 0.50613281130790722 0.26642212271690374 0.19535739719867709 44.59523010253907
decision_type=2 2 2 2 2 2 2 2 2 2 2 2 2 2 2 2 2 2 1 2 2 2 2 2 2 2 2 2 2 2 2 2 2 2 2 2 2 2 2
left_child=2 9 -1 4 20 7 -7 8 10 -2 -5 -12 13 16 21 17 26 -10 19 -14 -3 31 36 -20 -24 -18 28 -28 29 -4 -17 35 -33 34 -25 -15 -11 -35 -30
right_child=1 3 12 5 -6 6 -8 -9 15 22 11 -13 18 14 -16 30 25 -19 23 -21 -22 -23 24 33 -26 -27 27 -29 38 -31 -32 32 -34 37 -36 -37 -38 -39 -40
leaf_value=-0.00073944489567505996 -0.00073910986653483309 0.00049270913810827419 5.6846535724254696e-05 0.00051886004459649685 0.0011227881184043195 0.0011788159620773515 7.0279557679130356e-05 0.00055144369857554841 -0.0009806600773069813 -0.00061260512646605595 -0.00016955887757632855 0.00028245130644896004 -0.00015490120997247822 0.00012343779559523683 0.00091931024352579339 0.00030592160555443116 -7.0378945092670623e-05 -0.00027918118520473299 0.00025189018510955285 -0.00097051430646245655 -0.0001896106574315367 0.00052763535229717368 0.00051610356395922639 -0.0001241687938090763 -0.00010655686939385189 -0.0007240618158563957 -0.00054788777311581989 0.00023520793238619589 -0.00033145765716849557 0.00048180005445749922 -0.00033325857208789481 -9.6785809945047611e-05 0.00040967463120812847 0.00021715314692301036 -0.0006845853798464911 -0.0004233812642857682 -8.6285455909091978e-05 -0.00025021283998222346 7.13503104634583e-05
leaf_weight=53 61 65 221 90 56 50 57 84 57 52 312 208 61 50 51 50 50 72 83 51 53 70 51 85 78 59 84 53 79 92 54 94 110 72 60 68 60 58 65
leaf_count=53 61 65 221 90 56 50 57 84 57 52 312 208 61 50 51 50 50 72 83 51 53 70 51 85 78 59 84 53 79 92 54 94 110 72 60 68 60 58 65
internal_value=9.07104e-06 6.87806e-05 -4.49502e-05 0.000139046 0.00048766 8.03814e-05 0.000588287 2.17558e-05 -3.10245e-05 -0.00021228 8.61392e-05 1.12452e-05 -2.21729e-05 4.5998e-05 0.00021934 -0.000337762 -6.32345e-05 -0.000589137 -0.000188394 -0.000483157 0.000186243 0.000128272 -7.89326e-05 -8.04345e-05 0.000139611 -0.000424207 3.00463e-06 -0.000244938 7.73333e-05 0.000181753 -2.59604e-05 4.14544e-05 0.000176306 -0.000183661 -0.000356065 -0.000191678 -0.000330648 8.63601e-06 -0.000149635
internal_weight=3179 1510 1669 1208 174 1034 107 927 843 302 610 520 1616 1146 443 233 703 129 470 112 118 392 241 358 129 109 594 137 457 313 104 322 204 275 145 118 112 130 144
internal_count=3179 1510 1669 1208 174 1034 107 927 843 302 610 520 1616 1146 443 233 703 129 470 112 118 392 241 358 129 109 594 137 457 313 104 322 204 275 145 118 112 130 144
cat_boundaries=0 1
cat_threshold=528
is_linear=0
shrinkage=0.05


Tree=183
num_leaves=24
num_cat=1
split_feature=1 137 7 102 88 142 158 12 7 88 26 186 133 1 181 119 89 158 119 96 134 156 95
split_gain=0.00418134 0.00492755 0.00607505 0.00572043 0.0106018 0.00690669 0.00726791 0.00761139 0.00866079 0.00633426 0.0069007 0.00554798 0.00815487 0.010032 0.00734192 0.00732203 0.00483471 0.00733471 0.00636825 0.004571 0.00456697 0.00336287 0.00294368
threshold=0.089817930012941374 0.96286252140998851 0.047487724572420127 0.96416428685188305 0.80704557895660411 0.96262288093566906 1.0979578495025637 0.14643646031618121 -0.010923818219453095 0.83152937889099132 0.28333334624767309 0 0.97089579701423656 0.032524118199944503 0.0089798262342810648 0.0013688595499843361 0.61894193291664135 0.9751984477043153 0.073023457080125823 -0.30370177328586573 0.94881820678710949 0.28623509407043463 6.7081534862518319
decision_type=2 2 2 2 2 2 2 2 2 2 2 1 2 2 2 2 2 2 2 2 2 2 2
left_child=1 2 -1 4 21 16 11 9 -9 10 -8 12 13 -7 20 -16 17 -5 -18 -10 -13 -3 -11
right_child=-2 3 -4 5 -6 6 7 8 19 22 -12 14 -14 -15 15 -17 18 -19 -20 -21 -22 -23 -24
leaf_value=-0.0007198956096544862 0.00040243975445539973 -0.00025505402964651029 5.1999497576616711e-05 0.0004208924400507805 0.00073502963058534707 -0.00023392790907407823 -0.00013861368482302614 0.00076127223871411001 0.00029621788281217329 -0.00048470454891494342 0.00024395952356197744 0.00043724047473581704 0.00059459619008664865 0.00054899300433278674 -0.00074018576604705129 -0.0001346375538136583 -0.00089879889458013807 -0.00033821853678712554 -0.00017474348806737833 -0.00010688528090395268 9.1797838653306884e-07 0.00028376589396822394 2.2030484008913242e-07
leaf_weight=52 66 67 50 52 76 145 195 78 237 81 298 79 76 57 53 859 52 82 73 100 249 51 51
leaf_count=52 66 67 50 52 76 145 195 78 237 81 298 79 76 57 53 859 52 82 73 100 249 51 51
internal_value=8.61749e-06 2.67903e-07 -0.000341516 1.18461e-05 0.000274462 -6.23966e-06 1.86725e-05 0.000120495 0.000286492 1.02727e-05 9.26375e-05 -5.10873e-05 0.000147786 -1.30047e-05 -9.60903e-05 -0.000169828 -0.000252283 -4.36382e-05 -0.000475951 0.000176603 0.000106008 -2.21742e-05 -0.000297347
internal_weight=3179 3113 102 3011 194 2817 2558 1040 415 625 493 1518 278 202 1240 912 259 134 125 337 328 118 132
internal_count=3179 3113 102 3011 194 2817 2558 1040 415 625 493 1518 278 202 1240 912 259 134 125 337 328 118 132
cat_boundaries=0 1
cat_threshold=576
is_linear=0
shrinkage=0.05


Tree=184
num_leaves=20
num_cat=0
split_feature=5 160 13 55 173 91 124 87 136 113 123 97 125 159 152 183 49 89 157
split_gain=0.00398891 0.00897742 0.0106308 0.00615537 0.00868566 0.0043157 0.00799337 0.00650155 0.00656668 0.00555288 0.00831216 0.00477133 0.00986995 0.00892044 0.00566528 0.00422053 0.00396887 0.00502019 0.00223678
threshold=0.013718590606004001 1.2239671349525454 0.75000000000000011 0.56110411882400524 1.6528776884078982 0.61247378587722789 0.02396082412451506 0.73862281441688549 0.88680362701416027 0.013631124980747701 -0.010188668966293333 0.92434343695640575 0.044289557263255126 1.2474769949913027 0.2685364186763764 0.03266763128340245 -0.45000000298023218 0.36798380315303808 0.97984930872917186
decision_type=2 2 2 2 2 2 2 2 2 2 2 2 2 2 2 2 2 2 2
left_child=5 2 -2 -3 18 9 7 8 -7 11 -11 13 15 -1 -14 16 -13 -18 -5
right_child=1 3 -4 4 -6 6 -8 -9 -10 10 -12 12 14 -15 -16 -17 17 -19 -20
leaf_value=0.00068847891984660239 -7.2247121487652852e-05 0.00042842925578387902 0.0008492874696255766 -0.00069856516588165862 0.00022695518404361795 0.00045500079713747257 0.00057186956895071328 -0.00038780449212936222 -0.00015836355799820012 6.7303113148716256e-06 -0.00082692284394633372 0.00038816814948487184 -0.00020812337036594993 -0.00020285533058631702 -0.00086106044339248925 -0.00039949187136671481 -7.7988502062586451e-05 8.3096586747557989e-05 -0.00023018905654316769
leaf_weight=64 51 58 81 52 80 96 86 72 80 67 54 66 99 50 50 66 1083 874 50
leaf_count=64 51 58 81 52 80 96 86 72 80 67 54 66 99 50 50 66 1083 874 50
internal_value=8.18662e-06 0.000162038 0.00049324 -2.0123e-05 -0.000163068 -1.22027e-05 0.000156497 1.24559e-05 0.000176199 -3.4987e-05 -0.000365313 -1.79931e-05 -3.4066e-05 0.000297543 -0.00042723 -6.02322e-06 6.81363e-06 -6.04759e-06 -0.000468969
internal_weight=3179 372 132 240 182 2807 334 248 176 2473 121 2352 2238 114 149 2089 2023 1957 102
internal_count=3179 372 132 240 182 2807 334 248 176 2473 121 2352 2238 114 149 2089 2023 1957 102
is_linear=0
shrinkage=0.05


Tree=185
num_leaves=45
num_cat=0
split_feature=36 30 159 108 176 159 35 142 153 184 131 120 158 86 42 168 123 61 87 87 116 37 175 41 91 180 90 120 5 155 43 22 120 115 115 120 59 97 92 107 92 114 59 123
split_gain=0.00406977 0.00489272 0.00903824 0.0203167 0.0103079 0.010383 0.00890467 0.0118994 0.00928411 0.00844743 0.00832512 0.0075039 0.0133792 0.0144187 0.00951197 0.0140856 0.00659271 0.00648769 0.00768548 0.00716717 0.00762644 0.00714687 0.00641817 0.00605664 0.00674835 0.012529 0.00605312 0.0096284 0.005211 0.00516155 0.00648683 0.00515961 0.00515536 0.0050993 0.00494404 0.0048169 0.00425929 0.0037799 0.00369433 0.00338276 0.00300234 0.00254842 0.00247966 0.00218939
threshold=-0.78333333134651173 0.37500000000000006 1.1317296624183657 0.027522635646164421 97.650291442871108 1.5047256946563723 0.32500000298023229 0.97869035601615917 0.21319921314716342 0.016882340423762802 1.0256462097167971 0.064625587314367308 0.9118139147758485 0.33487917482852941 0.57499998807907116 3.9159642457962041 0.0097194542177021521 0.43863680958747869 0.32051646709442144 0.47427952289581304 0.0019925320520997052 0.70833331346511852 49.608215332031257 0.45000000298023229 0.34024178981781011 340.37754821777349 0.13117757439613345 0.037552615627646453 0.0071654571220278749 0.21278046071529391 0.30000000447034841 0.3585184514522553 0.11941694095730783 -0.00010213815403403713 -0.0011126917670480905 0.24406155943870547 0.36294628679752355 0.98232662677764904 0.096445895731449141 0.0072959219105541715 0.3758371770381928 -0.0013963094097562132 0.65634584426879894 1.0000000180025095e-35
decision_type=2 2 2 2 2 2 2 2 2 2 2 2 2 2 2 2 2 2 2 2 2 2 2 2 2 2 2 2 2 2 2 2 2 2 2 2 2 2 2 2 2 2 2 2
left_child=38 6 3 23 10 -6 7 8 -2 32 -4 12 13 -8 17 -16 -5 19 22 21 -21 -13 -19 31 25 -25 28 -28 37 -14 -31 39 40 -26 -29 -20 -32 -12 -1 -3 -9 -27 -40 -34
right_child=1 2 4 16 5 -7 11 9 -10 -11 26 14 29 -15 15 -17 -18 18 35 20 -22 -23 -24 24 33 41 27 34 -30 30 36 -33 43 -35 -36 -37 -38 -39 42 -41 -42 -43 -44 -45
leaf_value=0.00055726811146346994 0.00020932582487790462 0.00023532075569374477 0.00046183489189320767 -0.0012841753013232778 0.00099222877089050611 -1.221747579105761e-05 -0.00036049263958206956 0.00070898438146157008 0.0011500293413047513 -0.00046870981489613266 -0.00047510970215080308 -0.00055808132565034869 2.612049580420717e-05 0.00077485917818507762 0.0010423714888483202 2.4572963299219276e-05 -0.00048798769618175493 0.0007753764769257678 -0.00050382373977939739 0.00028835279510135142 -0.00019128161267584993 3.9401970561457705e-05 0.00015232297124648836 -0.001069636415499686 -0.00032112549591693101 0.00010002372825207811 0.00019081491760355481 -0.00078563890644170746 0.0003695463022107587 -0.00099894959577276105 -7.2469356556252731e-05 0.00055091579552561817 0.00020226553338123304 0.00036256749076225489 -0.00028278460135469332 0.00014211294222648928 -0.00061286899648621334 4.0469682115632703e-05 0.00029898684942449076 -0.00032005394991599666 0.00018137095494939086 -0.00038352579861318444 -0.00018243210528183867 -0.00025057433330662854
leaf_weight=56 51 52 67 52 50 53 54 56 54 58 50 143 50 58 55 89 52 62 54 147 190 77 124 55 50 54 79 74 85 56 67 51 51 60 144 62 80 123 53 58 52 55 54 56
leaf_count=56 51 52 67 52 50 53 54 56 54 58 50 143 50 58 55 89 52 62 54 147 190 77 124 55 50 54 79 74 85 56 67 51 51 60 144 62 80 123 53 58 52 55 54 56
internal_value=-1.51048e-05 -2.82822e-05 -0.000103204 -0.000258269 1.20782e-05 0.000475378 2.5957e-05 0.000240767 0.000693116 6.67862e-05 -6.46418e-05 -3.33983e-05 -0.00022752 0.000227457 3.72443e-05 0.000413315 -0.000886081 -2.57991e-05 0.000160814 -0.000126979 1.79358e-05 -0.000348962 0.000360007 -0.000108172 -0.000251186 -0.000454406 -0.000128198 -0.000282101 4.89679e-05 -0.000428933 -0.000541015 0.000135219 0.000211246 5.1798e-05 -0.000453478 -0.000158582 -0.000366564 -0.000108542 0.000228233 -5.75132e-05 0.000454948 -0.000143969 5.60278e-05 -3.47348e-05
internal_weight=3173 3010 1264 539 725 103 1746 378 105 273 622 1368 365 112 1003 144 104 859 302 557 337 220 186 435 274 164 555 297 258 253 203 161 215 110 218 116 147 173 163 110 108 109 107 107
internal_count=3173 3010 1264 539 725 103 1746 378 105 273 622 1368 365 112 1003 144 104 859 302 557 337 220 186 435 274 164 555 297 258 253 203 161 215 110 218 116 147 173 163 110 108 109 107 107
is_linear=0
shrinkage=0.05


Tree=186
num_leaves=31
num_cat=0
split_feature=61 57 92 157 5 154 115 173 88 171 101 161 107 172 40 48 160 91 91 95 123 87 90 148 109 131 88 95 158 7
split_gain=0.00380507 0.00643912 0.00924649 0.00558153 0.0111103 0.00741232 0.00721515 0.00973077 0.00903343 0.00704389 0.012268 0.00879631 0.0100825 0.00965145 0.00815863 0.00581949 0.00511676 0.00591276 0.00780869 0.00622963 0.00531915 0.00502637 0.00522786 0.00494718 0.00439648 0.00344791 0.00322304 0.00309301 0.00304683 0.00257006
threshold=0.57979348301887523 0.52364397048950206 0.40425513684749609 1.4300550222396853 0.0097195315174758452 0.29841317236423498 -0.0017899050726555286 0.95471549034118663 0.536023110151291 119698252.00000001 0.68604296445846569 1.3622283339500429 0.018558418378233913 110365768.00000001 0.62500000000000011 0.30000000447034841 1.7009857892990115 0.34540216624736791 0.55782353878021251 0.18181975185871127 0.0028213292825967078 0.32318961620330816 0.16467355191707614 1.0977946519851687 0.034455750137567527 1.0826718807220461 0.48703530430793768 3.480144858360291 0.89378783106803905 -0.0032908637076616283
decision_type=2 2 2 2 2 2 2 2 2 2 2 2 2 2 2 2 2 2 2 2 2 2 2 2 2 2 2 2 2 2
left_child=3 2 21 6 5 -5 7 24 -9 10 -8 12 28 -13 15 -15 17 19 -19 -12 25 22 27 -23 -1 -18 -22 -2 -11 -7
right_child=1 -3 -4 4 -6 29 9 8 -10 11 16 13 -14 14 -16 -17 20 18 -20 -21 26 23 -24 -25 -26 -27 -28 -29 -30 -31
leaf_value=-0.00033341265508828781 0.00035617547715120079 0.0005623736226023512 -0.00054465998310378985 0.00042507117922596649 0.00083477669285680607 -1.0400830240755836e-05 0.00072910375513286351 -0.00022842303319171501 -0.0011696836053743029 0.0001274365988210775 -0.00058244452684779065 -0.00057523794972021776 -0.00091546177832060492 8.5657282924425529e-05 0.00055875655272617363 -0.00040582319344921843 0.00025888842284446997 0.00026897167735086947 -8.0277620187985132e-05 -2.5653001851910162e-05 -0.00070326557009031026 0.00060110391330391423 -0.00041778880384577027 -4.7279402100354103e-06 0.00027707100699747876 -0.00023215564999393086 -0.00020929757898920798 -9.6660033617908627e-05 -0.00042454392585204921 -0.00051236320651500426
leaf_weight=58 78 69 58 64 53 51 59 52 50 50 55 74 75 201 65 86 71 427 256 580 59 87 59 55 60 72 75 73 50 51
leaf_count=58 78 69 58 64 53 51 59 52 50 50 55 74 75 201 65 86 71 427 256 580 59 87 59 55 60 72 75 73 50 51
internal_value=-1.43495e-05 0.000115502 4.02968e-05 -3.74375e-05 0.000204506 3.27464e-06 -5.88458e-05 -0.000332163 -0.000689825 -3.21807e-05 2.10881e-05 -0.000178781 -0.000477229 -5.61787e-05 5.29417e-05 -6.16156e-05 -5.10186e-06 3.59534e-05 0.000138067 -7.3879e-05 -0.000200448 0.000136682 -1.86859e-05 0.000366451 -2.29972e-05 1.16494e-05 -0.000426791 0.000137255 -0.000148554 -0.000261382
internal_weight=3173 479 410 2694 219 166 2475 220 102 2255 1654 601 175 426 352 287 1595 1318 683 635 277 352 210 142 118 143 134 151 100 102
internal_count=3173 479 410 2694 219 166 2475 220 102 2255 1654 601 175 426 352 287 1595 1318 683 635 277 352 210 142 118 143 134 151 100 102
is_linear=0
shrinkage=0.05


Tree=187
num_leaves=16
num_cat=1
split_feature=119 99 170 170 57 124 186 115 100 86 124 104 171 170 46
split_gain=0.00359582 0.00503079 0.00663039 0.00688772 0.00476421 0.00577244 0.00454571 0.0136215 0.018547 0.00536013 0.00686017 0.00702394 0.00636563 0.00431278 0.00349906
threshold=0.44757074117660528 1.1451942920684817 10588294656.000002 6934475264.000001 0.46831041574478155 -0.024185924790799614 0 0.0033914822852239017 0.98699480295181286 0.87042403221130382 0.04905765317380429 0.91387084126472484 117884796.00000001 2049542464.0000002 0.48333333432674414
decision_type=2 2 2 2 2 2 1 2 2 2 2 2 2 2 2
left_child=1 2 3 6 -2 -6 7 8 -1 10 11 -8 -12 14 -7
right_child=4 -3 -4 -5 5 13 9 -9 -10 -11 12 -13 -14 -15 -16
leaf_value=0.0011644964274549444 0.00023110099425557854 0.00050235623074695466 -0.00057424358342541388 0.00054114340257957201 0.00010483408160402485 -0.00041771839022097844 0.00039627274080521603 -0.00029071835172519945 -0.00011595046168902346 0.00041759451435799703 -0.00013578893368604541 -3.2432999951333166e-05 -0.00081357456756271792 -0.00074596705759176994 9.2068272244753596e-05
leaf_weight=62 63 50 50 59 83 99 100 74 52 67 108 2144 51 60 51
leaf_count=62 63 50 50 59 83 99 100 74 52 67 108 2144 51 60 51
internal_value=-1.36321e-05 5.28986e-06 -3.69218e-06 6.80747e-06 -0.00016336 -0.000248176 -5.05326e-06 0.000225536 0.000580433 -2.34225e-05 -3.58163e-05 -1.33285e-05 -0.000353192 -0.000387698 -0.000244391
internal_weight=3173 2817 2767 2717 356 293 2658 188 114 2470 2403 2244 159 210 150
internal_count=3173 2817 2767 2717 356 293 2658 188 114 2470 2403 2244 159 210 150
cat_boundaries=0 1
cat_threshold=512
is_linear=0
shrinkage=0.05


Tree=188
num_leaves=25
num_cat=0
split_feature=61 57 92 87 90 148 91 168 136 124 108 84 11 155 147 148 170 55 150 145 7 72 37 95
split_gain=0.00340658 0.00581459 0.00820528 0.00454437 0.00467294 0.00446595 0.00434085 0.00831154 0.00821228 0.00751643 0.00604904 0.00704311 0.00729004 0.00567102 0.00824554 0.00561137 0.00537049 0.00524117 0.00920893 0.00578655 0.00430719 0.00421823 0.00412505 0.00276974
threshold=0.57979348301887523 0.52364397048950206 0.40425513684749609 0.32318961620330816 0.16467355191707614 1.0977946519851687 0.34540216624736791 -2.3263555765151973 0.71564903855323803 0.055178178474307067 0.0073171108961105355 0.4933448731899262 0.98007053136825573 0.16538387537002566 0.60461819171905529 0.57550001144409191 37794694.000000007 0.44892394542694097 1.5403509736061098 0.96101480722427379 0.0043879107106477031 0.49125894904136663 0.30833333730697637 3.480144858360291
decision_type=2 2 2 2 2 2 2 2 2 2 2 2 2 2 2 2 2 2 2 2 2 2 2 2
left_child=6 2 3 4 23 -5 8 -8 -1 10 20 16 -13 -9 -15 -16 -12 18 -17 -19 -10 -14 -18 -2
right_child=1 -3 -4 5 -6 -7 7 13 9 -11 11 12 21 14 15 17 22 19 -20 -21 -22 -23 -24 -25
leaf_value=-0.00059010766901071584 0.00033611107010540601 0.00053456167600191863 -0.00051259023673302527 0.00057066784326613342 -0.0003958127023336493 -4.9443930964281955e-06 -0.00052844908588502387 0.00053407432906648245 -8.9944666393134723e-06 0.00048261850605395642 0.00039889306314762509 -0.00072711731763570495 -0.00050849516739845065 -0.00049209068520337487 0.0005435326671951251 0.00070868593286595324 -0.00024220321035238213 5.3064681322104758e-05 -0.00010958310561433722 -0.00022893097099762049 0.00055467431968350385 -3.639252362742423e-05 4.2489540906639641e-05 -9.2407045802197184e-05
leaf_weight=82 78 69 58 87 59 55 66 57 94 58 60 89 70 73 56 73 257 916 65 227 53 146 252 73
leaf_count=82 78 69 58 87 59 55 66 57 94 58 60 89 70 73 56 73 257 916 65 227 53 146 252 73
internal_value=-1.29505e-05 0.000109914 3.84486e-05 0.000129245 -1.84857e-05 0.000347719 -3.4796e-05 2.04376e-05 -0.000107727 -7.10682e-05 -0.000102521 -0.000152433 -0.0003463 4.51319e-05 2.53662e-05 5.36192e-05 -4.85154e-05 3.22023e-05 0.000323269 -2.9397e-06 0.000194233 -0.000189389 -0.000101255 0.000128947
internal_weight=3173 479 410 352 210 142 2694 1533 1161 1079 1021 874 305 1467 1410 1337 569 1281 138 1143 147 216 509 151
internal_count=3173 479 410 352 210 142 2694 1533 1161 1079 1021 874 305 1467 1410 1337 569 1281 138 1143 147 216 509 151
is_linear=0
shrinkage=0.05


Tree=189
num_leaves=32
num_cat=0
split_feature=119 92 125 26 133 108 159 35 118 159 100 62 169 143 19 79 81 141 161 12 174 151 171 26 31 95 174 38 118 71 182
split_gain=0.00328629 0.00457743 0.0184663 0.00735667 0.00813439 0.00555423 0.0120306 0.0173717 0.00764704 0.0103258 0.00949294 0.00853659 0.00768492 0.00699752 0.00635902 0.00594672 0.00559327 0.00754038 0.00646427 0.00638267 0.00557097 0.00488855 0.00460531 0.00448358 0.00429885 0.00545802 0.00419025 0.0039315 0.00386101 0.0028021 0.00255981
threshold=0.44757074117660528 0.56532746553421032 0.029277728870511058 0.45000000298023229 0.95233935117721569 0.028306785970926288 1.1394637823104861 0.52500000596046459 0.14011728018522265 1.6333709359169009 0.84789401292800914 0.43044359982013708 -0.22259171307086942 0.94085034728050243 0.58541795611381542 0.047864556312561042 -0.032658869400620454 1.0712910890579226 1.5543892383575442 0.36801311373710638 39.923444747924812 1.6244699954986574 55896106.000000007 0.18333333730697635 0.18333333730697635 2.756006240844727 19.725754737854007 0.5000000149011613 0.13065534085035327 0.4630409181118012 0.024788243696093563
decision_type=2 2 2 2 2 2 2 2 2 2 2 2 2 2 2 2 2 2 2 2 2 2 2 2 2 2 2 2 2 2 2
left_child=1 5 3 -3 -5 13 7 14 10 12 -8 -12 -10 -1 -7 -9 17 20 -19 21 29 26 -13 -22 25 -2 -18 -26 -21 -15 -29
right_child=24 2 -4 4 -6 6 8 15 9 -11 11 22 -14 16 -16 -17 19 18 -20 28 23 -23 -24 -25 27 -27 -28 30 -30 -31 -32
leaf_value=0.00045248278249580896 -0.00065784679006690959 -0.00051193423206637764 0.00090667597627860073 -0.00018533189569417438 0.00060938956723252332 -0.00042990714554670619 -0.00058521385126773058 0.00043450426007620997 3.6684681049735992e-05 -0.00026929084378934931 0.00059784119082905828 0.0001399981468275655 0.00079256440168558968 -0.0005110016257146656 -0.001154336941460539 -0.00032223027821466394 -0.00027002731981156102 0.00073882025988582646 4.1526041141795844e-05 -0.00069156449947816627 -0.00014353213614700923 -0.00035116073554162706 -0.00053529166154262116 0.00031589872522140973 0.00026544204425030894 -1.3797237333447217e-05 5.3081256319877773e-05 8.8952637845198166e-05 -0.00012778896390675353 -1.7213502551539469e-05 -0.00034348136840972902
leaf_weight=93 76 59 69 74 57 54 90 50 57 68 50 50 82 56 69 54 112 84 55 57 79 97 51 162 78 58 964 56 65 59 88
leaf_count=93 76 59 69 74 57 54 90 50 57 68 50 50 82 56 69 54 112 84 55 57 79 97 51 162 78 58 964 56 65 59 88
internal_value=-1.23029e-05 5.78626e-06 0.000206089 -4.83341e-05 0.000160463 -1.44946e-05 -0.000137551 -0.000434095 1.27062e-05 0.000235602 -0.000178743 6.35238e-05 0.000482599 2.96175e-05 -0.000836295 4.15844e-05 7.64744e-06 0.000150605 0.000462912 -4.69967e-05 2.86654e-05 -1.11981e-05 -0.00020099 0.000165297 -0.000155441 -0.000379079 1.94491e-05 -2.04529e-05 -0.000391192 -0.000257667 -0.000175313
internal_weight=3173 2817 259 190 131 2558 675 227 448 207 241 151 139 1883 123 104 1790 495 139 1295 356 1173 101 241 356 134 1076 222 122 115 144
internal_count=3173 2817 259 190 131 2558 675 227 448 207 241 151 139 1883 123 104 1790 495 139 1295 356 1173 101 241 356 134 1076 222 122 115 144
is_linear=0
shrinkage=0.05


Tree=190
num_leaves=24
num_cat=1
split_feature=3 158 125 138 171 5 3 2 92 119 71 31 57 7 133 82 70 84 186 156 169 75 5
split_gain=0.0050265 0.0125736 0.0211856 0.0106614 0.00680483 0.00565193 0.0154137 0.00833619 0.00773099 0.00545107 0.00504041 0.00740563 0.00572723 0.0097997 0.00727713 0.00624179 0.00695549 0.00593815 0.00493628 0.0056244 0.00431917 0.00298485 0.00250146
threshold=0.01620380021631718 0.94346302747726452 0.018012518994510177 1.0152060985565188 93734500.000000015 0.01430092239752412 0.0084137460216879862 0.23087374866008761 0.23522789776325229 0.0013688595499843361 0.57863134145736705 0.38333334028720861 0.56581947207450878 -0.011178697459399698 0.99548020958900463 0.011285140179097654 0.55698132514953624 0.16233950108289721 0 0.45302930474281317 -0.12465185299515723 0.52448377013206493 0.0045924284495413312
decision_type=2 2 2 2 2 2 2 2 2 2 2 2 2 2 2 2 2 2 1 2 2 2 2
left_child=5 2 -2 4 22 9 7 8 -7 21 12 -12 14 -14 15 17 -17 -11 19 -15 -20 -1 -3
right_child=1 3 -4 -5 -6 6 -8 -9 -10 10 11 -13 13 18 -16 16 -18 -19 20 -21 -22 -23 -24
leaf_value=-0.00050010178653152532 -0.00038717370720047764 -3.4066615109622948e-05 0.0009660611884993903 0.00021321112231064413 -0.00089263161236885946 0.0002655314768890094 0.00085143168789606231 0.00045570436392364976 -0.00052513918648243961 0.00015877755490586415 0.00079731463629286738 -5.0979768446886054e-05 0.00036317086725665089 -0.00031423768986310369 -0.00039393449966239097 0.0003105918757935723 -0.00024402435538473639 -7.6936666532784258e-05 -0.00058780661947194267 0.00017318055738574421 -0.00019569961000394126 -8.810141351659695e-06 -0.00053421255893772472
leaf_weight=81 61 50 55 58 85 50 75 69 81 431 50 53 88 102 87 394 66 703 116 141 178 50 50
leaf_count=81 61 50 55 58 85 50 75 69 81 431 50 53 88 102 87 394 66 703 116 141 178 50 50
internal_value=2.36225e-06 -0.000173832 0.000254446 -0.000378277 -0.000563717 2.48325e-05 0.00024015 1.09195e-05 -0.000223356 1.52053e-06 1.86015e-05 0.000360814 3.31617e-06 -0.000125912 5.13634e-05 7.56677e-05 0.000231017 1.26514e-05 -0.000206059 -3.01731e-05 -0.000338882 -0.000312586 -0.00028414
internal_weight=3174 359 116 243 185 2815 275 200 131 2540 2409 103 2306 625 1681 1594 460 1134 537 243 294 131 100
internal_count=3174 359 116 243 185 2815 275 200 131 2540 2409 103 2306 625 1681 1594 460 1134 537 243 294 131 100
cat_boundaries=0 1
cat_threshold=1097
is_linear=0
shrinkage=0.05


Tree=191
num_leaves=32
num_cat=0
split_feature=3 158 173 138 157 146 148 117 72 152 181 146 12 110 181 110 5 55 169 90 110 116 41 119 132 86 158 135 139 3 119
split_gain=0.00453642 0.0113476 0.0198086 0.00962193 0.00665122 0.00654402 0.00523165 0.00797088 0.00983309 0.00463126 0.00927843 0.00703125 0.00497246 0.00651246 0.0107881 0.00760252 0.00642574 0.00595112 0.00587195 0.00636795 0.00570484 0.00539402 0.0150483 0.0056297 0.00366402 0.00343234 0.0035956 0.00336047 0.00314537 0.00317285 0.00297845
threshold=0.01620380021631718 0.94346302747726452 1.1376422047615053 1.0152060985565188 0.95417803525924694 0.84325635433197033 0.56200519204139721 0.2882812768220902 0.52276191115379345 0.15225754678249362 0.015775150619447235 0.92221778631210338 0.015107821207493545 0.038625314831733711 0.025100130587816242 0.045324847102165229 0.0018050600774586203 0.68938007950782787 -0.24105398356914517 0.35656131803989416 0.038872709497809417 -0.00097816242487169781 0.41666667163372045 0.091580271720886244 0.9953984022140504 0.30679716169834143 0.96112757921218883 0.92727854847908031 1.0144385099411013 0.0038473873864859347 0.051102349534630782
decision_type=2 2 2 2 2 2 2 2 2 2 2 2 2 2 2 2 2 2 2 2 2 2 2 2 2 2 2 2 2 2 2
left_child=6 2 -2 4 -3 -6 7 8 -1 10 11 -8 20 14 21 18 -17 -18 -15 -20 28 22 -14 -23 27 -12 -27 -13 29 -11 -29
right_child=1 3 -4 -5 5 -7 9 -9 -10 12 25 24 13 15 -16 16 17 -19 19 -21 -22 23 -24 -25 -26 26 -28 30 -30 -31 -32
leaf_value=4.016276225835706e-05 -0.00036805054785931605 -0.00091111581015057813 0.00094183545109074302 0.00020255056335748844 0.00010862620108110725 -0.00065383522170122895 0.0005541876853665319 -0.00012450304557012017 0.00082783084309041789 4.5935747067460397e-05 -0.00075364076970395723 -0.00036342445896034227 -0.00034469815802323154 3.4716583300346078e-05 -0.0006469548122642289 -0.00034689106705627638 0.00024940303434545517 -0.00018386947564431468 0.00032586240450919215 0.0010649325703111984 -0.00058584206990124055 -0.00020980269871354206 0.00046902440128080244 8.1033530380074435e-05 -0.00042102977049729759 -0.00053185661917626878 2.9455241989732412e-06 0.00033976719571071883 0.00023271496565679885 -0.00047713437405654305 -3.7571551878879452e-05
leaf_weight=75 62 72 54 58 53 60 52 94 84 64 54 51 82 52 63 72 382 100 62 55 62 296 185 380 61 66 60 77 70 53 163
leaf_count=75 62 72 54 58 53 60 52 94 84 64 54 51 82 52 63 72 382 100 62 55 62 296 185 380 61 66 60 77 70 53 163
internal_value=2.24414e-06 -0.00016514 0.000241724 -0.000359363 -0.000535531 -0.000296221 2.35909e-05 0.000240501 0.000456289 2.17078e-06 -0.000121548 1.14807e-05 3.86986e-05 6.87832e-05 -1.34819e-05 0.000183249 9.36983e-05 0.000159512 0.000476805 0.000673289 -0.000170202 2.88392e-05 0.000219117 -4.63149e-05 -6.86919e-05 -0.000420124 -0.000277189 5.16585e-06 -3.23967e-05 -0.000191011 8.34913e-05
internal_weight=3174 359 116 243 185 113 2815 253 159 2562 584 404 1978 1729 1006 723 554 482 169 117 249 943 267 676 352 180 126 291 187 117 240
internal_count=3174 359 116 243 185 113 2815 253 159 2562 584 404 1978 1729 1006 723 554 482 169 117 249 943 267 676 352 180 126 291 187 117 240
is_linear=0
shrinkage=0.05


Tree=192
num_leaves=29
num_cat=0
split_feature=3 128 115 176 53 5 6 4 119 139 77 84 67 7 101 84 77 6 163 169 181 156 148 35 11 75 147 148
split_gain=0.00409412 0.0100881 0.0131499 0.0080611 0.00849196 0.00488816 0.0145097 0.0132802 0.00477826 0.00537527 0.00717479 0.00578845 0.00569154 0.00670864 0.00637049 0.0136303 0.00632206 0.00599049 0.00592384 0.00551623 0.00878473 0.00700896 0.00427861 0.0042438 0.00333062 0.00266775 0.00251834 0.00201526
threshold=0.01620380021631718 1.0322198271751406 0.0036468704929575328 75.325019836425795 0.54040449857711803 0.01430092239752412 0.66801077127456676 0.2459097430109978 0.0013688595499843361 1.047790586948395 0.52200916409492504 -0.092657987028360353 0.13007003068923953 -0.012015202082693575 0.93096446990966808 0.26856650412082678 0.47926110029220587 0.13938769698143008 335.68386840820318 0.38174061477184301 0.016956387087702755 0.50085505843162548 0.72509992122650158 0.87500000000000011 0.99184548854827892 0.52448377013206493 1.1339458227157595 1.1254274249076845
decision_type=2 2 2 2 2 2 2 2 2 2 2 2 2 2 2 2 2 2 2 2 2 2 2 2 2 2 2 2
left_child=5 2 -2 4 -3 8 7 22 25 12 11 26 14 -14 15 -10 18 -17 -16 21 -21 -15 -7 -18 27 -1 -11 -13
right_child=1 3 -4 -5 -6 6 -8 -9 9 10 -12 24 13 19 16 17 23 -19 -20 20 -22 -23 -24 -25 -26 -27 -28 -29
leaf_value=-0.00047062792064137698 -9.4002358656879734e-05 0.00033333213310330533 -0.0010710478496708164 0.00060904763556797719 -0.00040223401841223052 0.00045356463478372731 -0.00038150015818545188 0.0011478454581229016 0.00098453583372336978 9.8056678585375534e-06 -0.00067532786889116104 -0.00064732853577737068 0.0003308757737740539 -0.00040294303170795951 0.00081132148297911053 -0.00022892561610704382 -3.6582479357534709e-06 0.00036938228039412493 8.6437425177012168e-05 -0.00031061327668687551 0.00058541027459087073 1.0393415051224652e-05 -7.8650291151721575e-05 0.00044715298528899441 -8.7527121570099484e-06 -6.1652869335375729e-06 0.00048504392860922966 -0.00020704859073033871
leaf_weight=81 87 65 57 51 99 82 73 50 61 63 57 51 86 242 51 73 1027 98 63 51 59 178 70 55 91 50 50 53
leaf_count=81 87 65 57 51 99 82 73 50 61 63 57 51 86 242 51 73 1027 98 63 51 59 178 70 55 91 50 50 53
internal_value=2.13193e-06 -0.000156883 -0.00048075 6.00319e-05 -0.000110699 2.24113e-05 0.000222653 0.000440985 7.31613e-07 1.67237e-05 -0.000160021 -6.46554e-05 4.82852e-05 -7.87483e-05 0.000103084 0.000342865 5.65714e-05 0.000113964 0.000410728 -0.000145216 0.000169981 -0.000227767 0.000208466 1.92573e-05 -0.000229661 -0.000293352 0.000220088 -0.000422955
internal_weight=3174 359 144 215 164 2815 275 202 2540 2409 365 308 2044 616 1428 232 1196 171 114 530 110 420 152 1082 195 131 113 104
internal_count=3174 359 144 215 164 2815 275 202 2540 2409 365 308 2044 616 1428 232 1196 171 114 530 110 420 152 1082 195 131 113 104
is_linear=0
shrinkage=0.05


Tree=193
num_leaves=18
num_cat=0
split_feature=123 123 3 18 77 35 125 120 148 94 146 148 36 151 106 10 166
split_gain=0.00409216 0.00490433 0.00418653 0.00941848 0.00710659 0.00651426 0.00742169 0.0055862 0.00547817 0.00469006 0.00437887 0.00488364 0.00808453 0.00472111 0.00560476 0.00478543 0.00335408
threshold=0.051872828975319869 0.041668346151709564 0.014165486674755813 0.40139433741569525 0.49960252642631536 0.87500000000000011 0.032360946759581573 0.13346547633409503 0.90907156467437755 -2.2029416561126705 0.74825862050056469 0.56200519204139721 0.25000000745058065 0.57882463932037365 0.87548553943634044 1.0098803043365481 63.451747894287116
decision_type=2 2 2 2 2 2 2 2 2 2 2 2 2 2 2 2 2
left_child=1 2 5 -4 7 10 8 16 -7 -9 -1 12 -12 15 -15 -13 -5
right_child=-2 -3 3 4 -6 6 -8 9 -10 -11 11 13 -14 14 -16 -17 -18
leaf_value=-0.00038821914729297814 0.00034427425105497926 -0.00046283112635749074 0.00028363908369753672 -0.0007125777584079978 -0.00072789128604092504 -0.00024223761421912428 0.00078416234634993282 -0.00026711136143764153 0.00046912357650580815 0.0002914703625806613 -0.0001179549009204052 -0.00057989454632555919 0.00062549093091525366 0.00039181360786498873 -1.3454764630461715e-06 -6.5221360320672883e-06 -0.00015520034434633669
leaf_weight=69 85 58 99 53 68 59 58 68 50 84 66 69 82 95 1979 77 55
leaf_count=69 85 58 99 53 68 59 58 68 50 84 66 69 82 95 1979 77 55
internal_value=2.02534e-06 -7.39232e-06 1.32277e-06 -0.000143792 -0.000272803 2.51184e-05 0.000327219 -0.00015378 8.40749e-05 4.15785e-05 4.4164e-06 1.58572e-05 0.000293954 -2.68258e-06 1.66633e-05 -0.0002775 -0.000428728
internal_weight=3174 3089 3031 427 328 2604 167 260 109 152 2437 2368 148 2220 2074 146 108
internal_count=3174 3089 3031 427 328 2604 167 260 109 152 2437 2368 148 2220 2074 146 108
is_linear=0
shrinkage=0.05


Tree=194
num_leaves=27
num_cat=0
split_feature=164 3 158 125 138 171 35 57 170 148 83 171 141 6 150 1 112 158 92 101 85 158 30 174 15 88
split_gain=0.00374592 0.00368437 0.0100227 0.0183495 0.00820936 0.00620019 0.0041603 0.00768249 0.00679075 0.00596955 0.0120208 0.0113671 0.00481773 0.00389633 0.00472521 0.00812447 0.00565488 0.00416834 0.00929787 0.00671321 0.00624889 0.00575346 0.00710634 0.00465255 0.00336604 0.00234296
threshold=7165.4794921875009 0.01620380021631718 0.94346302747726452 0.018012518994510177 1.0152060985565188 93734500.000000015 0.87500000000000011 0.5177927315235139 1708575360.0000002 0.56200519204139721 0.94636648893356334 52380826.000000007 0.96471187472343456 0.075072254985570921 1.0521132349967959 0.017657260410487655 0.0066197211854159841 0.95203131437301647 0.44797745347023016 0.97337800264358532 0.53281351923942577 1.0073992609977724 0.12500000372529033 55.864879608154304 0.81250000000000011 0.81278309226036083
decision_type=2 2 2 2 2 2 2 2 2 2 2 2 2 2 2 2 2 2 2 2 2 2 2 2 2 2
left_child=1 6 3 -3 5 25 9 -8 -9 10 11 12 -1 14 16 -16 24 18 19 -15 -20 23 -23 -19 -11 -4
right_child=-2 2 4 -5 -6 -7 7 8 -10 13 -12 -13 -14 17 15 -17 -18 21 20 -21 -22 22 -24 -25 -26 -27
leaf_value=-0.00018922883091727273 -0.00035716938387773094 -0.00035573571107396098 -0.00046069071680540218 0.00090366827376948836 0.00020075419981782161 -0.00079949997615318255 0.00077348450627491387 -0.00024724810125637589 0.00046028313925489789 -2.2249359141430581e-05 -0.00040299674539139734 0.0010380502592570024 0.00049189484594131091 0.00021174436403794753 7.8533822670578959e-05 -0.00071322871341562637 -0.00033404565238240064 0.00063671628241926176 7.1427046681161628e-06 -0.00012179901037205294 -0.00059947032135854552 -0.00018563072233198055 0.00011054307246527009 6.4624002565820274e-05 0.00051987647681380627 2.3350581868726296e-05
leaf_weight=50 71 61 50 55 57 85 52 78 60 67 51 58 54 264 54 81 81 77 66 352 119 272 793 66 50 50
leaf_count=50 71 61 50 55 57 85 52 78 60 67 51 58 54 264 54 81 81 77 66 352 119 272 793 66 50 50
internal_value=1.92407e-06 1.01405e-05 -0.000140725 0.000241395 -0.000323891 -0.000485538 2.98163e-05 0.000255541 6.03742e-05 1.30305e-05 0.000266455 0.000477209 0.000164432 -1.0018e-05 -0.000168424 -0.000396524 -1.29019e-05 1.62385e-05 -7.22076e-05 2.11482e-05 -0.000383057 7.48853e-05 3.49006e-05 0.000372674 0.000209428 -0.00021867
internal_weight=3174 3103 358 116 242 185 2745 190 138 2555 213 162 104 2342 333 135 198 2009 801 616 185 1208 1065 143 117 100
internal_count=3174 3103 358 116 242 185 2745 190 138 2555 213 162 104 2342 333 135 198 2009 801 616 185 1208 1065 143 117 100
is_linear=0
shrinkage=0.05


Tree=195
num_leaves=17
num_cat=0
split_feature=160 82 87 163 138 2 0 9 149 62 181 81 75 107 118 40
split_gain=0.00541068 0.0118706 0.00513242 0.0070312 0.00467895 0.00609903 0.0077448 0.00757104 0.00613832 0.0051651 0.00411586 0.0041288 0.00467007 0.00389983 0.00338875 0.0031917
threshold=0.85202831029891979 -0.00039073397056199605 -0.117352157831192 335.68386840820318 1.0287013053894045 0.3473824411630631 -0.015475030057132242 1.0257954597473147 1.1983468532562258 0.61743131279945385 0.048338280990719802 -0.14160389453172681 0.6574818789958955 0.011939777061343195 0.14310977607965472 0.62500000000000011
decision_type=2 2 2 2 2 2 2 2 2 2 2 2 2 2 2 2
left_child=1 -1 3 -2 9 6 7 -6 -8 10 11 -4 15 14 -5 -13
right_child=2 -3 4 13 5 -7 8 -9 -10 -11 -12 12 -14 -15 -16 -17
leaf_value=0.0008536744772440711 0.00062432995912166779 -0.00018049776520326436 -0.00040968872944240292 -9.420172999645665e-05 -0.00050944124809016984 -0.00023678369478695598 0.00012897855425156497 0.00033353851910214872 0.00069010241747647998 0.0004063544636405173 -0.00052379178575624708 -9.4143649167642218e-05 0.00040268549564643764 -0.00032983858716006411 0.00043787340802650546 7.1784210156819914e-05
leaf_weight=55 69 56 86 57 57 93 96 50 99 56 51 1840 54 53 63 344
leaf_count=55 69 56 86 57 57 93 96 50 99 56 51 1840 54 53 63 344
internal_value=-1.10092e-05 0.00033193 -2.34167e-05 0.000197578 -4.23412e-05 0.000117266 0.000226294 -0.000115525 0.000413857 -6.82749e-05 -7.94662e-05 -6.97155e-05 -5.66513e-05 2.73704e-05 0.000185138 -6.80085e-05
internal_weight=3179 111 3068 242 2826 395 302 107 195 2431 2375 2324 2238 173 120 2184
internal_count=3179 111 3068 242 2826 395 302 107 195 2431 2375 2324 2238 173 120 2184
is_linear=0
shrinkage=0.05


Tree=196
num_leaves=22
num_cat=0
split_feature=160 77 160 108 134 138 57 57 175 52 120 146 70 77 111 61 3 136 159 110 20
split_gain=0.00488314 0.0107132 0.0041175 0.00396473 0.0041611 0.00347435 0.00667341 0.005242 0.00505276 0.00486535 0.0089178 0.00579315 0.00550201 0.0118766 0.00908477 0.0036283 0.00336376 0.00316889 0.00463098 0.00397196 0.00278963
threshold=0.85202831029891979 0.50117734074592601 0.88285824656486522 0.0073171108961105355 0.9562138319015504 1.0287013053894045 0.57208693027496349 0.4131006002426148 71.360519409179702 -0.10833333432674407 0.091177985072135939 0.98442289233207714 0.47827713191509252 0.48463226854801184 0.085294272750616087 0.58984130620956432 0.0012338067754171791 0.85771164298057567 1.6060017943382265 0.026818726211786274 0.32580849528312689
decision_type=2 2 2 2 2 2 2 2 2 2 2 2 2 2 2 2 2 2 2 2 2
left_child=1 -1 -2 4 -4 7 17 8 15 10 -9 -12 13 -11 -14 -5 -6 -7 19 -19 -18
right_child=2 -3 3 5 16 6 -8 9 -10 12 11 -13 14 -15 -16 -17 20 18 -20 -21 -22
leaf_value=-0.00017147287818001394 -0.00042229306219803499 0.00081099076146281071 0.00055912079431106004 0.00065814955446209453 0.00034399348835197291 -0.00024807122094751966 0.00049599471827284163 0.00011086502796388231 -0.0002127728136210684 0.00063549885749837934 -0.00028725280150532548 -0.00092130140136370249 -4.7009729123948321e-05 -1.5095893399026179e-05 -0.00039927151189550144 0.00011895637134540056 -0.00036596648460545116 -0.0001127864113256622 -0.00031618748665399233 0.00036530200466877992 0.00010445134514043276
leaf_weight=56 63 55 55 60 72 93 85 90 51 83 101 56 1141 453 218 65 52 65 54 131 80
leaf_count=56 63 55 55 60 72 93 85 90 51 83 101 56 1141 453 218 65 52 65 54 131 80
internal_value=-1.04587e-05 0.000315333 -2.22459e-05 -1.38589e-05 0.000173147 -3.14971e-05 9.93884e-05 -5.5664e-05 0.000206646 -7.7217e-05 -0.000285942 -0.00051341 -5.00113e-05 8.56492e-05 -0.000103517 0.000377769 6.90852e-05 1.10408e-06 9.37973e-05 0.000206752 -8.08648e-05
internal_weight=3179 111 3068 3005 259 2746 428 2318 176 2142 247 157 1895 536 1359 125 204 343 250 196 132
internal_count=3179 111 3068 3005 259 2746 428 2318 176 2142 247 157 1895 536 1359 125 204 343 250 196 132
is_linear=0
shrinkage=0.05


Tree=197
num_leaves=17
num_cat=1
split_feature=26 115 116 42 116 181 176 127 157 108 134 97 110 118 186 161
split_gain=0.00470641 0.00509677 0.00543278 0.00461197 0.00753111 0.0120185 0.0122431 0.00711566 0.00600909 0.00949233 0.00433882 0.00462473 0.00395686 0.00493367 0.00427022 0.00275177
threshold=1.0000000180025095e-35 0.01053408393636346 0.0056236085947602996 0.60833334922790538 0.0032727910438552503 0.033359687775373466 91.792045593261733 1.0210580825805666 0.50525513291358959 0.014675163198262455 0.98034515976905834 0.98777669668197643 0.029281327500939373 0.075106203556060805 0 1.5483467578887942
decision_type=2 2 2 2 2 2 2 2 2 2 2 2 2 2 1 2
left_child=10 2 3 4 8 6 7 -6 9 -2 11 15 14 -14 -10 -1
right_child=1 -3 -4 -5 5 -7 -8 -9 12 -11 -12 -13 13 -15 -16 -17
leaf_value=0.00028807175501603763 -0.00015757953026867205 0.00042382916072994229 -0.00046385416575696884 -0.00044640919495577693 -0.00016674542093424353 -0.00035333599576174664 0.0010225886382373437 0.00038703026203620541 0.00022661939862397655 0.00055999941333928819 -0.00022441723501519757 0.00055715658877686467 -1.8334416169933986e-06 -0.00022161233719508435 -4.8061518718835137e-05 -0.00018788537194128508
leaf_weight=73 87 61 73 64 91 81 53 160 158 98 51 92 404 694 887 52
leaf_count=73 87 61 73 64 91 81 53 160 158 98 51 92 404 694 887 52
internal_value=-9.9358e-06 -2.83951e-05 -3.80743e-05 -2.68817e-05 -1.6985e-05 0.000187865 0.000332066 0.000186259 -5.08627e-05 0.000222543 0.000190568 0.0002881 -7.44651e-05 -0.000140747 -4.82213e-06 9.00736e-05
internal_weight=3179 2911 2850 2777 2713 385 304 251 2328 185 268 217 2143 1098 1045 125
internal_count=3179 2911 2850 2777 2713 385 304 251 2328 185 268 217 2143 1098 1045 125
cat_boundaries=0 1
cat_threshold=528
is_linear=0
shrinkage=0.05


Tree=198
num_leaves=17
num_cat=0
split_feature=26 115 116 116 148 120 41 87 164 52 86 25 12 179 92 118
split_gain=0.00424628 0.00459918 0.00490384 0.00405366 0.00518645 0.00436115 0.00393079 0.00378681 0.00994928 0.00546374 0.0101722 0.00443237 0.00377829 0.00378346 0.00354347 0.00226315
threshold=1.0000000180025095e-35 0.01053408393636346 0.0056236085947602996 -0.0025080634513869877 1.0354841947555544 0.09742439910769464 0.35000000894069677 -0.117352157831192 386.69583129882818 -0.12500000372529027 0.54495561122894298 0.62500000000000011 0.10584111884236337 3.0952157974243169 0.16062188148498538 0.10367957130074502
decision_type=2 2 2 2 2 2 2 2 2 2 2 2 2 2 2 2
left_child=12 2 3 4 5 -2 -5 8 -8 10 -9 -11 14 -14 -1 -10
right_child=1 -3 -4 6 -6 -7 7 9 15 11 -12 -13 13 -15 -16 -17
leaf_value=0.00027115216203931007 0.00025842405468990494 0.00040263769113779317 -0.00044066146138117791 0.00039555252464567074 -0.00055911322010732155 -0.00030089895154583834 0.00067505168333519732 -0.0006088961615964639 -0.00033888698741793631 6.3100541171625852e-05 0.00011609582072886606 -8.1447018922248339e-05 0.00012716842496901697 0.00068327493282962235 -0.00022414836814466793 0.00011488577696522432
leaf_weight=68 63 61 73 59 78 78 69 109 50 1032 87 1091 66 57 77 61
leaf_count=68 63 61 73 59 78 78 69 109 50 1032 87 1091 66 57 77 61
internal_value=-9.41093e-06 -2.69447e-05 -3.61393e-05 -2.55055e-05 -0.000231965 -5.09887e-05 -7.82972e-06 -1.73534e-05 0.000203568 -3.45012e-05 -0.000287088 -1.11818e-05 0.00018104 0.000384876 8.1305e-06 -8.95164e-05
internal_weight=3179 2911 2850 2777 219 141 2558 2499 180 2319 196 2123 268 123 145 111
internal_count=3179 2911 2850 2777 219 141 2558 2499 180 2319 196 2123 268 123 145 111
is_linear=0
shrinkage=0.05


Tree=199
num_leaves=19
num_cat=0
split_feature=26 115 86 41 51 146 99 72 2 27 111 175 120 83 111 152 135 10
split_gain=0.00383227 0.00415076 0.00371694 0.00443744 0.00518808 0.00857701 0.00511288 0.00946566 0.00926361 0.00810681 0.00691801 0.00759207 0.0048984 0.00441788 0.00348924 0.00290389 0.00268416 0.00235988
threshold=1.0000000180025095e-35 0.01053408393636346 -0.45616617798805231 0.35000000894069677 -0.15000000596046445 0.96481060981750499 1.0444426536560061 0.49757382273674017 0.38284313678741461 0.32500000298023229 0.098422911018133177 71.645072937011733 0.28479699790477758 0.93685337901115429 0.06395250186324121 0.21577312052249911 0.96025145053863536 1.0091112256050112
decision_type=2 2 2 2 2 2 2 2 2 2 2 2 2 2 2 2 2 2
left_child=14 2 -2 -4 5 -5 10 9 -9 -8 13 -12 17 -6 15 16 -1 -7
right_child=1 -3 3 4 6 12 7 8 -10 -11 11 -13 -14 -15 -16 -17 -18 -19
leaf_value=0.00047559348773211247 -0.00045734845622848977 0.00038250580355601361 0.00037849454330915418 0.00021155753558858823 8.4127594112583175e-06 -0.00011754620825906221 0.00027475213573118461 0.00072421513345319669 -5.0757092979056917e-05 -0.00056904872013177035 -0.00011363180128352146 -0.00083753220974526986 -0.00085103284311480827 -0.00025304444059214915 0.00042570919988469953 -0.00020421859338915659 -2.6336969064064572e-05 -0.00054770408256445081
leaf_weight=50 51 61 66 73 1853 88 55 102 62 59 110 54 50 177 90 71 57 50
leaf_count=50 51 61 66 73 1853 88 55 102 62 59 110 54 50 177 90 71 57 50
internal_value=-8.94038e-06 -2.55975e-05 -3.43323e-05 -2.66246e-05 -3.6408e-05 -0.000248418 -1.40234e-05 0.000187987 0.000431238 -0.000161952 -3.962e-05 -0.000351989 -0.000427026 -1.43842e-05 0.000171988 4.37019e-05 0.00020821 -0.000273401
internal_weight=3179 2911 2850 2799 2733 261 2472 278 164 114 2194 164 188 2030 268 178 107 138
internal_count=3179 2911 2850 2799 2733 261 2472 278 164 114 2194 164 188 2030 268 178 107 138
is_linear=0
shrinkage=0.05


end of trees

feature_importances:
STD60=75
CORD60=68
obv=68
RSQR20=62
CORR60=61
ROC60=60
RSQR30=57
volatility_10=55
MIN60=54
WVMA60=54
RSQR60=53
WVMA10=53
WVMA30=50
BETA30=49
STD30=47
BETA60=47
RSQR5=47
RESI60=46
CORD5=45
RESI10=44
CORD30=43
QTLD60=43
volume_ratio=43
industry_id=43
CORD20=41
RSQR10=39
WVMA5=39
volatility_20=39
IMIN60=37
CORR10=37
kdj_j=37
SUMN60=36
IMXD30=35
CORR30=35
VWAP0=34
MIN30=34
WVMA20=34
KUP=33
KLOW=33
RESI30=32
VSTD60=32
kdj_k=32
volume_ma_20=31
VSUMP60=30
VSUMN20=30
VSUMN60=30
CORD10=30
volume_change=30
volume_ma_5=30
RESI20=29
KMID=28
IMXD60=28
ROC20=28
MIN5=28
VSTD5=28
IMXD20=27
STD5=27
RESI5=27
MIN10=27
return_1=27
SUMP20=26
SUMP60=26
IMIN20=25
STD20=25
QTLD30=25
kdj_d=25
boll_std=25
atr_14=25
LOW0=24
ROC30=24
VMA10=24
CORR5=23
MA5=23
QTLU10=23
VSTD10=23
macd_signal=23
MAX30=22
VSTD30=22
MA60=21
STD10=21
QTLD5=21
macd=21
KSFT=20
RSV60=20
IMIN30=20
ROC5=20
MAX60=20
CNTP60=19
CNTD60=19
ROC10=19
BETA5=19
QTLU5=19
IMAX60=18
VSUMP20=18
CORR20=18
MAX5=18
sma_5=18
ema_60=18
VSTD20=17
sma_20=17
KLOW2=16
VSUMP30=16
KUP2=15
HIGH0=15
CNTP10=15
MA10=15
rsi=15
KLEN=14
SUMP30=14
QTLD20=14
IMAX30=13
CNTN60=13
SUMP5=13
open_close_spread=13
QTLU30=13
boll_mid=13
MA20=12
QTLU60=12
VMA30=12
ema_12=12
OPEN0=11
RSV20=11
IMIN10=11
BETA20=11
MIN20=11
QTLU20=11
VMA5=11
VMA60=11
CNTN30=10
VSUMN30=10
high_close_spread=10
MA30=10
return_5=10
KMID2=9
CNTD10=9
SUMP10=9
SUMN30=9
VSUMP10=9
low_close_spread=9
MAX10=9
ema_26=9
RSV5=8
RSV30=8
CNTP20=8
SUMN10=8
VSUMD60=8
BETA10=8
return_10=8
IMXD10=7
CNTD20=7
SUMD60=7
VSUMN5=7
RSV10=6
CNTP30=6
VSUMP5=6
MAX20=6
VMA20=6
CNTN20=5
CNTD30=5
SUMN20=5
SUMD10=5
VSUMD30=5
QTLD10=5
RANK60=4
VSUMN10=4
VSUMD20=4
KSFT2=3
RANK5=3
IMAX5=3
IMAX10=3
IMAX20=3
IMIN5=3
IMXD5=3
CNTP5=3
SUMD20=3
SUMD30=3
VSUMD5=3
RANK20=2
RANK30=2
CNTN5=2
SUMN5=2
high_low_spread=2
CNTN10=1
CNTD5=1
SUMD5=1
VSUMD10=1

parameters:
[boosting: gbdt]
[objective: regression]
[metric: rmse]
[tree_learner: serial]
[device_type: cpu]
[data_sample_strategy: bagging]
[data: ]
[valid: ]
[num_iterations: 200]
[learning_rate: 0.05]
[num_leaves: 63]
[num_threads: 0]
[seed: 0]
[deterministic: 0]
[force_col_wise: 0]
[force_row_wise: 0]
[histogram_pool_size: -1]
[max_depth: 8]
[min_data_in_leaf: 50]
[min_sum_hessian_in_leaf: 0.001]
[bagging_fraction: 0.8]
[pos_bagging_fraction: 1]
[neg_bagging_fraction: 1]
[bagging_freq: 5]
[bagging_seed: 3]
[bagging_by_query: 0]
[feature_fraction: 0.8]
[feature_fraction_bynode: 1]
[feature_fraction_seed: 2]
[extra_trees: 0]
[extra_seed: 6]
[early_stopping_round: 0]
[early_stopping_min_delta: 0]
[first_metric_only: 0]
[max_delta_step: 0]
[lambda_l1: 0]
[lambda_l2: 0]
[linear_lambda: 0]
[min_gain_to_split: 0]
[drop_rate: 0.1]
[max_drop: 50]
[skip_drop: 0.5]
[xgboost_dart_mode: 0]
[uniform_drop: 0]
[drop_seed: 4]
[top_rate: 0.2]
[other_rate: 0.1]
[min_data_per_group: 100]
[max_cat_threshold: 32]
[cat_l2: 10]
[cat_smooth: 10]
[max_cat_to_onehot: 4]
[top_k: 20]
[monotone_constraints: ]
[monotone_constraints_method: basic]
[monotone_penalty: 0]
[feature_contri: ]
[forcedsplits_filename: ]
[refit_decay_rate: 0.9]
[cegb_tradeoff: 1]
[cegb_penalty_split: 0]
[cegb_penalty_feature_lazy: ]
[cegb_penalty_feature_coupled: ]
[path_smooth: 0]
[interaction_constraints: ]
[verbosity: -1]
[saved_feature_importance_type: 0]
[use_quantized_grad: 0]
[num_grad_quant_bins: 4]
[quant_train_renew_leaf: 0]
[stochastic_rounding: 1]
[linear_tree: 0]
[max_bin: 255]
[max_bin_by_feature: ]
[min_data_in_bin: 3]
[bin_construct_sample_cnt: 200000]
[data_random_seed: 1]
[is_enable_sparse: 1]
[enable_bundle: 1]
[use_missing: 1]
[zero_as_missing: 0]
[feature_pre_filter: 1]
[pre_partition: 0]
[two_round: 0]
[header: 0]
[label_column: ]
[weight_column: ]
[group_column: ]
[ignore_column: ]
[categorical_feature: 186]
[forcedbins_filename: ]
[precise_float_parser: 0]
[parser_config_file: ]
[objective_seed: 5]
[num_class: 1]
[is_unbalance: 0]
[scale_pos_weight: 1]
[sigmoid: 1]
[boost_from_average: 1]
[reg_sqrt: 0]
[alpha: 0.9]
[fair_c: 1]
[poisson_max_delta_step: 0.7]
[tweedie_variance_power: 1.5]
[lambdarank_truncation_level: 30]
[lambdarank_norm: 1]
[label_gain: ]
[lambdarank_position_bias_regularization: 0]
[eval_at: ]
[multi_error_top_k: 1]
[auc_mu_weights: ]
[num_machines: 1]
[local_listen_port: 12400]
[time_out: 120]
[machine_list_filename: ]
[machines: ]
[gpu_platform_id: -1]
[gpu_device_id: -1]
[gpu_use_dp: 0]
[num_gpu: 1]

end of parameters

pandas_categorical:null
