date,open,high,low,close,preclose,volume,amount,pctChg,return_1d,ma5,ma20,volatility_20d
2019-01-02,3017.067,3018.775,2958.488,2969.535,3010.653,6866302208,76105572352.0,-1.3658,,,,
2019-01-03,2963.018,3000.441,2953.254,2964.842,2969.535,7086710272,76664799232.0,-0.158,-0.0015803821136978,,,
2019-01-04,2940.191,3036.814,2935.829,3035.874,2964.842,10331897088,107141038080.0,2.3958,0.0239581063678939,,,
2019-01-07,3055.153,3061.749,3035.912,3054.303,3035.874,10116435968,105703940096.0,0.607,0.0060704100367801,,,
2019-01-08,3049.874,3055.51,3038.533,3047.703,3054.303,8617058560,79628881920.0,-0.2161,-0.0021608858060251,3014.4514,,
2019-01-09,3065.23,3117.961,3062.847,3078.475,3047.703,10736434944,117129678848.0,1.0097,0.0100967843651431,3036.2394,,
2019-01-10,3077.481,3092.541,3062.572,3072.686,3078.475,8527175680,90206871552.0,-0.188,-0.0018804765346477,3057.8082,,
2019-01-11,3082.261,3102.833,3071.026,3094.778,3072.686,7178642432,77420240896.0,0.719,0.0071898007150745,3069.589,,
2019-01-14,3092.498,3097.406,3064.382,3067.784,3094.778,6612170240,68115969024.0,-0.8722,-0.0087224350179559,3072.2852,,
2019-01-15,3071.518,3129.37,3064.67,3127.99,3067.784,8877296128,99976892416.0,1.9625,0.0196252408904928,3088.3426,,
2019-01-16,3126.134,3135.011,3117.292,3128.651,3127.99,8021434112,85781590016.0,0.0211,0.0002113178111182,3098.3778,,
2019-01-17,3132.628,3141.709,3110.06,3111.416,3128.651,8017487104,82888208384.0,-0.5509,-0.0055087640008424,3106.1238,,
2019-01-18,3124.502,3171.686,3120.345,3168.173,3111.416,10396383488,106780659712.0,1.8242,0.018241533758263,3120.8028,,
2019-01-21,3170.877,3199.213,3170.877,3185.636,3168.173,9391502336,105536987136.0,0.5512,0.005512009603011,3144.3732,,
2019-01-22,3181.949,3181.949,3135.337,3143.317,3185.636,7299052800,78150877184.0,-1.3284,-0.0132843174800887,3147.4386,,
2019-01-23,3136.096,3157.626,3131.867,3141.053,3143.317,5987047936,62669651968.0,-0.072,-0.0007202582494861,3149.919,,
2019-01-24,3146.604,3165.629,3125.3,3158.781,3141.053,7293463552,80963878912.0,0.5644,0.0056439671664247,3159.3920000000003,,
2019-01-25,3165.181,3203.174,3164.408,3184.469,3158.781,8396772864,93207953408.0,0.8132,0.0081322510170853,3162.6512,,
2019-01-28,3203.118,3228.867,3174.724,3183.777,3184.469,8262243072,97371496448.0,-0.0217,-0.0002173046746568,3162.2794,,
2019-01-29,3177.261,3200.989,3148.234,3193.969,3183.777,7765833472,85943910400.0,0.3201,0.003201229231821,3172.4098000000004,3105.6606,
2019-01-30,3181.655,3202.896,3167.893,3168.482,3193.969,6374651648,73005121536.0,-0.798,-0.007979726791337,3177.8956000000003,3115.60795,0.0096306092939533
2019-01-31,3182.698,3216.067,3178.01,3201.633,3168.482,8624783872,97509924864.0,1.0463,0.0104627389393405,3186.466,3127.4475,0.0096863059991705
2019-02-01,3225.733,3247.495,3207.716,3247.397,3201.633,8201964032,94766411776.0,1.4294,0.0142939556157748,3199.0516,3138.02365,0.0088364627134555
2019-02-11,3239.807,3307.063,3239.807,3306.472,3247.397,9881843456,114752356352.0,1.8191,0.0181914930635214,3223.5906000000004,3150.6321,0.0094245997961893
2019-02-12,3306.352,3335.36,3298.633,3330.335,3306.472,12223246336,122834100224.0,0.7217,0.0072170579397012,3250.8638,3164.7637000000004,0.009333940502712
2019-02-13,3337.779,3405.577,3329.143,3397.027,3330.335,16382833152,168866263040.0,2.0026,0.0200256130389284,3296.5728000000004,3180.6913,0.009895266956869
2019-02-14,3392.854,3415.399,3381.982,3402.14,3397.027,15112729088,138649288704.0,0.1505,0.0015051396412215,3336.6742,3197.164,0.0098001971692714
2019-02-15,3391.242,3395.029,3335.87,3338.704,3402.14,14366860288,141555060736.0,-1.8646,-0.0186459111030115,3354.9356,3209.3603000000003,0.0111298481969694
2019-02-18,3366.423,3445.744,3366.423,3445.744,3338.704,18288609024,180449742848.0,3.206,0.0320603443731459,3382.79,3228.2583000000004,0.0123702503054104
2019-02-19,3454.721,3480.793,3419.073,3439.607,3445.744,17908378624,185762746368.0,-0.1781,-0.0017810377091276,3404.6444,3243.83915,0.0120417564923049
2019-02-20,3449.932,3463.773,3421.505,3451.927,3439.607,14739031040,145570263040.0,0.3582,0.0035818045491826,3415.6244,3260.00295,0.0119972472279646
2019-02-21,3450.141,3500.251,3431.631,3442.705,3451.927,18014328832,185197154304.0,-0.2672,-0.0026715512813568,3423.7374000000004,3276.5674000000004,0.0118827170250912
2019-02-22,3439.378,3520.118,3417.978,3520.118,3442.705,18723797504,202869288960.0,2.2486,0.0224860974146783,3460.0202,3294.16465,0.0121636420097307
2019-02-25,3575.852,3729.483,3574.688,3729.483,3520.118,34255712256,376382394368.0,5.9477,0.0594766993606465,3516.768,3321.357,0.017160419790239
2019-02-26,3734.705,3762.112,3679.27,3684.693,3729.483,35803869696,387632861184.0,-1.201,-0.0120097075117382,3565.7852,3348.4258,0.0170791970101042
2019-02-27,3682.811,3737.631,3638.333,3678.392,3684.693,28623600640,307306147840.0,-0.171,-0.0017100474856386,3611.0782,3375.29275,0.0171075492151307
2019-02-28,3675.264,3695.464,3650.053,3669.37,3678.392,18481021952,206010957824.0,-0.2453,-0.0024527021589868,3656.4112,3400.8222,0.0172629044729506
2019-03-01,3699.215,3749.714,3668.765,3749.714,3669.37,20471100416,235620622336.0,2.1896,0.0218958567819544,3702.3304,3429.08445,0.0175546672426598
2019-03-04,3783.036,3886.579,3764.776,3794.104,3749.714,32349012736,376397283328.0,1.1838,0.0118382361961471,3715.2546,3459.6008,0.0174518090091925
2019-03-05,3785.376,3816.162,3770.785,3816.013,3794.104,23085316608,261464121344.0,0.5774,0.0057744858865229,3741.5186,3490.703,0.0174166515428212
2019-03-06,3822.858,3855.155,3787.522,3848.09,3816.013,31807737088,331155615744.0,0.8406,0.0084058937954352,3775.4582,3524.6833999999994,0.0169511968626394
2019-03-07,3841.145,3845.182,3778.8,3808.849,3848.09,32984654848,359339151360.0,-1.0198,-0.010197526565127,3803.354,3555.0442,0.0175344101522579
2019-03-08,3721.401,3774.543,3656.191,3657.579,3808.849,31799007744,349296693248.0,-3.9715,-0.0397154100884545,3784.9270000000006,3575.5533,0.020553270947778
2019-03-11,3663.977,3731.909,3650.812,3729.954,3657.579,23091286528,268718460928.0,1.9788,0.0197876792271609,3772.097,3596.7274000000007,0.0206054661471765
2019-03-12,3758.315,3804.72,3723.678,3755.351,3729.954,27492638208,325180620800.0,0.6809,0.0068089311557193,3759.9646,3617.9782,0.0206046533809834
2019-03-13,3758.713,3763.092,3708.814,3724.194,3755.351,23368224768,286171049984.0,-0.8297,-0.0082966945033899,3735.1854,3634.33655,0.020579362430303
2019-03-14,3710.293,3747.819,3673.85,3698.485,3724.194,19081723648,231820148736.0,-0.6903,-0.0069032386604993,3713.1126,3649.1538,0.0207356619540197
2019-03-15,3713.936,3782.236,3713.936,3745.005,3698.485,17517454336,224194363392.0,1.2578,0.0125781232045012,3730.597800000001,3669.46885,0.0200751780431623
2019-03-18,3753.643,3851.747,3733.678,3851.747,3745.005,21692805888,276473450496.0,2.8503,0.0285024986615505,3754.9564,3689.769,0.0198460646033353
2019-03-19,3856.588,3868.335,3815.218,3833.962,3851.747,18172710912,224096890880.0,-0.4617,-0.0046173853059403,3770.6786,3709.48675,0.0199128842548641
2019-03-20,3825.335,3855.146,3790.511,3835.439,3833.962,17563208960,215406993408.0,0.0385,0.0003852411682745,3792.9276,3728.66235,0.0199429786932514
2019-03-21,3840.278,3864.069,3823.466,3836.891,3835.439,19631031040,231993446400.0,0.0379,0.0003785746559912,3820.6088,3748.37165,0.0198890457878014
2019-03-22,3838.125,3845.58,3786.591,3833.801,3836.891,17135699200,198518386688.0,-0.0805,-0.0008053395314071,3838.368,3764.055800000001,0.019528171614899
2019-03-25,3776.442,3807.179,3741.606,3742.825,3833.801,19858632960,223396564992.0,-2.373,-0.0237299745083273,3816.5836,3764.7229,0.0156720992459524
2019-03-26,3766.528,3770.843,3687.547,3700.438,3742.825,17304657920,196547809280.0,-1.1325,-0.0113248682479142,3789.8788,3765.51015,0.0156445215962701
2019-03-27,3724.405,3750.264,3703.45,3743.387,3700.438,13875845376,177507528704.0,1.1606,0.0116064638834645,3771.4684,3768.7599,0.0158353324564538
2019-03-28,3731.061,3755.716,3710.081,3728.395,3743.387,13327212800,172604391424.0,-0.4005,-0.0040049292258589,3749.7692,3771.71115,0.0158569135228376
2019-03-29,3739.773,3876.379,3739.773,3872.341,3728.395,21563910400,283022299136.0,3.8608,0.0386080337517886,3757.4772,3777.8425,0.0173870561185954
2019-04-01,3901.169,3982.909,3901.169,3973.928,3872.341,27138270464,340799401984.0,2.6234,0.0262340016026481,3803.6978,3786.8337,0.0181094671075057
2019-04-02,3986.344,3988.097,3956.505,3971.285,3973.928,22600034048,281892057088.0,-0.0665,-0.0006650850241877,3857.8672,3794.5973,0.0181049381466229
2019-04-03,3947.869,4026.497,3939.783,4022.156,3971.285,23191736832,284826497024.0,1.281,0.0128097076890729,3913.621,3803.3006,0.0182114697719863
2019-04-04,4039.741,4072.113,4021.705,4062.23,4022.156,26041093888,313539432448.0,0.9963,0.00996331320814,3980.388,3815.969650000001,0.0180362346863588
2019-04-08,4097.102,4122.603,4017.488,4057.228,4062.23,26750557696,324670451712.0,-0.1231,-0.0012313433754366,4017.3654,3835.9521,0.01499264695655
2019-04-09,4063.813,4084.243,4038.282,4075.43,4057.228,18295680768,243187912704.0,0.4486,0.0044863143012914,4037.6658,3853.2259,0.0145999288508851
2019-04-10,4062.442,4115.378,4035.474,4085.847,4075.43,19468761344,278282027008.0,0.2556,0.0025560493003193,4060.5782,3869.7507,0.0145961001995074
2019-04-11,4083.461,4097.124,3990.239,3997.577,4085.847,16904964096,236259155968.0,-2.1604,-0.0216038437073144,4055.6624,3883.41985,0.0154784394008402
2019-04-12,3986.782,4006.933,3961.464,3988.616,3997.577,13586211840,178795937792.0,-0.2242,-0.0022416078539575,4040.9396,3897.9264,0.0153455113644796
2019-04-15,4056.491,4085.388,3974.226,3975.524,3988.616,18264557056,236298723328.0,-0.3282,-0.0032823415440343,4024.5988000000007,3909.452350000001,0.0152828147089378
2019-04-16,3958.096,4085.789,3943.487,4085.789,3975.524,20204196608,250569207808.0,2.7736,0.0277359663782688,4026.6706,3921.154450000001,0.0152165775346474
2019-04-17,4080.717,4106.615,4057.503,4087.239,4085.789,18036711680,228824428544.0,0.0355,0.0003548886151487,4026.949,3933.8183,0.0151248337035626
2019-04-18,4085.114,4094.053,4056.235,4072.075,4087.239,14656212224,187812687872.0,-0.371,-0.0037100839955774,4041.8486,3945.6501,0.0151940986544266
2019-04-19,4076.295,4120.635,4046.204,4120.607,4072.075,15079491072,194701692928.0,1.1918,0.0119182480676314,4068.2468,3959.8359,0.0153037571451638
2019-04-22,4125.971,4126.09,4015.474,4025.61,4120.607,18935374592,244380549120.0,-2.3054,-0.0230541277049716,4078.264,3969.4263499999993,0.0164154985190224
2019-04-23,4021.627,4061.085,4005.283,4019.005,4025.61,15561165056,204121505792.0,-0.1641,-0.0016407451293095,4064.9072,3983.23535,0.0152548413591135
2019-04-24,4033.629,4044.337,3967.805,4030.088,4019.005,14549869568,186497961984.0,0.2758,0.0027576477262407,4053.477,3999.71785,0.0148455263629645
2019-04-25,4013.602,4022.563,3938.325,3941.816,4030.088,15972207104,197530996736.0,-2.1903,-0.0219032438001355,4027.4252,4009.6393,0.0158443645431995
2019-04-26,3921.89,3943.833,3887.252,3889.274,3941.816,14200806912,186572136448.0,-1.3329,-0.0133293892967099,3981.1586,4017.68325,0.016185686967503
2019-04-29,3896.582,3953.228,3875.452,3900.333,3889.274,15387092736,203946553344.0,0.2843,0.002843461273235,3956.1032,4019.08285,0.0137480969462346
2019-04-30,3887.179,3923.108,3885.147,3913.211,3900.333,11623337728,161665925120.0,0.3302,0.003301769361744,3934.9444,4016.047,0.012371894365789
2019-05-06,3775.076,3791.611,3647.14,3684.616,3913.211,19747288320,254115401728.0,-5.8416,-0.0584162213588789,3865.85,4001.71355,0.0178782306905803
2019-05-07,3702.265,3738.176,3671.834,3720.668,3684.616,13284765440,183659159552.0,0.9784,0.0097844660067698,3821.6204,3986.63915,0.0177445239269101
2019-05-08,3648.548,3722.932,3642.498,3667.457,3720.668,11286735616,145058488320.0,-1.4301,-0.0143014641456857,3777.257,3966.9005000000006,0.0175874291293296
2019-05-09,3637.346,3656.896,3584.822,3599.7,3667.457,10103739392,141829095424.0,-1.8475,-0.0184751995728921,3717.1304,3944.0241,0.0178167761943937
2019-05-10,3643.055,3732.923,3589.29,3730.451,3599.7,14800384768,195067170816.0,3.6323,0.036322749117982,3680.5784,3926.77515,0.0200654865255313
2019-05-13,3675.759,3702.901,3658.0,3668.725,3730.451,10339185920,135053926400.0,-1.6546,-0.0165465248035693,3677.4002,3905.91905,0.0201803273475247
2019-05-14,3630.438,3683.261,3630.438,3645.15,3668.725,10231345920,135262867456.0,-0.6426,-0.0064259381665291,3662.2966,3888.2977,0.0198119903400083
2019-05-15,3674.993,3741.04,3674.993,3727.092,3645.15,11016176896,152534548480.0,2.248,0.0224797333443067,3674.2236,3875.221500000001,0.020705769713167
2019-05-16,3720.039,3745.14,3707.903,3743.963,3727.092,11625827328,139851939840.0,0.4527,0.0045265853378451,3703.0762,3863.643450000001,0.0207772274709703
2019-05-17,3744.875,3745.355,3637.582,3648.76,3743.963,12845324544,154092351488.0,-2.5428,-0.025428403005051,3686.738,3841.792,0.0200547023432831
2019-05-20,3635.735,3644.5,3583.832,3617.792,3648.76,10896347648,134194262016.0,-0.8487,-0.0084872669071137,3676.5514,3818.31965,0.0200174938971129
2019-05-21,3619.436,3690.088,3610.681,3666.776,3617.792,11102291968,133071380480.0,1.354,0.0135397502122842,3680.876600000001,3798.0547,0.0204825455950042
2019-05-22,3663.153,3679.272,3634.747,3649.379,3666.776,9834612736,121775243264.0,-0.4744,-0.004744494891425,3665.334,3774.4933,0.0200921883779858
2019-05-23,3629.528,3631.474,3578.112,3583.964,3649.379,9989778176,125611970560.0,-1.7925,-0.0179249675081705,3633.3342,3752.411,0.0198929146727027
2019-05-24,3584.901,3623.39,3580.785,3593.913,3583.964,8093404928,101337497600.0,0.2776,0.0027759765444073,3622.3648,3731.1564,0.0199636101066112
2019-05-27,3592.602,3648.026,3556.256,3637.197,3593.913,10883087104,133399052288.0,1.2044,0.0120436972180462,3626.2458,3711.51185,0.0202685503791369
2019-05-28,3633.018,3683.23,3627.787,3672.26,3637.197,11788624128,148966334464.0,0.964,0.0096401157264784,3627.3426,3698.0340500000007,0.0201039078948324
2019-05-29,3642.541,3693.227,3637.348,3663.909,3672.26,9335544064,120002035712.0,-0.2274,-0.0022740764542815,3630.2486,3686.7658,0.0199663351919718
2019-05-30,3648.849,3650.971,3612.624,3641.183,3663.909,9420256000,112864079872.0,-0.6203,-0.0062026649679345,3641.6924,3673.8083,0.0199344789689323
2019-05-31,3640.996,3668.179,3627.544,3629.789,3641.183,8922226688,108264202240.0,-0.3129,-0.0031292027893131,3648.8676,3659.6372,0.0198751726667759
2019-06-03,3640.612,3672.813,3613.127,3632.012,3629.789,10072317952,123902447616.0,0.0612,0.0006124322928964,3647.8306,3657.007,0.0151130272308069
2019-06-04,3632.56,3636.128,3584.461,3598.466,3632.012,8709709312,109467238400.0,-0.9236,-0.0092362029640872,3633.0718,3650.8969,0.0150226451095304
2019-06-05,3627.794,3634.453,3593.951,3597.105,3598.466,8864201984,114634227712.0,-0.0378,-0.0003782167179013,3619.711,3647.3793,0.014720779368925
2019-06-06,3601.035,3601.035,3557.016,3564.677,3597.105,8553440256,104367267840.0,-0.9015,-0.0090150273622815,3604.4098,3645.628150000001,0.0142702600171385
2019-06-10,3578.008,3623.73,3568.278,3610.743,3564.677,9237506048,117346607104.0,1.2923,0.0129229099859538,3600.6006,3639.64275,0.0118567647681068
2019-06-11,3617.523,3723.141,3617.523,3719.275,3610.743,14348280576,180899074048.0,3.0058,0.0300580794589921,3618.0532,3642.17025,0.013254241538873
2019-06-12,3706.863,3711.879,3683.939,3691.095,3719.275,11917885184,132296097792.0,-0.7577,-0.0075767454678667,3636.579,3644.4675,0.0132895654415649
2019-06-13,3689.583,3697.591,3654.274,3685.393,3691.095,9633171712,110459904000.0,-0.1545,-0.0015447990366002,3654.2366,3642.38255,0.0122645127683037
2019-06-14,3690.476,3709.652,3650.909,3654.879,3685.393,10181700352,116584259584.0,-0.828,-0.0082797139952238,3672.277000000001,3637.92835,0.0123229178972271
2019-06-17,3654.443,3683.774,3645.498,3654.824,3654.879,7297667840,93092581376.0,-0.0015,-1.5048377798532186e-05,3681.0932,3638.23155,0.0109155703524638
2019-06-18,3661.129,3675.645,3638.78,3667.618,3654.824,7069226496,89472839680.0,0.3501,0.0035005789608473,3670.7618,3640.72285,0.0107447434416568
2019-06-19,3761.338,3771.347,3715.133,3715.938,3667.618,12559571456,172574179328.0,1.3175,0.0131747635658894,3675.7304,3643.18095,0.0107221433233817
2019-06-20,3718.941,3845.791,3717.185,3828.518,3715.938,16887207424,227726983168.0,3.0297,0.0302965227083982,3704.3554,3652.1379,0.0124980276976192
2019-06-21,3832.732,3856.085,3817.306,3833.938,3828.518,15363515392,199961616384.0,0.1416,0.0014156913980813,3740.1672,3664.6366,0.0115489197790243
2019-06-24,3836.305,3853.545,3819.769,3841.265,3833.938,10008462080,143644733440.0,0.1911,0.0019110898506964,3777.4554,3677.0042,0.0115531533756056
2019-06-25,3837.425,3838.057,3755.009,3801.309,3841.265,12407591168,169358794752.0,-1.0402,-0.0104017817047248,3804.1936,3685.209800000001,0.0117572983629107
2019-06-26,3779.512,3809.758,3771.716,3794.331,3801.309,8182028288,112106860544.0,-0.1836,-0.0018356834448344,3819.8722,3691.31335,0.01165849787821
2019-06-27,3807.537,3854.08,3805.832,3834.817,3794.331,10531635712,156483420160.0,1.067,0.0106701286735395,3821.132,3699.85875,0.0117848685877309
2019-06-28,3832.059,3835.232,3803.054,3825.587,3834.817,8476613888,116512051200.0,-0.2407,-0.002406894514132,3819.4618,3709.078950000001,0.0116699322923986
2019-07-01,3899.331,3936.668,3886.909,3935.811,3825.587,15837033984,217470251008.0,2.8812,0.0288123103722384,3838.371,3724.3800500000007,0.0129672115689638
2019-07-02,3931.048,3942.425,3918.937,3937.169,3935.811,13186349568,173997043712.0,0.0345,0.0003450368932857,3865.543,3739.6379,0.0129711710431643
2019-07-03,3927.436,3927.436,3878.84,3893.534,3937.169,11199260416,163145732096.0,-1.1083,-0.0110828364238364,3885.3836,3754.3913,0.0130773910972626
2019-07-04,3895.197,3906.889,3854.693,3873.101,3893.534,9934225664,142669254656.0,-0.5248,-0.0052479315706501,3893.0404,3768.1911,0.0132084353077046
2019-07-05,3875.373,3900.309,3857.928,3893.202,3873.101,7400652800,116236521472.0,0.519,0.0051898982236715,3906.5634,3784.61735,0.0128612752539503
2019-07-08,3875.754,3875.754,3775.025,3802.789,3893.202,10953908736,147198418944.0,-2.3223,-0.0232233005120207,3879.959,3794.219650000001,0.0140951706275899
2019-07-09,3798.095,3811.099,3774.764,3793.129,3802.789,7484273152,113147604992.0,-0.254,-0.0025402408600635,3851.151,3797.91235,0.0125653691258539
2019-07-10,3807.949,3810.396,3774.23,3786.739,3793.129,7283394816,101355479040.0,-0.1685,-0.0016846250153896,3829.792,3802.69455,0.0124205013396705
2019-07-11,3806.185,3830.738,3774.413,3785.221,3786.739,7531196416,113674616832.0,-0.0401,-0.000400872624176,3812.216,3807.68595,0.0124090849580833
2019-07-12,3783.073,3820.235,3774.522,3808.731,3785.221,7546596608,107007922176.0,0.6211,0.0062109979840014,3795.3218,3815.37855,0.012235381401073
2019-07-15,3792.64,3844.868,3745.854,3824.187,3808.731,10120522240,142493044736.0,0.4058,0.0040580445297921,3799.6014,3823.846700000001,0.0122316187727237
2019-07-16,3819.247,3828.325,3799.866,3806.844,3824.187,8073095168,108449681408.0,-0.4535,-0.0045350815742012,3802.3444,3830.808,0.0123230576500589
2019-07-17,3800.106,3820.271,3787.897,3804.638,3806.844,9518388480,116766781440.0,-0.0579,-0.000579482637061,3805.9242,3835.243,0.0120434811603313
2019-07-18,3793.189,3793.391,3767.995,3768.401,3804.638,8749644544,111669366784.0,-0.9524,-0.0095244278167857,3802.5602,3832.23715,0.0101277373621483
2019-07-19,3787.507,3828.151,3787.507,3807.955,3768.401,8808614912,117797527552.0,1.0496,0.0104962290371963,3802.405,3830.938000000001,0.0104286513582983
2019-07-22,3813.502,3816.538,3765.442,3781.683,3807.955,9210137600,117810446336.0,-0.6899,-0.006899241193764,3793.9042,3827.9589,0.0105165576945378
2019-07-23,3783.541,3792.964,3768.761,3789.913,3781.683,7131334656,103866609664.0,0.2176,0.0021762797146138,3790.518,3827.3891,0.0102811247151765
2019-07-24,3803.586,3840.057,3803.573,3819.832,3789.913,9094068480,129940586496.0,0.7894,0.007894376467217,3793.5568,3828.664150000001,0.0104238955861288
2019-07-25,3821.389,3851.066,3812.953,3851.066,3819.832,9374041600,125899501568.0,0.8177,0.0081767993985075,3810.0898,3829.4766,0.01030870579701
2019-07-26,3835.228,3863.587,3832.522,3858.568,3851.066,8325929984,110929727488.0,0.1948,0.0019480320513853,3820.2124,3831.12565,0.0102953553319868
2019-07-29,3857.939,3862.746,3842.426,3854.27,3858.568,8481436928,111679107072.0,-0.1114,-0.0011138847365137,3834.7298,3827.0486,0.007843549995361
2019-07-30,3861.569,3890.729,3861.569,3870.317,3854.27,9412395520,120480280576.0,0.4163,0.004163434320896,3850.8106,3823.706,0.007924497533769
2019-07-31,3856.745,3856.745,3830.091,3835.358,3870.317,8215115520,111083892736.0,-0.9033,-0.0090325934542312,3853.9158,3820.7972,0.0077970656617476
2019-08-01,3819.324,3831.264,3791.546,3803.469,3835.358,8411418112,117649162240.0,-0.8314,-0.0083144780747977,3844.3964,3817.3156,0.0079199064535131
2019-08-02,3729.13,3754.532,3720.058,3747.437,3803.469,10833589760,141874786304.0,-1.4732,-0.014731814561917,3822.1702,3810.02735,0.0083574424048071
2019-08-05,3724.409,3739.503,3675.688,3675.688,3747.437,10132598016,133061099520.0,-1.9146,-0.019146152423643,3786.4538,3803.6723,0.0078431453180362
2019-08-06,3609.111,3649.895,3575.862,3636.328,3675.688,12983387136,167267479552.0,-1.0708,-0.0107081993901549,3739.656,3795.83225,0.008099372910758
2019-08-07,3654.632,3659.077,3621.431,3621.431,3636.328,8423871488,108667666432.0,-0.4097,-0.0040967151478084,3696.8706,3787.56685,0.008111167626896
2019-08-08,3651.357,3675.46,3646.938,3669.293,3621.431,8845770752,114981617664.0,1.3216,0.0132163224979298,3670.0354,3781.77045,0.008811261736239
2019-08-09,3686.749,3689.177,3628.116,3633.529,3669.293,8529558016,116355690496.0,-0.9747,-0.0097468367884494,3647.2538,3773.010350000001,0.0087971331725021
2019-08-12,3647.866,3699.104,3643.316,3699.104,3633.529,8208305664,121129345024.0,1.8047,0.018047193238309,3651.937,3766.7562,0.009826438660473
2019-08-13,3675.586,3686.43,3658.012,3665.751,3699.104,7650030336,103764320256.0,-0.9017,-0.0090165077813436,3657.8216,3759.70155,0.0099468739621158
2019-08-14,3712.065,3717.557,3680.608,3682.401,3665.751,9120259072,128301670400.0,0.4542,0.0045420433630105,3670.0156,3753.5897,0.0100464487969335
2019-08-15,3618.009,3694.298,3612.11,3694.0,3682.401,8859883264,119241080832.0,0.315,0.0031498470698874,3674.957,3749.86965,0.0099181017175635
2019-08-16,3697.94,3738.096,3687.075,3710.538,3694.0,8831916800,132696911872.0,0.4477,0.0044769897130481,3690.3588,3744.9988,0.0096399199497301
2019-08-19,3736.034,3791.094,3720.689,3791.094,3710.538,13932701184,195448938496.0,2.171,0.0217100592959835,3708.7568,3745.46935,0.0108093577529477
2019-08-20,3786.026,3799.897,3778.73,3787.732,3791.094,10860208896,149115342848.0,-0.0887,-0.0008868152570208,3733.153,3745.3603,0.0108012770734953
2019-08-21,3778.309,3792.595,3775.447,3781.757,3787.732,8229988096,121688506368.0,-0.1577,-0.0015774611297736,3753.0242,3743.45655,0.0106446641179417
2019-08-22,3793.855,3797.329,3771.204,3793.506,3781.757,8580779264,120708136960.0,0.3107,0.0031067569915252,3772.9254,3740.57855,0.0104876926407619
2019-08-23,3796.882,3829.36,3788.034,3820.863,3793.506,8795458304,137802153984.0,0.7212,0.0072115346594943,3794.9904,3738.6933,0.0106228229960821
2019-08-26,3756.361,3778.866,3753.164,3765.91,3820.863,9385926912,142350987264.0,-1.4382,-0.0143823528872927,3789.9536,3734.2753,0.0110721210474834
2019-08-27,3791.458,3848.235,3790.873,3816.945,3765.91,12473147904,181748785152.0,1.3552,0.0135518374045051,3795.7962,3731.6067,0.0114978847045615
2019-08-28,3818.812,3822.588,3790.138,3802.584,3816.945,8875081216,137667276800.0,-0.3762,-0.0037624330452757,3799.9616,3729.968,0.0113547113834314
2019-08-29,3805.494,3808.595,3774.396,3790.186,3802.584,8408338688,126475677696.0,-0.326,-0.0032604144970892,3799.2976,3729.30385,0.0112240364425497
2019-08-30,3816.678,3828.969,3778.918,3799.586,3790.186,9669515008,152408670208.0,0.248,0.0024800893676457,3795.0422,3731.9113,0.0106915534642265
2019-09-02,3803.689,3855.776,3799.816,3848.319,3799.586,11028934912,164994457600.0,1.2826,0.0128258710291069,3811.524,3740.54285,0.0099234647274846
2019-09-03,3852.579,3856.681,3833.757,3853.61,3848.319,9771463168,146270633984.0,0.1375,0.0013748860216629,3818.857,3751.406950000001,0.0094431990005548
2019-09-04,3848.648,3886.001,3846.421,3886.001,3853.61,12662861568,176839745536.0,0.8405,0.0084053653587157,3835.5404,3764.6354499999993,0.0093657859865041
2019-09-05,3909.208,3970.003,3909.208,3925.323,3886.001,18165623040,244681224192.0,1.0119,0.0101188857131018,3862.5678,3777.43695,0.0092224499872957
2019-09-06,3946.685,3948.539,3922.336,3948.507,3925.323,12188237568,181718269952.0,0.5906,0.0059062655480837,3892.352,3793.18585,0.0086955290519132
2019-09-09,3980.957,3985.239,3954.875,3972.948,3948.507,14680975360,209545388032.0,0.619,0.0061899345752709,3917.2778,3806.87805,0.0080845638933325
2019-09-10,3976.869,3976.922,3938.744,3959.265,3972.948,13088938496,184494350336.0,-0.3444,-0.0034440420564275,3938.4088,3821.55375,0.0077141064690827
2019-09-11,3969.675,3971.223,3922.953,3930.099,3959.265,13159487488,190165008384.0,-0.7366,-0.0073665187856836,3947.2284,3833.93865,0.0081102907010472
2019-09-12,3944.691,3975.931,3933.436,3972.379,3930.099,11024127232,156750651392.0,1.0758,0.0107579987170804,3956.6396,3847.8576,0.0082799540220867
2019-09-16,3981.361,3982.204,3943.373,3957.715,3972.379,11025980416,154736553984.0,-0.3691,-0.0036914906659207,3958.4812,3860.21645,0.0084380997039704
2019-09-17,3947.157,3947.157,3879.485,3891.22,3957.715,11369431808,154899300352.0,-1.6801,-0.0168013613916111,3942.1356,3865.22275,0.0084010894404657
2019-09-18,3902.994,3923.146,3902.51,3910.083,3891.22,8205615104,130159558656.0,0.4848,0.0048475799363696,3932.2992,3871.3403,0.0084190040119808
2019-09-19,3923.963,3924.382,3897.066,3924.382,3910.083,8598423808,127421792256.0,0.3657,0.0036569556196122,3931.1558,3878.47155,0.0083955527704359
2019-09-20,3933.459,3942.224,3921.412,3935.651,3924.382,10345595392,153162588160.0,0.2871,0.0028715349321242,3923.8102,3885.5788,0.0083939176315171
2019-09-23,3925.185,3925.185,3868.214,3890.661,3935.651,9403622400,139223506944.0,-1.1431,-0.0114313997862106,3910.3994,3889.0687,0.0087955865873157
2019-09-24,3895.866,3927.011,3886.14,3901.075,3890.661,8778322944,142341398528.0,0.2677,0.0026766659958294,3912.3704,3895.82695,0.0080246168165613
2019-09-25,3887.554,3889.839,3867.227,3870.983,3901.075,8952083456,133224464384.0,-0.7714,-0.0077137712040911,3904.5504,3898.52885,0.0077903125756652
2019-09-26,3884.702,3890.745,3840.247,3841.138,3870.983,10269830144,150806749184.0,-0.771,-0.0077099279433674,3887.9016,3900.45655,0.0079583711342677
2019-09-27,3843.458,3859.5,3832.246,3852.653,3841.138,7400394752,109130485760.0,0.2998,0.0029978095033293,3871.302,3903.5799,0.0079242600726595
2019-09-30,3842.074,3857.231,3813.549,3814.528,3852.653,6593131264,100487270400.0,-0.9896,-0.0098957783117243,3856.0754,3904.327,0.008265910586553
2019-10-08,3818.589,3861.642,3818.589,3837.679,3814.528,7665786112,118365683712.0,0.6069,0.0060691650447972,3843.3962,3903.795,0.0078516539567097
2019-10-09,3822.606,3845.34,3805.067,3843.239,3837.679,7585451264,112406208512.0,0.1449,0.0014487923560047,3837.8474,3903.27645,0.0078524064787477
2019-10-10,3838.486,3877.142,3829.432,3874.639,3843.239,7922269440,127474044928.0,0.817,0.0081701918616041,3844.5476,3902.70835,0.0078391561259649
2019-10-11,3885.519,3922.369,3868.841,3911.725,3874.639,9341257728,139817299968.0,0.9572,0.0095714723358744,3856.362,3902.02845,0.0078024052497978
2019-10-14,3944.859,3983.811,3934.732,3953.241,3911.725,12239361024,167857131520.0,1.0613,0.010613220510133,3884.1046,3902.26515,0.0080612197250651
2019-10-15,3953.164,3953.164,3928.151,3936.249,3953.241,8527394816,125117108224.0,-0.4298,-0.0042982454143322,3903.8186,3900.4302,0.0079843507080482
2019-10-16,3939.276,3964.045,3919.016,3922.685,3936.249,8322970624,128558534656.0,-0.3446,-0.003445920214905,3919.707799999999,3898.6012,0.0079843879903835
2019-10-17,3929.386,3935.812,3913.917,3925.221,3922.685,6486374400,99991851008.0,0.0646,0.0006464959587628,3929.8242,3898.3573,0.0078174912755601
2019-10-18,3935.419,3940.54,3864.965,3869.377,3925.221,8232113920,122186928128.0,-1.4227,-0.0142269696406902,3921.3546,3893.2072,0.0079965811289945
2019-10-21,3865.343,3884.744,3856.037,3880.839,3869.377,7418291712,110858235904.0,0.2962,0.0029622339720321,3906.8742,3889.3634,0.0080294145862551
2019-10-22,3896.314,3897.435,3870.548,3895.88,3880.839,6891856640,102843371520.0,0.3876,0.0038757083197731,3898.8004,3889.5964,0.007165653219983
2019-10-23,3892.676,3901.424,3862.196,3871.084,3895.88,7019862528,99733598208.0,-0.6365,-0.0063646724231752,3888.4802,3887.64645,0.0072118309449364
2019-10-24,3877.923,3890.195,3852.582,3870.667,3871.084,7133457408,105096949760.0,-0.0108,-0.0001077217647562,3877.5694,3884.960700000001,0.0071471114850121
2019-10-25,3871.768,3899.722,3849.033,3896.792,3870.667,7745361920,126677483520.0,0.6749,0.0067494827118943,3883.0524,3883.01775,0.0072990805275726
2019-10-28,3904.982,3927.795,3897.817,3926.585,3896.792,9740602112,150762201088.0,0.7646,0.0076455196992808,3892.2016,3884.81395,0.0070329787318746
2019-10-29,3929.707,3932.374,3910.226,3910.226,3926.585,8225707520,139611418624.0,-0.4166,-0.0041662156810561,3895.0708,3885.2715,0.0070868943479775
2019-10-30,3904.717,3908.099,3883.446,3891.225,3910.226,7787292416,122610503680.0,-0.4859,-0.0048593099222398,3899.099,3886.2836,0.0069477576141416
2019-10-31,3906.859,3907.15,3878.875,3886.751,3891.225,8671453952,135012425728.0,-0.115,-0.0011497664617182,3902.3158,3888.56425,0.0067009797428576
2019-11-01,3883.808,3956.079,3876.416,3952.387,3886.751,10068961280,151471063040.0,1.688711,0.0168871121407057,3913.4348,3893.55095,0.0076182166488806
2019-11-04,3964.005,3985.357,3964.005,3978.121,3952.387,10419385600,154485362688.0,0.6511,0.0065110020855752,3923.742,3901.7306,0.0072215047758162
2019-11-05,3982.115,4030.638,3970.866,4002.812,3978.121,11291187968,163317854208.0,0.62067,0.0062066990923603,3942.2592,3909.98725,0.007225521080625
2019-11-06,4006.327,4007.501,3973.776,3984.881,4002.812,9731295232,139859763200.0,-0.44796,-0.004479600840609,3960.9904,3917.06935,0.0073751410363297
2019-11-07,3984.552,4005.382,3975.547,3991.874,3984.881,8725489920,117751554048.0,0.175488,0.0017548830190914,3982.015,3922.9311,0.0072231407187668
2019-11-08,4017.674,4022.036,3971.572,3973.01,3991.874,9710694912,139026673664.0,-0.47256,-0.0047256000565146,3986.1396,3925.99535,0.0070902298563327
2019-11-11,3948.618,3948.618,3897.55,3902.978,3973.01,9415561984,130330083328.0,-1.762694,-0.0176269377625528,3971.111,3923.4822,0.0078089464859888
2019-11-12,3905.958,3914.882,3877.739,3903.688,3902.978,7654306816,108828237824.0,0.018191,0.000181912375627,3951.2862,3921.854150000001,0.00776171080048
2019-11-13,3905.283,3908.419,3882.431,3899.981,3903.688,7674907904,112057147392.0,-0.094961,-0.0009496148257749,3934.3062,3920.71895,0.0077299309638583
2019-11-14,3905.928,3916.945,3895.141,3905.857,3899.981,8700844544,119791566848.0,0.150667,0.0015066740068732,3917.1028,3919.75075,0.0077376396163368
2019-11-15,3908.489,3915.104,3877.089,3877.089,3905.857,8373091584,115423019008.0,-0.736535,-0.0073653490130335,3897.9186,3920.13635,0.0072185432366721
2019-11-18,3874.44,3913.102,3868.316,3907.929,3877.089,7664599296,107085819904.0,0.795442,0.007954421474462,3898.9088,3921.4908500000006,0.007405725310132
2019-11-19,3904.099,3947.039,3902.377,3947.039,3907.929,8216102400,123227172864.0,1.000786,0.0100078583822786,3907.579,3924.0488,0.0076801882015647
2019-11-20,3940.134,3943.227,3901.986,3907.864,3947.039,7681533184,118003064832.0,-0.992516,-0.0099251616211545,3909.1556,3925.8878,0.0078904757763948
2019-11-21,3894.539,3901.826,3875.968,3889.598,3907.864,6913053696,104147771392.0,-0.467416,-0.0046741647099285,3905.9038,3926.83435,0.0079746821402171
2019-11-22,3894.174,3918.838,3833.503,3849.994,3889.598,9104263936,146981163008.0,-1.018203,-0.0101820290940091,3900.4848,3924.49445,0.0081479248943812
2019-11-25,3850.966,3878.25,3839.42,3878.206,3849.994,10606628864,140851077120.0,0.73278,0.0073278036277459,3894.5402,3922.0755,0.0081313522477516
2019-11-26,3893.434,3899.109,3869.594,3891.653,3878.206,11151353600,140213633024.0,0.346732,0.0034673248404029,3883.463,3921.14685,0.0081337228252211
2019-11-27,3883.429,3889.978,3862.701,3875.618,3891.653,7643730432,107238821888.0,-0.412036,-0.0041203570821961,3877.0138,3920.3665,0.0081131276456049
2019-11-28,3877.901,3887.69,3852.01,3862.302,3875.618,6523011840,87081787392.0,-0.343584,-0.0034358391358487,3871.5546,3919.14405,0.0081437093756727
2019-11-29,3857.188,3861.658,3804.829,3828.67,3862.302,7414433024,116200558592.0,-0.870776,-0.0087077602942493,3867.2898,3912.9582,0.0072672316819096
2019-12-02,3835.512,3854.75,3829.312,3836.058,3828.67,7741217280,109992591360.0,0.192965,0.0019296518112033,3858.8602,3905.85505,0.0070688114090235
2019-12-03,3829.212,3851.12,3811.628,3851.087,3836.058,7361124096,108703715328.0,0.391782,0.0039178239745072,3850.747,3898.2688,0.0069500143102225
2019-12-04,3841.662,3852.992,3831.074,3849.819,3851.087,7968338432,109646344192.0,-0.032926,-0.0003292576875049,3845.5872,3891.5157,0.0069310996054072
2019-12-05,3863.608,3883.403,3859.822,3879.363,3849.819,8905119232,129357594624.0,0.767413,0.0076741270174001,3848.9994,3885.89015,0.0072072519861438
2019-12-06,3885.058,3902.385,3878.7,3902.385,3879.363,7864888832,116424777728.0,0.593448,0.0059344794493323,3863.7424,3882.3589,0.007341581790625
2019-12-09,3909.529,3911.968,3885.25,3895.446,3902.385,9535380736,130873098240.0,-0.177814,-0.0017781433661723,3875.62,3881.9823000000006,0.0062051379422375
2019-12-10,3886.444,3900.959,3882.087,3900.384,3895.446,8626292736,121118412800.0,0.126763,0.0012676340526862,3885.4794,3881.8170999999993,0.0062122792060076
2019-12-11,3907.159,3909.385,3890.341,3902.749,3900.384,9976548096,127690403840.0,0.060635,0.0006063505542017,3896.0654,3881.9555,0.0062098197040699
2019-12-12,3908.453,3908.453,3886.118,3891.024,3902.749,8470832896,117874315264.0,-0.300429,-0.0030042926152822,3898.3975999999993,3881.21385,0.0062361384824952
2019-12-13,3928.004,3969.456,3925.275,3968.221,3891.024,14857134848,201018884096.0,1.983976,0.0198397645452714,3911.5648,3885.77045,0.0074360630844962
2019-12-16,3970.709,3987.586,3953.512,3987.546,3968.221,14848667136,202154897408.0,0.486994,0.0048699404594652,3929.9848,3889.7513,0.007319423802645
2019-12-17,3987.742,4067.135,3984.519,4041.799,3987.546,20116293632,251637866496.0,1.360561,0.0136056110700666,3958.2678,3894.4893,0.007590753866027
2019-12-18,4039.724,4057.64,4025.343,4032.782,4041.799,15135176448,197620207616.0,-0.223094,-0.0022309372633324,3984.2744,3900.7352,0.0071803652601056
2019-12-19,4034.615,4038.543,4014.895,4027.149,4032.782,11790055936,152553807872.0,-0.13968,-0.0013968025050697,4011.4994,3907.61275,0.007066157989926
2019-12-20,4032.151,4046.726,4014.929,4017.252,4027.149,12126766336,158460231680.0,-0.245757,-0.0024575698589746,4021.3056,3915.97565,0.0065727952207925
2019-12-23,4014.692,4032.172,3964.379,3967.096,4017.252,12281624576,162048262144.0,-1.248515,-0.0124851515414019,4017.2156,3920.42015,0.007213076354951
2019-12-24,3971.56,3994.509,3963.665,3992.958,3967.096,9598904576,122499162112.0,0.651913,0.0065191263332171,4007.4474,3925.4854,0.0072962930248014
2019-12-25,3988.657,4000.555,3976.355,3990.867,3992.958,9493889024,131896467456.0,-0.052367,-0.0005236719244229,3999.0644,3931.24785,0.0071990573085354
2019-12-26,3993.668,4025.987,3993.541,4025.987,3990.867,10886064128,140814966784.0,0.880009,0.0088000928119127,3998.832,3939.4321,0.0072778369586854
2019-12-27,4029.245,4066.796,4019.722,4022.027,4025.987,15092641024,195090415616.0,-0.098361,-0.0009836097334641,3999.787,3949.0999500000007,0.0068673512157595
2019-12-30,4015.519,4083.69,4001.495,4081.633,4022.027,15597148928,216814661632.0,1.481989,0.0148198905676166,4022.6944,3961.3787,0.0073966068052707
2019-12-31,4077.751,4098.144,4069.008,4096.582,4081.633,12326425856,173119348736.0,0.36625,0.0036625046886873,4043.4192,3973.65345,0.0073954016919992
2020-01-02,4121.348,4172.655,4121.348,4152.24,4096.582,18211677184,270105530368.0,1.358645,0.0135864484099181,4075.6938,3988.7745,0.0077020166305994
2020-01-03,4161.218,4164.298,4131.864,4144.964,4152.24,14282624512,215216287744.0,-0.175231,-0.0017523071884091,4099.4892,4002.05455,0.0077418331167477
2020-01-06,4120.521,4170.638,4102.379,4129.295,4144.964,17530995200,250182070272.0,-0.378025,-0.0037802499611576,4120.9428,4013.40005,0.0078744355862856
2020-01-07,4137.401,4161.25,4135.097,4160.227,4129.295,13948903168,196389060608.0,0.749087,0.0074908670850593,4136.6616,4026.6391,0.0078598883658179
2020-01-08,4139.631,4149.813,4101.98,4112.317,4160.227,16758585088,212406263808.0,-1.15162,-0.011516198515129,4139.8086,4037.23575,0.0085272840400242
2020-01-09,4145.534,4165.657,4143.592,4164.369,4112.317,13688632320,200150351872.0,1.265758,0.0126575845198704,4142.234399999999,4050.31675,0.0087943861386704
2020-01-10,4177.577,4180.977,4148.481,4163.184,4164.369,11303171840,177827414016.0,-0.028456,-0.0002845569160656,4145.8784,4063.92475,0.0087126474563402
2020-01-13,4166.925,4203.988,4148.6,4203.988,4163.184,11969198336,199795490816.0,0.980115,0.0098011521950507,4160.817000000001,4075.7131,0.0079749838129357
2020-01-14,4215.157,4223.507,4188.08,4189.886,4203.988,12932078336,196221263872.0,-0.335443,-0.0033544339327323,4166.748799999999,4085.8301,0.0080804930311464
2020-01-15,4186.881,4193.868,4150.879,4166.734,4189.886,10463313664,163081932800.0,-0.552569,-0.0055256873337364,4177.6322,4092.07685,0.0078261029089604
2020-01-16,4174.817,4175.293,4142.179,4149.043,4166.734,10026764288,156242505728.0,-0.424577,-0.0042457713883344,4174.567000000001,4097.8899,0.0078900727653619
2020-01-17,4162.193,4177.028,4141.644,4154.853,4149.043,9872568320,166591590400.0,0.140032,0.0014003229178392,4172.9008,4104.275100000001,0.0078616653179633
2020-01-20,4170.736,4185.962,4149.487,4185.83,4154.853,12240914688,202692288512.0,0.745562,0.0074556187667771,4169.2692,4112.704,0.0079053293642813
2020-01-21,4165.02,4165.02,4113.325,4114.308,4185.83,13052750592,204586881024.0,-1.708669,-0.0170866948729403,4154.1536,4120.0646,0.0084030557904195
2020-01-22,4093.8,4141.177,4046.486,4131.931,4114.308,12675876352,208136151040.0,0.428334,0.0042833448541041,4147.193,4127.01325,0.0083524892997517
2020-01-23,4093.322,4103.524,3972.393,4003.901,4131.931,16035760384,250409357312.0,-3.098551,-0.0309855125847938,4118.164599999999,4127.66495,0.0111101542392233
2020-02-03,3639.908,3732.157,3639.908,3688.357,4003.901,15755964672,243303104512.0,-7.880914,-0.0788091413848643,4024.8654,4110.78345,0.020690537276089
2020-02-04,3652.003,3786.862,3652.003,3785.637,3688.357,21393332736,298165768192.0,2.637489,0.0263748872465436,3944.8268,4098.963949999999,0.021786816385231
2020-02-05,3801.099,3866.01,3781.613,3828.527,3785.637,17492552448,264042921984.0,1.132967,0.0113296652584491,3887.6706,4086.30865,0.021651895315979
2020-02-06,3841.753,3914.915,3806.96,3899.775,3828.527,17646223616,262820089856.0,1.860977,0.0186097681954444,3841.2394,4076.4683,0.0221450479929569
2020-02-07,3879.553,3899.883,3849.712,3899.869,3899.775,15173175808,237508816896.0,0.00241,2.4103954715304358e-05,3820.433,4063.84975,0.0218411993499736
2020-02-10,3872.373,3920.166,3861.006,3916.005,3899.869,14840696832,229625442304.0,0.413757,0.0041375748775152,3865.9626,4052.401800000001,0.0218970635096096
2020-02-11,3926.42,3970.522,3915.707,3952.464,3916.005,14344167424,219307118592.0,0.931025,0.0093102536896658,3899.328,4043.56025,0.0220550389047812
2020-02-12,3945.666,3984.432,3940.666,3984.432,3952.464,12671032064,200776708096.0,0.808812,0.0080881192086759,3930.509,4034.7705,0.0220688898688377
2020-02-13,3985.875,3999.549,3950.142,3959.918,3984.432,14500184320,228605964288.0,-0.615245,-0.0061524453171744,3942.537600000001,4027.15055,0.0219785010191349
2020-02-14,3954.234,4001.562,3954.023,3987.734,3959.918,14323980288,222895075328.0,0.702439,0.0070243878787388,3960.1106,4018.3188,0.0218210459461805
2020-02-17,3999.651,4077.446,3999.651,4077.424,3987.734,18277896960,273067819008.0,2.249147,0.0224914700930403,3992.3944,4014.030800000001,0.0224953535735259
2020-02-18,4069.831,4076.388,4027.785,4057.51,4077.424,16323621888,242552516608.0,-0.488397,-0.0048839659549754,4013.4036,4006.7069,0.0223707286666089
2020-02-19,4049.586,4085.17,4042.845,4051.31,4057.51,16904644096,257554534400.0,-0.152803,-0.0015280307380635,4026.7792,3999.7781,0.0223665980937242
2020-02-20,4062.896,4148.528,4055.81,4144.656,4051.31,21223262464,310835589120.0,2.304094,0.0230409423124866,4063.7268,3998.6742,0.0229948848596472
2020-02-21,4134.874,4184.437,4130.167,4149.49,4144.656,21721360384,326564003840.0,0.116632,0.0011663211615149,4096.078,3998.69655,0.0229742013200608
2020-02-24,4131.836,4149.01,4097.175,4132.838,4149.49,21286930432,326387802112.0,-0.401302,-0.0040130232871992,4107.1608,3997.595800000001,0.0229919974993573
2020-02-25,4066.302,4126.707,4020.907,4123.854,4132.838,24416783104,372213719040.0,-0.217381,-0.0021738088935495,4120.4296,3994.497,0.0229282543564094
2020-02-26,4070.099,4132.781,4061.125,4073.015,4123.854,26109406208,366022418432.0,-1.232803,-0.0123280310117672,4124.7706,3992.43235,0.0227710869514104
2020-02-27,4084.078,4110.527,4067.44,4084.875,4073.015,18129097984,282050207744.0,0.291185,0.002911847857177,4112.8144,3990.07955,0.0227587791940415
2020-02-28,3988.727,4031.145,3928.066,3940.048,4084.875,23027509248,330358906880.0,-3.545445,-0.0354544508705897,4070.926,3986.8869,0.02309517128311
2020-03-02,3968.843,4092.539,3968.843,4069.666,3940.048,21931355904,317426204672.0,3.289757,0.0328975687605836,4058.2916,4005.952350000001,0.0153944960981487
2020-03-03,4125.135,4147.652,4067.909,4091.361,4069.666,21936977664,330802585600.0,0.53309,0.005330904305169,4051.793,4021.23855,0.0145561316232458
2020-03-04,4078.499,4115.261,4060.729,4115.052,4091.361,18242472960,281784864768.0,0.579049,0.0057904936767985,4060.2004,4035.5648,0.014461548868235
2020-03-05,4150.21,4215.851,4127.038,4206.725,4115.052,23182311424,362838831104.0,2.227748,0.0222774827632799,4084.5704,4050.9123,0.0146819513719612
2020-03-06,4158.202,4181.31,4135.39,4138.507,4206.725,17247571712,253168631808.0,-1.621642,-0.0162164153825127,4124.2622,4062.8442,0.0153417651939363
2020-03-09,4063.076,4063.076,3995.1313,3997.1325,4138.5072,20810203500,305428730303.8,-3.41608,-0.0341607492750403,4109.7555,4066.900575,0.0174490101122566
2020-03-10,3975.2288,4093.0024,3954.7506,4082.7315,3997.1325,19741640200,296184435851.3,2.14151,0.0214151019512112,4108.0296,4073.41395,0.0179489661574958
2020-03-11,4090.9348,4091.2704,4028.3964,4028.4289,4082.7315,16165611100,244990872685.9,-1.330056,-0.0133005562574957,4090.70498,4075.613795,0.0181886839011509
2020-03-12,3976.1139,3987.4336,3926.2704,3950.9111,4028.4289,15706045800,233152848759.1,-1.924269,-0.0192426878875782,4039.5422,4075.16345,0.0186774562472143
2020-03-13,3771.0139,3937.1806,3765.1479,3895.3128,3950.9111,18829672200,280213453213.7,-1.407227,-0.0140722731017662,3990.90336,4070.54239,0.0188578304789623
2020-03-16,3899.8598,3899.8598,3720.5127,3727.8398,3895.3128,18596826000,282836238271.2,-4.299347,-0.042993466404033,3937.04482,4053.06318,0.0202010763675579
2020-03-17,3739.7833,3786.8908,3618.307,3709.6822,3727.8398,16624612900,250824025696.9,-0.487081,-0.0048708101673253,3862.43496,4035.67179,0.0202010557719484
2020-03-18,3729.6853,3775.8506,3636.2565,3636.2565,3709.6822,15503754700,244127161535.3,-1.979299,-0.0197929892754695,3784.00048,4014.9191150000006,0.0204811967269343
2020-03-19,3623.789,3647.9874,3503.1866,3589.0926,3636.2565,18080740700,271827467961.6,-1.297045,-0.0129704546420198,3711.63678,3987.140945,0.0194244262389487
2020-03-20,3629.5126,3663.9517,3588.7766,3653.2239,3589.0926,13960300000,211223073323.1,1.786839,0.0178683882382972,3663.219,3962.32764,0.0201394144736736
2020-03-23,3542.6837,3585.8014,3523.7877,3530.3058,3653.2239,13710879000,197669624970.1,-3.364647,-0.0336464731876958,3623.7122,3932.2010299999993,0.0210433342302819
2020-03-24,3598.6548,3627.7592,3545.4524,3625.1146,3530.3058,14310302100,208553840688.5,2.685569,0.0268556905183681,3606.79868,3907.26406,0.0223975504046468
2020-03-25,3711.4753,3732.6536,3685.9942,3722.5181,3625.1146,15349595800,231561518761.2,2.686908,0.026869081600896,3624.051,3889.739215,0.0235186120962341
2020-03-26,3692.6083,3736.2536,3681.2668,3698.0472,3722.5181,11231066500,169336311861.4,-0.657375,-0.0065737490974187,3645.84192,3870.397825,0.0234626869054734
2020-03-27,3746.3914,3758.7827,3709.9213,3710.0605,3698.0472,12406099500,186103426334.7,0.324855,0.0032485523711001,3657.20924,3858.89845,0.0223628753422267
2020-03-30,3657.4624,3690.6388,3637.5853,3674.1108,3710.0605,12687667300,180640799409.3,-0.968979,-0.0096897880775799,3685.97024,3839.12069,0.0207584722556476
2020-03-31,3708.1404,3716.0707,3676.2024,3686.1551,3674.1108,11145302500,161595510008.2,0.327815,0.0032781537236166,3698.17834,3818.8603950000006,0.0207102759403288
2020-04-01,3682.2966,3731.7799,3670.9653,3675.0758,3686.1551,11935262000,170422568804.4,-0.300565,-0.0030056521495799,3688.68988,3796.861585,0.0205620152116753
2020-04-02,3656.3225,3734.5306,3652.3167,3734.5306,3675.0758,11516820900,168893255656.6,1.617784,0.0161778431889758,3695.98656,3773.251865,0.0201708381579212
2020-04-03,3721.4815,3738.8323,3698.9822,3713.2183,3734.5306,9982508300,150132815028.5,-0.570682,-0.0057068216283995,3696.61812,3751.98743,0.0200199101023915
2020-04-07,3779.9076,3803.6286,3772.2054,3798.0214,3713.2183,14277803000,207642820316.9,2.283817,0.0228381670961816,3721.40024,3742.031875,0.019737617073834
2020-04-08,3776.4171,3793.0023,3767.2924,3780.3445,3798.0214,11138951300,161576772320.2,-0.465424,-0.0046542391783258,3740.23812,3726.9125250000006,0.0189287103470571
2020-04-09,3798.4879,3801.7245,3785.3116,3792.8105,3780.3445,10048503200,154595318812.8,0.329758,0.003297583064189,3763.78506,3715.131605,0.0188479004890555
2020-04-10,3794.8429,3824.7441,3758.9599,3769.1782,3792.8105,10244495600,162251233800.7,-0.623081,-0.0062308148535236,3770.71458,3706.04496,0.0184727244582655
2020-04-13,3751.7093,3769.8764,3740.1936,3753.2566,3769.1782,7905334300,119874303204.6,-0.422416,-0.0042241568732408,3778.72224,3698.94215,0.0182694222613876
2020-04-14,3777.8343,3825.7599,3764.9838,3825.6991,3753.2566,11063758500,170612579792.4,1.930124,0.0193012382899691,3784.25778,3703.835115,0.0160313391753768
2020-04-15,3820.8506,3829.8009,3793.4402,3797.3623,3825.6991,10846198400,169700216633.0,-0.740696,-0.0074069599462226,3787.66134,3708.21912,0.016093614752405
2020-04-16,3777.7986,3807.3569,3774.5585,3802.3806,3797.3623,9594796500,147164302056.9,0.132152,0.0013215225737086,3789.57536,3716.525325,0.0153112151447157
2020-04-17,3831.9232,3863.4521,3821.4201,3839.4871,3802.3806,13200430100,203595267033.5,0.975875,0.0097587548179685,3803.63714,3729.04505,0.0149537806463664
2020-04-20,3845.4598,3853.7984,3831.553,3853.4551,3839.4871,10001311500,151924090117.0,0.363799,0.003637985917442,3823.67684,3739.056610000001,0.0145668661330871
2020-04-21,3838.2314,3838.2314,3779.9967,3808.0474,3853.4551,10292188800,155077454132.0,-1.178363,-0.0117836328234368,3820.1465,3752.94369,0.0123401938890613
2020-04-22,3789.1297,3839.3834,3782.2149,3839.3834,3808.0474,8589946400,135547280790.0,0.822889,0.0082288891677135,3828.55072,3763.657130000001,0.0111602382196098
2020-04-23,3851.9132,3857.4709,3826.5565,3829.7525,3839.3834,9550845000,142122548831.8,-0.250845,-0.0025084496640789,3834.0251,3769.01885,0.0096792054233401
2020-04-24,3826.3116,3827.212,3787.0714,3796.9721,3829.7525,9484413500,138961200282.7,-0.85594,-0.0085594042957084,3825.5221,3773.965095000001,0.0097757063733369
2020-04-27,3808.0171,3842.8706,3793.7655,3822.769,3796.9721,9546273500,145301151875.0,0.679407,0.0067940715181973,3819.38488,3779.60052,0.0098435555310788
2020-04-28,3835.348,3859.6754,3768.2,3849.1465,3822.769,12209347600,184179759240.3,0.69001,0.0069001030404924,3827.6047,3788.352305,0.0095415181627627
2020-04-29,3837.5135,3880.7444,3833.7164,3867.032,3849.1465,9585459000,151282103744.2,0.464661,0.0046466145157115,3833.13442,3797.39615,0.0095532523806548
2020-04-30,3880.4094,3921.7004,3880.4094,3912.5772,3867.032,13291712500,202268288802.3,1.177782,0.0117778182337255,3849.69936,3809.27122,0.0096807097655158
2020-05-06,3867.2587,3937.6909,3865.9875,3936.2539,3912.5772,13985567500,214935962364.4,0.605143,0.0060514333110155,3877.55572,3819.357385,0.0092189360956777
2020-05-07,3937.5918,3941.4833,3915.9048,3924.8946,3936.2539,10551464600,167207801840.2,-0.288581,-0.0028858148606725,3897.98084,3829.9412,0.00910483510106
2020-05-08,3942.9972,3979.6627,3935.9805,3963.6217,3924.8946,11694334100,190299584716.9,0.986704,0.0098670420347084,3920.875880000001,3838.221215,0.0079982067525727
2020-05-11,3974.7605,3998.0972,3944.5037,3960.1803,3963.6217,12267380300,193758093899.8,-0.086825,-0.0008682463313792,3939.505540000001,3847.213005,0.0078720878881204
2020-05-12,3961.3427,3970.1115,3930.2108,3960.2378,3960.1803,9825055400,157465780059.9,0.001452,1.451954094111585e-05,3949.03766,3855.58437,0.0078856337103535
2020-05-13,3946.6428,3972.5254,3932.5711,3968.2529,3960.2378,8819066900,145563383275.8,0.202389,0.0020238936156813,3955.43746,3865.538105,0.0076335987940059
2020-05-14,3952.1986,3952.1986,3924.0452,3925.2177,3968.2529,8853000400,143499177719.8,-1.084487,-0.0108448733194398,3955.50208,3874.13616,0.0080760410269488
2020-05-15,3941.125,3945.1956,3907.4021,3912.8159,3925.2177,9261838200,153301505149.4,-0.315952,-0.0031595190248938,3945.34092,3878.492,0.007084334195683
2020-05-18,3914.6602,3946.4312,3898.4041,3922.9117,3912.8159,11280176200,188528121367.6,0.258019,0.0025801878386355,3937.8872,3884.76947,0.0067955055037601
2020-05-19,3963.7754,3966.8518,3944.0715,3956.2495,3922.9117,9401529100,159886222402.2,0.849823,0.0084982284969605,3937.08954,3892.462915,0.0069646444923193
2020-05-20,3955.7145,3955.7145,3923.9213,3935.222,3956.2495,10079115000,157102533276.1,-0.531501,-0.005315008570617,3930.48336,3897.24966,0.0068970817465214
2020-05-21,3950.5981,3951.743,3907.5788,3913.7949,3935.222,9486103300,149154142257.8,-0.544495,-0.0054449532961546,3928.1988,3900.26665,0.0070296626361599
2020-05-22,3907.5761,3907.5761,3818.1488,3824.064,3913.7949,10337836000,157286504986.3,-2.292683,-0.0229268273613417,3910.44842,3901.06748,0.0083896155576848
2020-05-25,3828.3206,3835.6333,3800.1796,3829.3245,3824.064,7903332600,127011917716.3,0.137563,0.0013756307425818,3891.73098,3900.564535,0.0081837260036808
2020-05-26,3850.0009,3874.7484,3844.4776,3872.7701,3829.3245,7744807600,125445619316.8,1.13455,0.0113454997088913,3875.0351,3902.715415,0.0085473095442849
2020-05-27,3873.6984,3873.6984,3838.4247,3845.6135,3872.7701,8371183100,123737501165.0,-0.701219,-0.0070121900600297,3857.1134,3905.147485,0.0084667293689098
2020-05-28,3848.4892,3885.4211,3818.4318,3856.6324,3845.6135,9306405400,139108407792.0,0.286532,0.0028653165483218,3845.6809,3906.840655,0.0083621167786501
2020-05-29,3838.3769,3872.3031,3830.4185,3867.0232,3856.6324,9381383200,135658136028.2,0.269427,0.0026942676724905,3854.27274,3907.73449,0.0082440696492551
2020-06-01,3901.7263,3976.3151,3901.7263,3971.3402,3867.0232,13645665200,208436512945.1,2.697605,0.0269760471051738,3882.67588,3912.949900000001,0.0101585282647107
2020-06-02,3969.9521,3991.7761,3958.9774,3983.5677,3971.3402,14430306000,195563304256.3,0.307894,0.0030789354183256,3904.8354,3916.499425,0.0098721226184649
2020-06-03,4001.1708,4018.6759,3982.9299,3983.6477,3983.5677,13659748300,200882767676.9,0.002008,2.008250041796167e-05,3932.44224,3918.869115,0.0097998024430769
2020-06-04,3998.1636,3999.8051,3968.5723,3982.1851,3983.6477,10427773700,149057855837.5,-0.036715,-0.0003671509405813,3957.55278,3921.73364,0.0097681855280029
2020-06-05,3988.2239,4001.2509,3967.926,4001.2509,3982.1851,10244394200,154311342981.8,0.478777,0.0047877734262025,3984.39832,3923.6151,0.0095835065302094
2020-06-08,4023.606,4050.2213,4016.1015,4021.9549,4001.2509,13792581300,193047518687.6,0.517438,0.0051743818414387,3994.52126,3926.70383,0.0096326912987538
2020-06-09,4027.5613,4052.1557,4016.3387,4047.0293,4021.9549,11530447900,166533966010.0,0.623438,0.0062343811960696,4007.213580000001,3931.043405,0.0097055077243331
2020-06-10,4046.2317,4046.2317,4024.4185,4039.7051,4047.0293,11226572800,166778642366.2,-0.180977,-0.0018097719233216,4018.42506,3934.616015000001,0.0097247459525055
2020-06-11,4031.7396,4043.0123,3979.7522,3995.8846,4039.7051,12730894100,197079441861.1,-1.084745,-0.0108474502260078,4021.164960000001,3938.14936,0.009724910291959
2020-06-12,3931.6236,4011.0591,3927.2491,4003.0829,3995.8846,13416664900,193504046742.3,0.180143,0.0018014283996088,4021.53136,3942.662710000001,0.0096780681034055
2020-06-15,3982.9672,4007.1396,3954.9883,3954.9883,4003.0829,13129786000,211125336143.8,-1.201439,-0.0120143902091061,4008.13804,3944.26654,0.0101080352744878
2020-06-16,3995.5786,4014.5702,3987.8637,4014.5702,3954.9883,11105153900,185104029158.9,1.5065,0.0150650003187113,4001.64622,3947.182575,0.0104827383935424
2020-06-17,4018.6094,4018.6094,3992.1339,4017.5941,4014.5702,10560579900,176977503611.2,0.075323,0.0007532313172651,3997.22402,3951.30118,0.0103842733737324
2020-06-18,4009.7831,4047.5566,4000.9008,4044.3842,4017.5941,13814876100,210192918146.2,0.666819,0.0066681947785616,4006.92394,3957.830645000001,0.010336357000512
2020-06-19,4047.0483,4109.3602,4043.4925,4098.7095,4044.3842,15294699000,255549797299.6,1.343228,0.013432279752255,4026.04926,3971.56292,0.0088719905508238
2020-06-22,4097.5071,4126.9421,4088.7822,4102.0459,4098.7095,15582946500,259200520725.7,0.081401,0.0008140123128999,4055.46078,3985.19899,0.0088799904113123
2020-06-23,4098.0373,4124.725,4080.7533,4121.7944,4102.0459,12922951000,234806510834.5,0.48143,0.0048143049788886,4076.90562,3997.650205,0.0086937694912451
2020-06-24,4128.1003,4144.6782,4123.3582,4138.9895,4121.7944,12171246500,224551430008.0,0.417175,0.0041717510218364,4101.1847,4012.319005,0.0083585029292267
2020-06-29,4127.9348,4137.3696,4092.5352,4109.7164,4138.9895,13086585400,226522059762.9,-0.707252,-0.0070725233779885,4114.251139999999,4024.973205,0.008700121189395
2020-06-30,4130.0028,4174.4236,4129.7754,4163.9637,4109.7164,12593352100,227935704488.9,1.319977,0.013199767263746,4127.301979999999,4039.82023,0.008979443303586
2020-07-01,4172.6425,4247.7835,4163.4954,4247.7835,4163.9637,16999045600,305711799762.0,2.012981,0.0201298104495961,4156.449500000001,4053.642395,0.0081382820425133
2020-07-02,4239.408,4340.1039,4238.1164,4335.8445,4247.7835,25293936800,399571526695.3,2.073105,0.0207310471449404,4199.25952,4071.256235,0.0090117561092603
2020-07-03,4353.1937,4419.5955,4348.4535,4419.5955,4335.8445,29048553900,442335024266.1,1.931596,0.0193159602471906,4255.38072,4093.053625,0.0095481428905317
2020-07-06,4465.8081,4678.1121,4465.8081,4670.0949,4419.5955,40582102500,597438217716.0,5.667926,0.0566792594480647,4367.45642,4127.449115,0.0148376792488434
2020-07-07,4739.6104,4796.3155,4688.0574,4698.1264,4670.0949,40600855300,635254742706.0,0.600234,0.0060023405520088,4474.28896,4162.29289,0.0148258840168451
2020-07-08,4692.8621,4803.3643,4670.6501,4774.0042,4698.1264,34807484700,532849825964.5,1.615065,0.0161506510339952,4579.5331,4199.895355,0.0149123674386667
2020-07-09,4770.0769,4854.1201,4757.2943,4840.7712,4774.0042,35104689300,556718732098.9,1.398553,0.0139855344073638,4680.51844,4239.58245,0.0149453019518557
2020-07-10,4796.0873,4821.3745,4734.4725,4753.1333,4840.7712,31694965100,510472055095.9,-1.810412,-0.0181041194427862,4747.226000000001,4275.25386,0.0159795864704093
2020-07-13,4742.3738,4878.0773,4741.8743,4852.9612,4753.1333,32164544600,541105098721.0,2.100255,0.0210025458364484,4783.799260000001,4318.10769,0.0155540430559302
2020-07-14,4836.1655,4860.4404,4729.9258,4806.6902,4852.9612,29724198500,511211048184.9,-0.953459,-0.0095345909627301,4805.51202,4358.288055,0.0160620356905055
2020-07-15,4821.5155,4837.4757,4723.3608,4744.4687,4806.6902,27238900600,486748347680.4,-1.294477,-0.012944770187186,4799.60492,4397.762075000001,0.0161282553527212
2020-07-16,4741.5295,4772.5638,4513.6537,4516.2532,4744.4687,28465713300,511237962884.2,-4.810138,-0.0481013817205707,4734.70132,4422.846224999999,0.020519309657304
2020-07-17,4524.7717,4601.3733,4485.8214,4544.7007,4516.2532,20737556300,372973887046.0,0.629892,0.0062989161015154,4693.0148,4449.201555,0.0204806217329377
2020-07-20,4597.2038,4681.9431,4534.2305,4680.3046,4544.7007,24606891400,416714222275.7,2.983781,0.0298378064808535,4658.48348,4480.997574999999,0.0211422689747957
2020-07-21,4697.5026,4714.2925,4661.444,4691.0425,4680.3046,20041565900,356069805762.6,0.229427,0.0022942737530371,4635.353940000001,4510.614224999999,0.0211255902628528
2020-07-22,4682.6575,4790.4491,4675.3488,4714.4454,4691.0425,22419921100,386470859914.3,0.498885,0.004988848427615,4629.34928,4541.2342,0.0210820016281342
2020-07-23,4668.7401,4731.4004,4607.6585,4712.4357,4714.4454,23431456900,405175268660.9,-0.042629,-0.0004262855605453,4668.585779999999,4570.766265,0.0211455850294752
2020-07-24,4679.0273,4691.698,4479.3928,4505.5906,4712.4357,24390520300,437726712279.7,-4.389346,-0.0438934583234736,4660.76376,4589.096320000001,0.0240126124617926
2020-07-27,4535.0053,4558.1189,4482.4408,4528.45,4505.5906,17142055100,301893370163.2,0.507356,0.0050735634968697,4630.39284,4610.033,0.0238568973286029
2020-07-28,4567.6691,4590.2496,4537.6849,4568.2576,4528.45,16276849800,292835785345.2,0.879056,0.0087905574755158,4605.835859999999,4630.247695,0.0237987435854304
2020-07-29,4559.1634,4680.558,4548.8535,4679.008,4568.2576,18669530500,350432649160.5,2.424347,0.0242434664805242,4598.74838,4651.80892,0.023954437500521
2020-07-30,4689.7632,4704.6305,4649.7677,4656.1506,4679.008,16696756600,324009242692.4,-0.48851,-0.0048850953022521,4587.49136,4667.824224999999,0.0237598168635942
2020-07-31,4652.1824,4741.8084,4621.9635,4695.0462,4656.1506,18483902600,351119312415.0,0.83536,0.0083535957793117,4625.38248,4681.59676,0.0235091013755407
2020-08-03,4735.8985,4771.3694,4720.025,4771.3108,4695.0462,21477623900,401914824928.3,1.624363,0.0162436314258207,4673.95464,4686.657555,0.0201788813304102
2020-08-04,4778.4866,4807.0782,4747.7748,4775.8024,4771.3108,23997498500,426411345935.8,0.094138,0.000941376529066,4715.4636,4690.541354999999,0.0201481067810817
2020-08-05,4761.7637,4786.7031,4711.2723,4777.1089,4775.8024,19670054800,347407839399.1,0.027357,0.000273566594799,4735.08378,4690.6965900000005,0.0198306773925715
2020-08-06,4779.2377,4791.8565,4691.1569,4762.7642,4777.1089,22785440600,404323404006.9,-0.30028,-0.0030027994547079,4756.406499999999,4686.79624,0.0195722553354881
2020-08-07,4742.2939,4749.0217,4637.8427,4707.9262,4762.7642,21351821600,397041212825.0,-1.15139,-0.0115139019479485,4758.9825,4684.535884999999,0.0193163424178641
2020-08-10,4681.7553,4757.6634,4646.2885,4724.8697,4707.9262,20378883200,371297560017.6,0.359893,0.0035989306714281,4749.69428,4678.13131,0.018688061054111
2020-08-11,4730.3748,4791.5337,4674.8642,4681.7837,4724.8697,20554651100,350828586241.1,-0.911898,-0.0091189816303294,4730.89054,4671.885984999999,0.0186784968925533
2020-08-12,4668.8899,4681.6206,4566.2736,4647.6446,4681.7837,20288723900,347298673202.0,-0.72919,-0.0072919003071415,4704.99768,4667.044779999999,0.0185327845361293
2020-08-13,4666.4901,4671.7689,4626.1033,4635.7126,4647.6446,15255009200,250945872578.9,-0.256732,-0.0025673219505638,4679.58736,4673.01775,0.0148567741587656
2020-08-14,4627.61,4708.0709,4617.632,4704.6288,4635.7126,14729292100,254343934256.2,1.486637,0.0148663659606509,4678.92788,4681.014155,0.0151261711542987
2020-08-17,4727.1204,4838.0864,4721.3589,4815.2261,4704.6288,26800155600,416469154934.0,2.350819,0.0235081883612156,4696.99916,4687.76023,0.0145653770916712
2020-08-18,4816.5703,4825.3861,4788.8293,4812.7564,4815.2261,18913985400,314395904535.5,-0.051289,-0.0005128938805177,4723.1937,4693.845925,0.0145710864448103
2020-08-19,4804.6655,4809.0499,4738.0086,4740.6784,4812.7564,19244294800,319403284708.3,-1.497645,-0.0149764488391725,4741.80046,4695.157575,0.0149889999754878
2020-08-20,4708.1253,4721.4357,4662.8032,4679.1544,4740.6784,15836863900,260486563515.0,-1.297789,-0.0129778894092456,4750.4888200000005,4693.49351,0.0152846138530499
2020-08-21,4717.7874,4739.4836,4684.8101,4718.8431,4679.1544,14265786400,251775160233.8,0.848202,0.0084820240169889,4753.33168,4704.156134999999,0.011407078196263
2020-08-24,4746.4035,4769.4673,4716.6054,4755.8491,4718.8431,15114351200,272428686418.6,0.784218,0.0078421764012455,4741.45628,4715.52609,0.0114582169481202
2020-08-25,4769.2107,4802.4122,4746.313,4761.9507,4755.8491,14170135100,262308788275.0,0.128297,0.0012829675357024,4731.29514,4725.210745,0.0113643916332622
2020-08-26,4761.7186,4786.4249,4689.881,4706.1302,4761.9507,15130518000,277456360643.0,-1.172219,-0.0117221919160147,4724.3855,4726.566855,0.0104949107833535
2020-08-27,4718.062,4731.9351,4679.3623,4731.3451,4706.1302,11904285000,223631511405.6,0.535788,0.005357884063641,4734.8236400000005,4730.32658,0.0104763581853506
2020-08-28,4727.292,4850.4884,4719.3526,4844.2652,4731.3451,15939976500,305047882508.6,2.386638,0.0238663842128108,4759.90806,4737.78753,0.0115772968104257
2020-08-31,4870.9337,4901.2115,4816.2123,4816.2153,4844.2652,20256702900,357005064604.8,-0.579033,-0.005790331214732,4771.9813,4740.032755,0.0111540048014585
2020-09-01,4803.3922,4842.135,4791.7829,4842.1223,4816.2153,13839540200,262018070577.3,0.537912,0.0053791199907529,4788.01562,4743.34875,0.0112066921077067
2020-09-02,4859.0754,4863.5509,4797.5204,4843.887,4842.1223,15798952400,280778613751.4,0.036445,0.0003644476307422,4815.56698,4746.687655,0.011206507545056
2020-09-03,4841.502,4877.0117,4800.0577,4817.0952,4843.887,14567120100,279411988792.3,-0.553105,-0.0055310538829662,4832.717,4749.404205000001,0.0112652180395014
2020-09-04,4737.2368,4778.203,4726.5559,4770.219,4817.0952,12003279600,238463337878.7,-0.973122,-0.0097312172696939,4817.90776,4752.5188450000005,0.0111707533673555
2020-09-07,4759.5213,4789.3031,4655.56,4669.3677,4770.219,14860779100,282316394067.8,-2.114186,-0.0211418595246885,4788.53824,4749.743745000001,0.0121607624331444
2020-09-08,4683.8256,4707.8966,4639.0531,4694.3894,4669.3677,13919922700,249198138076.0,0.535869,0.0053586912849035,4758.99166,4750.374030000001,0.0120524145529334
2020-09-09,4634.247,4645.1972,4558.0304,4584.5887,4694.3894,16227710700,244905191934.1,-2.338977,-0.0233897724803144,4707.132,4747.221235,0.0130735768455008
2020-09-10,4632.0994,4647.7505,4572.2058,4581.9775,4584.5887,15065287800,226146354804.6,-0.056956,-0.0005695603620887,4660.10846,4744.53448,0.013065396999569
2020-09-11,4572.2572,4630.8842,4563.1061,4627.2826,4581.9775,11530242400,198240927301.5,0.988767,0.0098876740446673,4631.52118,4740.66717,0.0128019512632481
2020-09-14,4652.0539,4666.9862,4625.9877,4651.0507,4627.2826,10723517900,211653411810.9,0.513651,0.0051365135987155,4627.85778,4732.4584,0.0115694686383598
2020-09-15,4649.4472,4691.4997,4630.5374,4688.4826,4651.0507,10191592500,194573684119.3,0.804805,0.0080480524540402,4626.67642,4726.24471,0.011771115611293
2020-09-16,4683.006,4690.6815,4638.4586,4657.3584,4688.4826,10875364100,196120184850.9,-0.663844,-0.0066384377751557,4641.23036,4722.07871,0.0114008804146627
2020-09-17,4642.0542,4664.9491,4601.639,4632.7142,4657.3584,10598363100,214146647269.6,-0.529145,-0.0052914544863027,4651.3777,4719.7567,0.0110950756524852
2020-09-18,4636.6422,4737.8039,4631.7045,4737.0887,4632.7142,16042647500,281885944229.0,2.252988,0.0225298810792169,4673.33892,4720.66898,0.012089706586627
2020-09-21,4750.7481,4752.9799,4688.7199,4691.4281,4737.0887,12453582700,224137912695.2,-0.963896,-0.0096389582065457,4681.4144,4717.44793,0.0121446616622779
2020-09-22,4654.2179,4706.2096,4622.1111,4635.7608,4691.4281,11967294700,202909215534.6,-1.186575,-0.0118657472337687,4670.87004,4711.138434999999,0.0123901143403855
2020-09-23,4639.6592,4665.96,4623.5528,4652.3273,4635.7608,9582652800,190393472276.3,0.357363,0.003573631322824,4669.8638200000005,4708.448289999999,0.012181241924665
2020-09-24,4623.9535,4631.9482,4562.2086,4563.0657,4652.3273,11259368300,193515873700.2,-1.918644,-0.0191864403005351,4655.93412,4700.034320000001,0.0127811665233581
2020-09-25,4582.482,4599.5387,4554.7199,4570.0216,4563.0657,9301515500,167457376964.0,0.152439,0.0015243918140384,4622.520699999999,4686.32214,0.0113188154572825
2020-09-28,4582.6471,4613.6324,4571.1507,4581.9085,4570.0216,8504838900,159314675407.1,0.260106,0.0026010599162156,4600.61678,4674.6068,0.0113594863732009
2020-09-29,4608.2926,4616.6767,4586.3537,4591.7993,4581.9085,8599385800,159937888502.2,0.215866,0.0021586637969746,4591.82448,4662.09065,0.0112654144750705
2020-09-30,4607.5753,4634.7239,4563.4108,4587.3953,4591.7993,8908120000,165532220885.2,-0.09591,-0.000959101152352,4578.83808,4649.266065000001,0.0112510233124578
2020-10-09,4663.61,4695.4041,4655.0851,4681.1412,4587.3953,11133751200,229926731489.9,2.043554,0.020435539967528,4602.45318,4642.468365,0.0123466981848748
2020-10-12,4705.1883,4823.2666,4704.1554,4823.1578,4681.1412,15578455800,307848558046.0,3.033803,0.030338029538609,4653.08042,4645.115305,0.0140499527002196
2020-10-13,4812.8989,4845.9191,4795.373,4839.201,4823.1578,11651633800,242172567248.5,0.332629,0.0033262855301976,4704.53892,4653.60697,0.0130851128059291
2020-10-14,4830.4575,4830.4575,4795.9069,4807.1021,4839.201,11190692300,229836207247.8,-0.66331,-0.0066330991417797,4747.59948,4659.242605,0.0131911048379981
2020-10-15,4810.7821,4833.8925,4796.2647,4798.7361,4807.1021,10996496200,213878285047.0,-0.174034,-0.0017403416499099,4789.86764,4669.949975,0.0118846437644533
2020-10-16,4798.9162,4825.5518,4765.967,4791.676,4798.7361,11671610200,204175130717.5,-0.147124,-0.0014712415629606,4811.9746000000005,4680.434899999999,0.011898011979616
2020-10-19,4823.4944,4849.605,4747.3356,4755.4879,4791.676,12924636100,225392198225.0,-0.755228,-0.0075522844198981,4798.44062,4686.845165000001,0.0119521270147204
2020-10-20,4751.3694,4793.4672,4739.4583,4793.4672,4755.4879,9804815600,185849198017.6,0.798642,0.0079864150216846,4789.29386,4693.96599,0.0120154038052755
2020-10-21,4801.6313,4801.6313,4758.8552,4792.8284,4793.4672,10380570300,189978697043.6,-0.013326,-0.0001332647065989,4786.43912,4699.18328,0.0119224167342146
2020-10-22,4780.5954,4791.8078,4725.4993,4777.9845,4792.8284,10135089100,194614971169.8,-0.309711,-0.0030971065018727,4782.2888,4705.214585,0.0118262837449936
2020-10-23,4775.4665,4802.456,4717.0984,4718.4881,4777.9845,10682518400,200985821991.5,-1.24522,-0.0124521961090497,4767.65122,4709.50328,0.0121419640255429
2020-10-26,4684.0465,4713.3945,4639.3019,4691.2359,4718.4881,10834327500,205518988284.4,-0.577562,-0.005775621220704,4754.80082,4707.210639999999,0.0111040708952639
2020-10-27,4680.1371,4708.4623,4671.8536,4699.2792,4691.2359,9265630400,186675545690.4,0.171454,0.0017145375273071,4735.96322,4707.603195,0.0108966740797256
2020-10-28,4703.0036,4753.3125,4685.6012,4737.2718,4699.2792,10846340200,226754264067.0,0.808477,0.0080847718092595,4724.8519,4712.678745,0.0106502004578146
2020-10-29,4683.607,4803.0317,4679.2529,4772.9198,4737.2718,11711725000,252303504993.0,0.752501,0.0075250062704865,4723.838959999999,4718.70837,0.0107340980812619
2020-10-30,4776.4726,4778.5089,4683.4719,4695.3338,4772.9198,13980230300,280783321713.1,-1.625546,-0.0162554585559974,4719.2081,4725.321774999999,0.0104555785048209
2020-11-02,4702.7457,4738.0239,4695.4436,4720.8313,4695.3338,14286769300,279027685157.1,0.543039,0.005430391338737,4725.12718,4732.86226,0.0104928405050486
2020-11-03,4743.1742,4793.3963,4734.1748,4777.5608,4720.8313,13605540800,252390556313.5,1.201685,0.0120168454229661,4740.7835,4742.644875,0.0107447134832496
2020-11-04,4781.448,4825.4638,4770.5582,4813.6564,4777.5608,11466180600,230513773046.3,0.755524,0.0075552361363981,4756.06042,4753.73773,0.0108125598682591
2020-11-05,4861.3377,4885.1118,4837.9996,4885.1118,4813.6564,13924459400,281951932371.0,1.484431,0.0148443083723217,4778.49882,4768.623555,0.0111257520857842
2020-11-06,4897.6295,4897.6295,4845.4293,4885.7178,4885.1118,15363903400,305365103652.9,0.012405,0.0001240503850905,4816.5756200000005,4778.852385,0.0103718564164844
2020-11-09,4918.8609,4997.8017,4918.8609,4981.3497,4885.7178,19713198400,371923282063.4,1.957377,0.0195737666223783,4868.6793,4786.76198,0.0090264551845329
2020-11-10,4995.4126,4995.4126,4928.9319,4953.8756,4981.3497,17626721400,334271459964.0,-0.551539,-0.0055153927458655,4903.94226,4792.49571,0.0091558089224795
2020-11-11,4937.7582,4957.5846,4901.7067,4904.8981,4953.8756,16447051500,303858557977.1,-0.98867,-0.0098867036548111,4922.1906,4797.38551,0.0093297790759844
2020-11-12,4916.7736,4926.3422,4891.51,4908.463,4904.8981,11811461900,227645907147.2,0.07268,0.0007268040899768,4926.86084,4802.871854999999,0.0093072435683538
2020-11-13,4886.9778,4886.9778,4825.7578,4856.8513,4908.463,13369307900,255353111737.8,-1.051484,-0.0105148393702875,4921.08754,4806.13062,0.0096555945579032
2020-11-16,4880.958,4904.1716,4848.6239,4904.1716,4856.8513,14877098000,266705031671.5,0.9743,0.0097429995437576,4905.65192,4813.564805,0.0096502205535531
2020-11-17,4903.12,4909.2902,4865.3942,4894.786,4904.1716,15148746400,288911408551.0,-0.19138,-0.0019137992642833,4893.834000000001,4818.630745,0.0095580380937785
2020-11-18,4889.6749,4911.0876,4870.7162,4891.6716,4894.786,16421661600,290727223227.2,-0.063627,-0.0006362688787621,4891.1887,4823.572905,0.0095620864381091
2020-11-19,4880.9224,4939.7911,4870.2005,4927.9891,4891.6716,13368137800,247727135000.5,0.742435,0.0074243536708391,4895.093919999999,4831.073135,0.0096103802354881
2020-11-20,4928.2223,4947.4297,4922.5895,4943.2882,4927.9891,12940034100,229053679195.4,0.310453,0.0031045320290989,4912.3813,4842.31314,0.0090257491425751
2020-11-23,4954.5987,5029.6515,4940.4494,5005.0273,4943.2882,20591518700,333633826416.7,1.248948,0.0124894801804191,4932.55244,4858.00271,0.0090822166161525
2020-11-24,4997.0485,5001.0614,4960.9817,4974.2855,5005.0273,15663791100,264804443317.7,-0.614218,-0.0061421842793943,4948.45234,4871.753025,0.0093203630922509
2020-11-25,4992.7466,5004.7732,4910.7,4910.7,4974.2855,17034052700,277070642970.7,-1.278284,-0.0127828408723222,4952.258019999999,4880.424435,0.0098604673208044
2020-11-26,4908.3208,4925.2857,4867.8153,4919.5912,4910.7,13720233800,239748145475.7,0.181058,0.0018105769034963,4950.57844,4887.758005,0.0097696074278442
2020-11-27,4930.5928,4980.765,4917.3479,4980.765,4919.5912,16295292200,253178971224.0,1.243473,0.0124347323818287,4958.0738,4902.029565,0.0090994046385278
2020-11-30,4994.1063,5055.192,4960.2519,4960.2519,4980.765,26263895000,396495834420.8,-0.411846,-0.0041184637299692,4949.11872,4914.000595,0.0092146394160673
2020-12-01,4963.1302,5072.5494,4963.1302,5067.0983,4960.2519,20406563800,328451014444.2,2.154052,0.0215405189401771,4967.68128,4928.47747,0.0099482790817734
2020-12-02,5072.9755,5090.6084,5043.3091,5067.1447,5067.0983,19543547600,310609728842.5,0.000916,9.15711463500557e-06,4998.97022,4941.151885,0.0099091655745575
2020-12-03,5065.4531,5072.3046,5033.7887,5057.0603,5067.1447,17786574800,275335207429.1,-0.199015,-0.00199015433682,5026.46404,4949.74931,0.009523229454503
2020-12-04,5049.5231,5072.3865,5017.8506,5065.9163,5057.0603,14434716700,257798820735.0,0.175122,0.0017512150290159,5043.4943,4958.759235,0.0095153389600399
2020-12-07,5065.7285,5067.8698,5014.609,5022.2351,5065.9163,13989621700,264657773932.9,-0.862257,-0.0086225664644321,5055.89094,4960.803505,0.0088150170930713
2020-12-08,5029.1063,5043.0605,4998.9218,5009.8786,5022.2351,12307302900,234880648439.1,-0.246036,-0.0024603587354959,5044.447,4963.603655,0.0087323679746374
2020-12-09,5022.3846,5033.6417,4942.5195,4942.6986,5009.8786,13891696500,260772774152.9,-1.340951,-0.0134095065696802,5019.55778,4965.4936800000005,0.0089868139126637
2020-12-10,4931.2933,4962.7433,4919.7696,4940.5249,4942.6986,12591427000,229651278357.4,-0.043978,-0.0004397800019607,4996.2507,4967.096775,0.0089885183200247
2020-12-11,4957.8236,4957.8236,4849.3547,4889.6292,4940.5249,15935769700,275212730069.9,-1.030168,-0.0103016786738591,4960.993280000001,4968.73567,0.0089750564343501
2020-12-14,4903.627,4937.2601,4887.6599,4934.8352,4889.6292,12080155200,247878279711.0,0.924528,0.0092452818303687,4943.5133000000005,4970.26885,0.0089483627453873
2020-12-15,4931.6019,4954.1885,4904.7926,4945.1,4934.8352,11834263300,248093390249.2,0.208007,0.0020800694620968,4930.557580000001,4972.784549999999,0.0089397533853864
2020-12-16,4957.2971,4968.8558,4938.1932,4953.867,4945.1,10677896800,229696035696.9,0.177287,0.0017728660694424,4932.79126,4975.894319999999,0.0089391685040559
2020-12-17,4960.729,5021.6171,4950.3713,5017.4784,4953.867,13338547900,270180356109.3,1.284076,0.0128407565241457,4948.18196,4980.368785000001,0.0092318318305963
2020-12-18,5014.3211,5027.4446,4979.0051,4999.9678,5017.4784,12804961800,258938551535.8,-0.348992,-0.0034899203552125,4970.24968,4983.202765,0.0092681685005577
2020-12-21,4995.7622,5048.5074,4969.999,5046.8396,4999.9678,14081178200,298204296843.3,0.937442,0.0093744203712671,4992.65056,4985.293380000001,0.0090823518661166
2020-12-22,5034.9831,5055.1348,4960.9457,4964.7727,5046.8396,16234497000,326758817663.3,-1.626105,-0.0162610478050461,4996.5851,4984.81774,0.0097280906410309
2020-12-23,4977.2994,5028.4506,4968.1509,5007.1235,4964.7727,14029281900,308729037473.7,0.853026,0.0085302596028211,5007.2364,4989.638915,0.009422531926423
2020-12-24,5006.0051,5033.038,4979.2371,5000.0154,5007.1235,11441866700,246674476188.8,-0.14196,-0.0014195974994424,5003.743799999999,4993.660125,0.0094358484992458
2020-12-25,4985.7695,5042.0978,4973.6812,5042.0137,5000.0154,12100697900,243992268243.3,0.839963,0.008399634129127,5012.152980000001,4996.72256,0.0092157561444528
2020-12-28,5042.9432,5089.3447,5037.8582,5064.4147,5042.0137,13691440700,281019254170.5,0.444287,0.0044428677375469,5015.668000000001,5001.9307,0.0091813002591799
2020-12-29,5071.449,5077.4167,5034.3078,5042.9361,5064.4147,14119866200,279035233253.8,-0.424108,-0.0042410823900341,5031.30068,5000.72259,0.0078741958601134
2020-12-30,5037.9848,5113.7105,5036.6288,5113.7105,5042.9361,14862644800,296577812603.0,1.403436,0.0140343638302298,5052.61808,5003.05088,0.0084947649574868
2020-12-31,5122.4799,5215.6178,5122.4799,5211.2885,5113.7105,17160250900,358731371834.7,1.908164,0.0190816433585747,5094.872700000001,5010.762290000001,0.0094263925673809
2021-01-04,5212.9313,5284.4343,5190.9372,5267.7181,5211.2885,21171138200,452796175554.0,1.082834,0.0108283392869152,5140.01358,5020.85238,0.0096526290346357
2021-01-05,5245.8355,5368.5049,5234.3775,5368.5049,5267.7181,22493115900,498041939761.0,1.913291,0.0191329144966962,5200.83162,5038.16587,0.010032874744059
2021-01-06,5386.5144,5433.4694,5341.4304,5417.6677,5368.5049,19377344400,444434377137.3,0.915763,0.0091576334409231,5275.77794,5058.555325,0.0100128132104803
2021-01-07,5428.3944,5513.6568,5413.3526,5513.6568,5417.6677,21987208000,473385353695.8,1.771779,0.0177177902587122,5355.767199999999,5087.1032350000005,0.0095793378856946
2021-01-08,5526.2876,5547.4733,5442.6939,5495.4306,5513.6568,20432495600,473567653978.6,-0.330565,-0.0033056464450236,5412.59562,5114.84852,0.0096939958095091
2021-01-11,5504.2358,5555.6916,5412.5046,5441.1583,5495.4306,23183598300,522298482544.3,-0.98759,-0.0098758958033242,5447.28366,5142.424975,0.0096581433886732
2021-01-12,5419.4996,5596.3525,5417.6272,5596.3525,5441.1583,22422018600,486233760739.8,2.852227,0.0285222725462701,5492.85318,5175.50084,0.0109388253909649
2021-01-13,5609.2637,5644.7195,5535.1435,5577.9711,5596.3525,26156988600,546959736365.5,-0.328453,-0.0032845322020012,5524.91386,5207.144395,0.0111138277031593
2021-01-14,5556.2125,5568.0179,5458.6818,5470.4563,5577.9711,24368338000,501890111879.0,-1.927489,-0.0192748936974592,5516.273759999999,5232.97386,0.0124599327793558
2021-01-15,5471.391,5500.6348,5390.2737,5458.0812,5470.4563,23863743500,475709920372.3,-0.226217,-0.0022621696109701,5508.80388,5255.004,0.0124202298613849
2021-01-18,5438.1618,5541.4613,5410.775,5518.5205,5458.0812,20705186900,422717209153.0,1.107336,0.0110733603596808,5524.276319999999,5280.931635,0.0123668737006201
2021-01-19,5525.969,5532.4793,5415.7166,5437.5234,5518.5205,21104342500,433205176449.9,-1.467732,-0.0146773215755925,5492.5105,5300.465825,0.0130704171659251
2021-01-20,5439.9111,5496.0493,5426.5357,5476.4336,5437.5234,17091326000,373770384496.4,0.715587,0.0071558680556667,5472.203,5326.04887,0.0121969197149534
2021-01-21,5492.9587,5593.1058,5490.5626,5564.9693,5476.4336,20995019700,453183684478.9,1.616667,0.0161666709516936,5491.1056,5353.941159999999,0.0124309672242218
2021-01-22,5562.379,5573.6594,5513.8769,5569.776,5564.9693,19930002000,456622193435.6,0.086374,0.0008637424109418,5513.44456,5382.429190000001,0.0123757048942369
2021-01-25,5564.1237,5655.4795,5543.2663,5625.9232,5569.776,19704701900,508166980802.0,1.008069,0.0100806926526308,5534.9251,5411.624664999999,0.0124022384072334
2021-01-26,5600.9017,5600.9017,5505.9962,5512.9678,5625.9232,17190459000,415008069865.0,-2.007766,-0.0200776647644247,5550.01398,5434.05232,0.0136667265376472
2021-01-27,5505.7708,5534.9928,5449.6385,5528.0034,5512.9678,16019084100,376892605839.1,0.272732,0.0027273150407298,5560.32794,5458.305684999999,0.0135245109099594
2021-01-28,5450.3695,5462.2352,5360.3766,5377.1427,5528.0034,17048558500,376166523177.5,-2.729027,-0.0272902690327576,5522.76262,5471.477295000001,0.0150879973114705
2021-01-29,5413.9684,5430.2015,5288.0955,5351.9646,5377.1427,18217878400,390287690019.0,-0.468243,-0.0046824310613887,5479.20034,5478.5111,0.0146530956987471
2021-02-01,5356.8535,5422.299,5342.0458,5417.6484,5351.9646,16631370600,346859083730.0,1.227284,0.0122728390243835,5437.5453800000005,5486.007615,0.0147053002807931
2021-02-02,5429.7032,5503.2145,5411.5173,5501.0915,5417.6484,16521056500,380016716111.9,1.540209,0.0154020884780932,5435.170120000001,5492.636945,0.0144920596081956
2021-02-03,5499.2961,5532.8864,5473.1237,5485.2008,5501.0915,18805431700,404343602637.7,-0.288864,-0.0028886449171042,5426.6096,5496.0136,0.0143992250844001
2021-02-04,5453.9764,5510.0535,5411.5749,5473.9475,5485.2008,18057565400,397995205379.9,-0.205157,-0.0020515748484539,5445.97056,5494.028135,0.0138384638103327
2021-02-05,5494.7011,5550.7714,5477.6517,5483.414,5473.9475,18969959800,395400134490.0,0.172937,0.0017293735462386,5472.26044,5493.427305,0.0138261316750158
2021-02-08,5506.1423,5576.4908,5479.8529,5564.5618,5483.414,16403377500,367582771658.8,1.479877,0.0147987731730634,5501.643120000001,5499.597479999999,0.0140000388918993
2021-02-09,5584.165,5686.2502,5555.0537,5686.2502,5564.5618,16488726000,378769121171.9,2.186846,0.0218684605138179,5538.67486,5504.092365,0.0133824072499457
2021-02-10,5709.684,5823.4219,5707.3295,5807.7191,5686.2502,17016978600,417056463360.9,2.136186,0.0213618633946146,5603.17852,5515.579765,0.0140943369771366
2021-02-18,5922.0714,5930.9122,5747.6631,5768.3814,5807.7191,21884868600,507481235977.7,-0.677335,-0.006773347560835,5662.0653,5530.47602,0.0133535368897442
2021-02-19,5734.0193,5787.8871,5667.3209,5778.842,5768.3814,21447578000,456433793702.1,0.181344,0.0018134376482108,5721.1509,5546.51406,0.0133041925690407
2021-02-22,5785.5097,5785.5097,5597.3327,5597.3327,5778.842,28212438200,543633153216.5,-3.140929,-0.0314092858050106,5727.70508,5550.45467,0.0151949151613101
2021-02-23,5542.6841,5644.7551,5541.1092,5579.6681,5597.3327,23380772700,424904470814.2,-0.31559,-0.003155896021689,5706.38866,5557.561905,0.0147894662839101
2021-02-24,5591.4795,5598.8284,5379.7278,5437.5683,5579.6681,22542861000,472369211004.2,-2.546743,-0.0254674287884614,5632.3585,5555.618640000001,0.0158795890748767
2021-02-25,5494.4706,5527.6296,5444.1646,5469.5584,5437.5683,23073602800,412206157140.7,0.588316,0.0058831628836735,5572.5939,5550.848095,0.0154820500627666
2021-02-26,5343.9041,5416.3197,5318.8579,5336.7609,5469.5584,21226454300,405717700127.9,-2.427938,-0.0242793824086419,5484.17768,5539.19734,0.0163411259257108
2021-03-01,5389.2499,5421.555,5345.9449,5418.7837,5336.7609,17746352300,358146545967.0,1.53694,0.0153693975684763,5448.46788,5528.840365,0.0165879518611847
2021-03-02,5453.2847,5454.9687,5305.0545,5349.6301,5418.7837,19651111500,376444604695.3,-1.276183,-0.0127618306669077,5402.460280000001,5520.67348,0.0162393504001226
2021-03-03,5327.3467,5452.396,5316.4809,5452.2125,5349.6301,19470905400,337610313596.0,1.917561,0.019175606178827,5405.38912,5516.883935,0.0168626643687194
2021-03-04,5388.4785,5392.3725,5254.7771,5280.7058,5452.2125,21277521100,384382456961.0,-3.145635,-0.0314563491426646,5367.6186,5512.062089999999,0.0172320031401255
2021-03-05,5191.9699,5307.8203,5174.2458,5262.7958,5280.7058,20262795600,352539774294.9,-0.339159,-0.0033915920860426,5352.82558,5507.60365,0.0172189611146476
2021-03-08,5299.7907,5326.2602,5079.7984,5080.0246,5262.7958,23023163500,407133802141.7,-3.472892,-0.034728917280051,5285.07376,5490.72246,0.0185142344616788
2021-03-09,5066.1546,5094.311,4917.909,4970.9994,5080.0246,23071100400,414415213806.0,-2.146155,-0.0214615496153306,5209.3476200000005,5464.217855,0.018415467812022
2021-03-10,5047.0589,5055.2785,4981.6161,5003.6121,4970.9994,16992849000,309577408714.9,0.656059,0.0065605922221596,5119.62754,5440.13842,0.0185899381151265
2021-03-11,5024.5586,5138.4146,5020.5784,5128.2156,5003.6121,18960076600,333859199678.6,2.490271,0.0249027097843976,5089.1295,5422.851825,0.0197136767971738
2021-03-12,5153.674,5153.674,5086.8234,5146.3786,5128.2156,20102058900,323237751413.4,0.354178,0.0035417777676896,5065.84606,5406.000055,0.0197410518126816
2021-03-15,5116.1228,5120.8757,4992.3989,5035.5441,5146.3786,20415308400,330740513807.9,-2.153641,-0.0215364062022176,5056.94996,5379.54917,0.0196906082037739
2021-03-16,5054.4089,5084.3085,5009.951,5079.3624,5035.5441,16139005400,271755048563.6,0.87018,0.0087018004668055,5078.62256,5349.20478,0.0189586491943127
2021-03-17,5062.7706,5123.5452,5020.1255,5100.8581,5079.3624,14916237600,263492417709.0,0.423197,0.0042319681698632,5098.071760000001,5313.8617300000005,0.0180484418272931
2021-03-18,5114.5872,5160.4566,5111.1294,5141.7681,5100.8581,14290151800,260930046844.7,0.802022,0.0080202191862581,5100.78226,5282.531065,0.0183294962855161
2021-03-19,5068.5319,5089.9175,4980.7609,5007.0907,5141.7681,16417484900,282974489237.2,-2.619282,-0.0261928187698703,5072.92468,5243.943499999999,0.0187993167497804
2021-03-22,5008.3953,5071.3378,4996.541,5057.152,5007.0907,16740263200,264209098943.0,0.999808,0.0099980813209554,5077.24626,5216.934465,0.0182381973467094
2021-03-23,5057.0632,5064.02,4966.534,5009.2459,5057.152,15801396700,255755377659.6,-0.947294,-0.0094729405008985,5063.22296,5188.413355,0.0182610457438166
2021-03-24,4985.4013,5024.3274,4919.8932,4928.6853,5009.2459,15938598200,265970020152.0,-1.608238,-0.0160823807831034,5028.7884,5162.969204999999,0.0178287838662236
2021-03-25,4904.0683,4950.7608,4883.6615,4926.3469,4928.6853,13294518900,219782049461.7,-0.047445,-0.0004744470092258,4985.70416,5135.80863,0.0176853400994681
2021-03-26,4953.9453,5050.8292,4953.9453,5037.9899,4926.3469,14592669700,273901922431.0,2.266243,0.0226624316691947,4991.884,5120.870080000001,0.0181111571787626
2021-03-29,5052.2634,5086.6543,5010.3902,5046.8773,5037.9899,14338821500,266176599970.5,0.176408,0.0017640765814159,4989.829059999999,5102.27476,0.0176454839236695
2021-03-30,5043.0952,5106.0365,5032.795,5094.7291,5046.8773,13861856000,254928014461.3,0.948147,0.0094814668864644,5006.9257,5089.52971,0.0177251664485033
2021-03-31,5085.9497,5085.9497,5015.607,5048.3607,5094.7291,14133574300,241058485554.4,-0.910125,-0.0091012493677042,5030.86078,5069.33712,0.0170374407341263
2021-04-01,5059.9359,5115.4286,5056.8718,5110.7768,5048.3607,12032489000,211493324391.1,1.236364,0.0123636371703788,5067.74676,5060.84067,0.0160705291301854
2021-04-02,5129.8545,5169.8312,5116.3472,5161.5569,5110.7768,12700225400,248060376224.1,0.993589,0.0099358868499206,5092.4601600000005,5055.778725,0.0162635872299649
2021-04-06,5178.6401,5181.149,5125.3301,5140.3418,5161.5569,10983421000,213852444065.4,-0.411021,-0.00411021333505,5111.15306,5058.794585,0.0142186033817831
2021-04-07,5141.6556,5141.6556,5065.1932,5103.7428,5140.3418,14576374800,246271190296.5,-0.711995,-0.0071199545524385,5112.955800000001,5065.4317550000005,0.0133797209752871
2021-04-08,5078.2627,5129.1318,5062.0725,5112.2086,5103.7428,14177104700,228422004674.7,0.165874,0.0016587434617589,5125.72538,5070.86158,0.0133250692786053
2021-04-09,5100.0422,5100.0422,5022.0926,5035.3374,5112.2086,12841650900,221519791677.6,-1.503679,-0.0150367886005277,5110.6375,5066.21767,0.012549571586409
2021-04-12,5026.9791,5045.6018,4933.0126,4947.7459,5035.3374,15264431400,267218195772.7,-1.739536,-0.0173953586506437,5067.8753,5056.286035,0.0130290642628038
2021-04-13,4949.8074,4994.5404,4924.1979,4939.6438,4947.7459,13291935800,225753230649.0,-0.163753,-0.0016375335685691,5027.735699999999,5051.49102,0.012181667550928
2021-04-14,4945.6857,4987.1191,4940.2686,4980.6279,4939.6438,12086083800,221036276090.0,0.829697,0.0082969747737682,5003.11272,5046.554295,0.0121652155532508
2021-04-15,4969.9099,4969.9099,4900.3033,4948.9741,4980.6279,10882938400,213820884103.5,-0.635538,-0.0063553834246481,4970.46582,5038.960095,0.0121600161981894
2021-04-16,4966.8999,4979.1731,4917.9596,4966.1811,4948.9741,11123992400,213389173713.5,0.347688,0.0034768822087791,4956.63456,5030.180745,0.0120155664074376
2021-04-19,4966.409,5088.2106,4940.7473,5087.0165,4966.1811,15476982400,307899776737.5,2.433165,0.0243316539543836,4984.48868,5034.177035000001,0.0118984419024153
2021-04-20,5065.7757,5119.8586,5058.9247,5083.3654,5087.0165,13654170000,276640588159.1,-0.071773,-0.0007177291443816,5013.233,5035.4877050000005,0.0117049498162405
2021-04-21,5055.2398,5110.5623,5047.9916,5098.7449,5083.3654,12463727700,242574995256.0,0.302546,0.0030254563246623,5036.8564,5039.962654999999,0.0114859955014227
2021-04-22,5114.2799,5119.2246,5067.1382,5089.2435,5098.7449,12116764500,241488845756.1,-0.186348,-0.0018634782061758,5064.91028,5047.990565,0.0107956781458828
2021-04-23,5088.8263,5149.9825,5086.4914,5135.4534,5089.2435,12205699100,264345183118.9,0.907992,0.0090799153155083,5098.7647400000005,5058.44589,0.0109071099796698
2021-04-26,5156.5941,5181.1066,5072.9585,5077.2372,5135.4534,15138196700,325760384278.3,-1.133614,-0.0113361363575026,5096.80888,5060.408255,0.0101638443939622
2021-04-27,5076.6415,5095.9842,5042.6099,5090.5195,5077.2372,12396183700,254738009833.6,0.261605,0.0026160487439903,5098.2397,5062.590365,0.0101714814912188
2021-04-28,5073.9728,5119.4455,5059.2628,5119.2421,5090.5195,12062031800,272182521893.2,0.564237,0.0056423710782367,5102.33914,5063.816015,0.0100278708093215
2021-04-29,5128.2795,5170.5852,5113.6484,5164.1692,5119.2421,14009248000,294112454366.3,0.877612,0.0087761233249741,5117.32428,5069.60644,0.0099433316995326
2021-04-30,5156.3557,5163.2517,5094.9285,5123.489,5164.1692,16012162100,315075102884.9,-0.787739,-0.0078773948769921,5114.9314,5070.24205,0.0097739388652594
2021-05-06,5098.8006,5132.8986,5037.4083,5061.1244,5123.489,15882263000,323258264641.5,-1.217229,-0.0121722911867283,5111.708840000001,5065.220425,0.0098610527016485
2021-05-07,5073.4554,5093.7471,4996.037,4996.0527,5061.1244,17225832100,304638402155.0,-1.285716,-0.0128571627285034,5092.81548,5058.00597,0.0101974753065283
2021-05-10,5001.4371,5019.3927,4953.6965,4992.422,4996.0527,17082058500,282656808853.4,-0.072671,-0.0007267137114067,5067.45146,5052.43993,0.0101076607121772
2021-05-11,4956.0794,5033.4938,4925.9152,5023.0595,4992.422,15152649700,270931616512.9,0.61368,0.006136800935498,5039.22952,5047.982475,0.0102198815937282
2021-05-12,5003.8171,5051.1682,4995.4048,5044.5481,5023.0595,12661908600,228344006493.0,0.427799,0.0042779903363676,5023.441339999999,5048.443010000001,0.0097063929582918
2021-05-13,4992.3519,5022.0836,4975.4462,4992.9738,5044.5481,13227940600,237821404345.3,-1.022377,-0.0102237700934996,5009.8112200000005,5050.704405,0.0091406299297078
2021-05-14,5007.6286,5112.9838,4981.2948,5110.5901,4992.9738,15942618000,318802786822.9,2.355636,0.0235563623426184,5032.7187,5059.25172,0.0104705901221667
2021-05-17,5115.3063,5206.6947,5115.3063,5184.9853,5110.5901,15388963400,335439913424.1,1.455707,0.0145570665117518,5071.23136,5069.46959,0.0107658729009594
2021-05-18,5190.9345,5201.6721,5156.7924,5187.6013,5184.9853,11840426100,238182265921.9,0.050453,0.0005045337351294,5104.13972,5081.400949999999,0.01059126667751
2021-05-19,5173.1666,5193.5574,5151.6392,5172.272,5187.6013,11872998300,250736278155.8,-0.295499,-0.0029549880789798,5129.6845,5091.705495,0.0106546364446105
2021-05-20,5167.0546,5201.5935,5152.0358,5186.412,5172.272,13845477500,277088462047.3,0.273381,0.002733808276131,5168.37214,5096.675270000001,0.0092885031266864
2021-05-21,5199.1285,5216.1615,5123.1171,5134.1483,5186.412,12476848500,268053627530.6,-1.007704,-0.0100770436286203,5173.08378,5099.214415,0.009610261688009
2021-05-24,5138.8149,5155.5875,5092.3894,5155.5875,5134.1483,12674233600,278513133226.0,0.41758,0.0041758045828166,5167.20422,5102.056545,0.0096293380337855
2021-05-25,5165.0361,5324.3609,5161.5238,5318.478,5155.5875,18299683900,404683305641.1,3.159494,0.0315949443201188,5193.379559999999,5113.51827,0.0118332960132482
2021-05-26,5326.1169,5344.2837,5308.7389,5320.5927,5318.478,16960709600,346444644792.8,0.039761,0.0003976137534085,5223.0437,5122.775234999999,0.0117291709431007
2021-05-27,5311.3726,5378.4764,5286.05,5338.2329,5320.5927,14846285500,311893705935.1,0.331546,0.0033154576932754,5253.407880000001,5135.825019999999,0.0113132679716927
2021-05-28,5338.7278,5360.2774,5288.6515,5321.0886,5338.2329,16460580600,330711896344.2,-0.321161,-0.00321160584807,5290.79594,5147.353475,0.0113868224690159
2021-05-31,5318.0825,5331.6294,5281.6851,5331.5696,5321.0886,14460326900,321450798233.5,0.196971,0.0019697097319522,5325.99236,5157.96985,0.0113592978953316
2021-06-01,5320.4745,5343.7529,5269.259,5341.6798,5331.5696,14383147400,321845842153.4,0.189629,0.0018962896029717,5330.63272,5166.845380000001,0.0112499626316743
2021-06-02,5348.344,5352.6404,5266.7852,5289.9736,5341.6798,13775431900,296176177153.5,-0.967976,-0.0096797640322805,5324.5089,5175.16961,0.0113380232422785
2021-06-03,5285.7098,5314.3691,5255.0719,5255.2855,5289.9736,14196887800,285448632488.9,-0.655733,-0.0065573295110584,5307.91942,5184.877665,0.0110431525856591
2021-06-04,5228.2761,5334.4899,5221.2291,5282.2772,5255.2855,14473208700,292326048775.5,0.513611,0.0051361053552656,5300.15714,5199.18889,0.0104933411283816
2021-06-07,5284.8907,5286.8424,5242.9481,5277.6271,5282.2772,12770497100,280463260583.2,-0.088032,-0.0008803210857621,5289.36864,5213.4491450000005,0.0104961457637245
2021-06-08,5276.9711,5319.0406,5201.1404,5232.1165,5277.6271,13055953200,304042218266.2,-0.862331,-0.0086233072435146,5267.45598,5223.901994999999,0.0107670613466578
2021-06-09,5224.9496,5253.3555,5215.3506,5236.4493,5232.1165,12182032100,255075448703.0,0.082812,0.0008281161170626,5256.75112,5233.497055,0.0107578849030111
2021-06-10,5236.4691,5299.5299,5229.5182,5271.4661,5236.4493,13899196700,301454334609.8,0.668713,0.0066871267138974,5259.98724,5247.421670000001,0.0104119555303193
2021-06-11,5275.7456,5276.1039,5213.5991,5224.703,5271.4661,18080717300,365363494541.8,-0.887099,-0.0088709856258013,5248.472400000001,5253.127315,0.0094882994274081
2021-06-15,5218.5648,5225.5021,5137.409,5166.5597,5224.703,14288005800,330616618621.5,-1.112854,-0.0111285368756847,5226.25892,5252.206035,0.0093144010398643
2021-06-16,5163.2493,5164.5192,5076.0222,5080.4909,5166.5597,12514798500,298286772933.4,-1.665882,-0.0166588223107148,5195.933800000001,5246.850515,0.0100163702097368
2021-06-17,5074.3839,5123.3651,5073.8211,5101.8924,5080.4909,12045251800,281927280723.3,0.421249,0.0042124866319512,5169.022419999999,5243.331534999999,0.0100706426898572
2021-06-18,5104.9297,5128.0309,5064.9208,5102.4657,5101.8924,14858580500,356697096115.9,0.011237,0.0001123700688003,5135.222339999999,5239.13422,0.010041478668838
2021-06-21,5088.0893,5123.7827,5058.5699,5090.3854,5102.4657,13218451600,331527114639.0,-0.236754,-0.0023675416377614,5108.35882,5236.946075,0.0098106395159689
2021-06-22,5106.0743,5125.8186,5086.2776,5122.1583,5090.3854,13041675300,313690367125.4,0.624175,0.0062417474323259,5099.47854,5235.274615,0.0098718469083984
2021-06-23,5127.191,5171.033,5109.7571,5147.3938,5122.1583,13635605800,358765666329.7,0.492673,0.0049267317646155,5112.859119999999,5226.720405,0.0065982008949307
2021-06-24,5156.5638,5160.4346,5120.5844,5155.9738,5147.3938,12668562500,312607422609.3,0.166686,0.0016668629472258,5123.6754,5218.48946,0.0066246053558984
2021-06-25,5159.8017,5251.6076,5157.4758,5239.9684,5155.9738,15493106100,368265641241.1,1.629073,0.0162907344486507,5151.17594,5213.576235,0.0076777346329121
2021-06-28,5253.6081,5260.6372,5226.2201,5251.7604,5239.9684,13319378300,337452771675.6,0.22504,0.0022503952504753,5183.45094,5210.1098250000005,0.0076883363275069
2021-06-29,5248.5249,5248.5249,5182.6771,5190.5445,5251.7604,12516299700,314896843024.3,-1.165626,-0.0116562629170973,5197.12818,5203.058569999999,0.0080416919150368
2021-06-30,5189.3797,5231.4262,5186.625,5224.041,5190.5445,10375267100,281015504940.5,0.645337,0.0064533691985493,5212.45762,5197.17663,0.0082002783524707
2021-07-01,5241.2039,5252.2642,5190.8762,5229.6642,5224.041,12724062000,324097400267.5,0.107641,0.0010764080909777,5227.1957,5194.161160000001,0.0079557136905782
2021-07-02,5186.6613,5186.6613,5074.3621,5081.1172,5229.6642,13042642400,342578961248.3,-2.840469,-0.0284046918347071,5195.42546,5185.4527450000005,0.0100493758632055
2021-07-05,5073.7787,5098.2305,5048.004,5085.7924,5081.1172,13121158900,335197786629.8,0.092011,0.000920112608306,5162.23186,5175.628505,0.0099435188444606
2021-07-06,5089.778,5092.2066,5028.5058,5083.1043,5085.7924,14065522000,362828901848.9,-0.052855,-0.0005285508704603,5140.743820000001,5165.902365,0.0099456281416844
2021-07-07,5052.4204,5152.7711,5045.4056,5140.4899,5083.1043,14854906000,336731403375.7,1.128948,0.0112894791476145,5124.0336,5161.321035,0.0102224864068732
2021-07-08,5149.3095,5151.2171,5078.9295,5088.2566,5140.4899,17390100800,397879869879.7,-1.016115,-0.0101611521501092,5095.75208,5153.9114,0.0104218971299523
2021-07-09,5063.148,5081.4086,5006.4115,5069.4361,5088.2566,16065322600,352845583768.9,-0.369881,-0.0036988111016256,5093.415859999999,5143.809899999999,0.0102560822058388
2021-07-12,5108.3783,5159.4115,5070.3188,5132.7088,5069.4361,20621203900,437203145943.3,1.248121,0.0124812106814011,5102.79914,5139.21019,0.0105980633524571
2021-07-13,5128.6138,5154.0508,5114.943,5142.0991,5132.7088,16648220900,361328491653.3,0.18295,0.0018295018022451,5114.5981,5137.98716,0.0103282555545581
2021-07-14,5130.7522,5130.7522,5075.1252,5083.0849,5142.0991,18835272000,372568110291.6,-1.147667,-0.0114766749633433,5103.1171,5138.11686,0.0099513802767302
2021-07-15,5073.2634,5153.8056,5067.6767,5151.4626,5083.0849,18107710300,372484081122.6,1.345201,0.0134520082479834,5115.7583,5140.59537,0.0103597541002397
2021-07-16,5140.904,5140.904,5090.6321,5094.7727,5151.4626,16995598200,362594258079.0,-1.100462,-0.0110046222600935,5120.8256200000005,5140.21072,0.0106769979613688
2021-07-19,5083.7276,5120.8235,5047.6234,5113.4945,5094.7727,15319958900,340322623792.1,0.367471,0.0036747076076621,5116.982760000001,5141.366175,0.0106925793962006
2021-07-20,5080.2158,5114.0033,5067.8619,5108.9941,5113.4945,12930004400,283543130755.2,-0.08801,-0.0008801026382251,5110.361760000001,5140.707965,0.0106018300887711
2021-07-21,5122.7843,5160.5447,5122.3046,5144.0428,5108.9941,16797646900,390275519305.4,0.68602,0.0068601958260237,5122.55334,5140.540415,0.0106585024213727
2021-07-22,5150.3859,5171.2096,5137.8795,5151.7517,5144.0428,18555686400,418221654806.0,0.149861,0.0014986072821943,5122.61116,5140.32931,0.010657201874125
2021-07-23,5145.4308,5145.4308,5079.9973,5089.2282,5151.7517,21653684700,435521169695.0,-1.213636,-0.0121363574257664,5121.502259999999,5132.792299999999,0.0102602888432812
2021-07-26,5067.3072,5067.3072,4859.6031,4925.299,5089.2282,22811171000,495153655116.7,-3.221101,-0.0322110138429241,5083.863159999999,5116.46923,0.0123037331642696
2021-07-27,4924.2816,4940.86,4749.0327,4751.313,4925.299,23663122500,521146117041.1,-3.532496,-0.035324961997231,5012.32694,5094.507655,0.0141644655719859
2021-07-28,4714.2948,4785.6567,4663.9009,4760.4826,4751.313,19263439300,419706155162.8,0.192991,0.0019299086378861,4935.6149,5071.329734999999,0.014018843626274
2021-07-29,4845.7603,4857.9709,4800.0125,4850.2746,4760.4826,17332205400,415676120877.6,1.886195,0.0188619531977702,4875.31948,5052.360255,0.0149285120521426
2021-07-30,4825.7002,4825.7002,4761.0376,4811.1695,4850.2746,18234977600,420943935061.8,-0.806245,-0.0080624507321708,4819.70774,5038.86287,0.0138038764463802
2021-08-02,4794.8192,4938.8154,4761.4593,4933.736,4811.1695,22719491800,524659449295.5,2.547541,0.0254754067592088,4821.39514,5031.26005,0.0151618795232258
2021-08-03,4909.2325,4957.0291,4890.8495,4934.4583,4933.736,20353336000,471194128401.9,0.01464,0.0001464002127393,4858.0242,5023.82775,0.0151646876263973
2021-08-04,4927.7358,4979.2911,4919.6569,4978.8479,4934.4583,17546646100,425801406611.8,0.899584,0.0089958405363359,4901.69726,5015.74565,0.0150722810128725
2021-08-05,4946.1668,4997.1397,4921.9382,4948.6703,4978.8479,16738182900,398772206808.2,-0.606116,-0.0060611612578082,4921.376399999999,5008.766334999999,0.0149756736948785
2021-08-06,4943.0427,4944.3486,4891.7968,4921.5647,4948.6703,15417968800,371773603785.1,-0.547735,-0.0054773501479781,4943.45544,5001.372765,0.0149960437312045
2021-08-09,4890.2573,5002.8944,4884.0392,4985.5627,4921.5647,18243687100,408897062935.4,1.300359,0.01300358806621,4953.82078,4994.01546,0.0150218736818259
2021-08-10,4977.8164,5043.7608,4941.2399,5043.148,4985.5627,16705190200,410098755610.3,1.155041,0.0115504113507587,4975.55872,4989.067905,0.0152849648364199
2021-08-11,5037.0819,5059.7887,5009.9782,5015.3406,5043.148,18226607400,373386347207.4,-0.55139,-0.0055138972721006,4982.85726,4985.68069,0.0151242773493943
2021-08-12,4998.0733,5016.2628,4962.985,4973.3509,5015.3406,16822373300,361828381964.4,-0.837225,-0.0083722529233607,4987.793380000001,4976.775105,0.0148447431558403
2021-08-13,4958.7577,4993.7432,4921.2812,4945.9829,4973.3509,15831432100,352459069035.5,-0.550293,-0.0055029296243706,4992.67702,4969.335615,0.0147127052271253
2021-08-16,4935.9229,4973.3761,4931.3691,4941.0676,4945.9829,16195337300,340735120174.7,-0.09938,-0.0009937963999026,4983.778,4960.71427,0.0146652920142808
2021-08-17,4935.0044,4967.5648,4823.3923,4837.4034,4941.0676,18757347200,388457131504.0,-2.098012,-0.0209801217858262,4942.629080000001,4947.134735000001,0.0152880849241883
2021-08-18,4838.4706,4909.5409,4818.9013,4894.2384,4837.4034,19747437800,395792165759.8,1.174907,0.0117490718264265,4918.40864,4934.644515,0.0154853823700768
2021-08-19,4886.564,4893.467,4839.5681,4862.1394,4894.2384,20171171900,397424964846.0,-0.655853,-0.0065585280847783,4896.166340000001,4920.1639000000005,0.0154842123699319
2021-08-20,4817.4937,4835.153,4720.8257,4769.2678,4862.1394,17763581000,404938035667.4,-1.910097,-0.0191009743570906,4860.82332,4904.1658800000005,0.0157813102677276
2021-08-23,4777.7347,4843.8193,4764.0089,4835.8782,4769.2678,16757909300,389599126282.0,1.396659,0.0139665883303932,4839.78544,4899.69484,0.0146381037869265
2021-08-24,4844.5925,4906.2036,4842.7476,4888.3902,4835.8782,19788316300,417481426158.2,1.085883,0.0108588342857767,4849.9828,4906.5487,0.0123751860293828
2021-08-25,4890.5211,4899.7651,4865.7646,4898.1572,4888.3902,18944801600,371868197458.6,0.1998,0.0019979992595517,4850.76656,4913.43243,0.012375321129022
2021-08-26,4892.2044,4892.2044,4798.6954,4801.6094,4898.1572,19761738700,368987718505.9,-1.971105,-0.0197110456152773,4838.660559999999,4910.99917,0.0125317136996407
2021-08-27,4794.974,4863.4692,4793.5908,4827.0433,4801.6094,18331021100,368421410281.2,0.529695,0.0052969531424191,4850.21566,4911.79286,0.012459281581299
2021-08-30,4847.0348,4849.1598,4787.1999,4813.2703,4827.0433,21963575700,477182071719.8,-0.28533,-0.0028532994514468,4845.69408,4905.769575,0.0109591814527763
2021-08-31,4803.0854,4821.7564,4740.7524,4805.6099,4813.2703,23511865800,460805653996.0,-0.159152,-0.0015915166866901,4829.13802,4899.327155,0.010955016884656
2021-09-01,4804.6863,4906.4024,4763.2992,4869.4587,4805.6099,32672108000,568819748405.8,1.328631,0.0132863052408809,4823.39832,4893.857695000001,0.0112056604584229
2021-09-02,4865.8218,4892.7049,4845.6246,4869.4113,4869.4587,26785801300,465954132797.1,-0.000973,-9.734141497186322e-06,4836.9587,4889.894745,0.0111447732313041
2021-09-03,4875.0656,4886.5477,4828.6991,4843.0624,4869.4113,26809189600,466430119699.6,-0.541111,-0.0054111058558556,4840.16252,4885.9696300000005,0.0111433033764061
2021-09-06,4841.0623,4944.4497,4837.7859,4933.7262,4843.0624,24050724500,452756275291.9,1.872035,0.0187203452096755,4864.253699999999,4883.377805,0.0115793075116971
2021-09-07,4932.9759,5005.9606,4915.6119,4992.8294,4933.7262,24417851900,417759639120.9,1.197942,0.0119794243952977,4901.6976,4880.8618750000005,0.0116030980684573
2021-09-08,4986.7953,5013.9764,4955.8876,4972.1324,4992.8294,26461531500,428591077708.1,-0.414534,-0.0041453449220594,4922.2323400000005,4878.701465,0.0115755859326702
2021-09-09,4952.4924,4970.147,4929.9501,4970.0133,4972.1324,25653021700,401675689275.8,-0.04262,-0.000426195408634,4942.35274,4878.534585,0.0114217704298051
2021-09-10,4967.9759,5042.7994,4962.3707,5013.5219,4970.0133,28830435200,472762533239.2,0.875422,0.0087542220460457,4976.44464,4881.911535,0.0115029900532123
2021-09-13,5006.7748,5029.7237,4964.9599,4991.6598,5013.5219,24991529800,433329627421.1,-0.436063,-0.0043606272069938,4988.03136,4884.441145,0.0115542424379709
2021-09-14,4989.8348,5000.9772,4907.3159,4917.1617,4991.6598,24559040200,417245830782.2,-1.492451,-0.0149245146874794,4972.89782,4888.42906,0.011027027740048
2021-09-15,4903.8471,4903.8471,4843.1158,4867.3187,4917.1617,18798473000,363256653878.3,-1.013654,-0.0101365387272092,4951.93508,4887.0830750000005,0.0109770284486246
2021-09-16,4866.7936,4879.5306,4806.1442,4807.6978,4867.3187,21675209900,393517267165.6,-1.224923,-0.0122492287180618,4919.47198,4884.360995,0.011221060792475
2021-09-17,4797.1129,4857.958,4786.0876,4855.9402,4807.6978,20195812700,360397420086.7,1.003441,0.0100344077366927,4887.95564,4888.694614999999,0.0105507273304261
2021-09-22,4770.7323,4830.8496,4765.2301,4821.7675,4855.9402,19122037600,311952989432.1,-0.70373,-0.0070372983588224,4853.97718,4887.98908,0.0102276863055008
2021-09-23,4848.2223,4877.3359,4837.5571,4853.1957,4821.7675,22815106400,362140919563.0,0.651798,0.0065179832913968,4841.18398,4886.229355,0.0100270595806458
2021-09-24,4845.638,4897.0596,4838.5352,4849.4277,4853.1957,20769329000,361849453197.3,-0.07764,-0.0007763956438022,4837.60578,4883.79288,0.0100125796227654
2021-09-27,4870.8482,4922.5626,4852.1997,4877.3698,4849.4277,21596703000,426083025417.5,0.576194,0.0057619376406004,4851.540180000001,4887.5809,0.009003069549644
2021-09-28,4869.0845,4901.3114,4846.6306,4883.828,4877.3698,17689088000,321272191534.0,0.132412,0.0013241153049334,4857.11774,4890.420135,0.0089427525682673
2021-09-29,4846.0212,4868.0678,4799.877,4833.9281,4883.828,18817136600,331841767748.9,-1.021737,-0.0102173745676548,4859.54986,4891.453025,0.009240069994592
2021-09-30,4843.9531,4876.0728,4843.9531,4866.3826,4833.9281,14611389600,283254685232.2,0.67139,0.0067138979580601,4862.18724,4894.491660000001,0.0093388369755542
2021-10-08,4915.7305,4937.0918,4891.6249,4929.9409,4866.3826,16896807700,343635835306.4,1.306069,0.0130606870080456,4878.28988,4897.51577,0.0093229175117624
2021-10-11,4941.2918,4983.7294,4930.7132,4936.1918,4929.9409,16351162400,315186321382.1,0.126795,0.001267946234406,4890.054279999999,4900.854795,0.0093224741238732
2021-10-12,4920.6596,4925.4883,4840.77,4883.8369,4936.1918,16807933700,299424238601.1,-1.060633,-0.0106063342190226,4890.05606,4902.89352,0.0095714322036453
2021-10-13,4880.144,4953.3749,4869.8307,4940.1089,4883.8369,13114281300,280044666628.4,1.152209,0.0115220882990585,4911.29222,4903.212655,0.0089648802854567
2021-10-14,4934.2575,4953.9231,4903.2498,4913.6123,4940.1089,11955701300,249151666554.2,-0.536357,-0.0053635659732117,4920.738159999999,4899.2518,0.0085864089772944
2021-10-15,4896.5578,4939.8153,4881.0136,4932.1084,4913.6123,14282200100,300728491201.2,0.376426,0.0037642571026614,4921.17166,4897.2506,0.008604620371359
2021-10-18,4922.5137,4922.5137,4844.9383,4874.7753,4932.1084,14124519900,302539444437.0,-1.162446,-0.0116244606464853,4908.88836,4892.4887,0.0089653317477715
2021-10-19,4869.3907,4928.1433,4868.8106,4922.7232,4874.7753,13526649300,282928243806.8,0.983592,0.0098359200269189,4916.66562,4887.948765,0.0090298509085126
2021-10-20,4926.7727,4944.0216,4898.3651,4910.1846,4922.7232,14153318300,279747732455.1,-0.254709,-0.0025470861331388,4910.68076,4883.875005,0.0090020656048865
2021-10-21,4914.7378,4946.1764,4893.8525,4928.0156,4910.1846,14889815400,274802962494.9,0.363143,0.0036314316981076,4913.56142,4884.4177,0.0084043579553296
2021-10-22,4934.8698,4989.887,4934.8698,4959.7254,4928.0156,14392622800,289252612199.9,0.64346,0.00643459813723,4919.08482,4889.038035,0.0081505228216433
2021-10-25,4940.8962,4981.6499,4930.112,4979.5235,4959.7254,14186149000,299408232157.6,0.399177,0.0039917734155201,4940.03446,4897.62932,0.0075509038669132
2021-10-26,4983.2383,5002.5746,4953.4787,4963.0984,4979.5235,14088894300,301786229740.4,-0.329853,-0.0032985284636171,4948.1095000000005,4902.987230000001,0.0073706127505718
2021-10-27,4949.2269,4949.2269,4884.9418,4898.1644,4963.0984,14711159300,299460469414.7,-1.308336,-0.0130833593788912,4945.705459999999,4906.807075,0.0078322276968694
2021-10-28,4882.5858,4898.6576,4846.2779,4864.138,4898.1644,15664947200,316631709566.3,-0.694677,-0.0069467656087655,4932.92994,4907.35419,0.0078947046556126
2021-10-29,4861.2667,4908.7701,4855.7593,4908.7701,4864.138,15988735300,368731987310.2,0.917575,0.009175747069676,4922.73888,4910.32131,0.0081434797599508
2021-11-01,4878.1276,4908.2056,4858.2485,4890.6851,4908.7701,17158397400,379730767559.0,-0.368422,-0.0036842222454052,4904.971199999999,4910.987075,0.0081046096066026
2021-11-02,4886.1849,4911.2266,4797.899,4839.8457,4890.6851,18543768800,385731879817.5,-1.039515,-0.010395148933224,4880.320659999999,4908.78796,0.0084335635003907
2021-11-03,4835.8093,4858.7133,4804.3657,4821.1119,4839.8457,14276382000,302269934656.2,-0.387074,-0.0038707432346448,4864.91016,4908.14715,0.0081604307632433
2021-11-04,4841.0912,4873.9394,4834.7433,4868.7419,4821.1119,13259297000,308688054573.6,0.987946,0.0098794636979904,4865.83094,4908.265115,0.0083285379616976
2021-11-05,4858.8999,4889.6835,4841.7442,4842.3458,4868.7419,14778935900,312070841453.0,-0.542154,-0.0054215443213369,4852.54608,4903.88536,0.0078195844209105
2021-11-08,4841.1527,4866.0822,4827.6892,4848.1795,4842.3458,13739826400,295893824000.4,0.120473,0.0012047260234906,4844.04496,4899.484745,0.0078186887193893
2021-11-09,4858.2525,4870.7905,4818.5386,4846.7444,4848.1795,11837552600,261645065376.2,-0.029601,-0.00029600801703,4845.4247,4897.63012,0.0074753134138993
2021-11-10,4832.8006,4832.8006,4753.9959,4821.1925,4846.7444,13511817900,301058966270.5,-0.527197,-0.0052719718415519,4845.44082,4891.6843,0.0069990588150881
2021-11-11,4814.7655,4898.6529,4809.1109,4898.6529,4821.1925,16048486300,323624626069.0,1.606665,0.0160666474114028,4851.42302,4890.93633,0.007908501049382
2021-11-12,4902.9289,4909.0839,4875.3492,4888.3749,4898.6529,13266296900,271773244503.0,-0.209813,-0.0020981278342868,4860.628839999999,4888.749655,0.0078653742938253
2021-11-15,4894.4119,4906.3301,4863.396,4882.3777,4888.3749,12182314900,272997748910.2,-0.122683,-0.0012268289815496,4867.46848,4889.129775,0.0074163334156812
2021-11-16,4880.8964,4915.3717,4876.5004,4883.3206,4882.3777,12725440600,284094590893.0,0.019312,0.000193123117042,4874.78372,4887.159645,0.0070549963545647
2021-11-17,4883.2481,4891.5232,4864.5198,4885.7544,4883.3206,10845922300,246177916948.6,0.049839,0.0004983903780553,4887.696099999999,4885.938135,0.0070385657067244
2021-11-18,4871.4216,4871.4216,4830.4123,4837.6185,4885.7544,11448056500,244484713797.1,-0.98523,-0.0098522963004444,4875.48922,4881.41828,0.0072908939892051
2021-11-19,4832.0595,4892.8093,4829.5665,4890.0575,4837.6185,12719831200,266280681863.6,1.083984,0.0108398378251612,4875.82574,4877.934885,0.0075847603352832
2021-11-22,4895.3875,4918.9957,4893.2732,4912.399,4890.0575,13809283600,316148811480.0,0.456876,0.0045687601832904,4881.83,4874.57866,0.0076045357940432
2021-11-23,4905.7587,4927.5211,4896.8781,4913.3457,4912.399,15430441100,301022146081.1,0.019272,0.0001927164304038,4887.83502,4872.091025,0.0075805948156947
2021-11-24,4914.0266,4935.4885,4899.6112,4916.6579,4913.3457,13715067300,289707337708.6,0.067412,0.0006741231336522,4894.01572,4873.0157,0.006976529282854
2021-11-25,4917.6055,4921.3333,4891.728,4896.4416,4916.6579,11598403100,255450994352.1,-0.41118,-0.0041117971620519,4905.78034,4874.63088,0.0068511065951237
2021-11-26,4886.9516,4886.9516,4850.8114,4860.1265,4896.4416,12036897400,243041335647.2,-0.741663,-0.0074166308855802,4899.79414,4872.1987,0.0067300760894939
2021-11-29,4820.0053,4858.5322,4818.7058,4851.423,4860.1265,13362686200,285995221656.8,-0.17908,-0.0017907970090903,4887.598940000001,4870.235595,0.0066958067534997
2021-11-30,4857.183,4871.2528,4810.2192,4832.026,4851.423,12963059600,279268234018.0,-0.399821,-0.0039982083607221,4871.335,4869.844609999999,0.0063353923663935
2021-12-01,4831.8885,4844.5242,4823.9254,4843.851,4832.026,12308678900,255968912362.1,0.244721,0.0024472136532378,4856.77362,4870.981565,0.0062928478231742
2021-12-02,4839.9137,4866.8505,4830.3228,4856.163,4843.851,14808852100,278051726155.7,0.254178,0.0025417792578672,4848.7179,4870.35262,0.0059040201432442
2021-12-03,4856.9802,4901.0175,4853.3505,4901.0175,4856.163,14405962600,300052698342.0,0.923661,0.0092366133509109,4856.8961,4873.286204999999,0.0061163224976836
2021-12-06,4909.4292,4943.9032,4888.6927,4892.6209,4901.0175,17361568300,333405791014.9,-0.171324,-0.0017132360780185,4865.135679999999,4875.508275,0.0061364113758034
2021-12-07,4930.8261,4934.0973,4895.2178,4922.1015,4892.6209,17905346000,340617766237.8,0.602552,0.0060255230483932,4883.15078,4879.27613,0.0062562880680077
2021-12-08,4934.4056,4995.9298,4915.7898,4995.9298,4922.1015,15749055900,329064831238.9,1.499935,0.0149993452999699,4913.56654,4888.012995,0.0068375262759525
2021-12-09,5000.6871,5114.5012,4999.4097,5078.6901,4995.9298,22056877600,425680958779.1,1.656555,0.0165655450162649,4958.071959999999,4897.014854999999,0.0068929842025231
2021-12-10,5046.2677,5060.0554,5035.8087,5055.1172,5078.6901,19369515400,356917625379.5,-0.464153,-0.0046415314846637,4988.8919,4905.351970000001,0.0069919959246521
2021-12-13,5090.0207,5143.841,5079.7276,5083.8007,5055.1172,21180159600,426376532477.1,0.567415,0.0056741513332272,5027.12786,4915.42312,0.0070101305262391
2021-12-14,5066.3497,5075.2138,5038.8583,5049.6953,5083.8007,15910779000,318685538073.5,-0.670864,-0.0067086422172292,5052.64662,4923.741855,0.0072711914341865
2021-12-15,5036.284,5060.368,5003.7776,5005.8991,5049.6953,15052975200,291072568760.8,-0.867304,-0.0086730381534111,5054.64048,4929.749089999999,0.0076313511077041
2021-12-16,5006.6105,5034.7321,4987.2247,5034.7321,5005.8991,14405386700,291474766866.2,0.57598,0.0057598044674933,5045.84888,4939.60477,0.007224311300083
2021-12-17,5021.3385,5022.1067,4954.7592,4954.7599,5034.7321,14900539900,297943311186.6,-1.58841,-0.015884102353728,5025.77742,4942.83989,0.0079434609158039
2021-12-20,4934.9662,4971.6727,4872.6846,4880.4178,4954.7599,16967569000,317536919390.0,-1.500418,-0.0150041781035645,4985.10084,4941.24083,0.0086172340364288
2021-12-21,4876.5141,4917.7994,4872.9491,4913.4853,4880.4178,14333989800,259023177322.6,0.677555,0.0067755469623933,4957.85884,4941.247809999999,0.0087612083627892
2021-12-22,4924.5771,4936.6731,4903.1652,4914.4544,4913.4853,13325674000,244642450513.7,0.019723,0.000197232705672,4939.5699,4941.137635,0.0087600344830435
2021-12-23,4924.2912,4948.7389,4906.7473,4948.7389,4914.4544,13955540600,263359754800.7,0.697626,0.0069762576289242,4922.37126,4943.7525,0.0088357193792093
2021-12-24,4953.0616,4964.9064,4905.9785,4921.3449,4948.7389,14267332300,290483663506.4,-0.553555,-0.0055355516937861,4915.68826,4946.81342,0.0087558980578687
2021-12-27,4918.1462,4939.689,4894.1598,4919.3238,4921.3449,12410095200,254421525172.7,-0.041068,-0.000410680421931,4923.46946,4950.20846,0.0087409716331809
2021-12-28,4923.6917,4959.1448,4913.5983,4955.9644,4919.3238,13045775700,276316732181.2,0.74483,0.0074483001098646,4931.96528,4956.40538,0.0087895914227787
2021-12-29,4958.6455,4958.6455,4883.4804,4883.4804,4955.9644,11358700200,273225467112.2,-1.462561,-0.0146256094979212,4925.770480000001,4958.38685,0.0094750271750311
2021-12-30,4882.1561,4940.178,4878.6478,4921.5109,4883.4804,12161717800,268022477311.8,0.778758,0.0077875811685452,4920.32488,4961.654245,0.0096076544130868
2021-12-31,4937.463,4950.3639,4923.1392,4940.3733,4921.5109,12131373700,266975388723.2,0.383264,0.0038326441581182,4924.1305600000005,4963.622035,0.0094296501264083
2022-01-04,4957.9835,4961.4527,4874.5337,4917.7653,4940.3733,15153477600,336516961627.0,-0.457617,-0.0045761724119106,4923.81886,4964.879255,0.0094856580252847
2022-01-05,4907.9347,4916.2822,4851.9835,4868.1202,4917.7653,17881610000,363944528847.9,-1.009505,-0.0100950527264893,4906.25002,4962.18019,0.0096568219222296
2022-01-06,4842.156,4857.5596,4786.433,4818.2318,4868.1202,15766582600,321750076549.2,-1.024798,-0.0102479803189742,4893.2003,4953.29529,0.0091605654669098
2022-01-07,4824.3181,4856.6522,4818.1931,4822.3689,4818.2318,18713941300,332218950735.0,0.085863,0.0008586344891088,4873.3719,4940.47923,0.0081201769590995
2022-01-10,4812.23,4844.3928,4780.8191,4844.0451,4822.3689,15621169600,305033816783.5,0.449493,0.0044949277936825,4854.10626,4929.925625,0.0082525127617566
2022-01-11,4840.0087,4850.879,4791.8854,4797.7735,4844.0451,14692800400,286445756033.7,-0.955226,-0.0095522644906835,4830.1079,4915.624265,0.0081999650454292
2022-01-12,4818.8902,4852.7314,4810.919,4845.5787,4797.7735,14320020400,293153042845.2,0.996404,0.0099640385274544,4825.5996,4905.418435,0.0086245203440882
2022-01-13,4853.0314,4853.0632,4765.2416,4765.9191,4845.5787,14251965300,288799117043.3,-1.643965,-0.0164396463109762,4815.13706,4893.419435,0.0091012629973507
2022-01-14,4743.9124,4764.0522,4723.9428,4726.7317,4765.9191,14686312600,281828448517.4,-0.822242,-0.0082224224074638,4796.00962,4878.019415000001,0.0089765294773253
2022-01-17,4728.7595,4775.2385,4726.7083,4767.2762,4726.7317,11529569100,263788241676.0,0.85777,0.0085777028554423,4780.65584,4868.64523,0.0088097803120145
2022-01-18,4766.7811,4826.3003,4747.92,4813.3472,4767.2762,15087080200,282749393138.7,0.966401,0.0096640089785442,4783.77058,4865.2917,0.0086014431988171
2022-01-19,4815.8106,4828.7522,4755.9301,4780.3784,4813.3472,13392736000,275534557468.5,-0.684945,-0.0068494539517117,4770.73052,4858.636355000001,0.0085210236539707
2022-01-20,4778.2616,4845.0048,4777.5683,4823.5091,4780.3784,16497131500,304344267970.5,0.902244,0.009022444750399,4782.24852,4854.08909,0.0088276806408746
2022-01-21,4808.7733,4818.3052,4762.5641,4779.3142,4823.5091,13895258500,274699155293.8,-0.91624,-0.0091623958996989,4792.765020000001,4845.617855,0.0088077586417222
2022-01-24,4753.9413,4801.0976,4746.4479,4786.7377,4779.3142,11446388000,246261594852.9,0.155326,0.0015532563228422,4796.65732,4838.887495,0.0087880383750131
2022-01-25,4761.95,4781.3908,4678.2472,4678.4511,4786.7377,13366758600,250555769168.0,-2.262221,-0.0226222130366573,4769.6781,4826.84386,0.0099851690660831
2022-01-26,4697.0991,4718.9946,4648.1283,4712.3109,4678.4511,10707084200,226553448356.8,0.72374,0.0072373952994828,4756.0646,4814.661185,0.0099742602485148
2022-01-27,4708.0989,4708.4364,4616.0273,4619.8765,4712.3109,12126380400,250535654824.4,-1.961551,-0.0196155139084732,4715.33808,4801.48099,0.0103496657521495
2022-01-28,4641.8137,4660.519,4559.8331,4563.772,4619.8765,12648011200,263967891828.3,-1.214416,-0.0121441558015674,4672.22964,4783.594045,0.010243757428569
2022-02-07,4638.5754,4672.6535,4615.0052,4634.0899,4563.772,14484972000,266031793985.3,1.540785,0.0154078468424803,4641.7000800000005,4768.279875,0.0109923407542779
2022-02-08,4626.4365,4626.4365,4522.4709,4608.7729,4634.0899,15583070800,281364873762.5,-0.546321,-0.005463208644269,4627.76444,4752.830255,0.0110002383117122
2022-02-09,4608.1491,4659.4611,4595.2826,4652.0609,4608.7729,14833554700,273771960506.0,0.939252,0.0093925218142123,4615.71444,4742.02729,0.0112165949571956
2022-02-10,4657.2107,4657.2107,4608.0905,4639.8625,4652.0609,15157666600,287224388085.6,-0.262215,-0.0026221496799407,4619.71164,4733.108825,0.011057363123577
2022-02-11,4617.8741,4662.5963,4595.8751,4601.3953,4639.8625,15597458400,307938016714.5,-0.829059,-0.0082905905078005,4627.2363,4722.060145,0.0111294724101053
2022-02-14,4579.4202,4593.6324,4530.0566,4551.6878,4601.3953,14367389400,275737553466.7,-1.08027,-0.010802701519689,4610.75588,4707.44228,0.0111647165120888
2022-02-15,4553.8112,4601.453,4550.543,4600.1025,4551.6878,11502560000,249977008675.0,1.063665,0.0106366477946928,4609.0218,4697.55873,0.0114546397496304
2022-02-16,4619.8458,4643.1003,4607.2178,4617.9893,4600.1025,10725895500,210190931035.5,0.388835,0.0038883481400686,4602.20748,4686.17926,0.0111972326070575
2022-02-17,4616.8955,4650.1591,4606.9522,4629.1649,4617.9893,11001464300,227946249306.5,0.242001,0.0024200142689805,4600.067959999999,4679.34155,0.010732042727684
2022-02-18,4604.5669,4651.3415,4598.1003,4651.2358,4629.1649,10455022800,195825700477.9,0.476779,0.0047677929986897,4610.03606,4675.566755,0.0106904040302377
2022-02-21,4646.0522,4646.6724,4613.2971,4634.3141,4651.2358,11251651200,215039182297.2,-0.363811,-0.0036381083926126,4626.561319999999,4668.91865,0.0104762349531801
2022-02-22,4601.9184,4602.066,4550.804,4574.1527,4634.3141,12331723700,246872960668.1,-1.298173,-0.0129817268967591,4621.37136,4656.958925000001,0.0104456664274008
2022-02-23,4582.0064,4625.2979,4579.2945,4623.0465,4574.1527,12295291600,259050146194.4,1.068915,0.0106891490526761,4622.3828,4649.09233,0.010791194420662
2022-02-24,4592.069,4610.8792,4488.4763,4529.3189,4623.0465,18440305800,342346666856.5,-2.027399,-0.0202739903221825,4602.4136,4634.38282,0.0112496928148091
2022-02-25,4564.6321,4611.8602,4561.8964,4573.4247,4529.3189,14972258300,271727599672.0,0.973784,0.009737843806935,4586.851379999999,4624.088345,0.0115029555830036
2022-02-28,4563.7427,4581.6459,4530.6764,4581.6459,4573.4247,13540697800,248363727482.7,0.17976,0.0017976025712198,4576.31774,4613.833755000001,0.0115072093512609
2022-03-01,4597.855,4623.4312,4583.917,4619.6862,4581.6459,12313922000,260431185063.7,0.830276,0.0083027586221797,4585.42444,4610.89551,0.010653938861656
2022-03-02,4594.017,4594.017,4558.4416,4578.6007,4619.6862,11329832500,215299655365.1,-0.889357,-0.0088935694376817,4576.53528,4604.21,0.0106417476275697
2022-03-03,4595.0249,4599.3973,4544.4313,4551.6283,4578.6007,13828587700,242701771996.2,-0.589097,-0.0058909701385403,4580.997160000001,4600.79759,0.0098146043331185
2022-03-04,4513.3636,4539.3925,4481.4927,4496.4301,4551.6283,12726680600,249970282271.0,-1.212713,-0.0121271326131794,4565.59824,4597.4304950000005,0.0098135601200392
2022-03-07,4462.5174,4462.5174,4338.3042,4352.7775,4496.4301,16219770600,306898527658.4,-3.194814,-0.0319481448182635,4519.82456,4583.364875,0.0113205323294199
2022-03-08,4361.6424,4383.6467,4252.5386,4265.391,4352.7775,16786327700,315176698370.9,-2.007603,-0.0200760319129568,4448.96552,4566.19578,0.0119381789765678
2022-03-09,4280.9789,4304.482,4068.193,4226.3463,4265.391,19423290000,341009391865.7,-0.915384,-0.0091538384171578,4378.514639999999,4544.91005,0.0115746256175003
2022-03-10,4326.2035,4335.6731,4288.5078,4292.8374,4226.3463,14526638300,301636182195.2,1.573253,0.0157325252783948,4326.75646,4527.558795,0.0124449001093373
2022-03-11,4231.1961,4316.044,4176.4522,4306.5217,4292.8374,15239992100,295008832432.0,0.318771,0.0031877051760684,4288.774780000001,4512.815114999999,0.0124917442371555
2022-03-14,4248.1526,4280.3609,4174.7577,4174.7577,4306.5217,13018723600,260691659460.8,-3.059639,-0.0305963859418146,4253.17082,4493.96861,0.0138350479066973
2022-03-15,4125.4866,4163.4176,3983.812,3983.812,4174.7577,20252469900,346988947367.8,-4.573815,-0.0457381514620597,4196.855020000001,4463.154085,0.0161909387990678
2022-03-16,4053.099,4168.5853,3942.861,4156.081,3983.812,19602198200,378883588290.3,4.324225,0.043242251391381,4182.80196,4440.05867,0.0196176620487503
2022-03-17,4237.6722,4302.7426,4217.8038,4237.6956,4156.081,17940734400,385039197285.7,1.963739,0.0196373939776437,4171.7736,4420.485205,0.0203286203310603
2022-03-18,4218.4736,4283.3679,4194.9402,4265.9017,4237.6956,14945830500,275791291072.6,0.6656,0.0066559995484338,4163.6496,4401.218500000001,0.0203768425678288
2022-03-21,4280.1397,4287.8166,4223.024,4258.7459,4265.9017,12703636000,251214543321.0,-0.167744,-0.001677441371891,4180.44724,4382.44009,0.0203839816246071
2022-03-22,4252.5658,4283.3344,4236.6888,4255.295,4258.7459,12638247000,226213533984.5,-0.081031,-0.0008103089691262,4234.74384,4366.497205,0.0202837481860646
2022-03-23,4269.6088,4287.5771,4241.957,4276.5174,4255.295,11708907800,226390778403.3,0.498729,0.0049872923028837,4258.831120000001,4349.17075,0.0201145139592391
2022-03-24,4249.5328,4273.9568,4216.8506,4251.3061,4276.5174,10891827200,219594430540.4,-0.589529,-0.0058952876001392,4261.55322,4335.27011,0.0197443227804102
2022-03-25,4249.0731,4254.8449,4173.93,4174.5742,4251.3061,10880804600,217013187264.8,-1.804902,-0.0180490179241621,4243.28772,4315.327585,0.019780186196442
2022-03-28,4128.8379,4174.1206,4091.2978,4148.4663,4174.5742,11844902100,213468973997.5,-0.625403,-0.0062540270574181,4221.2318,4293.668605,0.0197300180087864
2022-03-29,4155.4182,4177.2134,4124.7179,4134.1441,4148.4663,10026697200,199463853668.2,-0.345241,-0.003452408423807,4197.00162,4269.3915,0.0194938185940342
2022-03-30,4162.1666,4254.0989,4160.7351,4254.0989,4134.1441,13834602400,268869181171.3,2.901563,0.0290156310710116,4192.51792,4253.16641,0.0209224229288144
2022-03-31,4234.7159,4247.3602,4214.5352,4222.5968,4254.0989,13402918500,238877216805.6,-0.740512,-0.0074051169802374,4186.77606,4236.714835,0.0209344163574911
2022-04-01,4198.8191,4290.671,4190.0835,4276.158,4222.5968,13380305300,244758870755.2,1.268442,0.012684422059904,4207.092820000001,4225.701230000001,0.0211327520793162
2022-04-06,4258.8325,4277.5238,4236.7283,4263.8411,4276.158,15906219500,253690929897.9,-0.288037,-0.0028803659733809,4230.167780000001,4221.25441,0.0199527012809783
2022-04-07,4240.0237,4278.1127,4205.743,4209.0998,4263.8411,13488035300,216996185503.7,-1.283849,-0.0128384943801024,4245.15892,4218.43985,0.0196488221309168
2022-04-08,4213.2107,4237.8126,4175.5287,4230.7669,4209.0998,14284379300,229081764759.3,0.514768,0.0051476802712067,4240.49252,4218.66088,0.0195766611247417
2022-04-11,4203.7902,4203.7902,4089.0934,4100.0703,4230.7669,14819707100,265224932471.5,-3.089194,-0.0308919406550144,4215.98722,4209.022525,0.0203930589254543
2022-04-12,4102.9711,4179.9727,4075.796,4179.9727,4100.0703,14428568400,252830412756.4,1.948806,0.0194880560950381,4196.75016,4202.6950750000005,0.0209339139229425
2022-04-13,4154.4121,4194.0374,4139.737,4139.737,4179.9727,12509748900,221281029559.7,-0.962583,-0.0096258284174918,4171.929340000001,4200.94404,0.0198873456416533
2022-04-14,4172.6443,4217.0612,4155.5509,4191.5684,4139.737,12479131600,245993822040.5,1.252046,0.0125204572174513,4168.42306,4211.33186,0.0169159694677549
2022-04-15,4162.3718,4211.3174,4152.974,4188.7472,4191.5684,12476226300,226229740275.2,-0.067307,-0.0006730654806922,4160.01912,4212.96517,0.0139668119165878
2022-04-18,4152.9306,4171.7427,4119.9941,4166.3844,4188.7472,11750461000,212855328186.8,-0.533878,-0.0053387800533772,4173.281940000001,4209.39961,0.0132629990555588
2022-04-19,4161.9328,4186.9389,4115.4184,4134.9017,4166.3844,11021747100,208570579128.8,-0.755636,-0.0075563598980448,4164.26774,4202.849609999999,0.0132251715890432
2022-04-20,4130.5427,4136.1661,4060.5044,4070.7889,4134.9017,11733165800,216536635695.2,-1.550528,-0.0155052779126527,4150.47812,4193.45176,0.013592642338021
2022-04-21,4048.7338,4086.4393,3978.3669,3995.83,4070.7889,13278382800,227026679682.4,-1.841385,-0.0184138509368541,4111.33044,4180.47851,0.0140620367771255
2022-04-22,3967.2016,4037.084,3953.7217,4013.2498,3995.83,12210181100,206371766715.6,0.435949,0.0043594947733012,4076.23096,4167.31513,0.0140438477389997
2022-04-25,3933.4459,3958.2102,3814.9127,3814.9127,4013.2498,16836450200,272889272275.2,-4.942057,-0.0494205718268522,4005.93662,4145.49546,0.0174602105605437
2022-04-26,3822.4887,3871.8498,3773.8986,3784.1198,3814.9127,15757761100,259626354225.4,-0.807172,-0.0080717181287005,3935.78024,4125.97274,0.0172162395382649
2022-04-27,3758.0835,3895.731,3757.0859,3895.5361,3784.1198,17273404600,296924102939.0,2.944312,0.0294431217531749,3900.72968,4113.326230000001,0.0188277124528242
2022-04-28,3883.4196,3943.4349,3873.5781,3921.1073,3895.5361,15305658600,268502242452.9,0.656423,0.0065642313005391,3885.78514,4102.67439,0.0189470724076592
2022-04-29,3939.6238,4017.4281,3898.5701,4016.241,3921.1073,17945837700,321414877428.2,2.426195,0.0242619476391272,3886.38338,4090.781495,0.0185571131324775
2022-05-05,3995.3533,4039.7,3988.9312,4010.2102,4016.241,15417071600,290538230662.9,-0.15016,-0.0015016031159484,3925.44288,4080.162165,0.0185253846801993
2022-05-06,3928.8548,3947.2378,3902.051,3908.815,4010.2102,12300555100,214825174047.3,-2.528426,-0.0252842606604511,3950.38192,4061.7950150000006,0.018839673859727
2022-05-09,3883.9514,3914.1116,3854.9353,3877.4364,3908.815,9293669400,171756502863.8,-0.802765,-0.0080276503236914,3946.76198,4042.47478,0.0188542560305953
2022-05-10,3820.6278,3932.6823,3808.5699,3919.8684,3877.4364,13641691800,239060211932.9,1.094331,0.0109433129580152,3946.5142,4028.01321,0.0190540891695577
2022-05-11,3917.9322,4033.3026,3916.5249,3976.4231,3919.8684,16563225600,309294912796.8,1.44277,0.0144277037463809,3938.55062,4015.29602,0.0193828177646375
2022-05-12,3949.949,3985.9268,3935.5886,3958.74,3976.4231,11337606600,202029156415.1,-0.444699,-0.0044469865392342,3928.25658,4008.229505,0.0182423115568004
2022-05-13,3983.8201,4003.8539,3957.1392,3988.6002,3958.74,10996835700,195727044922.1,0.754285,0.0075428545446278,3944.21362,3998.66088,0.0177033717299606
2022-05-16,4014.9955,4018.0283,3947.7461,3956.5378,3988.6002,11242529400,199717909541.0,-0.803851,-0.0080385093497211,3960.0339,3989.50092,0.0176718122696069
2022-05-17,3961.7605,4005.8934,3955.1018,4005.8934,3956.5378,10966145400,210117539690.9,1.247444,0.012474441669684,3977.2389,3980.21717,0.0176698099833916
2022-05-18,4015.0134,4017.341,3964.7503,3991.9069,4005.8934,10807423300,201800666052.1,-0.349148,-0.0034914808267239,3980.33566,3970.375155,0.0176689598579949
2022-05-19,3938.2964,3999.5984,3933.7452,3999.5984,3991.9069,11629342000,210206681641.5,0.192677,0.0019267733924355,3988.50734,3962.035855,0.0176768868551595
2022-05-20,4020.8162,4077.6016,4020.8162,4077.5998,3999.5984,14706917300,265609089942.6,1.950231,0.0195023080317264,4006.30726,3959.17076,0.0182467413286055
2022-05-23,4080.9694,4080.9694,4029.0846,4053.9823,4077.5998,13047781000,225981540919.1,-0.579201,-0.005792010289975,4025.79616,3958.33043,0.0179543155540938
2022-05-24,4052.8675,4055.783,3959.1541,3959.1541,4053.9823,14555433600,247713039712.6,-2.339137,-0.0233913700116549,4016.4483,3956.496635,0.0182542282205468
2022-05-25,3959.7672,3983.6236,3946.8083,3983.1784,3959.1541,10773401500,188700537391.3,0.606804,0.0060680386247151,4014.7026,3954.993065,0.0182811645821093
2022-05-26,3987.6815,4015.7468,3938.2389,3993.0446,3983.1784,12626368900,216987025401.0,0.247697,0.0024769666354889,4013.39184,3963.89966,0.0141444959672433
2022-05-27,4022.7095,4051.1428,3983.3838,4001.2988,3993.0446,11276933700,206944426227.2,0.206714,0.002067144454134,3998.13164,3974.75861,0.0139302818179501
2022-05-30,4020.8584,4040.819,4003.3768,4029.0179,4001.2988,11115224100,211144721615.5,0.692753,0.006927525632427,3993.13876,3981.4327,0.012508353182961
2022-05-31,4031.7621,4096.1971,4020.3781,4091.5176,4029.0179,13541551300,267770088726.0,1.551239,0.0155123907491203,4019.61146,3989.953215,0.0128447302967905
2022-06-01,4086.6177,4094.9008,4058.8468,4083.1772,4091.5176,11485087900,225416237873.3,-0.203846,-0.0020384612301312,4039.61122,3993.300025,0.0117693147071191
2022-06-02,4063.9996,4091.152,4057.9135,4089.5682,4083.1772,11389363800,222657537906.0,0.15652,0.0015652027053834,4058.91594,3997.267925,0.0117564471743101
2022-06-06,4090.5286,4166.6151,4063.9057,4166.085,4089.5682,16787101100,324075626903.1,1.871024,0.0187102393841971,4091.87318,4010.131425,0.010632662118751
2022-06-07,4165.6899,4198.0863,4155.1683,4179.1285,4166.085,14299288100,285733722332.6,0.313088,0.003130877070439,4121.8953,4025.21603,0.0102974466517314
2022-06-08,4187.1483,4224.8096,4158.0329,4219.8122,4179.1285,15737405700,319480252836.5,0.973497,0.0097349722555792,4147.55422,4040.21322,0.010256818051292
2022-06-09,4211.7225,4227.4484,4160.8814,4175.6747,4219.8122,16844915400,285172804211.6,-1.045959,-0.0104595886992318,4166.05372,4050.1758,0.0104010303994056
2022-06-10,4145.6505,4241.3541,4140.2203,4238.9936,4175.6747,18479621400,324091440663.3,1.516375,0.0151637530576795,4195.9388,4064.18848,0.0106335239862201
2022-06-13,4194.4574,4218.2327,4156.7146,4189.3527,4238.9936,16847562200,336585670508.0,-1.171054,-0.0117105390298299,4200.59234,4074.226105,0.0111072773051292
2022-06-14,4143.2232,4224.0857,4102.929,4222.3114,4189.3527,17138590400,335418557931.6,0.786725,0.0078672535735651,4209.22892,4087.514785,0.0108788047264143
2022-06-15,4228.2926,4348.4226,4228.2926,4278.2178,4222.3114,25704659000,459766820664.8,1.324071,0.0132407098159554,4220.910040000001,4101.131005,0.0109140631059789
2022-06-16,4282.0827,4302.9212,4241.075,4250.0614,4278.2178,18407441600,337235911542.4,-0.658134,-0.0065813386125411,4235.78738,4114.03873,0.0110371865923346
2022-06-17,4219.2339,4318.7655,4218.6817,4309.0444,4250.0614,15864909800,346675726828.8,1.387815,0.0138781524426918,4249.79754,4129.51103,0.0112855868216778
2022-06-20,4322.8324,4368.3555,4297.8912,4330.4328,4309.0444,16566638200,359569296859.8,0.496361,0.0049636063160545,4278.013559999999,4142.15268,0.0106720539434003
2022-06-21,4327.9159,4357.3396,4287.1406,4325.5657,4330.4328,16466761500,317163317740.3,-0.112393,-0.0011239292294292,4298.66442,4155.73185,0.010518047823047
2022-06-22,4331.902,4333.1827,4269.2456,4270.6227,4325.5657,15856585400,298656263311.3,-1.270192,-0.0127019224329433,4297.145399999999,4171.30528,0.0092902739960184
2022-06-23,4277.9555,4343.8781,4260.9002,4343.8781,4270.6227,17088236000,327144780543.7,1.715333,0.017153329887934,4315.90874,4189.340265,0.0097498496894216
2022-06-24,4354.553,4400.6852,4346.1221,4394.7723,4343.8781,16897219900,356054750521.5,1.17163,0.0117163048382964,4333.05432,4209.426649999999,0.0098726108199916
2022-06-27,4414.3321,4472.6948,4414.3321,4444.2639,4394.7723,17738567600,381432966327.9,1.126147,0.0112614708161331,4355.820539999999,4231.574905,0.009949932333587
2022-06-28,4442.5811,4497.8949,4407.3519,4490.5166,4444.2639,17475648900,361685970663.6,1.040728,0.0104072802697428,4388.81072,4254.64984,0.0100099394676687
2022-06-29,4472.7346,4503.1307,4413.9961,4421.357,4490.5166,18727668800,395926107698.5,-1.540126,-0.015401256951149,4418.95758,4271.141809999999,0.0107401159331683
2022-06-30,4418.0656,4514.9968,4418.0656,4485.0108,4421.357,15666628900,354343886760.3,1.439689,0.0143968921758637,4447.18412,4291.23349,0.0108864704103384
2022-07-01,4489.5204,4500.9853,4449.2914,4466.7179,4485.0108,14477959900,318492130199.6,-0.407867,-0.0040786746823442,4461.57324,4310.090975,0.0110456439807232
2022-07-04,4447.2159,4496.0338,4427.8232,4496.0303,4466.7179,14634565100,356968521261.0,0.65624,0.0065624023402062,4471.926519999999,4326.588239999999,0.01054448618442
2022-07-05,4505.4572,4530.3245,4439.4511,4489.5383,4496.0303,15496241500,361891850839.3,-0.144394,-0.0014439404467536,4471.73086,4342.10873,0.0106107984699545
2022-07-06,4475.4815,4484.3615,4393.4165,4423.9698,4489.5383,14980023500,344672707728.0,-1.460473,-0.0146047311813779,4472.253419999999,4352.31661,0.0112516704892786
2022-07-07,4425.2814,4457.3431,4391.1938,4443.4736,4423.9698,13266090600,328133133656.5,0.440866,0.0044086648150265,4463.94598,4365.706555,0.0108391662059535
2022-07-08,4468.0627,4479.4937,4426.8856,4428.781,4443.4736,12319573900,304031107302.5,-0.330656,-0.0033065572843732,4456.3586,4375.195925,0.0105462691121204
2022-07-11,4406.1476,4406.1476,4330.5819,4354.6167,4428.781,13444857800,299195233430.3,-1.674598,-0.0167459849561313,4428.07588,4383.459125,0.0109493722620118
2022-07-12,4352.6456,4370.3411,4296.6215,4313.6184,4354.6167,13018783800,291072311850.2,-0.94149,-0.0094149044162714,4392.8919000000005,4388.024475,0.0111416701155723
2022-07-13,4313.3589,4341.4663,4284.9419,4321.4617,4313.6184,13111317900,286075545406.5,0.181826,0.0018182646847018,4372.39028,4390.18667,0.0107748825152937
2022-07-14,4308.8229,4352.0978,4292.7595,4322.0742,4321.4617,14525092600,301569861036.8,0.014173,0.0001417344506373,4348.1104,4393.78731,0.0106445063753438
2022-07-15,4299.4714,4344.8572,4248.5273,4248.5273,4322.0742,15021445300,316793192669.9,-1.701658,-0.0170165750509327,4312.059660000001,4390.761455,0.0108997832846772
2022-07-18,4262.1539,4300.7777,4217.5064,4292.5858,4248.5273,12260119200,281055128639.5,1.03703,0.0103702993740912,4299.653479999999,4388.869105,0.0111113447315037
2022-07-19,4288.4441,4288.4441,4238.8238,4269.3401,4292.5858,10380573000,231117731807.1,-0.541531,-0.0054153140049056,4290.79782,4386.057825,0.0111677567454072
2022-07-20,4291.2808,4303.3668,4269.9717,4283.8027,4269.3401,9449014400,212301881407.6,0.338755,0.0033875492842558,4283.26602,4386.716825,0.010823915247679
2022-07-21,4270.3624,4283.1471,4236.0499,4236.0578,4283.8027,11715634400,239228146811.6,-1.114545,-0.0111454479451167,4266.062739999999,4381.32581,0.0103308526490279
2022-07-22,4251.7867,4275.4696,4207.3135,4238.2341,4236.0578,10384062400,224295333457.3,0.051376,0.0005137559737735,4264.0041,4373.4989000000005,0.0098875789533199
2022-07-25,4233.9277,4234.8448,4201.919,4212.6441,4238.2341,8363666400,188136426672.8,-0.603789,-0.0060378920550894,4248.01576,4361.91791,0.0094343064478857
2022-07-26,4220.0911,4259.9854,4214.5343,4245.9758,4212.6441,8582327400,197601406373.7,0.79123,0.007912299071265,4243.342900000001,4349.69087,0.0092678665703246
2022-07-27,4236.154,4242.0951,4217.2809,4225.0357,4245.9758,7890494000,194245303807.0,-0.493175,-0.0049317520839379,4231.5895,4339.874805,0.008799829430515
2022-07-28,4242.2743,4267.9181,4223.029,4225.6733,4225.0357,10753193000,243871486472.0,0.015091,0.000150909967459,4229.5126,4326.90793,0.0079151026126786
2022-07-29,4226.4245,4243.5143,4160.8735,4170.1019,4225.6733,11417928600,253198574647.5,-1.31509,-0.0131508983432299,4215.88616,4312.07713,0.00823698299387
2022-08-01,4160.6478,4196.5743,4129.4528,4188.6784,4170.1019,10774902900,251125308597.5,0.445469,0.0044546873063222,4211.09302,4296.709535,0.008115434782371
2022-08-02,4144.3765,4144.3765,4071.431,4107.024,4188.6784,14222442500,281013555279.9,-1.949407,-0.0194940724024073,4183.302659999999,4277.58382,0.0088452698669477
2022-08-03,4114.8251,4150.9804,4058.1792,4066.9754,4107.024,11666612400,268695834765.4,-0.975125,-0.0097512456708314,4151.6906,4259.7341,0.0086142784983305
2022-08-04,4089.4419,4108.1591,4064.6594,4101.5367,4066.9754,8953264400,216898674902.2,0.849804,0.0084980351737558,4126.86328,4242.637255,0.0088730794448683
2022-08-05,4109.6287,4159.485,4097.8625,4156.9111,4101.5367,10257100400,247325902015.1,1.350089,0.0135008910197,4124.22512,4229.04376,0.0096958169094181
2022-08-08,4142.1111,4155.7301,4135.0809,4148.0746,4156.9111,9020813800,224080812054.7,-0.212574,-0.0021257370647161,4116.10436,4218.716654999999,0.0091500276972522
2022-08-09,4143.666,4161.8086,4131.4252,4156.2907,4148.0746,8413695900,214223692260.1,0.19807,0.0019807020828408,4125.9577,4210.850270000001,0.0090435329947181
2022-08-10,4149.2071,4160.7871,4092.5455,4109.7373,4156.2907,8556583900,217447368470.0,-1.120071,-0.0112007083623866,4134.51008,4200.26405,0.0092346278929751
2022-08-11,4130.741,4193.8115,4116.0558,4193.5428,4109.7373,12138505100,269630998406.8,2.039194,0.0203919360003863,4152.9113,4193.83748,0.0105519981869923
2022-08-12,4185.4203,4202.4663,4175.0501,4191.152,4193.5428,10680829500,219208055254.9,-0.057011,-0.0005701146057219,4159.75948,4190.968715,0.0098959291401569
2022-08-15,4180.0006,4219.9183,4174.3,4185.6794,4191.152,10589849500,245539800985.4,-0.130575,-0.0013057507816466,4167.28044,4185.6233950000005,0.009551026052286
2022-08-16,4190.5269,4208.8006,4170.5197,4177.837,4185.6794,9390613900,233818584731.5,-0.187363,-0.0018736265371875,4171.5897,4181.04824,0.0095017930877384
2022-08-17,4182.5668,4222.7866,4155.1734,4216.9586,4177.837,11286465900,252044325051.7,0.936408,0.0093640800251419,4193.03396,4177.706035,0.0097393693855258
2022-08-18,4205.7851,4211.9141,4173.541,4180.0996,4216.9586,10105265000,233115491389.8,-0.874066,-0.0087406596782809,4190.34532,4174.908125,0.0096182498131996
2022-08-19,4174.5458,4185.6579,4151.0738,4151.0738,4180.0996,11740297800,262494128152.3,-0.694381,-0.006943805836588,4182.32968,4170.55011,0.0097160120413703
2022-08-22,4135.1623,4183.6498,4134.2008,4181.3965,4151.0738,11244272000,259747163698.2,0.730478,0.0073047846077802,4181.4731,4168.98773,0.0098090581872161
2022-08-23,4175.5314,4187.3875,4147.4127,4161.0823,4181.3965,10315351200,239101330833.1,-0.485823,-0.0048582333677277,4178.12216,4164.743055,0.0096590269784458
2022-08-24,4168.5764,4174.1565,4079.0934,4082.4195,4161.0823,11906967900,262844309316.1,-1.890441,-0.0189044085958117,4151.21434,4157.612245,0.0104351731507053
2022-08-25,4093.2949,4119.6196,4058.7454,4116.2396,4082.4195,11132074500,242149581477.5,0.828433,0.0082843274680615,4138.44234,4152.14056,0.0106655523459088
2022-08-26,4127.8142,4139.7879,4102.6818,4107.5455,4116.2396,9900049300,225519196800.4,-0.211215,-0.0021121462414384,4129.73668,4149.01274,0.0102969072605931
2022-08-29,4063.8825,4092.9474,4059.5963,4089.5205,4107.5455,9435443200,203086114712.3,-0.438827,-0.0043882654495245,4111.36148,4144.054845,0.0102534536465331
2022-08-30,4088.5262,4093.1356,4048.5244,4075.7937,4089.5205,9330166200,192649001277.8,-0.335658,-0.0033565793349121,4094.30376,4142.49333,0.0093267742698038
2022-08-31,4057.1443,4112.8485,4046.6225,4078.8402,4075.7937,13244976500,292974665546.2,0.074746,0.0007474617765859,4093.5879,4143.08657,0.0090608829098559
2022-09-01,4066.1869,4090.8852,4041.1281,4043.7395,4078.8402,9738707100,210898503453.9,-0.860556,-0.0086055590017966,4079.08788,4140.19671,0.0090420646775135
2022-09-02,4054.8423,4056.1805,4004.911,4023.6131,4043.7395,8678927800,184468327005.7,-0.497718,-0.0049771752112123,4062.3014,4133.53181,0.0084419513567914
2022-09-05,4010.4052,4016.9986,3982.7395,4015.4264,4023.6131,9376710900,201118696559.4,-0.203466,-0.0020346638199384,4047.48258,4126.8994,0.0084416742645852
2022-09-06,4024.4726,4054.004,4009.5826,4052.2802,4015.4264,11350626500,235921838118.4,0.917805,0.0091780539172627,4042.779880000001,4121.698875,0.0087496924861787
2022-09-07,4032.7231,4067.5437,4028.374,4054.983,4052.2802,10767805900,215147152182.0,0.066698,0.0006669825053065,4038.00844,4118.961160000001,0.0084346650518605
2022-09-08,4059.1689,4067.758,4036.0226,4037.6839,4054.983,10088604900,186889047980.8,-0.426613,-0.0042661337914363,4036.79732,4111.168215,0.0068529583558314
2022-09-09,4050.5853,4099.0081,4042.2498,4093.7874,4037.6839,11842711400,221442547204.1,1.389497,0.0138949708272111,4050.83218,4106.299985,0.0077073717305708
2022-09-13,4112.0123,4128.1113,4097.1408,4111.1145,4093.7874,11178973700,218521062135.8,0.423254,0.0042325353778751,4069.9698,4102.571739999999,0.0078002733001205
2022-09-14,4058.0441,4089.0583,4047.9187,4065.359,4111.1145,9079368100,185484965110.5,-1.112971,-0.0111297070417278,4072.58556,4096.94784,0.0081305875687263
2022-09-15,4078.6495,4088.8078,3998.8564,4027.1186,4065.359,12395119600,254367492776.0,-0.94064,-0.0094064017470536,4067.01268,4087.45584,0.0079113115015246
2022-09-16,4013.5829,4019.4104,3932.6826,3932.6826,4027.1186,13719365500,241251840050.3,-2.345002,-0.0234500170916246,4046.01242,4075.08499,0.0091337202381952
2022-09-19,3928.4239,3953.6494,3910.3106,3928.0001,3932.6826,9771957500,183574440581.8,-0.119066,-0.001190663085803,4012.85496,4063.931305,0.0090936894050433
2022-09-20,3945.6467,3957.5538,3921.6884,3932.8361,3928.0001,8482413400,179248153537.9,0.123116,0.001231160864787,3977.19928,4051.503285,0.0088391985398706
2022-09-21,3921.3177,3924.3914,3884.2268,3903.7348,3932.8361,8645839100,168939074342.6,-0.739957,-0.007399571011871,3944.87444,4038.63591,0.0088851280450101
2022-09-22,3875.1771,3900.2736,3860.2308,3869.344,3903.7348,8094691900,161134102784.4,-0.880972,-0.0088097172994436,3913.31952,4027.982135,0.0082036129442705
2022-09-23,3865.1049,3888.3958,3829.6913,3856.0212,3869.344,9434246200,172904807364.4,-0.344317,-0.0034431676273807,3897.98724,4014.971215,0.0077900295109517
2022-09-26,3829.5958,3893.3186,3827.9498,3836.6773,3856.0212,10452603100,192906200253.8,-0.501654,-0.0050165439961793,3879.72268,4001.427805,0.0077951455847295
2022-09-27,3844.0692,3893.0283,3827.9265,3892.295,3836.6773,8886016000,185955247353.4,1.449632,0.0144963195106349,3871.61446,3991.56653,0.0087512134821101
2022-09-28,3879.4398,3879.4398,3828.0545,3828.7098,3892.295,8659221300,172438042788.2,-1.633617,-0.0163361718472007,3856.60946,3979.2123349999993,0.0092881948968671
2022-09-29,3864.316,3873.1823,3808.6496,3827.1434,3828.7098,8565414200,171635940007.5,-0.040912,-0.0004091195420452,3848.16934,3966.627495,0.009266680256097
2022-09-30,3833.3504,3848.6018,3801.2798,3804.8853,3827.1434,7855996600,158692748773.3,-0.581585,-0.0058158521052542,3837.94216,3954.684785,0.0092008224276895
2022-10-10,3806.5596,3807.4574,3715.7142,3720.9365,3804.8853,10264759500,194635904094.3,-2.206342,-0.0220634246188708,3814.794,3939.550955,0.0101395040484923
2022-10-11,3732.0191,3739.8084,3706.0629,3727.6867,3720.9365,8394462500,166800394853.2,0.181411,0.0018141131943532,3781.87234,3925.16397,0.0102121052013373
2022-10-12,3722.8659,3784.3064,3661.5255,3784.3064,3727.6867,10808931900,210931362291.5,1.518896,0.0151889642442322,3772.99166,3911.765280000001,0.0106872513080945
2022-10-13,3756.4176,3783.596,3749.6393,3752.6729,3784.3064,9901891500,198368891548.5,-0.835913,-0.0083591275801557,3758.09756,3896.649775,0.0106987955433542
2022-10-14,3783.316,3863.2265,3780.8415,3842.4698,3752.6729,11624229300,256551271975.0,2.392878,0.0239287842007225,3765.61446,3886.88907,0.0123638066880935
2022-10-17,3822.2428,3849.6207,3809.1196,3846.4119,3842.4698,10419201900,220488874406.8,0.102593,0.0010259286878455,3790.7095400000007,3874.520295,0.0117926962956232
2022-10-18,3865.8258,3870.2155,3831.1723,3838.2667,3846.4119,8834690700,186556295765.5,-0.211761,-0.0021176099210798,3812.82554,3860.877905,0.0116712871485753
2022-10-19,3827.4658,3840.487,3776.5335,3776.5335,3838.2667,8157484400,186736408229.7,-1.608361,-0.0160836139917009,3811.27096,3846.43663,0.0118952096710262
2022-10-20,3746.5793,3804.2468,3726.7925,3754.9269,3776.5335,9029089500,203781618922.2,-0.572128,-0.0057212785216919,3811.72176,3832.827045,0.0118290682627684
2022-10-21,3753.8903,3768.6895,3724.69,3742.8929,3754.9269,9875003800,180686357677.0,-0.320486,-0.0032048559986613,3791.80638,3823.33756,0.010851209137744
2022-10-24,3727.915,3762.158,3619.9876,3633.3733,3742.8929,13005686400,259450743134.0,-2.926068,-0.0292606822920312,3749.198660000001,3808.60622,0.0123907059079757
2022-10-25,3621.9356,3670.7327,3594.7011,3627.4542,3633.3733,11095388200,219302759596.7,-0.162909,-0.0016290921717292,3707.036160000001,3793.337125000001,0.0123457893987128
2022-10-26,3633.3107,3700.8797,3633.3107,3656.9027,3627.4542,12130154800,242453810571.9,0.811823,0.0081182279296592,3683.11,3780.99552,0.0126032348199075
2022-10-27,3667.6645,3685.0837,3631.0639,3631.1448,3656.9027,11799867500,257473315676.0,-0.704364,-0.0070436383226712,3658.35358,3769.08556,0.0125678879782825
2022-10-28,3605.1598,3618.864,3533.4993,3541.3295,3631.1448,11877216200,245816451977.6,-2.473471,-0.0247347062557241,3618.0409,3753.350975,0.013468297567252
2022-10-31,3504.507,3553.3871,3495.9509,3508.7034,3541.3295,13846565500,256574822102.2,-0.921295,-0.009212952367183,3593.10692,3736.95228,0.0135149315179015
2022-11-01,3519.8174,3634.1732,3517.6209,3634.1732,3508.7034,14928669800,295089928407.3,3.575959,0.0357595914205801,3594.45072,3724.04619,0.0157317913777327
2022-11-02,3620.3693,3703.465,3610.8029,3677.8051,3634.1732,14159291900,291648245712.0,1.2006,0.0120060045569649,3598.6312,3716.500955,0.0157729074681989
2022-11-03,3645.0604,3670.1574,3628.4987,3647.8966,3677.8051,11056603500,215379297964.4,-0.813216,-0.0081321601299644,3601.98156,3707.538615,0.0158291632986135
2022-11-04,3646.7709,3782.8823,3646.7709,3767.1746,3647.8966,14973494900,311145477555.0,3.269775,0.0326977469701306,3647.15058,3705.65308,0.0176176052785488
2022-11-07,3754.5227,3792.7942,3746.3715,3775.2971,3767.1746,12982637100,251195699936.5,0.215613,0.0021561251766775,3700.46932,3708.37111,0.0168628467672238
2022-11-08,3773.6612,3779.1156,3723.3415,3749.3251,3775.2971,9901645100,193351324896.7,-0.687946,-0.0068794585729424,3723.4997,3709.45303,0.0169487815427824
2022-11-09,3750.7821,3760.4068,3711.268,3714.2704,3749.3251,8943452500,172029529943.6,-0.93496,-0.0093496026791595,3730.79276,3705.95123,0.0167102698727547
2022-11-10,3685.8274,3701.5306,3665.0585,3685.6885,3714.2704,10350930200,183155308702.9,-0.769516,-0.0076951586508079,3738.35114,3702.60201,0.0166951181650287
2022-11-11,3787.7568,3828.9004,3747.0902,3788.4387,3685.6885,18968558600,344471326267.1,2.787816,0.027878156279349,3742.60396,3699.900455,0.0170227534736429
2022-11-14,3818.1447,3848.4116,3781.7778,3794.0171,3788.4387,16966504800,315536856084.6,0.147248,0.0014724799427268,3746.34796,3697.280715,0.0170252511760727
2022-11-15,3788.926,3871.6424,3775.4988,3865.9726,3794.0171,15151565000,296268142768.9,1.896552,0.0189655181048076,3769.67746,3698.66601,0.0175670863199021
2022-11-16,3860.811,3877.6781,3829.3126,3834.3899,3865.9726,12061096400,235844588244.6,-0.816941,-0.0081694060635607,3793.701360000001,3701.55883,0.0172601977825992
2022-11-17,3821.2709,3821.7419,3776.5739,3818.664,3834.3899,10594063200,219540811334.9,-0.410128,-0.0041012782763693,3820.29646,3704.745685,0.0172312613376425
2022-11-18,3823.8207,3840.3018,3801.5686,3801.5686,3818.664,11507877700,224276131007.5,-0.44768,-0.0044768013106154,3822.92244,3707.67947,0.0172498649025941
2022-11-21,3769.627,3769.8731,3733.9954,3769.1269,3801.5686,9586696600,188230373665.4,-0.853377,-0.008533766824568,3817.9444,3714.46715,0.0159120663408607
2022-11-22,3766.0817,3809.8582,3751.0448,3769.5727,3769.1269,14448633400,203490828432.2,0.011828,0.0001182767287564,3798.66442,3721.5730749999993,0.0158961417846717
2022-11-23,3760.2157,3791.1782,3753.2136,3773.5287,3769.5727,14452791100,201070601177.9,0.104946,0.0010494558176314,3786.49218,3727.404375000001,0.0158323912324698
2022-11-24,3791.5399,3804.8987,3751.3818,3756.8082,3773.5287,10107344700,160698921546.2,-0.4431,-0.004430998497507,3774.12102,3733.687545,0.0157671931257319
2022-11-25,3751.2822,3790.566,3743.4138,3775.7764,3756.8082,14292971100,191711040706.5,0.504902,0.0050490200697497,3768.96258,3745.40989,0.0144812807571129
2022-11-28,3701.902,3736.0813,3672.1306,3733.2424,3775.7764,12782574800,196305561705.9,-1.126497,-0.0112649679149432,3761.78568,3756.63684,0.0145815874825449
2022-11-29,3766.5702,3854.7742,3766.5702,3848.4224,3733.2424,17870139200,289062336430.7,3.085254,0.0308525371939416,3777.55562,3767.3493,0.0140360838021874
2022-11-30,3836.5598,3867.6591,3833.8272,3853.0365,3848.4224,15751140000,250051468093.3,0.119896,0.0011989588253098,3793.45718,3776.11087,0.013876647261484
2022-12-01,3921.2954,3944.5645,3893.8718,3894.7687,3853.0365,16996458500,306678195716.4,1.083099,0.0108309900516125,3821.04928,3788.454475,0.0137650839648845
2022-12-02,3886.4034,3898.1146,3865.8844,3870.9478,3894.7687,11678635000,201253166362.9,-0.611613,-0.0061161269987611,3840.08356,3793.643135,0.01204048508114
2022-12-05,3907.6375,3947.476,3900.6742,3946.8759,3870.9478,20174722100,296615512326.6,1.961486,0.0196148602158883,3882.81026,3802.222075,0.0127103237026921
2022-12-06,3929.0063,3988.9007,3922.9969,3968.1979,3946.8759,15510832300,275583430840.8,0.540225,0.0054022473825436,3906.76536,3813.165715,0.0125389878833706
2022-12-07,3956.6722,3999.5864,3944.1831,3958.4409,3968.1979,14300135600,255490829027.1,-0.24588,-0.0024587987408591,3927.84624,3825.37424,0.0122761751803875
2022-12-08,3953.199,3971.4927,3941.2966,3959.1798,3958.4409,11519998600,198037690481.4,0.018666,0.0001866644011281,3940.72846,3839.048805,0.0120300511116704
2022-12-09,3961.9919,4003.3178,3944.4396,3998.2442,3959.1798,15377495400,268166789656.9,0.986679,0.0098667910964791,3966.18774,3849.53908,0.0107244571673618
2022-12-12,3976.1722,3983.4332,3950.3203,3953.4433,3998.2442,12593536800,227606300936.9,-1.120514,-0.0112051434977383,3967.50122,3857.51039,0.0111695405184412
2022-12-13,3953.5482,3964.3957,3939.9795,3945.6813,3953.4433,10099410000,184020700110.0,-0.196335,-0.0019633517951299,3962.9979,3861.495825,0.0104664111813641
2022-12-14,3952.7885,3972.7381,3935.7668,3954.8857,3945.6813,9852800600,196175108617.2,0.233278,0.0023327783721405,3962.28686,3867.520615,0.0102393232135229
2022-12-15,3954.672,3963.5002,3926.4997,3951.9885,3954.8857,8886472500,181994889123.4,-0.073256,-0.0007325622583731,3960.8486,3874.18684,0.0101681036578094
2022-12-16,3931.2318,3960.4705,3929.4873,3954.227,3951.9885,9317856700,167488442588.9,0.056642,0.0005664237130245,3952.04516,3881.81976,0.0100671717285441
2022-12-19,3952.7707,3966.5679,3878.4367,3893.2207,3954.227,10691907500,180801387702.4,-1.542812,-0.0154281228669977,3940.00064,3888.02445,0.0105537822223668
2022-12-20,3881.2257,3881.2729,3811.4759,3829.0173,3893.2207,8309682200,164046440873.7,-1.649108,-0.0164910763985201,3916.66784,3890.99668,0.0113090598879827
2022-12-21,3839.0009,3853.7272,3821.4037,3830.5384,3829.0173,6483921500,123450040359.8,0.039726,0.0003972559747902,3891.79838,3893.847165,0.0113093734840607
2022-12-22,3859.2041,3882.1263,3821.3418,3836.028,3830.5384,8370517300,163970306950.9,0.143311,0.0014331144676684,3868.60628,3897.808155,0.0112421507870306
2022-12-23,3811.6164,3848.3436,3805.9487,3828.2188,3836.028,6527814800,130559415565.7,-0.203575,-0.0020357515638571,3843.40464,3900.430275,0.0112228907545921
2022-12-26,3830.5682,3856.8066,3827.5186,3843.4887,3828.2188,7300571200,148692832422.1,0.398877,0.0039887741003725,3833.45824,3905.94259,0.0108764082930668
2022-12-27,3860.9054,3891.8497,3856.58,3887.854,3843.4887,7751535000,152032206630.9,1.154298,0.0115429765670964,3845.22558,3907.91417,0.0087921621577232
2022-12-28,3874.9132,3884.7205,3854.9406,3871.2644,3887.854,8442465600,160671122030.7,-0.426703,-0.0042670326612058,3853.37078,3908.825565,0.0088555401222343
2022-12-29,3854.2363,3868.2933,3838.4803,3856.7007,3871.2644,7939481500,149011372437.3,-0.3762,-0.0037620008594608,3857.50532,3906.922165,0.0085352541343204
2022-12-30,3873.9358,3887.5527,3868.7569,3871.6338,3856.7007,7877327200,148295049381.5,0.387199,0.0038719883033704,3866.18832,3906.956465,0.0084786887457664
2023-01-03,3864.8356,3893.9904,3831.245,3887.8992,3871.6338,11505187500,207540165953.2,0.420117,0.0042011721253181,3875.07042,3904.00763,0.0072119372553357
2023-01-04,3886.2504,3905.9032,3873.6549,3892.9477,3887.8992,11066074300,198997711686.0,0.129852,0.0012985161755223,3876.08916,3900.245120000001,0.0070856272204694
2023-01-05,3913.4928,3974.875,3912.26,3968.5782,3892.9477,11650239500,256312608292.0,1.942757,0.0194275664170879,3895.55192,3900.751985,0.0084048368923353
2023-01-06,3969.5493,4000.4143,3966.4696,3980.8888,3968.5782,11095303800,235744305582.2,0.310202,0.0031020177452973,3920.38954,3901.837435,0.0084305388635801
2023-01-09,3998.5278,4023.0898,3990.7073,4013.1196,3980.8888,11705442500,233212426458.1,0.809638,0.008096382898211,3948.6867,3902.581205,0.0083336182041845
2023-01-10,4014.7125,4030.4574,4002.2297,4017.4737,4013.1196,10175114100,214871166239.5,0.108497,0.0010849664186434,3974.6016,3905.782725,0.0078881277362192
2023-01-11,4019.8844,4043.3991,4008.0153,4010.0309,4017.4737,9999788900,203000262960.6,-0.185261,-0.0018526070251561,3998.01824,3909.000205,0.0078860999242919
2023-01-12,4021.7547,4030.2876,4003.5079,4017.8692,4010.0309,9055262700,183686268106.8,0.195467,0.0019546732171065,4007.87644,3912.14938,0.0078827822888174
2023-01-13,4032.2906,4074.3772,4027.8864,4074.3772,4017.8692,9587189600,212173997498.4,1.406417,0.0140641711283184,4026.57412,3918.268815,0.0084063955905695
2023-01-16,4077.8793,4177.1035,4076.6394,4137.9643,4074.3772,15139545500,319007749371.3,1.560658,0.0156065815408548,4051.54306,3927.45568,0.0089669014366194
2023-01-17,4138.8433,4148.5838,4118.157,4137.2422,4137.9643,9547904000,204381576523.4,-0.017451,-0.0001745060971164,4075.49676,3939.656755,0.0079721489962224
2023-01-18,4140.1019,4151.4577,4125.7687,4130.3143,4137.2422,8420064500,172126171819.2,-0.167452,-0.0016745212547623,4099.55344,3954.721605,0.0066345075377443
2023-01-19,4125.5772,4156.0077,4105.9797,4156.0077,4130.3143,9460839800,192699589774.1,0.622069,0.0062206888226399,4127.181140000001,3970.99507,0.0066043274668778
2023-01-20,4166.8444,4189.831,4161.6698,4181.5267,4156.0077,12355380900,222342455100.7,0.614027,0.0061402677381949,4148.61104,3988.270005,0.0065879010826596
2023-01-30,4267.6248,4268.1522,4197.8596,4201.345,4181.5267,16460706400,330193322092.2,0.473949,0.004739489048342,4161.28718,4006.926315,0.0064146186123407
2023-01-31,4200.5813,4212.7347,4153.0484,4156.8578,4201.345,12455083500,249365321627.1,-1.05888,-0.0105887995391953,4165.210300000001,4022.5947700000006,0.007268701516041
2023-02-01,4170.1322,4195.9332,4137.7659,4195.9332,4156.8578,14100895400,265553944709.3,0.940023,0.0094002253336644,4178.3340800000005,4037.99873,0.0071659845673358
2023-02-02,4207.4123,4207.4123,4170.5565,4181.1493,4195.9332,13382373600,262497434837.0,-0.352339,-0.0035233878365843,4183.3624,4053.492975,0.0071234844253284
2023-02-03,4162.0258,4162.0258,4103.1654,4141.6319,4181.1493,11704122100,226914770043.9,-0.945132,-0.0094513247828772,4175.38344,4067.739535,0.007545862961144
2023-02-06,4103.8307,4105.9445,4065.2224,4086.8779,4141.6319,11019271700,226345113968.7,-1.322039,-0.0132203926669582,4152.490019999999,4078.50174,0.0084292991450456
2023-02-07,4098.3117,4107.3438,4077.9623,4094.2335,4086.8779,9136007200,183537351577.1,0.179981,0.0017998090914337,4139.965160000001,4088.818455,0.0084245302703158
2023-02-08,4099.8573,4111.4745,4072.6474,4076.1411,4094.2335,8478609900,170591751817.3,-0.4419,-0.0044189956435068,4116.00674,4097.978125,0.008567615343793
2023-02-09,4067.5631,4130.8565,4064.7489,4130.8565,4076.1411,10228996100,211722604859.2,1.342333,0.0134233331618476,4105.94818,4106.09204,0.0080252521916389
2023-02-10,4124.0986,4125.2893,4092.3472,4106.3097,4130.8565,9671673300,195348320573.4,-0.59423,-0.0059423027645719,4098.88374,4112.363085,0.0082146307745621
2023-02-13,4098.8795,4146.45,4092.2729,4143.574,4106.3097,12889257700,251990181553.9,0.907489,0.0090748878488147,4110.22296,4118.885805,0.0082582559826434
2023-02-14,4151.247,4152.0487,4125.2583,4145.2902,4143.574,10249989000,204915435749.9,0.041418,0.0004141835043856,4120.434299999999,4125.276629999999,0.0082619606195196
2023-02-15,4146.8547,4153.7159,4115.9671,4123.6893,4145.2902,12166450800,219855528966.4,-0.521095,-0.0052109500077944,4129.943939999999,4130.95955,0.0083692470576653
2023-02-16,4125.4087,4167.9003,4068.8591,4093.4876,4123.6893,15931058500,281315625588.6,-0.732395,-0.0073239513946892,4122.47016,4134.74047,0.0085929105086112
2023-02-17,4086.2237,4104.6398,4032.9285,4034.507,4093.4876,11614258900,225737746955.0,-1.44084,-0.0144083983544984,4108.10962,4132.74696,0.0086672342205286
2023-02-20,4039.9623,4134.8623,4035.4762,4133.4896,4034.507,16179448100,280122962150.4,2.4534,0.0245340013042485,4106.09274,4132.523225,0.009705682008525
2023-02-21,4130.0632,4151.7994,4116.2716,4144.3536,4133.4896,14577617300,249674201048.2,0.262829,0.0026282877305414,4105.90542,4132.878795,0.0097233931072271
2023-02-22,4118.9669,4134.8759,4101.8596,4106.9506,4144.3536,10429029500,191586158991.2,-0.902505,-0.0090250503721497,4102.55768,4131.71061,0.00993189748046
2023-02-23,4106.2136,4132.3896,4088.2073,4103.6463,4106.9506,10356490600,197193582430.1,-0.080456,-0.0008045628793293,4104.58942,4129.09254,0.0098150340550911
2023-02-24,4100.9897,4102.6094,4048.2374,4061.0457,4103.6463,10098942500,191210465053.2,-1.038116,-0.0103811578497884,4109.89716,4123.06849,0.0099136945568575
2023-02-27,4040.4571,4067.0296,4034.5237,4043.8444,4061.0457,9378763000,187959491145.3,-0.423568,-0.004235682449966,4091.968120000001,4115.19346,0.0098231994358414
2023-02-28,4058.1298,4074.2639,4026.4476,4069.4587,4043.8444,11032359100,198799712379.1,0.633415,0.0063341457945316,4076.98914,4110.823504999999,0.0097606740503134
2023-03-01,4068.7331,4135.4812,4061.2167,4126.9415,4069.4587,15601579400,255374791015.7,1.412542,0.0141254167292568,4080.98732,4107.37392,0.0100781184170991
2023-03-02,4119.9919,4137.2525,4113.8264,4117.7377,4126.9415,14821763700,235953764969.5,-0.223017,-0.0022301745735916,4083.8056,4104.20334,0.0100637330076333
2023-03-03,4126.0183,4135.2116,4100.3827,4130.5513,4117.7377,16033174100,226914545628.4,0.311181,0.0031118057859782,4097.70672,4103.64931,0.0098802005510667
2023-03-06,4131.1525,4132.8367,4088.4484,4109.0102,4130.5513,16297180700,283079861971.5,-0.521507,-0.0052150665699274,4110.739879999999,4104.755925,0.0094739762784109
2023-03-07,4103.6419,4124.9609,4046.5679,4048.8519,4109.0102,19591206800,272491994009.2,-1.464058,-0.0146405818121355,4106.61852,4102.486845,0.0100347707471605
2023-03-08,4030.7387,4037.287,4011.5231,4034.1077,4048.8519,11793649300,191659655190.9,-0.364158,-0.0036415755291024,4088.0517600000007,4100.385174999999,0.0100203252390609
2023-03-09,4035.8433,4043.8493,4000.8901,4019.8505,4034.1077,11653962900,201737990686.8,-0.353416,-0.0035341644448412,4068.47432,4094.834875,0.0094859877007455
2023-03-10,3991.7959,4004.3612,3966.428,3967.1352,4019.8505,12385540900,218286956131.0,-1.311375,-0.0131137463942999,4035.7911,4087.87615,0.0098002992901348
2023-03-13,3962.6426,4008.686,3962.6426,4008.686,3967.1352,14356137000,242865516757.6,1.047375,0.0104737544614057,4015.72626,4081.13175,0.009885693235315
2023-03-14,3999.8803,4001.9415,3946.9405,3984.6956,4008.686,15054417400,267224848810.5,-0.59846,-0.005984604431477,4002.895,4073.1020200000007,0.0099203153570797
2023-03-15,4011.8444,4018.7495,3986.902,3986.902,3984.6956,14202600700,232101093978.6,0.055372,0.0005537185826691,3993.45386,4066.262655,0.0099036140288345
2023-03-16,3958.1962,3981.321,3936.4758,3939.1505,3986.902,15251564400,246264286428.0,-1.197709,-0.0119770939942842,3977.31386,4058.5458,0.0100969664465716
2023-03-17,3971.1585,4004.2153,3945.2501,3958.8194,3939.1505,17743381800,305541015556.1,0.499318,0.0049931831749001,3975.6507,4054.76142,0.0097553124484806
2023-03-20,3962.6625,3979.5485,3935.0161,3939.077,3958.8194,20526497000,319760032638.0,-0.498694,-0.0049869413088153,3961.7289,4045.04079,0.0077266136648563
2023-03-21,3948.1573,3982.7047,3948.1573,3982.3782,3939.077,14509067900,251631985016.9,1.099273,0.0109927274841288,3961.2654200000006,4036.94202,0.0082222982154132
2023-03-22,3993.7849,4016.4495,3986.7093,3999.4427,3982.3782,14922897000,265180992104.1,0.4285,0.0042850023636629,3963.77356,4031.566625,0.0081587076968138
2023-03-23,3985.9928,4039.0895,3983.9986,4039.0895,3999.4427,15888742100,296479529467.0,0.991308,0.0099130811400298,3983.76136,4028.338785,0.0085357968228573
2023-03-24,4035.1564,4037.8417,4017.0028,4027.0457,4039.0895,15944233000,295785588943.1,-0.298181,-0.0029818106283606,3997.40662,4026.638785,0.0082523931340552
2023-03-27,4023.3028,4023.3028,3987.0297,4012.4771,4027.0457,16848227900,315474696948.0,-0.361769,-0.0036176892653589,4012.08664,4025.07042,0.0082383726898718
2023-03-28,4015.6973,4023.7834,3994.5999,3999.5147,4012.4771,13189511700,248736920971.8,-0.323052,-0.0032305231100259,4015.51394,4021.57322,0.0081060597173833
2023-03-29,4013.5926,4017.7572,3992.6662,4006.144,3999.5147,13374351000,263866922733.1,0.165753,0.0016575260993538,4016.8542,4015.533345,0.0073379887375467
2023-03-30,4009.5573,4040.5023,3983.8958,4038.5257,4006.144,14990103700,280004715991.0,0.808301,0.008083009497412,4016.74144,4011.572745,0.0076371860394937
2023-03-31,4045.4538,4063.5675,4039.9587,4050.9257,4038.5257,13884254600,279863685781.0,0.307043,0.003070427408695,4021.517440000001,4007.591465,0.0076360352949034
2023-04-03,4059.6227,4094.9376,4059.0607,4090.5676,4050.9257,18212431300,382895558426.0,0.978589,0.0097858867172013,4037.13554,4006.669335,0.0079257765608895
2023-04-04,4089.2932,4103.1583,4080.0682,4103.1052,4090.5676,19714663100,394443175146.2,0.3065,0.0030650025194547,4057.85364,4009.382,0.0071811884277842
2023-04-06,4084.132,4098.8332,4078.4048,4096.64,4103.1052,15070337400,328981851588.3,-0.157568,-0.0015756846790083,4075.95284,4012.508615,0.0071302771577687
2023-04-07,4096.9009,4131.3126,4092.1848,4123.2799,4096.64,12867673800,286567771883.1,0.650287,0.006502865763162,4092.90368,4017.680085,0.0071627920481064
2023-04-10,4132.0096,4132.2952,4099.0519,4104.8118,4123.2799,15245300200,340822557207.6,-0.447898,-0.0044789828602225,4103.6809,4024.563915,0.0064758586920207
2023-04-11,4108.5062,4116.1247,4083.4946,4100.1479,4104.8118,15390133300,324192951998.7,-0.11362,-0.001136203126292,4105.596960000001,4029.13701,0.0061633643731289
2023-04-12,4102.3968,4108.2451,4090.2784,4097.2876,4100.1479,16596527800,325425226403.2,-0.069761,-0.0006976089813736,4104.43344,4034.76661,0.0059511303091591
2023-04-13,4081.3871,4088.8809,4059.5744,4068.9786,4097.2876,15644429500,300291020752.9,-0.690921,-0.0069092050067462,4098.90116,4038.87044,0.0062349149560365
2023-04-14,4078.9703,4098.2151,4075.2049,4091.9988,4068.9786,15069568200,306201501438.7,0.565749,0.0056574885893967,4092.64494,4046.512855,0.0055012560687713
2023-04-17,4090.0719,4149.3836,4089.509,4149.3836,4091.9988,18877309500,341831272792.7,1.402366,0.0140236600264889,4101.5593,4056.041065,0.0061043419968992
2023-04-18,4139.3088,4169.6678,4138.4618,4162.032,4149.3836,17018413000,331545662315.6,0.304826,0.0030482599873389,4113.93612,4067.188815,0.0058538622465259
2023-04-19,4159.3938,4159.3938,4118.6261,4124.5589,4162.032,16255459200,312219504522.6,-0.900356,-0.0090035588385674,4119.39038,4074.29785,0.0060793510152303
2023-04-20,4122.9461,4125.8231,4094.0022,4113.0192,4124.5589,16270667700,332172409512.0,-0.27978,-0.0027978022086192,4128.1985,4079.976675,0.0061313950753522
2023-04-21,4114.2642,4114.2642,4031.9123,4032.5672,4113.0192,18080243500,347852011602.5,-1.956033,-0.0195603268761789,4116.31218,4079.65056,0.0073942697362605
2023-04-24,4031.303,4033.6367,3967.907,3982.6429,4032.5672,17009921700,328375614674.3,-1.238028,-0.0123802772586157,4082.96404,4077.43042,0.0078732170929347
2023-04-25,3985.1055,3991.6868,3925.436,3962.6658,3982.6429,17255540900,331110619767.7,-0.501604,-0.0050160409812287,4043.0908,4074.939855000001,0.0079082609348744
2023-04-26,3950.2553,3975.6562,3934.6625,3959.2323,3962.6658,16270200600,322062811333.5,-0.086646,-0.0008664621679678,4010.02548,4072.925735,0.0078844204442727
2023-04-27,3948.0313,3999.1302,3942.8152,3988.4185,3959.2323,15382819500,304804002557.4,0.737168,0.0073716816262587,3985.105340000001,4072.03946,0.0080672300408789
2023-04-28,3993.2561,4030.4469,3993.2561,4029.0858,3988.4185,17950848800,328936294025.2,1.019635,0.0101963472489157,3984.40906,4071.567464999999,0.0081941473166873
2023-05-04,4013.4713,4035.7832,4001.1259,4030.2471,4029.0858,22758284600,345492506049.3,0.028823,0.0002882291561028,3993.9299,4070.533535,0.0081613090826265
2023-05-05,4031.0946,4047.6015,3998.392,4016.8774,4030.2471,20662692400,307694489937.0,-0.331734,-0.0033173400211615,4004.77222,4066.849025,0.0078348578961286
2023-05-08,4028.1056,4070.7724,4018.9608,4062.6624,4016.8774,25558308500,359539954170.1,1.139816,0.0113981571854795,4025.45824,4064.826885,0.0082654044098684
2023-05-09,4065.439,4092.8501,4026.3886,4027.8754,4062.6624,27930604800,396422120420.6,-0.856261,-0.0085626115524637,4033.34962,4061.388655,0.0084602821343391
2023-05-10,4017.9358,4019.0587,3984.6287,3996.8695,4027.8754,20755270900,309484851741.1,-0.769783,-0.0076978299775608,4026.90636,4055.068135,0.0084098184798876
2023-05-11,4005.7823,4018.0579,3988.4816,3990.6637,3996.8695,14480461900,241052071431.6,-0.155267,-0.0015526651545665,4018.98968,4049.36073,0.0083810721618193
2023-05-12,3987.769,3999.3831,3937.5274,3937.7622,3990.6637,14442172800,228992923388.1,-1.325632,-0.0132563162363192,4003.16664,4041.241445,0.0087909993925132
2023-05-15,3938.83,3998.8872,3923.0317,3998.8872,3937.7622,17625736200,279531163508.4,1.552278,0.0155227758547735,3990.4116,4036.321425000001,0.0096244065743112
2023-05-16,4002.5237,4005.015,3966.9921,3978.2054,3998.8872,13683327100,234840652671.0,-0.517189,-0.0051718888194696,3980.4776,4031.782765,0.009577613609867
2023-05-17,3971.7017,3982.6044,3945.7137,3960.165,3978.2054,11844818500,205195685976.4,-0.453481,-0.0045348085847954,3973.1367,4025.191075,0.0094705993214326
2023-05-18,3965.5162,3982.7178,3939.5526,3956.0701,3960.165,13653394700,229134184412.9,-0.103402,-0.0010340225722917,3966.21798,4015.5254,0.0087335867006702
2023-05-19,3946.2215,3967.2816,3928.316,3944.5403,3956.0701,12021247900,207094944781.3,-0.291446,-0.0029144579617028,3967.5736,4004.650815,0.0086410243179359
2023-05-22,3941.0015,3985.4031,3935.8015,3969.3277,3944.5403,10911660500,202185550245.9,0.628398,0.0062839768679761,3961.6617,3996.889255000001,0.0087246540006781
2023-05-23,3968.2346,3971.939,3913.1882,3913.1882,3969.3277,11868507700,189955815340.0,-1.414333,-0.0141433270928977,3948.65826,3986.897705,0.0091461266928127
2023-05-24,3903.7818,3903.7818,3859.0935,3859.0935,3913.1882,13725826500,211768410520.2,-1.382369,-0.0138236898496219,3928.44396,3978.22402,0.008658135315413
2023-05-25,3851.4053,3861.3815,3817.8365,3850.4996,3859.0935,12415077000,213313620055.3,-0.222692,-0.0022269219442337,3907.32986,3971.616855,0.0083183672744775
2023-05-26,3848.4174,3859.6291,3815.5701,3850.9511,3850.4996,10032643900,191537814872.5,0.011726,0.0001172575112071,3888.61202,3966.03112,0.008288274050086
2023-05-29,3862.0838,3866.7238,3819.1822,3833.9416,3850.9511,13185996700,230095604813.4,-0.441696,-0.0044169607866483,3861.5348,3959.766585,0.0083143134319421
2023-05-30,3827.7924,3844.0052,3789.2736,3837.7531,3833.9416,13761962900,244566265534.9,0.099415,0.0009941465983727,3846.44778,3952.233315,0.0080719410708533
2023-05-31,3827.1634,3827.1634,3781.4034,3798.5434,3837.7531,12638736800,235606123947.6,-1.021684,-0.0102168375552872,3834.33776,3940.706195,0.0077469311471372
2023-06-01,3788.5902,3832.2051,3786.7344,3806.8679,3798.5434,13456188100,241829546409.4,0.21915,0.0021914979304962,3825.61142,3929.537235,0.0077998373414165
2023-06-02,3821.6198,3865.2843,3821.6198,3861.8337,3806.8679,12501511000,232696547130.8,1.443859,0.0144385887411537,3827.78794,3921.78505,0.0086987354382062
2023-06-05,3860.5557,3860.5557,3832.4578,3844.2492,3861.8337,11616398900,211144360143.7,-0.455341,-0.0045534068440078,3829.84946,3910.86439,0.008124693888757
2023-06-06,3840.4587,3867.8452,3802.8449,3808.1629,3844.2492,12578125800,222091722592.2,-0.938709,-0.0093870865603614,3823.93142,3899.878765,0.0081578806743233
2023-06-07,3815.4823,3823.1124,3780.1021,3789.3418,3808.1629,9886243200,189879792179.6,-0.49423,-0.0049423043326217,3822.0911,3889.50238,0.0080932724177843
2023-06-08,3791.0826,3834.3888,3777.7752,3820.1867,3789.3418,11870093400,199119300649.7,0.813991,0.0081399096803567,3824.75486,3880.97853,0.0084438665113709
2023-06-09,3822.4088,3836.7026,3811.2189,3836.7026,3820.1867,13431986300,247296087070.9,0.432332,0.0043233227318444,3819.72864,3875.925550000001,0.0081358982599533
2023-06-12,3827.3253,3859.7156,3813.8577,3844.4324,3836.7026,12675854300,240791270473.5,0.20147,0.0020146987676346,3819.765280000001,3868.20281,0.0071722942971565
2023-06-13,3838.1287,3867.3034,3833.4598,3864.9074,3844.4324,11092494600,225435215314.9,0.532588,0.0053258837377396,3831.114180000001,3862.537910000001,0.0073064409934688
2023-06-14,3872.7155,3891.6656,3862.0609,3864.0247,3864.9074,12495575900,243932581183.9,-0.022839,-0.0002283883955408,3846.05076,3857.730895,0.0072731405396157
2023-06-15,3871.7746,3925.4994,3871.7746,3925.4994,3864.0247,12836993800,282635910894.2,1.59095,0.015909499750351,3867.1133,3856.20236,0.0082191197397783
2023-06-16,3932.2114,3968.0128,3928.5419,3963.3509,3925.4994,13976007600,280374762837.8,0.964247,0.0096424674017272,3892.44296,3857.142890000001,0.0084885610310018
2023-06-19,3957.0327,3957.0327,3922.4742,3930.9079,3963.3509,13490584800,268213068579.8,-0.818575,-0.0081857500934372,3909.73806,3855.2219,0.0085654817857087
2023-06-20,3926.094,3937.4945,3918.473,3924.2377,3930.9079,12252031800,266274081286.8,-0.169686,-0.0016968599035352,3921.60412,3855.774375,0.0079482467969113
2023-06-21,3909.1044,3920.1276,3864.0323,3864.0323,3924.2377,11834657500,243630705591.5,-1.534194,-0.0153419350718739,3921.60564,3856.021315,0.0080948402382132
2023-06-26,3833.4436,3841.2862,3801.0537,3809.6962,3864.0323,13399041900,247713845779.5,-1.406202,-0.0140620201337343,3898.445,3853.9811449999993,0.0086846195666986
2023-06-27,3811.6872,3851.8957,3806.3242,3845.4334,3809.6962,11699268100,210097713687.6,0.938059,0.009380590504828,3874.8615,3853.70526,0.0089616828681728
2023-06-28,3836.6086,3846.8516,3808.1607,3840.7986,3845.4334,10702154100,206187959876.8,-0.120527,-0.0012052737670609,3856.83964,3854.04811,0.00890761447926
2023-06-29,3836.7305,3840.7132,3817.3759,3821.8435,3840.7986,9828927400,204110031407.8,-0.49352,-0.0049351975914592,3836.3608,3853.25263,0.0089756477680864
2023-06-30,3816.3345,3860.0311,3813.552,3842.4516,3821.8435,10126842900,208146272909.0,0.539219,0.0053921883509882,3832.044660000001,3855.44804,0.0087313166591855
2023-07-03,3853.2919,3897.3273,3853.2919,3892.8821,3842.4516,13315805100,256876520211.7,1.312456,0.0131245634948271,3848.68184,3859.74875,0.0091668629725876
2023-07-04,3888.0328,3899.9755,3878.3978,3899.0133,3892.8821,10949452700,216335611421.8,0.157498,0.0015749770587709,3859.39782,3861.60773,0.0086210085869726
2023-07-05,3895.1945,3899.5188,3864.1301,3868.8054,3899.0133,9763638400,188400265050.6,-0.774758,-0.0077475755212221,3864.99918,3862.83554,0.008748479656851
2023-07-06,3857.0304,3876.8901,3836.4573,3842.7547,3868.8054,10012184200,184742420862.3,-0.673353,-0.0067335255477053,3869.18142,3864.56513,0.0086120174381893
2023-07-07,3831.5955,3844.8438,3819.0772,3825.6988,3842.7547,10090692000,173918560673.0,-0.443846,-0.004438456610306,3865.830860000001,3866.38298,0.0085960200698743
2023-07-10,3841.5591,3865.4566,3831.92,3844.3269,3825.6988,9203344100,185360813110.7,0.48692,0.0048692019350817,3856.11982,3867.58999,0.0084735168760824
2023-07-11,3853.7955,3870.6549,3844.5244,3869.4861,3844.3269,8651071600,177585694368.3,0.65445,0.0065445006770885,3850.21438,3869.229165,0.0085426208448479
2023-07-12,3864.6013,3874.0403,3838.5632,3843.4369,3869.4861,11152202400,214046519056.1,-0.673195,-0.0067319533723095,3845.14068,3869.17939,0.0086816081919057
2023-07-13,3855.662,3901.1023,3855.662,3898.4229,3843.4369,12030023200,235278706834.5,1.430647,0.0143064661735436,3856.27432,3870.855165,0.0091878155382902
2023-07-14,3904.6033,3908.4871,3893.7862,3899.1027,3898.4229,12236484600,220230466522.9,0.017438,0.0001743782081722,3870.9551,3872.609065,0.0091866412069504
2023-07-17,3881.6225,3881.6225,3852.2626,3867.1749,3899.1027,9834014400,174623552807.4,-0.81885,-0.0081884993693548,3875.5247,3869.69284,0.0086209962129643
2023-07-18,3871.0444,3871.0444,3844.5129,3854.9393,3867.1749,9143861500,167104315117.1,-0.316396,-0.0031639634400812,3872.61534,3864.2722599999993,0.0082802369344124
2023-07-19,3848.4826,3860.0092,3830.4073,3850.8663,3854.9393,7958570000,151311481029.8,-0.105657,-0.0010565665716188,3874.10122,3860.27018,0.0081225716711645
2023-07-20,3857.7725,3875.6241,3818.7134,3823.6946,3850.8663,9204207600,174320872139.8,-0.7056,-0.0070559967246851,3859.15556,3855.2430250000007,0.0082345087774154
2023-07-21,3816.9835,3849.5109,3808.803,3821.91,3823.6946,7950756300,157144211209.3,-0.046672,-0.000466721374662,3843.71702,3853.13691,0.0075384639282565
2023-07-24,3803.3492,3828.7853,3798.8048,3805.221,3821.91,7548354500,151448369566.2,-0.436666,-0.0043666648351217,3831.32624,3852.91315,0.0069071631896065
2023-07-25,3866.6445,3915.8148,3866.6445,3915.1153,3805.221,16306632000,299853562168.1,2.887987,0.0288798732057875,3843.36144,3856.397245,0.0092762302019437
2023-07-26,3908.174,3912.9834,3893.3987,3907.0128,3915.1153,10788171700,192912604792.0,-0.206954,-0.002069543137082,3854.59074,3859.707955,0.0092887486983359
2023-07-27,3914.2298,3935.3578,3894.6923,3902.3458,3907.0128,11066710900,196845425513.0,-0.119452,-0.0011945187382031,3870.32098,3863.73307,0.0092024228781873
2023-07-28,3889.7929,4000.919,3886.5535,3992.7376,3902.3458,17973548100,310092467404.5,2.316345,0.0231634520959163,3904.4865,3871.24737,0.0104181204621653
2023-07-31,4018.8895,4064.3621,4002.0784,4014.6301,3992.7376,19960683000,366544120003.6,0.548308,0.0054830800801934,3946.36832,3877.33477,0.010123508802307
2023-08-01,4009.1831,4031.7008,3983.0273,3998.001,4014.6301,14228685900,255620773637.6,-0.414213,-0.0041421250739887,3962.94546,3882.284155,0.0102043221636791
2023-08-02,3985.6951,4008.3343,3958.5127,3969.895,3998.001,12585569000,204875690923.8,-0.703001,-0.0070300132491213,3975.5219,3887.338635,0.0101720352615936
2023-08-03,3962.1296,4004.9996,3962.1296,4004.9839,3969.895,12900664000,224809824820.3,0.883875,0.0088387476243074,3996.04952,3895.450095,0.010117436077675
2023-08-04,4033.7239,4058.2431,4011.6202,4020.5792,4004.9839,17826718900,316529733837.7,0.389397,0.0038939732067337,4001.61784,3905.1941150000007,0.010004177196181
2023-08-07,4002.9677,4002.9677,3977.0173,3990.1531,4020.5792,12131066200,227090572750.9,-0.756759,-0.0075675912565035,3996.722440000001,3912.485425,0.010235263583622
2023-08-08,3980.0423,4002.2904,3963.4632,3979.7322,3990.1531,10987169900,202611335313.8,-0.261165,-0.0026116541743724,3993.06868,3917.99773,0.0102219394123808
2023-08-09,3967.3566,3982.1091,3961.8434,3967.5652,3979.7322,9464026900,174394242765.3,-0.305724,-0.0030572408867108,3992.60272,3924.204145,0.0100993328197086
2023-08-10,3962.8569,3976.4637,3945.3869,3975.7166,3967.5652,9717684900,175646730198.2,0.205451,0.0020545094003747,3986.74926,3928.06883,0.0096521683873006
2023-08-11,3977.9834,3977.9834,3884.2538,3884.2538,3975.7166,12608293100,203546314647.4,-2.300536,-0.0230053621025201,3959.48418,3927.326385,0.0110502004572642
2023-08-14,3840.8872,3859.4718,3814.0711,3855.9061,3884.2538,11596633600,197623765246.4,-0.729811,-0.0072981070392464,3932.63478,3926.762945,0.0110177846020404
2023-08-15,3858.3662,3865.284,3811.6839,3846.5357,3855.9061,10309711100,177437071692.5,-0.243014,-0.002430142165547,3905.99548,3926.342765,0.0110082219026873
2023-08-16,3830.8274,3852.4198,3817.6324,3818.3338,3846.5357,9461694600,169323869027.6,-0.733177,-0.0073317660875993,3876.1492,3924.71614,0.0111271499276562
2023-08-17,3801.1969,3836.1507,3782.4967,3831.1008,3818.3338,9841549300,174093848242.9,0.334361,0.0033436050038371,3847.22604,3925.08645,0.0110407068232177
2023-08-18,3832.4554,3844.195,3784.0038,3784.0038,3831.1008,9554963800,168445686988.2,-1.229333,-0.0122933335505033,3827.17604,3923.19114,0.0113869989666861
2023-08-21,3773.225,3782.1112,3729.555,3729.555,3784.0038,9870836900,173379942906.6,-1.43892,-0.0143892033089396,3801.90582,3919.40784,0.0117827025046134
2023-08-22,3748.0675,3770.0556,3704.6785,3758.2271,3729.555,12031832700,203463879671.8,0.768781,0.0076878072585067,3784.2441,3911.56343,0.0097350321613348
2023-08-23,3751.7736,3756.1659,3695.0309,3696.6339,3758.2271,9708163800,160476231586.9,-1.63889,-0.0163888978396223,3759.90412,3901.044485,0.0102533520789579
2023-08-24,3711.5403,3748.8567,3701.5717,3723.4293,3696.6339,11961452100,196257391083.7,0.724859,0.0072485944577849,3738.36982,3892.098660000001,0.0104902689208983
2023-08-25,3703.5136,3734.2185,3695.8442,3709.1517,3723.4293,10518261000,175601437172.9,-0.383453,-0.0038345296364294,3723.3994,3877.919365,0.0086110284237949
2023-08-28,3911.5485,3911.5485,3740.5279,3752.6194,3709.1517,19799037900,335047670966.8,1.171904,0.0117190407715057,3728.01228,3864.81883,0.0090600048564763
2023-08-29,3743.0534,3810.3772,3742.0758,3790.1067,3752.6194,15248614600,262134936751.0,0.998964,0.0099896355063344,3734.3882,3854.424115,0.0095320759404828
2023-08-30,3803.1191,3813.7032,3780.2411,3788.5097,3790.1067,12967166100,226727480838.7,-0.042136,-0.0004213601690948,3752.76336,3845.35485,0.0094857010798555
2023-08-31,3786.9261,3793.9972,3762.0046,3765.2678,3788.5097,11896164600,193577001342.0,-0.613484,-0.006134839776179,3761.13106,3833.369045,0.009145708099027
2023-09-01,3778.9129,3808.5306,3778.9129,3791.4912,3765.2678,10531904500,172219141586.1,0.696455,0.0069645511004554,3777.59896,3821.914645,0.0092928479578452
2023-09-04,3812.9873,3854.2605,3804.5886,3848.9517,3791.4912,14238520100,237934727924.3,1.515512,0.0151551189146899,3796.86542,3814.854575,0.0100488660934427
2023-09-05,3839.5779,3839.5779,3814.3338,3820.3174,3848.9517,10405233300,181377877955.3,-0.743951,-0.0074395061907376,3802.90756,3806.883835,0.0101282847858234
2023-09-06,3808.1,3817.5239,3790.8949,3812.0283,3820.3174,9344239300,166081524007.0,-0.216974,-0.0021697411843319,3807.61128,3799.10699,0.0101253207198974
2023-09-07,3802.2272,3802.2272,3756.853,3758.4748,3812.0283,9510390300,164405748827.5,-1.404856,-0.0140485578241903,3806.25268,3788.2449,0.0104260196452808
2023-09-08,3747.6509,3753.263,3724.987,3739.9927,3758.4748,7163816600,129197657303.1,-0.491745,-0.0049174468324225,3795.952980000001,3781.031845,0.0093006354932932
2023-09-11,3740.5846,3788.3219,3734.7228,3767.537,3739.9927,10535801600,186871759441.3,0.73648,0.0073648004714019,3779.67004,3776.61339,0.0094256068117555
2023-09-12,3764.3331,3775.093,3755.4162,3760.6048,3767.537,7938537800,140117510233.3,-0.183998,-0.001839981929839,3767.72752,3772.316845,0.0094222003843313
2023-09-13,3759.6091,3768.8162,3719.1114,3736.6513,3760.6048,8157690100,138238089912.5,-0.636959,-0.0063695871472588,3752.65212,3768.23272,0.0093910407802869
2023-09-14,3736.9355,3748.8177,3717.3107,3733.5077,3736.6513,10038607500,151578100463.9,-0.084129,-0.0008412880270631,3747.6587,3763.353065,0.0093347118750268
2023-09-15,3740.7853,3749.0247,3699.3806,3708.7766,3733.5077,10939568900,180398970938.3,-0.662409,-0.0066240924051127,3741.415480000001,3759.591705,0.0090637952684211
2023-09-18,3698.9344,3737.5306,3691.1107,3727.711,3708.7766,8672774100,156966973910.5,0.51053,0.0051052953688286,3733.45028,3759.4995050000007,0.0085793886584935
2023-09-19,3723.4244,3724.0717,3702.6934,3720.5021,3727.711,8319903800,135216895229.4,-0.193387,-0.0019338677274068,3725.429740000001,3757.613255,0.0083939770902585
2023-09-20,3715.9578,3718.5207,3705.1274,3705.6898,3720.5021,7544820900,117691805957.0,-0.398126,-0.0039812637116909,3719.23744,3758.06605,0.0075740521132728
2023-09-21,3698.313,3708.4557,3672.4448,3672.4448,3705.6898,8303100500,135011796555.2,-0.897134,-0.0089713391552632,3707.02486,3755.516825,0.0076419853964822
2023-09-22,3672.6402,3740.4183,3664.7661,3738.9327,3672.4448,11023116600,192236467362.8,1.810453,0.018104533524915,3713.05608,3757.005875,0.008668231062151
2023-09-25,3738.0622,3738.0622,3711.2049,3714.6037,3738.9327,9259647900,155793827361.5,-0.650694,-0.0065069371267366,3710.43462,3755.10509,0.0083725629018688
2023-09-26,3711.7106,3723.8481,3692.6172,3692.8928,3714.6037,7804452500,137808437774.8,-0.584474,-0.0058447419303437,3704.91276,3750.2443949999993,0.0080741967240951
2023-09-27,3694.9607,3731.1405,3694.3938,3700.495,3692.8928,9162921000,164790435265.8,0.20586,0.0020586029467195,3703.8738,3745.84366,0.0081068520784945
2023-09-28,3711.2117,3716.0569,3685.3001,3689.5172,3700.495,8522171900,153500421344.0,-0.296658,-0.0029665760931983,3707.28828,3742.05613,0.008034819921411
2023-10-09,3678.929,3694.1713,3641.9966,3684.7272,3689.5172,10214805800,178072374748.1,-0.129827,-0.0012982728471898,3696.44718,3736.71793,0.0078139405896448
2023-10-10,3696.2542,3701.2562,3655.589,3657.1259,3684.7272,9916373000,161938958924.8,-0.749073,-0.0074907309284659,3684.95162,3727.12664,0.0068731307547967
2023-10-11,3674.7514,3689.5347,3658.355,3667.5483,3657.1259,10209158700,187667554127.0,0.284989,0.0028498882141301,3679.88272,3719.488185,0.006871435817713
2023-10-12,3697.9337,3711.4985,3682.8418,3702.3824,3667.5483,11436322500,194598219817.3,0.949793,0.0094979253579292,3680.2602,3714.00589,0.0073372073214356
2023-10-13,3677.9585,3678.1913,3652.3094,3663.4104,3702.3824,9828798700,170152309003.0,-1.05262,-0.0105261952412045,3675.03884,3709.25267,0.0070553037975957
2023-10-16,3664.039,3664.039,3615.7686,3626.5972,3663.4104,9185311800,159537973598.4,-1.004889,-0.01004888777954,3663.41284,3703.582895,0.0072850070777195
2023-10-17,3635.2994,3645.5654,3619.1277,3639.4018,3626.5972,9074518800,147056233347.4,0.353075,0.0035307477764554,3659.86802,3697.176135,0.0070868419414271
2023-10-18,3631.0671,3632.0579,3608.9768,3610.5767,3639.4018,9454587900,158982356667.4,-0.792029,-0.0079202851413657,3648.4737,3689.67473,0.0072220723622022
2023-10-19,3588.5154,3588.5154,3532.3059,3533.5445,3610.5767,11173752000,189194781843.9,-2.133515,-0.0213351512515992,3614.70612,3679.51939,0.0083801131545674
2023-10-20,3518.3464,3535.6623,3501.725,3510.5889,3533.5445,9851860500,169591289145.3,-0.649648,-0.0064964796679367,3584.14182,3668.37345,0.0084074304184294
2023-10-23,3500.199,3505.3468,3450.6456,3474.2438,3510.5889,9656165200,152054894179.0,-1.035299,-0.0103529923426807,3553.67114,3656.6468100000006,0.0085315283768573
2023-10-24,3481.7644,3495.0039,3453.1016,3487.1302,3474.2438,11554728900,186529203442.0,0.370912,0.0037091236947734,3523.21682,3644.61777,0.0084652217508154
2023-10-25,3524.2965,3531.8314,3500.9154,3504.4576,3487.1302,12800961700,203691741119.2,0.496896,0.0049689569950672,3501.993,3633.815545,0.0086621173669254
2023-10-26,3484.7807,3515.5716,3478.0503,3514.1448,3504.4576,10514356600,176088467225.8,0.276425,0.0027642508786522,3498.11306,3624.238295,0.0087507619807142
2023-10-27,3501.171,3576.5861,3494.5488,3562.3851,3514.1448,12022510800,224301960437.0,1.372747,0.013727465072014,3508.4723,3618.73531,0.0093352598577774
2023-10-30,3554.1055,3592.7188,3554.0238,3583.7718,3562.3851,14401042600,242973328094.4,0.600348,0.0060034778384852,3530.3779000000004,3610.977265,0.0083380879522814
2023-10-31,3581.6759,3581.6759,3554.5822,3572.5056,3583.7718,11258726700,196317658324.1,-0.314367,-0.0031436711455791,3547.4529800000005,3603.87236,0.0082778855142531
2023-11-01,3605.7576,3606.4126,3564.6421,3571.0268,3572.5056,9764553800,182943566435.3,-0.041394,-0.0004139391691926,3560.76682,3597.77906,0.0082311582946084
2023-11-02,3580.0672,3597.1699,3553.7406,3554.1889,3571.0268,9035964300,149465055433.9,-0.471514,-0.0047151424346633,3568.77564,3590.463755,0.0082101156430401
2023-11-03,3558.5303,3596.101,3558.5303,3584.1364,3554.1889,9754210100,165865989200.0,0.842597,0.0084259730820721,3573.1259,3585.194715,0.0085273546450547
2023-11-06,3608.3187,3635.7897,3600.6304,3632.6084,3584.1364,15298246300,254465948110.4,1.352404,0.0135240388730741,3582.8932199999995,3582.588775,0.0091586097770445
2023-11-07,3623.7849,3628.4615,3606.2975,3619.7593,3632.6084,11028859100,190433605311.0,-0.353716,-0.0035371552848911,3592.34396,3580.7204450000004,0.0090456609446963
2023-11-08,3610.6434,3627.0479,3591.8248,3611.0723,3619.7593,11059423000,192594372352.5,-0.239988,-0.002399883329259,3600.35306,3577.8966450000007,0.0090202527048587
2023-11-09,3603.1082,3624.4141,3601.3744,3612.8263,3611.0723,11187205700,189355228591.7,0.048573,0.0004857282973813,3612.08054,3573.41884,0.0087015321176706
2023-11-10,3596.0688,3599.4519,3576.1011,3586.4893,3612.8263,10210703400,166924677328.0,-0.728986,-0.0072898605725938,3612.55112,3569.5727849999994,0.0085474540743551
2023-11-13,3593.9109,3599.3897,3562.7682,3579.4141,3586.4893,9670764900,164821249625.0,-0.197274,-0.0019727369603472,3601.91226,3567.2136300000006,0.0082854912782038
2023-11-14,3581.1034,3600.1483,3568.882,3582.0584,3579.4141,10088415800,165935163426.0,0.073875,0.0007387521885215,3594.37208,3564.34646,0.008235210691208
2023-11-15,3616.8765,3620.6007,3596.9158,3607.2454,3582.0584,10492921800,188932150501.0,0.703143,0.0070314319833535,3593.6067000000003,3564.179895,0.0082297867121712
2023-11-16,3600.9813,3605.2898,3572.3636,3572.3641,3607.2454,8746478000,146629217157.8,-0.966979,-0.0096697884762705,3585.51426,3566.1208750000005,0.0069535851119848
2023-11-17,3561.3112,3573.6819,3547.0287,3568.0685,3572.3641,8731920700,139621898705.2,-0.120245,-0.0012024530198363,3581.8301,3568.994855,0.0067687606052894
2023-11-20,3569.7314,3586.9731,3545.1038,3576.3233,3568.0685,9108044500,157449634694.0,0.231352,0.002313520606457,3581.21194,3574.09883,0.0062387686119791
2023-11-21,3587.8779,3615.0569,3575.682,3581.0674,3576.3233,10859431400,175922105929.9,0.132653,0.0013265299588547,3581.01374,3578.79569,0.0062164177572261
2023-11-22,3569.4389,3574.3782,3544.4162,3544.4162,3581.0674,8478438100,136041195538.9,-1.023471,-0.01023471381745,3568.4479,3580.7936199999995,0.0066638531978983
2023-11-23,3541.4416,3562.0675,3529.939,3561.5204,3544.4162,8480016700,141499811491.0,0.482567,0.0048256748177597,3566.27916,3583.1624,0.0067150295678311
2023-11-24,3560.6462,3560.6462,3533.9955,3538.0087,3561.5204,8501840300,140101998555.3,-0.660159,-0.0066015907138984,3560.2672,3581.94358,0.0061529469021768
2023-11-27,3534.4445,3534.4445,3492.8623,3511.9424,3538.0087,9910231400,155975437035.7,-0.736751,-0.007367505908055,3547.39102,3578.35211,0.0061555139531985
2023-11-28,3510.6554,3521.0463,3501.1093,3518.5232,3511.9424,8933578900,147740535862.4,0.187383,0.0018738348328264,3534.88218,3575.65299,0.006165522561663
2023-11-29,3518.8836,3519.198,3482.2444,3488.3073,3518.5232,9884141200,155948235975.9,-0.858767,-0.0085876654159904,3523.6604,3571.5170150000004,0.0064086713029401
2023-11-30,3485.5171,3505.1273,3481.4515,3496.2028,3488.3073,10135082000,153790180653.3,0.226342,0.0022634187074057,3510.59688,3568.61771,0.0063944033817328
2023-12-01,3494.2234,3494.2234,3452.1728,3482.8813,3496.2028,10853094100,176078323469.4,-0.381028,-0.0038102766807462,3499.5714,3563.554955,0.0060405200497798
2023-12-04,3481.0449,3488.133,3459.611,3460.138,3482.8813,9715682600,164664395292.9,-0.653002,-0.0065300244369511,3489.2105200000005,3554.931435,0.0050061474692477
2023-12-05,3450.0898,3450.0898,3393.8139,3394.2571,3460.138,10047200700,164840691112.1,-1.903996,-0.0190399631459785,3464.3573,3543.656325,0.0062374617651836
2023-12-06,3387.8798,3420.2773,3382.9457,3399.598,3394.2571,10580551900,172142987724.9,0.157351,0.001573510739655,3446.61544,3533.08261,0.0063266725070971
2023-12-07,3394.3064,3404.4074,3369.7675,3391.2823,3399.598,9771324800,160949948197.3,-0.244608,-0.0024460833310291,3425.63134,3522.0054099999998,0.0062755689618329
2023-12-08,3391.8585,3409.3845,3383.4479,3399.4618,3391.2823,12952205400,203034222561.1,0.241192,0.0024119195267229,3408.94744,3512.6540350000005,0.0063127881943808
2023-12-11,3378.0517,3426.6106,3346.8902,3419.4548,3399.4618,13962624900,219761181423.1,0.588123,0.0058812250809818,3400.8108,3504.6560699999995,0.006595434330381
2023-12-12,3409.9976,3427.5456,3406.1013,3426.803,3419.4548,10559001300,166979964779.7,0.214894,0.0021489390647888,3407.31998,3496.8933,0.0066366177556381
2023-12-13,3418.6413,3418.6413,3369.605,3369.605,3426.803,9528536700,165455928375.6,-1.669136,-0.0166913592640136,3401.32138,3485.01128,0.0070107821032615
2023-12-14,3387.3847,3399.1394,3350.7648,3351.9639,3369.605,8365513500,150245775736.4,-0.523536,-0.0052353614147652,3393.4577,3473.99127,0.00687003981646
2023-12-15,3365.9388,3388.5047,3339.519,3341.5517,3351.9639,9778778300,164907019372.1,-0.31063,-0.0031062983703374,3381.87568,3462.66543,0.0068547132607071
2023-12-18,3329.191,3352.3458,3314.9095,3329.3657,3341.5517,9052682600,142303319418.9,-0.364681,-0.0036468087565426,3363.85786,3450.31755,0.0067284313089439
2023-12-19,3325.6596,3345.7795,3313.1874,3334.0412,3329.3657,8380811800,135293655396.1,0.140432,0.0014043215498977,3345.3055,3437.96624,0.0067314203050076
2023-12-20,3334.332,3338.5434,3297.3652,3297.5022,3334.0412,9241286800,141290542802.3,-1.095937,-0.0109593726676203,3330.88494,3425.62054,0.0067711527771768
2023-12-21,3285.6049,3339.3552,3283.9883,3330.8698,3297.5022,10254619800,171120780579.5,1.011905,0.0101190531427091,3326.6661200000003,3414.0880099999995,0.0072065404306723
2023-12-22,3329.4668,3359.0601,3315.8976,3337.2281,3330.8698,10522013300,167336342309.2,0.19089,0.0019089007922195,3325.8013999999994,3404.04898,0.0072535128875105
2023-12-25,3330.3333,3348.882,3330.3333,3347.4508,3337.2281,7454269300,121838327071.1,0.306323,0.0030632308292022,3329.4184200000004,3395.8244,0.0072896666189192
2023-12-26,3345.3952,3345.4171,3315.937,3324.7902,3347.4508,7473293500,121689997434.6,-0.676951,-0.0067695095025743,3327.56822,3386.1377500000003,0.007281019045962
2023-12-27,3326.9267,3341.2659,3309.6731,3336.3572,3324.7902,9440392800,140924923674.8,0.347902,0.0034790165105755,3335.3392200000003,3378.540245,0.0072763439020478
2023-12-28,3335.5572,3423.4018,3331.2082,3414.5403,3336.3572,14806485100,245855634464.3,2.343367,0.0234336719101899,3352.0733200000004,3374.45712,0.0092357240045034
2023-12-29,3411.1094,3432.5412,3409.5795,3431.1099,3414.5403,11492893200,193573180515.1,0.485266,0.0048526590826882,3370.8496800000003,3371.86855,0.0093067954351147
2024-01-02,3426.2684,3426.2684,3386.3522,3386.3522,3431.1099,11618072600,184096097448.7,-1.304467,-0.0130446710552757,3378.62996,3368.17926,0.0096297112547942
2024-01-03,3379.7501,3392.8504,3362.6617,3378.2971,3386.3522,10561385100,165099018642.5,-0.23787,-0.0023786952816071,3389.33134,3367.38126,0.0086620183734177
2024-01-04,3375.0207,3375.0207,3323.8647,3347.0519,3378.2971,10672101300,165512262698.6,-0.92488,-0.0092488017113709,3391.47028,3364.753955,0.0088806655194835
2024-01-05,3341.3061,3372.5444,3313.5542,3329.1114,3347.0519,12640057400,182251664948.1,-0.536009,-0.0053600901736838,3374.3845,3361.64541,0.0089338537739314
2024-01-08,3322.6051,3333.516,3283.3421,3286.0564,3329.1114,11742948500,170761644873.4,-1.293288,-0.0129328805278188,3345.3738,3355.97514,0.0092875450466464
2024-01-09,3286.7083,3304.6008,3273.8431,3292.4994,3286.0564,10933046500,172276323045.2,0.196071,0.0019607088910587,3326.6032399999995,3349.62737,0.0091606372970028
2024-01-10,3281.6692,3312.9161,3268.2471,3277.129,3292.4994,9419936600,159777649838.1,-0.466831,-0.0046683076084995,3306.36962,3342.14367,0.0091307852832274
2024-01-11,3275.3086,3311.1137,3266.7911,3295.6717,3277.129,10878973500,180978533555.5,0.565821,0.0056582148581882,3296.09358,3338.4470050000004,0.0086158650069442
2024-01-12,3284.358,3310.4704,3279.6987,3284.1667,3295.6717,9685355500,156536022291.9,-0.349094,-0.0034909423775431,3287.10464,3335.057145,0.0085802724521462
2024-01-15,3270.1029,3306.9217,3261.2687,3280.9195,3284.1667,8885153000,144331722430.6,-0.098874,-0.0009887439635754,3286.07726,3332.025535,0.0085657886536148
2024-01-16,3272.571,3300.8762,3260.4362,3300.8762,3280.9195,11327666500,175650587488.9,0.608265,0.0060826545729024,3287.75262,3330.60106,0.0086759831125389
2024-01-17,3291.1392,3291.1392,3229.082,3229.082,3300.8762,10876972800,173516385174.7,-2.175004,-0.0217500432157983,3278.1432200000004,3325.3531000000003,0.0098841242554
2024-01-18,3214.2844,3279.2538,3171.6329,3274.7286,3229.082,17490916800,256784536828.0,1.413609,0.014136091929533,3273.9546,3324.21442,0.0102143747916492
2024-01-19,3261.2393,3286.9415,3251.8136,3269.7763,3274.7286,11850140800,191261807098.8,-0.151228,-0.0015122779945794,3271.07652,3321.159745,0.0099169066277943
2024-01-22,3262.4685,3281.4205,3193.1776,3218.9016,3269.7763,14870562800,225510031844.3,-1.555908,-0.0155590766255171,3258.67294,3315.24342,0.0104151944777891
2024-01-23,3208.4316,3249.5306,3188.1259,3231.9329,3218.9016,12201200000,193791168624.2,0.404837,0.0040483685490726,3244.88428,3309.467525,0.0104414617074409
2024-01-24,3245.9592,3281.4892,3190.4674,3277.1089,3231.9329,15437195400,219036341624.5,1.397801,0.0139780129717421,3254.48966,3307.0834600000003,0.0109307503289613
2024-01-25,3274.3391,3344.2426,3269.7943,3342.9189,3277.1089,19683361400,265521114954.3,2.008173,0.0200817250839604,3268.12772,3307.411545,0.0118535460025989
2024-01-26,3326.6465,3351.9692,3315.1265,3333.8213,3342.9189,18066400500,238144899501.0,-0.272145,-0.0027214539963862,3280.93672,3303.375595,0.0105189407135365
2024-01-29,3335.3936,3351.3715,3303.9604,3303.9604,3333.8213,18416479500,244698013593.3,-0.895696,-0.0089569587908026,3297.94848,3297.01812,0.0105578414189371
2024-01-30,3283.8977,3300.204,3244.9719,3245.0387,3303.9604,14364935000,199592929911.7,-1.783366,-0.0178336580547393,3300.56964,3289.952445,0.0108750357086376
2024-01-31,3231.5425,3252.1475,3201.9264,3215.3518,3245.0387,15314346900,215333349921.2,-0.91484,-0.0091483962887716,3288.21822,3281.8051800000003,0.0109898052663635
2024-02-01,3202.2564,3251.7582,3191.8968,3217.7109,3215.3518,14551679200,203815063232.5,0.07337,0.0007336988755008,3263.17662,3275.33813,0.0108891483963626
2024-02-02,3219.8734,3235.4079,3108.3515,3179.6276,3217.7109,17375808900,234495151557.0,-1.183553,-0.0118355256838021,3232.33788,3267.86394,0.011091451910733
2024-02-05,3164.25,3233.8485,3111.5184,3200.4218,3179.6276,20304297000,279713141507.2,0.653982,0.0065398224622279,3211.63016,3263.58221,0.0109568914763739
2024-02-06,3185.2498,3314.512,3182.8216,3311.6922,3200.4218,20271309900,285042020945.9,3.476742,0.0347674172198175,3224.96086,3264.54185,0.0136013833665715
2024-02-07,3314.0306,3343.6303,3289.6704,3343.6303,3311.6922,21664793300,297997664575.2,0.964404,0.0096440424022496,3250.6165599999995,3267.866915,0.0136980717491759
2024-02-08,3351.4052,3367.2101,3336.9779,3364.9297,3343.6303,18997757800,270239765211.0,0.637014,0.0063701420578705,3280.06032,3271.329815,0.0137114761755469
2024-02-19,3393.1916,3403.8078,3364.1418,3403.8078,3364.9297,18331980000,267674145147.3,1.155391,0.0115539115126237,3324.89636,3277.31187,0.0138565909829565
2024-02-20,3395.1916,3415.8943,3380.103,3410.8542,3403.8078,14073458100,218459281946.0,0.207015,0.0020701521396127,3366.98284,3283.808605,0.0138401146219174
2024-02-21,3390.3619,3500.1338,3383.6911,3456.8713,3410.8542,18887936200,291823544608.2,1.349137,0.0134913711644431,3396.01866,3291.60836,0.0140517007219168
2024-02-22,3450.3518,3486.6826,3448.4135,3486.6747,3456.8713,14102078400,225098128872.7,0.86215,0.0086214953967189,3424.62754,3304.4879949999995,0.0128976145397078
2024-02-23,3491.3367,3507.5592,3472.968,3489.7416,3486.6747,14482127300,232926057113.9,0.087961,0.000879606003967,3449.58992,3315.238645,0.0126840157155946
2024-02-26,3485.5427,3492.6061,3445.3889,3453.3585,3489.7416,15124833100,238951637715.0,-1.042573,-0.0104257289422231,3459.50006,3324.417755,0.0130128761473776
2024-02-27,3440.0516,3494.7874,3437.4422,3494.7874,3453.3585,13952824600,244488721250.8,1.19967,0.0119966982866099,3476.2867,3338.212045,0.0124098807560305
2024-02-28,3499.8257,3521.6574,3450.2598,3450.2598,3494.7874,18983754800,328300591256.4,-1.274115,-0.0127411470008161,3474.9644,3349.1283900000003,0.0129751561488649
2024-02-29,3437.8984,3516.0826,3437.8984,3516.0826,3450.2598,15594453200,281971899288.2,1.907764,0.0190776358348436,3480.84598,3361.077075,0.013242295005024
2024-03-01,3515.0587,3544.3595,3503.459,3537.8038,3516.0826,16270957000,288575619224.5,0.617767,0.0061776705700826,3490.45842,3370.82132,0.0126851951795613
2024-03-04,3538.366,3548.6901,3519.7599,3540.8686,3537.8038,16324461300,297719931809.3,0.08663,0.0008663001605684,3507.96044,3381.173685,0.0126265538538128
2024-03-05,3524.9644,3570.6935,3519.0816,3565.5143,3540.8686,16642238900,299895929709.1,0.696035,0.0069603543040259,3522.10582,3394.25138,0.0123251400937542
2024-03-06,3556.5323,3577.3883,3545.1013,3551.0481,3565.5143,14307661300,248294165707.4,-0.405725,-0.0040572547977159,3542.26348,3409.55185,0.0113973025266461
2024-03-07,3548.1007,3569.9185,3522.8964,3529.7195,3551.0481,14811051000,251839533036.1,-0.600628,-0.0060062830464052,3544.9908599999994,3425.270235,0.0112183979855167
2024-03-08,3529.5509,3548.5055,3511.577,3544.9099,3529.7195,12579266400,225379101014.0,0.430357,0.004303571431101,3546.41208,3441.6301849999995,0.011179729567419
2024-03-11,3545.9427,3589.2635,3542.2789,3589.2635,3544.9099,14820282500,286418582154.6,1.251191,0.0125119117978147,3556.09106,3462.11198,0.0105689345410553
2024-03-12,3592.5826,3605.6976,3574.2117,3597.4939,3589.2635,18068556000,339997042337.1,0.229306,0.0022930609580489,3562.48698,3481.9655849999995,0.0106028751914566
2024-03-13,3594.4211,3594.4211,3563.3685,3572.361,3597.4939,14459059000,266898756379.8,-0.698622,-0.0069862244936677,3566.74956,3494.999025,0.0085317947470174
2024-03-14,3571.7885,3597.46,3545.612,3562.2229,3572.361,14096272200,263803609335.2,-0.283793,-0.0028379270739994,3573.25024,3505.928655,0.0085406418459178
2024-03-15,3554.9068,3572.8091,3533.6798,3569.993,3562.2229,13831604400,243991558366.2,0.218125,0.0021812503647651,3578.2668600000006,3516.18182,0.0085102705425067
2024-03-18,3577.0564,3604.0519,3573.404,3603.528,3569.993,16037943800,295314840611.0,0.939358,0.0093935758417453,3581.11976,3526.16783,0.0084090471835432
2024-03-19,3593.3396,3610.7389,3577.188,3577.6303,3603.528,14557178600,259553448413.4,-0.718676,-0.0071867625282778,3577.14704,3534.5066349999997,0.0087059755546173
2024-03-20,3568.7158,3589.5456,3568.4341,3585.3838,3577.6303,12952896600,223752103886.2,0.216722,0.0021672166629402,3579.7516,3540.93226,0.0083075462627239
2024-03-21,3593.07,3601.1145,3575.0331,3581.0902,3585.3838,13074337700,233162492629.6,-0.119753,-0.0011975286997168,3583.52506,3545.6530350000003,0.0081759930725478
2024-03-22,3571.2736,3575.7171,3522.8404,3545.0023,3581.0902,13922735800,248850931022.2,-1.007735,-0.0100773501879399,3578.52692,3548.41607,0.0085681666394809
2024-03-25,3536.7136,3564.9604,3525.7634,3525.7634,3545.0023,13701572400,233747256235.1,-0.542705,-0.0054270486651024,3562.974,3552.036315,0.0082912745862676
2024-03-26,3526.6818,3547.6461,3518.6018,3543.7467,3525.7634,12620953500,226730734844.1,0.510054,0.0051005407793387,3556.1972799999994,3554.48428,0.0079493204186358
2024-03-27,3538.7244,3542.9624,3502.7866,3502.7866,3543.7467,12862676300,216404726565.9,-1.155842,-0.011558416407132,3539.6778399999994,3557.1106199999995,0.0078476132062217
2024-03-28,3498.482,3551.2143,3489.3861,3520.9648,3502.7866,14333471700,232530806334.5,0.518964,0.0051896395858086,3527.65276,3557.35473,0.0066698447816213
2024-03-29,3516.883,3538.2378,3516.883,3537.4843,3520.9648,12864329000,201749384356.7,0.469175,0.0046917538056614,3526.14916,3557.3387550000007,0.0066064454033307
2024-04-01,3551.5815,3600.9193,3551.5815,3595.6466,3537.4843,16277656100,251637272845.1,1.644171,0.0164417125469644,3540.1258000000003,3560.077655,0.0075609865115615
2024-04-02,3593.2206,3596.1903,3568.7539,3580.6759,3595.6466,14127297200,220207515542.9,-0.416356,-0.004163562681605,3547.51164,3560.835735,0.007492418153922
2024-04-03,3578.6835,3582.4324,3558.874,3567.8031,3580.6759,13559233100,214222897580.1,-0.359508,-0.0035950754437171,3560.51494,3561.6734850000003,0.0074791714480764
2024-04-08,3553.5554,3567.82,3535.7688,3536.4077,3567.8031,15530428300,243249251687.2,-0.879964,-0.0087996448010261,3563.60352,3562.007895,0.0076270069064328
2024-04-09,3533.3849,3543.7141,3518.8601,3533.4871,3536.4077,12967094200,195893525574.7,-0.082587,-0.0008258663162622,3562.8040800000003,3561.436755,0.0075649928310504
2024-04-10,3528.9679,3531.2295,3490.0525,3504.7086,3533.4871,12879027400,199754768626.1,-0.81445,-0.0081445040509698,3544.61648,3557.20901,0.0071460630564651
2024-04-11,3485.0294,3520.5893,3484.9252,3504.2447,3504.7086,12653439500,200293481885.7,-0.013236,-0.0001323647849067,3529.33024,3552.54655,0.0071047136283681
2024-04-12,3505.7499,3516.6988,3470.0611,3475.8389,3504.2447,12892111600,208566204702.9,-0.810611,-0.0081061119961172,3510.9374,3547.720445,0.0071562104161077
2024-04-15,3473.5047,3552.4125,3473.5047,3549.0759,3475.8389,18394125000,267472484531.0,2.107031,0.0210703090986177,3513.4710399999994,3547.0630950000004,0.0087196702243436
2024-04-16,3533.3636,3545.5034,3503.6158,3511.1146,3549.0759,17615306500,253315972272.3,-1.069611,-0.010696108246093,3508.99654,3544.119175,0.0090091845068958
2024-04-17,3509.1318,3565.9389,3498.0324,3565.403,3511.1146,16846639800,244987812753.2,1.546187,0.0154618707119384,3521.13542,3542.212925,0.0094611485790883
2024-04-18,3550.5562,3602.7902,3547.5996,3569.8018,3565.403,17857410500,261329927268.4,0.123375,0.001233745526102,3534.24684,3541.8215000000005,0.0093339280558302
2024-04-19,3550.6087,3560.9492,3529.3237,3541.6619,3569.8018,14728150500,226229520121.3,-0.788276,-0.0078827625668181,3547.41144,3539.635405,0.0094766733972353
2024-04-22,3536.1844,3558.1642,3528.0186,3530.9045,3541.6619,15057904200,229511183118.0,-0.303739,-0.0030373876173781,3543.77716,3537.12612,0.0094919946998726
2024-04-23,3525.6681,3533.7584,3499.9838,3506.2249,3530.9045,14311350400,213257232210.7,-0.69896,-0.0069895971414689,3542.79922,3535.18725,0.0093549294498077
2024-04-24,3514.0108,3524.537,3495.6494,3521.6219,3506.2249,12173985100,195299919746.2,0.439133,0.0043913326837647,3534.043,3534.980175,0.0093408398782154
2024-04-25,3510.6396,3543.9699,3505.1999,3530.2813,3521.6219,11518772200,184524622000.7,0.245892,0.0024589238271151,3526.1389000000004,3534.306905,0.0092831590532576
2024-04-26,3531.9647,3588.4003,3531.9647,3584.2686,3530.2813,19721613300,308045062250.7,1.529263,0.0152926340459045,3534.66024,3538.381005,0.0094857695633458
2024-04-29,3584.5427,3645.8229,3578.7597,3623.9124,3584.2686,22272138100,358709708837.6,1.10605,0.0110604992047751,3553.26182,3543.528385,0.0097042810614256
2024-04-30,3619.2586,3630.7092,3604.3943,3604.3943,3623.9124,19129689900,286674161757.8,-0.538592,-0.0053859193726648,3572.8957,3546.8738849999995,0.0097903461121625
2024-05-06,3654.0485,3668.2565,3645.738,3657.8767,3604.3943,20801800700,333270472130.0,1.483811,0.0148381102478161,3600.14666,3549.9853900000003,0.0096628128983396
2024-05-07,3657.0007,3665.684,3648.376,3659.0076,3657.8767,16483428600,247368347983.1,0.030917,0.0003091684309644,3625.891920000001,3553.901975,0.0095908853549733
2024-05-08,3650.7484,3650.9355,3628.6984,3630.2233,3659.0076,13003533600,199923460349.8,-0.78667,-0.0078666958767726,3635.08286,3557.022985,0.009747833171506
2024-05-09,3630.4142,3669.7593,3630.4142,3664.561,3630.2233,14655901700,232694927940.9,0.945884,0.0094588396256505,3643.21258,3563.43065,0.0096448268235246
2024-05-10,3669.0869,3674.6088,3641.7639,3666.2771,3664.561,15072053600,233730562074.5,0.04683,0.0004682962024644,3655.58914,3570.0701500000005,0.0096304335709556
2024-05-13,3646.3491,3673.6211,3634.6049,3664.6907,3666.2771,15726745500,249688465072.9,-0.04327,-0.0004327005179176,3656.95194,3578.069255,0.00935804769978
2024-05-14,3668.2254,3675.776,3646.7092,3657.0454,3664.6907,13340649000,214643548213.8,-0.208621,-0.0020862060746354,3656.5595,3585.70929,0.0093946363981152
2024-05-15,3651.0536,3656.5277,3624.002,3626.0559,3657.0454,12352276400,191480969435.1,-0.847392,-0.0084739172229035,3655.726020000001,3593.2201400000004,0.0094161627388851
2024-05-16,3636.6007,3657.4831,3626.334,3640.3592,3626.0559,15463050300,240288953464.0,0.394459,0.0039445889402862,3650.88566,3597.784305,0.0083209494367509
2024-05-17,3638.5613,3677.9696,3627.447,3677.9696,3640.3592,16457041700,247729525192.2,1.033151,0.0103315079456993,3653.22416,3606.127055,0.0080489914251935
2024-05-20,3682.0615,3703.0287,3677.4426,3690.9623,3677.9696,18460942300,279971341520.4,0.353257,0.0035325740593397,3658.47848,3612.40502,0.0074459930886648
2024-05-21,3682.2868,3684.6106,3665.1524,3676.1611,3690.9623,13067828300,196575354877.9,-0.401012,-0.0040101195289912,3662.30162,3617.722985,0.0075569331794989
2024-05-22,3675.6471,3691.8804,3667.0885,3684.451,3676.1611,15191460500,230839373504.9,0.225504,0.0022550426312928,3673.98064,3624.86244,0.007227551674052
2024-05-23,3672.8403,3674.3654,3633.5051,3641.7917,3684.451,14257299000,214205039030.7,-1.15782,-0.0115781971316757,3674.26714,3630.4068,0.0077727859321455
2024-05-24,3630.827,3650.8734,3599.6678,3601.4754,3641.7917,12479117700,195344742155.9,-1.107046,-0.0110704574344546,3658.968300000001,3635.169325,0.0080578103110238
2024-05-27,3606.645,3638.1514,3603.7131,3635.7079,3601.4754,13127264400,206143742535.6,0.950513,0.0095051322577408,3647.91742,3640.873625,0.0082377920350852
2024-05-28,3633.2535,3638.9703,3605.9213,3609.1724,3635.7079,12353223800,184381267979.1,-0.729858,-0.0072985786344387,3634.51968,3644.81818,0.0084715852727235
2024-05-29,3609.0708,3633.1971,3602.8198,3613.5223,3609.1724,11590632100,179072813277.6,0.120523,0.0012052347513242,3620.33394,3646.2808650000006,0.0077912327057079
2024-05-30,3607.0522,3624.0352,3586.7543,3594.3121,3613.5223,12260299500,193069647050.8,-0.53162,-0.0053161979932986,3610.83802,3644.800850000001,0.0074697221343308
2024-05-31,3599.8196,3614.6439,3579.9247,3579.9247,3594.3121,11246201900,180707602931.7,-0.400282,-0.0040028243512855,3606.52788,3643.57737,0.0074272540669556
2024-06-03,3577.3798,3600.6044,3567.8713,3588.7483,3579.9247,14105459100,222756928174.4,0.246474,0.0024647445796834,3597.1359600000005,3640.12095,0.0065638113455497
2024-06-04,3583.8104,3622.5012,3580.2771,3615.6714,3588.7483,12454509600,195790966233.8,0.750209,0.0075020864517023,3598.4357600000003,3637.95414,0.0068272292148028
2024-06-05,3610.3601,3623.3232,3594.1056,3594.7936,3615.6714,11090676600,182639598874.9,-0.577425,-0.0057742526049242,3594.6900200000005,3636.182655,0.0067248473724031
2024-06-06,3602.1554,3625.0109,3584.171,3592.2454,3594.7936,13789351700,226764072639.2,-0.070886,-0.0007088585002488,3594.27668,3632.566875,0.0063061330744161
2024-06-07,3594.6335,3603.0698,3552.0853,3574.1143,3592.2454,13110302600,213001530097.8,-0.504729,-0.005047288807162,3593.1146,3627.9587349999993,0.0063599675091128
2024-06-11,3555.8186,3565.3113,3525.8945,3542.8771,3574.1143,13452230600,219282337214.0,-0.873984,-0.0087398436026514,3583.9403600000005,3621.868055,0.0065713298452865
2024-06-12,3539.0947,3551.1706,3531.5657,3544.1225,3542.8771,12281372900,200722600631.1,0.035152,0.0003515222134009,3569.63058,3616.22191,0.0065857622015266
2024-06-13,3548.2162,3551.0771,3520.1802,3526.1306,3544.1225,12324546200,214792338449.3,-0.507655,-0.0050765457458087,3555.89798,3611.225645,0.0064398732164635
2024-06-14,3514.7998,3547.1473,3503.5233,3541.5331,3526.1306,17151694200,283768816845.0,0.43681,0.0043681025314263,3545.75552,3606.28434,0.0064589591279814
2024-06-17,3521.4365,3540.7932,3520.7381,3536.1986,3541.5331,13743343800,232293851893.9,-0.150627,-0.0015062685705238,3538.17238,3599.19579,0.0058448273608027
2024-06-18,3533.4875,3551.7085,3532.7845,3545.5902,3536.1986,12367183800,208824124156.0,0.265585,0.0026558463090844,3538.715,3591.9271850000005,0.0058047155176777
2024-06-19,3543.3599,3543.3599,3524.8449,3528.749,3545.5902,10664279700,184790298728.6,-0.47499,-0.0047499003127886,3535.6403,3584.5565800000004,0.0058205937422577
2024-06-20,3525.1687,3533.9865,3500.131,3503.2817,3528.749,11161739600,186515776574.7,-0.721709,-0.0072170902492638,3531.07052,3575.498115000001,0.0058390772271332
2024-06-21,3496.3428,3505.5123,3473.8283,3495.6198,3503.2817,10918661500,182736735066.8,-0.218706,-0.002187063632365,3521.88786,3568.18952,0.0054343344043308
2024-06-24,3473.6392,3505.7752,3471.2164,3476.8102,3495.6198,11799018400,195787549313.6,-0.538091,-0.0053809055550034,3510.01018,3561.95626,0.0050732121387443
2024-06-25,3475.1648,3483.2189,3440.6464,3457.9023,3476.8102,11844811800,190886336762.4,-0.543829,-0.0054382893837574,3492.4726,3553.0659800000003,0.0043820365381285
2024-06-26,3451.5389,3487.3964,3442.2982,3480.2648,3457.9023,10589886100,171538111702.3,0.646707,0.0064670710910483,3482.7757599999995,3546.6206000000006,0.0046600617780339
2024-06-27,3467.2888,3471.1423,3452.5775,3454.1175,3480.2648,11491810100,174112508796.1,-0.751302,-0.0075130202736297,3472.94292,3538.65036,0.0047699726342316
2024-06-28,3443.6744,3484.678,3443.6744,3461.657,3454.1175,13540915300,205118806811.8,0.218276,0.0021827572455193,3466.15036,3532.017605,0.0048102026325526
2024-07-01,3458.2636,3479.9548,3443.8086,3478.1827,3461.657,12182977000,188018227774.8,0.477393,0.0047739276306115,3466.42486,3526.930505,0.0050016857087659
2024-07-02,3472.4527,3488.3189,3464.5237,3471.7857,3478.1827,12165012100,186104752421.9,-0.183918,-0.0018391788332452,3469.2015400000005,3521.0823750000004,0.0049172309683899
2024-07-03,3471.5556,3478.7047,3454.9942,3463.4141,3471.7857,10385710800,163035359363.1,-0.241132,-0.0024113239477885,3465.8314,3513.46951,0.0044214247167805
2024-07-04,3468.2958,3483.3098,3444.928,3445.8128,3463.4141,10442990900,159477153569.5,-0.508207,-0.0050820662767411,3464.17046,3506.0204700000004,0.0043941006470642
2024-07-05,3443.3588,3451.0386,3399.6693,3431.0605,3445.8128,11660965900,181416567402.8,-0.428123,-0.0042812250276625,3458.05116,3497.9612250000005,0.004406953293024
2024-07-08,3420.8033,3428.0418,3395.9123,3401.7604,3431.0605,11552821800,177559765827.5,-0.853966,-0.0085396628826568,3442.7667,3489.343530000001,0.0045877092512081
2024-07-09,3396.8044,3448.9279,3384.8086,3439.8111,3401.7604,13162944300,215048837819.8,1.118559,0.0111855908487852,3436.37178,3484.1902299999992,0.0052652565469508
2024-07-10,3425.8818,3447.505,3423.6483,3428.9657,3439.8111,12720345600,198149476849.1,-0.315291,-0.0031529056929898,3429.4821,3478.4323899999995,0.0052600412751849
2024-07-11,3451.0442,3473.9837,3438.118,3468.169,3428.9657,14589246600,237551298481.6,1.143298,0.0114329810881455,3433.95334,3475.5343100000005,0.0059429830705454
2024-07-12,3459.9564,3479.0958,3457.3633,3472.4014,3468.169,13087458900,205055553856.4,0.122036,0.0012203557554433,3442.2215200000005,3472.077725,0.0058393665020624
2024-07-15,3462.6113,3481.4613,3460.7915,3476.2467,3472.4014,11851708300,171584915379.5,0.110739,0.0011073892551707,3457.11878,3469.08013,0.0058559330826624
2024-07-16,3466.8523,3500.2943,3464.3655,3498.2827,3476.2467,12065901700,200456285077.5,0.633902,0.0063390207605231,3468.8131000000003,3466.714755,0.0060270178618095
2024-07-17,3494.209,3514.4753,3486.2229,3501.5836,3498.2827,13180206200,222830802528.4,0.094358,0.0009435772586359,3483.3366800000003,3465.356485,0.0059574412813015
2024-07-18,3483.2975,3522.7995,3475.7236,3520.931,3501.5836,12376819900,215783795702.6,0.552533,0.0055253285970382,3493.88908,3466.23895,0.0058672693969342
2024-07-19,3500.8052,3545.3383,3493.0734,3539.0156,3520.931,13244797500,228065104129.0,0.513631,0.0051363119583995,3507.21192,3468.40874,0.0059341530776747
2024-07-22,3538.4012,3540.1874,3494.0143,3514.9249,3539.0156,13212633700,217457320403.9,-0.680718,-0.0068071754190629,3514.9475600000005,3470.314475,0.0060182134271075
2024-07-23,3509.7887,3509.7887,3439.8779,3439.8779,3514.9249,12889766000,202857560168.7,-2.135095,-0.0213509540417208,3503.2666000000004,3469.4132550000004,0.0076766476403951
2024-07-24,3432.3459,3451.4196,3408.4129,3418.1663,3439.8779,12703626300,184884499786.8,-0.631174,-0.0063117356578267,3486.58314,3466.30833,0.007621225726811
2024-07-25,3404.611,3415.8557,3383.7991,3399.2716,3418.1663,13102224200,190131464834.7,-0.552773,-0.0055277298825395,3462.25126,3463.566035,0.0075427014222063
2024-07-26,3403.7084,3420.8201,3388.6601,3409.2931,3399.2716,12419555800,187853329477.8,0.294813,0.0029481315938391,3436.3067600000004,3460.94784,0.0075604070081329
2024-07-29,3404.3663,3408.5024,3388.8444,3390.742,3409.2931,10978778600,166697103823.1,-0.544133,-0.0054413332781507,3411.4701800000003,3456.5758050000004,0.0075135942880938
2024-07-30,3380.6893,3380.6893,3352.8043,3369.3821,3390.742,10495216400,165442824490.2,-0.629948,-0.006299476633728,3397.37102,3451.455625,0.0075978698906327
2024-07-31,3364.0268,3445.0042,3364.0268,3442.0844,3369.3821,17195917700,258249147336.4,2.157734,0.0215773390616635,3402.15464,3450.38914,0.0091716567448094
2024-08-01,3443.1397,3448.3361,3419.1872,3419.2666,3442.0844,13632346400,206038002517.7,-0.662906,-0.0066290646446671,3406.1536399999995,3449.06183,0.0092207771365484
2024-08-02,3393.9167,3419.1023,3380.9645,3384.3919,3419.2666,11661525500,179671192427.6,-1.019947,-0.0101994679209862,3401.1734000000006,3446.7284,0.0094459190402003
2024-08-05,3362.1117,3409.0314,3343.3205,3343.3205,3384.3919,14281251600,223631266563.2,-1.213553,-0.0121355331219178,3391.6891000000005,3443.8064050000003,0.00963645163709
2024-08-06,3367.3517,3376.7956,3318.6251,3342.9789,3343.3205,11934027900,181724693847.5,-0.010217,-0.000102173871754,3386.40846,3438.964795,0.0092176283242123
2024-08-07,3338.5909,3362.3839,3329.9658,3341.489,3342.9789,9508437700,145078975325.5,-0.044568,-0.0004456803481469,3366.28938,3434.59096,0.0092101959649876
2024-08-08,3332.4281,3364.7855,3320.8432,3342.9369,3341.489,9249569500,149482926226.5,0.043331,0.0004333098208613,3351.02344,3428.3293550000003,0.0087287501095981
2024-08-09,3358.128,3366.6688,3331.6274,3331.6274,3342.9369,9151162600,142852166559.2,-0.33831,-0.0033831030433151,3340.47054,3421.290655,0.0087055504407014
2024-08-12,3327.5561,3338.0771,3319.8908,3325.8645,3331.6274,7993875400,117544892726.5,-0.172976,-0.0017297552541438,3336.9793400000003,3413.771545,0.0086747774009838
2024-08-13,3328.0138,3335.014,3310.1909,3334.3903,3325.8645,8448967900,125259155343.0,0.256348,0.0025634838701336,3335.26162,3405.576925,0.0085194838066869
2024-08-14,3332.7866,3332.7866,3309.1,3309.2389,3334.3903,7874240700,118181952004.2,-0.754303,-0.0075430281811941,3328.8115999999995,3395.9596900000006,0.0085574504908093
2024-08-15,3301.4455,3356.7644,3297.9711,3341.953,3309.2389,10476639900,149249335425.5,0.988569,0.0098856870079704,3328.61482,3387.0107900000003,0.0088315018009058
2024-08-16,3342.0346,3356.9071,3335.6239,3345.634,3341.953,9651908300,135885323083.0,0.110145,0.0011014517559044,3331.41614,3377.34171,0.0086912137113091
2024-08-19,3344.2614,3375.9621,3343.7116,3356.9677,3345.634,10557111000,143421671337.3,0.338761,0.0033876090451017,3337.63678,3369.443850000001,0.0087407820559089
2024-08-20,3361.6394,3362.3338,3321.6397,3332.7034,3356.9677,10166833100,137910585091.6,-0.722804,-0.0072280409489791,3337.2994,3364.085125,0.007615327608304
2024-08-21,3322.9134,3339.443,3307.9917,3321.635,3332.7034,8995475100,130005992563.3,-0.332115,-0.003321147630479,3339.77862,3359.25856,0.0075460355307708
2024-08-22,3322.8723,3327.6962,3305.2453,3313.1357,3321.635,10036650400,147702791560.6,-0.255877,-0.0025587700033268,3334.01516,3354.9517650000003,0.0074896438401961
2024-08-23,3305.9307,3336.2414,3305.6403,3327.1905,3313.1357,8952577400,132680886499.7,0.424214,0.0042421443830387,3330.32646,3350.8466350000003,0.0075333351157804
2024-08-26,3330.7184,3336.5271,3311.5701,3324.2231,3327.1905,9399077200,139070603958.0,-0.089186,-0.0008918635707814,3323.77754,3347.52069,0.0074666395322619
2024-08-27,3315.686,3320.5667,3299.5635,3305.3338,3324.2231,9580815700,129755962864.4,-0.568232,-0.0056823201788112,3318.30362,3344.318275,0.0074446708618172
2024-08-28,3298.9089,3305.3496,3274.5881,3286.4956,3305.3338,9269665000,135982310964.6,-0.569933,-0.0056993336043699,3311.27574,3336.5388350000003,0.0052907268624726
2024-08-29,3273.541,3290.7857,3269.5288,3277.6812,3286.4956,13070233300,174340106392.6,-0.268201,-0.0026820057206223,3304.1848400000003,3329.459565,0.0051933396993964
2024-08-30,3273.7532,3351.6254,3273.6496,3321.4323,3277.6812,18869544300,268376041210.9,1.334819,0.0133481865167361,3303.0332000000003,3326.3115850000004,0.0058836895895993
2024-09-02,3307.5432,3307.7627,3264.7565,3265.011,3321.4323,14761235300,194409996348.3,-1.698704,-0.0169870389951949,3291.19078,3322.39611,0.0064436959380607
2024-09-03,3261.741,3281.5935,3261.1877,3273.4282,3265.011,12289730600,155089488535.3,0.2578,0.0025780005029079,3284.80966,3318.918575,0.0064946227809086
2024-09-04,3253.898,3272.9861,3249.9809,3252.1649,3273.4282,10483248200,140070063076.9,-0.649573,-0.0064957282398921,3277.94352,3314.45237,0.006605888872595
2024-09-05,3252.96,3266.882,3247.1725,3257.7578,3252.1649,9710945000,134618198893.7,0.171975,0.0017197467446989,3273.95884,3310.193415,0.0066302121324433
2024-09-06,3261.1542,3274.8144,3231.0685,3231.3457,3257.7578,8840041700,121541545905.7,-0.810745,-0.0081074473983302,3255.94152,3305.17933,0.0067916956929302
2024-09-09,3214.7996,3222.9278,3180.9277,3192.9516,3231.3457,10867306900,146516054460.5,-1.188177,-0.0118817680200542,3241.52964,3298.533685,0.0071777761410791
2024-09-10,3193.4557,3205.0972,3171.7932,3195.7552,3192.9516,9729007800,133610476131.5,0.087806,0.0008780590347814,3225.99504,3291.60193,0.007130963759828
2024-09-11,3187.0508,3197.3363,3174.0343,3186.1299,3195.7552,10248211000,141513837135.3,-0.30119,-0.0030119015373893,3212.78804,3285.44648,0.0070199430988233
2024-09-12,3189.4271,3201.5544,3171.8775,3172.4747,3186.1299,9286865700,136387244637.1,-0.428583,-0.0042858265132252,3195.73142,3276.972565,0.0064640776102965
2024-09-13,3174.0344,3188.9145,3159.247,3159.247,3172.4747,8833667700,137448911397.4,-0.416952,-0.0041695210366847,3181.31168,3267.6532150000003,0.0064133808276797
2024-09-18,3158.8179,3179.9012,3145.7908,3171.0102,3159.247,8472281400,123452147968.9,0.372342,0.0037234189033019,3176.9234,3258.35534,0.0064309652971531
2024-09-19,3178.3959,3213.8378,3149.7925,3196.0357,3171.0102,12543927200,181785109712.7,0.789196,0.0078919645228512,3176.9795000000004,3251.521955,0.0067661880078223
2024-09-20,3192.4322,3207.9875,3173.2238,3201.0497,3196.0357,11806409800,163985054956.9,0.156882,0.0015688185210196,3179.96346,3245.49269,0.0068068131334779
2024-09-23,3200.8678,3230.1613,3198.0248,3212.7639,3201.0497,9534485500,143876166860.9,0.365949,0.0036594870738808,3188.0213,3240.4741000000004,0.0069127312774979
2024-09-24,3244.6468,3351.9684,3222.4885,3351.909,3212.7639,20407221700,307879526847.5,4.331009,0.0433100919740787,3226.5537,3241.710025,0.0121562227347335
2024-09-25,3403.7021,3465.4882,3393.438,3401.533,3351.909,24156425500,356862584939.5,1.48047,0.0148046978602343,3272.65826,3245.57552,0.0125655743344212
2024-09-26,3399.3188,3545.3249,3391.6772,3545.3204,3401.533,24313401000,373983643044.8,4.227135,0.0422713523578928,3342.5152000000003,3257.57485,0.0154275755548387
2024-09-27,3617.9203,3708.4951,3596.5833,3703.6849,3545.3204,26548777400,466692757481.8,4.46686,0.044668600332991,3443.04224,3278.434315,0.0177605644562612
2024-09-30,3846.6515,4038.6968,3796.5045,4017.8545,3703.6849,51021770700,862528807419.2,8.482622,0.0848262226627323,3604.06036,3315.44298,0.024840665206724
2024-10-08,4450.3675,4450.3675,4094.3519,4256.0962,4017.8545,58986789400,1130387437130.1,5.929575,0.0592957510034273,3784.8978,3362.176175,0.0271351848092248
2024-10-09,4168.8436,4197.6,3942.5118,3955.9839,4256.0962,48226929500,1029032062193.4,-7.051351,-0.0705135142387053,3895.78798,3396.7248200000004,0.03236473238535
2024-10-10,3979.6116,4098.4967,3912.7708,3997.7879,3955.9839,39505309900,717952217512.6,1.056728,0.0105672826423786,3986.28148,3432.942805,0.0323157978065851
2024-10-11,3969.7576,3978.2389,3847.1228,3887.167,3997.7879,27409650500,484998267295.6,-2.767053,-0.0276705274934671,4022.9779,3464.69291,0.0332369047326845
2024-10-14,3915.2186,3979.5431,3868.779,3961.3424,3887.167,30757899300,534076602215.5,1.908212,0.01908212330471,4011.67548,3499.8721400000004,0.0332503637006758
2024-10-15,3942.5342,3967.8712,3855.9949,3855.9949,3961.3424,24248644800,434410916723.5,-2.659389,-0.0265938889806647,3931.65522,3531.1046,0.0340379524475958
2024-10-16,3806.1373,3877.7483,3805.0868,3831.589,3855.9949,21886640700,377301324426.4,-0.632934,-0.0063293392841365,3906.77624,3563.03647,0.0338773214054346
2024-10-17,3853.841,3882.0733,3787.7498,3788.2217,3831.589,21231382000,369170521634.5,-1.131836,-0.0113183590411184,3864.863,3592.659795,0.0341531071624363
2024-10-18,3780.3143,3998.214,3765.1615,3925.234,3788.2217,31295883400,620673701894.1,3.616797,0.0361679729568098,3872.4764,3629.615,0.0345439138478082
2024-10-21,3946.9016,3979.2638,3896.165,3935.1974,3925.234,29118563400,600109598949.1,0.253829,0.0025382945322496,3867.2474,3667.751135,0.0344179575935835
2024-10-22,3923.7443,3965.9084,3917.5218,3957.7755,3935.1974,22343339600,442881846813.7,0.573748,0.0057374758379338,3887.60352,3707.67756,0.0342531474485995
2024-10-23,3955.3191,4012.1795,3939.0986,3973.2089,3957.7755,24587394900,469120806272.1,0.389951,0.0038995137546331,3915.9275,3747.787495,0.0342509618299893
2024-10-24,3950.8987,3957.9832,3914.0887,3928.8334,3973.2089,17472406200,340486884485.3,-1.116868,-0.0111686803077482,3944.04984,3784.42738,0.0346312259513063
2024-10-25,3931.3205,3992.8918,3921.9396,3956.421,3928.8334,21069488500,412231378430.4,0.702183,0.0070218299406636,3950.28724,3822.195945,0.0345749824476843
2024-10-28,3953.1063,3964.1569,3917.2042,3964.1569,3956.421,21616041500,390450182338.0,0.195528,0.0019552772568944,3956.07914,3859.765595,0.0345966707056999
2024-10-29,3970.008,3991.3091,3921.5795,3924.649,3964.1569,21729398400,429625020404.8,-0.996628,-0.0099662805980258,3949.4538400000006,3888.402595,0.0340347996933234
2024-10-30,3904.1595,3926.0581,3864.3051,3889.4487,3924.649,21943662600,385010582233.2,-0.896903,-0.0089690313707034,3932.7018,3912.79838,0.0342163556321729
2024-10-31,3888.4229,3923.8997,3859.1079,3891.0396,3889.4487,30063671800,515533818945.0,0.040903,0.0004090296910201,3925.14304,3930.08434,0.0332290327375016
2024-11-01,3882.4579,3933.2204,3879.9588,3890.0203,3891.0396,30798648100,476472952028.3,-0.026196,-0.000261960839463,3911.8629,3939.40111,0.0319116460695993
2024-11-04,3897.7144,3944.7619,3891.2109,3944.7619,3890.0203,22923906000,381048606068.1,1.407232,0.0140723173089867,3907.9839,3935.74648,0.0256662144370175
2024-11-05,3937.6228,4046.6977,3925.4138,4044.5725,3944.7619,31686279400,580971852723.7,2.530206,0.0253020594221415,3931.9686,3925.170295,0.0224098449330627
2024-11-06,4051.2891,4091.7031,4002.5027,4024.2831,4044.5725,33580793800,639124093911.8,-0.501645,-0.0050164510587954,3958.93548,3928.585255,0.01569759571037
2024-11-07,3987.2665,4146.151,3984.6652,4145.6952,4024.2831,34143641400,658145920948.1,3.016987,0.0301698705043886,4009.8666,3935.98062,0.0168945214683214
2024-11-08,4192.0794,4200.908,4094.1631,4104.047,4145.6952,33235038500,688446559772.2,-1.004613,-0.010046131707898,4052.67194,3946.82462,0.0156843282095156
2024-11-11,4066.9336,4132.5111,4048.039,4131.1312,4104.047,28959422700,625605935910.0,0.659939,0.0065993883598312,4089.9458,3955.31406,0.0152459789749625
2024-11-12,4133.3528,4181.7096,4060.7936,4085.743,4131.1312,29777808600,660380524820.6,-1.098687,-0.0109868696496494,4098.1799,3966.801465,0.0140462909184076
2024-11-13,4059.5898,4121.0735,4059.5898,4110.8901,4085.743,24048409900,512734303119.4,0.615484,0.0061548413593315,4115.5013,3980.76652,0.0138868140583129
2024-11-14,4101.2228,4118.1686,4034.9441,4039.6191,4110.8901,23015278400,464157560755.1,-1.733712,-0.0173371212234546,4094.28608,3993.33639,0.0142869094268829
2024-11-15,4025.6482,4049.071,3968.8308,3968.8308,4039.6191,24739946300,474079686588.2,-1.752351,-0.0175235085902033,4067.24284,3995.51623,0.0127503442807715
2024-11-18,3982.1036,4034.0596,3931.1872,3950.3806,3968.8308,30677794600,472408054830.7,-0.464877,-0.0046487746466793,4031.09272,3996.27539,0.0127949082879011
2024-11-19,3954.6038,3979.1505,3896.7493,3976.8912,3950.3806,24294646500,402610970340.1,0.67109,0.0067108976790741,4009.32236,3997.231175,0.0128186309502251
2024-11-20,3966.1238,4001.0847,3958.3383,3985.7727,3976.8912,18459937200,347577693099.5,0.223328,0.002233277088395,3984.29888,3997.859365,0.0127995325156219
2024-11-21,3979.4554,3999.5693,3966.0658,3989.2979,3985.7727,16612592700,324235010779.0,0.088445,0.0008844458190002,3974.23464,4000.88259,0.0125149211724735
2024-11-22,3984.2435,3990.2647,3865.6989,3865.6989,3989.2979,21628580900,397566831847.8,-3.098264,-0.0309826448408377,3953.60826,3996.346485,0.0142864077176561
2024-11-25,3875.6126,3889.7069,3812.3179,3848.0909,3865.6989,19070295300,349006773180.1,-0.455493,-0.0045549331325313,3933.15032,3990.543185,0.014288199296946
2024-11-26,3836.259,3875.229,3833.2842,3840.1847,3848.0909,14989244100,264403254830.0,-0.205458,-0.0020545772450438,3905.80902,3986.319970000001,0.0141470210817246
2024-11-27,3829.3442,3907.164,3817.9125,3907.0447,3840.1847,17413609600,320632355477.0,1.741062,0.0174106209006041,3890.06342,3987.19977,0.0145870716580548
2024-11-28,3904.2525,3908.3918,3866.0136,3872.5505,3907.0447,15011729100,286432871223.5,-0.882872,-0.0088287190571431,3866.71394,3986.275315,0.0147298809152264
2024-11-29,3869.8903,3962.7002,3869.8903,3916.5832,3872.5505,18765671300,375262017919.2,1.137047,0.0113704650204045,3876.8908,3987.60346,0.0149525864787272
2024-12-02,3909.7029,3955.1252,3902.1697,3947.632,3916.5832,19728978400,368591235990.8,0.792752,0.007927522132046,3896.79902,3987.746965,0.0147191799758407
2024-12-03,3946.7034,3963.9474,3922.8425,3951.8912,3947.632,18249686700,327295048700.8,0.107893,0.0010789252898952,3919.14032,3983.1129,0.0134845050872118
2024-12-04,3948.13,3957.365,3917.7467,3930.5568,3951.8912,17462631800,312040419081.5,-0.539853,-0.0053985291902773,3923.84274,3978.426585,0.0134906567140893
2024-12-05,3916.5638,3936.3358,3910.0834,3921.5881,3930.5568,13853403800,257716297996.5,-0.228179,-0.0022817886768612,3933.65026,3967.22123,0.0113078313573366
2024-12-06,3923.8954,3995.1168,3923.8954,3973.1405,3921.5881,19205790700,351751735425.0,1.31458,0.0131457967245463,3944.96172,3960.675905,0.0116987132273405
2024-12-09,3970.6628,3995.5116,3948.4206,3966.5708,3973.1405,17595995800,308227216702.9,-0.165353,-0.0016535282354097,3948.74948,3952.447885,0.0115404631477269
2024-12-10,4094.05,4098.3804,3988.9676,3995.6369,3966.5708,25346379500,487278042807.0,0.732777,0.0073277653332193,3957.49862,3947.94258,0.0115136445531657
2024-12-11,3988.0179,4005.3253,3977.3522,3988.8308,3995.6369,17725284600,310713317895.4,-0.170338,-0.0017033830076,3969.15342,3941.839615,0.0113881989156214
2024-12-12,3987.1525,4031.7441,3981.3485,4028.5048,3988.8308,18162177700,333667518401.4,0.994627,0.0099462729780366,3990.53676,3941.2839,0.0110120800369603
2024-12-13,4000.9854,4000.9854,3931.7392,3933.1808,4028.5048,23035307900,421478609274.0,-2.366238,-0.0236623771678265,3982.54482,3939.5014,0.0115940635963568
2024-12-16,3930.7807,3938.7595,3901.6465,3911.8416,3933.1808,17851125100,327619081581.3,-0.542543,-0.0054254307353478,3971.59898,3937.57445,0.0116103794924939
2024-12-17,3908.1263,3955.945,3908.1263,3922.0334,3911.8416,16093909000,306037370846.7,0.260537,0.0026053713422342,3956.87828,3934.83156,0.0115134534602811
2024-12-18,3934.5425,3956.1441,3933.9693,3941.89,3922.0334,15773832100,276825381224.3,0.506283,0.0050628329682251,3947.49012,3932.637425,0.0115677561044284
2024-12-19,3911.8901,3954.3491,3899.7479,3945.4635,3941.89,16108104000,321771606933.4,0.090654,0.000906544830018,3930.88186,3930.445705,0.0115678952848373
2024-12-20,3937.4722,3958.6336,3923.2562,3927.7441,3945.4635,15498649600,332143276397.7,-0.449108,-0.0044910819730051,3929.79452,3933.547965,0.0091580537795163
2024-12-23,3928.1493,3965.8502,3928.1493,3933.5718,3927.7441,19006736200,354063425208.7,0.148373,0.0014837270075716,3934.14056,3937.82201,0.0090700735779233
2024-12-24,3934.9422,3985.8588,3934.7338,3983.6882,3933.5718,16149458900,310384873294.2,1.274069,0.0127406851960856,3946.47152,3944.997185,0.0093935412077211
2024-12-25,3987.9557,4007.7626,3969.4766,3985.6291,3983.6882,15939074700,299295145793.1,0.048721,0.0004872118254637,3955.219340000001,3948.926405,0.0086538353707856
2024-12-26,3981.7317,3991.5331,3965.5461,3987.4801,3985.6291,14342528600,305769929402.7,0.046442,0.0004644185280562,3963.62266,3954.672885,0.0083403278679795
2024-12-27,3987.0189,4007.1314,3970.9365,3981.0307,3987.4801,16926866600,345011075199.0,-0.161741,-0.0016174124605663,3974.27998,3957.89526,0.0080309571167225
2024-12-30,3976.7004,4005.778,3976.7004,3999.0549,3981.0307,16461248500,322699390191.8,0.452752,0.0045275209759121,3987.3766,3960.466405,0.0079082395975804
2024-12-31,3995.8705,4004.3462,3934.9109,3934.9109,3999.0549,18392839700,347880439530.4,-1.603979,-0.0160397898013353,3977.62114,3959.61739,0.0087446461118527
2025-01-02,3931.8155,3934.2034,3796.3389,3820.3952,3934.9109,21789872400,388636586639.3,-2.910249,-0.0291024886992993,3944.57436,3954.1093100000007,0.0108437470368466
2025-01-03,3825.2426,3835.9353,3767.6653,3775.1648,3820.3952,17534267600,304322755435.9,-1.183919,-0.0118391940184617,3902.1113,3946.788145,0.011094026672969
2025-01-06,3775.9902,3788.8489,3743.0727,3768.9697,3775.1648,15094667000,262803541116.2,-0.164101,-0.0016410144531968,3859.6991,3936.579605,0.0105205315617703
2025-01-07,3760.866,3797.602,3749.0581,3796.1055,3768.9697,14645577900,266855795347.4,0.719979,0.007199792558693,3819.10922,3928.05634,0.0107454707783746
2025-01-08,3781.261,3810.7355,3731.1887,3789.2153,3796.1055,16916696800,300965725432.7,-0.181507,-0.001815070734994,3789.9701,3917.73526,0.0105135314588401
2025-01-09,3780.7341,3795.2608,3768.681,3779.8773,3789.2153,12979400200,251486002819.8,-0.246436,-0.0024643624763153,3781.866520000001,3907.287585,0.0105115091880788
2025-01-10,3778.8928,3786.8069,3732.4806,3732.4806,3779.8773,13752317100,275354209064.3,-1.253922,-0.0125392165507595,3773.32968,3892.486375,0.0102954479182958
2025-01-13,3704.4442,3737.8852,3704.1073,3722.513,3732.4806,13644619900,247861953196.7,-0.26705,-0.0026705028286013,3764.03834,3881.952985,0.0091677144909857
2025-01-14,3728.5561,3826.6399,3718.8768,3820.5395,3722.513,17066465700,345461480063.6,2.633342,0.0263334204608554,3768.92514,3877.38788,0.0111979907088818
2025-01-15,3810.0353,3816.8284,3790.1655,3796.026,3820.5395,14147552000,278850595531.7,-0.641624,-0.0064162404288713,3770.28728,3871.08751,0.0112216882429708
2025-01-16,3812.1935,3842.947,3776.2861,3800.3836,3796.026,14450587100,305734630771.3,0.114794,0.001147937342895,3774.38854,3864.01219,0.0111336711031047
2025-01-17,3788.3729,3831.6404,3780.2133,3812.3429,3800.3836,12662196100,265437489593.6,0.314687,0.0031468665426299,3790.361,3857.35616,0.0111731879464878
2025-01-20,3835.3042,3858.6677,3821.9815,3829.6764,3812.3429,13958127700,292175449108.6,0.454668,0.004546679156274,3811.79368,3852.452775,0.0112350489860097
2025-01-21,3850.3563,3850.9106,3817.1214,3832.6145,3829.6764,14121840600,285073351693.4,0.076719,0.000767192758114,3814.2086800000006,3847.40491,0.0112271690464148
2025-01-22,3823.9447,3823.9447,3783.1438,3797.0166,3832.6145,13725506200,298745637551.4,-0.928815,-0.0092881504257733,3814.4068,3838.07133,0.0108579901640966
2025-01-23,3829.0462,3864.2585,3801.8531,3803.7439,3797.0166,18056955100,345198071113.9,0.177173,0.0017717331022466,3815.07886,3828.97707,0.0108793754016687
2025-01-24,3793.8498,3847.6003,3793.4836,3832.8637,3803.7439,14897172200,296474375469.1,0.765556,0.0076555627207184,3819.18302,3821.24625,0.0110914890504554
2025-01-27,3836.9578,3851.9969,3817.0802,3817.0802,3832.8637,14667077200,282940127540.6,-0.411794,-0.0041179392838832,3816.66378,3813.048725,0.0111020245260086
2025-02-05,3844.6998,3844.6998,3785.162,3795.0848,3817.0802,15716830800,346016202025.2,-0.576236,-0.0057623625513553,3809.15784,3802.85022,0.0110196839306157
2025-02-06,3789.6086,3843.4942,3788.3196,3842.8314,3795.0848,16728817600,371891971101.4,1.258117,0.0125811681467564,3818.3208,3798.246245,0.0110349182913335
2025-02-07,3844.0574,3919.3499,3833.8685,3892.7028,3842.8314,22185770700,487381557078.2,1.297777,0.0129777746689589,3836.11258,3801.861625,0.0092941860991888
2025-02-10,3898.1023,3906.3678,3878.8314,3901.0618,3892.7028,18890304000,384968342874.3,0.214735,0.0021473511925955,3849.7522,3808.156475,0.0087915691455717
2025-02-11,3905.1594,3905.1594,3872.9087,3883.1352,3901.0618,16657490900,337866056115.9,-0.459531,-0.0045953129991428,3862.9632,3813.86475,0.0088746963200299
2025-02-12,3875.9596,3920.7229,3867.3538,3919.8617,3883.1352,16422854000,354830596297.9,0.945795,0.0094579503695879,3887.91858,3820.05256,0.0089645322154996
2025-02-13,3913.9044,3939.1978,3904.9845,3905.1398,3919.8617,17248587400,376473453306.6,-0.375572,-0.003755719238768,3900.38026,3825.8487850000006,0.0090142997464252
2025-02-14,3900.8274,3942.0356,3900.8274,3939.0085,3905.1398,17297645200,360974236854.4,0.867285,0.0086728521217089,3909.6414,3833.805345,0.009097128725095
2025-02-17,3954.4147,3955.8959,3921.7017,3947.3983,3939.0085,21358824600,430929575563.2,0.212993,0.0021299268584975,3918.9087,3844.55123,0.0084206599598613
2025-02-18,3942.5761,3965.4232,3901.8675,3912.7829,3947.3983,20942510100,400186229940.7,-0.876917,-0.0087691682899087,3924.83824,3854.064725,0.0087351306855419
2025-02-19,3906.2201,3943.6742,3904.1455,3940.1602,3912.7829,18282951700,363680372562.7,0.699689,0.0069968870493681,3928.89794,3860.04576,0.0068228092103169
2025-02-20,3934.6503,3940.678,3916.1772,3928.8959,3940.1602,16389523600,325972429362.6,-0.285884,-0.0028588431505905,3933.64916,3866.689255,0.0066479241050894
2025-02-21,3938.0518,3981.048,3927.7874,3978.444,3928.8959,22740033000,504645493577.1,1.26112,0.0126112020427926,3941.53626,3875.592275,0.007074435538045
2025-02-24,3972.4831,3995.9456,3949.2309,3969.7169,3978.444,22081061800,455088749684.5,-0.21936,-0.002193596290409,3945.99998,3883.460975,0.0071418812762074
2025-02-25,3933.636,3955.4336,3915.6527,3925.6505,3969.7169,17810858000,377981451250.4,-1.110064,-0.0111006404512119,3948.5735,3888.25968,0.0076898705684565
2025-02-26,3931.842,3960.3298,3925.3664,3959.9413,3925.6505,19106250100,386458193762.6,0.873506,0.0087350618706376,3952.52972,3894.6260200000006,0.0078670048406295
2025-02-27,3961.0635,3973.9323,3933.4611,3968.1159,3959.9413,20288796300,428272792667.6,0.206432,0.0020643235292401,3960.37372,3903.180985,0.0074326959014596
2025-02-28,3950.1866,3972.4813,3886.3994,3890.0487,3968.1159,19810414700,420308043450.1,-1.967362,-0.0196736189081573,3942.69466,3907.496225,0.0089039351045428
2025-03-03,3899.6962,3930.0048,3872.5872,3888.4738,3890.0487,17762316600,356057735014.0,-0.040485,-0.0004048535433501,3926.44604,3910.27673,0.0087759580895749
2025-03-04,3865.9939,3890.4235,3855.7254,3885.2208,3888.4738,14985096700,297739246802.3,-0.083658,-0.0008365750079118,3918.3601,3913.68376,0.0087104494005579
2025-03-05,3887.7992,3906.4214,3877.0188,3902.5706,3885.2208,15865275100,290860484504.9,0.446559,0.0044655891886504,3906.885960000001,3919.058050000001,0.0085969057466149
2025-03-06,3923.3827,3964.4942,3917.0833,3956.2369,3902.5706,19396091500,397419427642.7,1.375153,0.0137515257251208,3904.51016,3924.728325,0.0086803646556604
2025-03-07,3944.9145,3967.0743,3935.0464,3944.0143,3956.2369,16673237500,340626700285.5,-0.308945,-0.0030894509881347,3915.30328,3927.2939,0.0082963404535507
2025-03-10,3945.5795,3949.1448,3905.127,3928.8018,3944.0143,15276523200,292574987480.9,-0.385711,-0.0038571107614897,3923.36888,3928.6809,0.0083492155749885
2025-03-11,3890.4305,3941.4157,3889.4298,3941.4157,3928.8018,14475440200,287480453119.8,0.321062,0.0032106226381793,3934.60786,3931.594925,0.008286238570027
2025-03-12,3946.8623,3953.6125,3921.4736,3927.2315,3941.4157,15673219000,309627267364.8,-0.359876,-0.0035987576748122,3939.54004,3931.963415,0.008078102580774
2025-03-13,3925.7439,3939.2854,3897.3758,3911.5793,3927.2315,15653644300,295173112579.6,-0.398556,-0.0039855557279981,3930.60852,3932.28539,0.0080840750610367
2025-03-14,3919.6159,4014.1586,3919.6159,4006.5567,3911.5793,21613900300,450895278803.0,2.428109,0.024281087692636,3943.117,3935.6628,0.0095705753500863
2025-03-17,4020.6402,4021.7278,3992.2563,3996.7876,4006.5567,16220291100,318904417418.3,-0.243828,-0.0024382782352736,3956.71416,3938.132265,0.0095940074171899
2025-03-18,4011.7794,4016.873,3995.9602,4007.7229,3996.7876,14020849600,292739319544.6,0.273602,0.0027360222995087,3969.9756,3942.879265,0.0093400957568404
2025-03-19,4004.8251,4025.299,3989.512,4010.168,4007.7229,14441942800,286075300795.3,0.06101,0.0006100970703337,3986.5629,3946.379655,0.0092415977988606
2025-03-20,4011.0588,4012.0416,3969.9259,3974.9918,4010.168,13375467000,260020676825.8,-0.877175,-0.0087717522058926,3999.2454,3948.6844500000007,0.0094608735909598
2025-03-21,3966.5146,3983.1476,3904.7674,3914.6956,3974.9918,16590529400,309348613935.4,-1.516889,-0.0151688866377032,3980.87318,3945.49703,0.0096460742581431
2025-03-24,3916.1136,3938.1826,3907.1999,3934.8486,3914.6956,15223467400,266051442612.7,0.514804,0.0051480375638912,3968.485380000001,3943.753615,0.0097281211684099
2025-03-25,3937.8975,3946.3574,3921.5287,3932.2951,3934.8486,14047539900,239246310985.8,-0.064894,-0.000648944917474,3953.39982,3944.085845,0.0093979462986109
2025-03-26,3930.2073,3942.026,3916.8607,3919.3566,3932.2951,13116418700,220943164486.2,-0.329032,-0.0032903176569835,3935.23754,3942.05661,0.0092008054903358
2025-03-27,3911.3841,3952.9852,3903.652,3932.4117,3919.3566,12679373800,232173613774.0,0.333093,0.0033309293673353,3926.72152,3940.2714,0.0092235337612246
2025-03-28,3930.7763,3934.2336,3907.384,3915.1662,3932.4117,12635621400,213379194289.3,-0.438548,-0.004385476729204,3926.81564,3941.527275,0.0081093679391162
2025-03-31,3905.9815,3928.4482,3872.403,3887.3056,3915.1662,16679852300,268480316572.3,-0.711607,-0.0071160708324463,3917.3070400000006,3941.468865,0.0082794431527702
2025-04-01,3892.7794,3905.2622,3882.4045,3887.6841,3887.3056,14038027400,246041674670.2,0.009737,9.736821308825584e-05,3908.38484,3941.59203,0.0082770069177221
2025-04-02,3884.4181,3900.4949,3877.1599,3884.3858,3887.6841,11304317500,198267515342.4,-0.08484,-0.0008483971215664,3901.39068,3940.68279,0.0082133234037775
2025-04-03,3843.4177,3883.7025,3843.4177,3861.5034,3884.3858,14259978900,263684681545.1,-0.589087,-0.0058908669679514,3887.20902,3935.946115,0.007609202309434
2025-04-07,3675.2017,3707.7771,3514.1165,3589.4406,3861.5034,31257858600,512971787744.6,-7.045515,-0.0704551496704626,3822.0639,3918.21743,0.0172719467673891
2025-04-08,3597.9859,3650.759,3583.8746,3650.759,3589.4406,28019731200,464021087837.5,1.7083,0.0170829961638034,3774.75458,3904.31529,0.017938126807472
2025-04-09,3606.1036,3686.7943,3587.3368,3686.7943,3650.759,26230570800,455031069289.8,0.987063,0.0098706323808281,3734.57662,3891.58422,0.0181301471862737
2025-04-10,3749.1262,3756.1386,3708.8194,3735.1151,3686.7943,22725222700,403842564855.5,1.310645,0.013106454027012,3704.72248,3881.9784,0.0184906767200526
2025-04-11,3730.3148,3762.3653,3708.4617,3750.5167,3735.1151,16875969100,318535141904.4,0.412346,0.0041234606130344,3682.52514,3873.9252700000006,0.0185414559816997
2025-04-14,3772.0407,3776.6344,3754.033,3759.1422,3750.5167,16446240300,292571297039.1,0.229982,0.0022998164492906,3716.46546,3861.554545,0.0175297914116495
2025-04-15,3756.4788,3764.486,3737.8495,3761.2348,3759.1422,13400604000,228604621375.8,0.055667,0.0005566695508354,3738.56062,3849.776905,0.0175478986953634
2025-04-16,3757.8757,3775.1661,3721.6025,3772.8204,3761.2348,15635900600,261711094768.5,0.308027,0.0030802650236034,3755.76584,3838.03178,0.0175538656890068
2025-04-17,3755.0862,3779.1253,3749.504,3772.2221,3772.8204,12237100200,209012323066.2,-0.015858,-0.0001585816276863,3763.18724,3826.134485,0.0175467001572532
2025-04-18,3760.0425,3782.0443,3754.4072,3772.523,3772.2221,10294850900,173109384097.2,0.007977,7.976730744463367e-05,3767.5885,3816.011045,0.0175024277761849
2025-04-21,3768.1421,3790.1782,3763.1383,3784.8806,3772.523,12135573000,208085677382.1,0.327569,0.0032756857943609,3772.73618,3809.520295,0.0172820434420733
2025-04-22,3780.1122,3799.2295,3778.0791,3783.9522,3784.8806,12568825700,210200698793.7,-0.024529,-0.0002452917537213,3777.27966,3801.975475,0.0172141846937481
2025-04-23,3803.4295,3807.9536,3780.5183,3786.8824,3783.9522,13198687000,247117386122.1,0.077438,0.0007743755325448,3780.09206,3794.70484,0.0172221634293319
2025-04-24,3787.459,3807.2599,3775.207,3784.3574,3786.8824,11716456000,205483051375.0,-0.066678,-0.0006667753928667,3782.51912,3787.95488,0.0172196894197885
2025-04-25,3792.0838,3801.5765,3780.7772,3786.9937,3784.3574,12459113300,220535052619.3,0.069663,0.0006966308203342,3785.41326,3780.68398,0.0171900010885006
2025-04-28,3786.3867,3792.0082,3772.8029,3781.6188,3786.9937,12514509100,210635318523.2,-0.141931,-0.0014193052394039,3784.7609,3774.00661,0.0171787322751533
2025-04-29,3776.0025,3785.3157,3768.0311,3775.0767,3781.6188,11151469400,197462744362.5,-0.172997,-0.0017299734177331,3782.9858,3768.395165,0.0171296543613639
2025-04-30,3775.8306,3787.5639,3768.7573,3770.5705,3775.0767,14368165800,244820462217.6,-0.119367,-0.0011936711113711,3779.72342,3762.539485,0.017126470193164
2025-05-06,3794.3757,3809.0939,3782.777,3808.5424,3770.5705,15852045900,267937090757.4,1.00706,0.0100705980699737,3784.56042,3758.747315000001,0.0173173823600643
2025-05-07,3861.5767,3863.6776,3814.9868,3831.627,3808.5424,16117229900,286010735453.4,0.606127,0.0060612690041208,3793.48708,3757.253495,0.0173400168090147
2025-05-08,3820.5481,3867.3313,3816.2642,3852.8963,3831.627,12495983300,246987280587.7,0.555098,0.0055509839553797,3807.74258,3770.42628,0.0052680470417738
2025-05-09,3848.6187,3853.6632,3836.5349,3846.1566,3852.8963,11938952600,216697939671.7,-0.174926,-0.0017492554886566,3821.95856,3780.19616,0.004321965316351
2025-05-12,3866.5305,3890.7342,3859.0346,3890.6096,3846.1566,15333246000,296122947807.8,1.155777,0.0115577717246353,3845.96638,3790.386925,0.0044843635474206
2025-05-13,3915.5924,3915.5924,3890.6855,3896.2583,3890.6096,14732029900,267586397719.9,0.145188,0.0014518804456762,3863.50956,3798.444085,0.0037601476634602
2025-05-14,3894.8386,3960.5228,3890.6504,3943.2108,3896.2583,17203377900,319465226850.5,1.205066,0.0120506640948316,3885.82632,3808.07879,0.0043533699490453
2025-05-15,3934.0273,3936.4653,3904.9068,3907.1992,3943.2108,13808174900,241464943553.6,-0.913256,-0.0091325576608787,3896.6869,3815.48164,0.0050742843049132
2025-05-16,3898.6662,3903.8528,3874.8619,3889.0854,3907.1992,11840534500,208835664039.2,-0.463601,-0.0046360062727285,3905.27266,3821.87417,0.0052778516392463
2025-05-19,3882.5677,3885.5889,3866.5695,3877.1453,3889.0854,9864341400,184888170553.8,-0.307016,-0.0030701562891881,3902.5798,3827.090415,0.0053706971295729
2025-05-20,3883.1024,3911.4737,3881.7436,3898.1705,3877.1453,10488523400,201636702521.8,0.542286,0.0054228558315831,3902.96224,3833.387835,0.0054312983057695
2025-05-21,3899.4365,3928.6339,3899.4365,3916.3807,3898.1705,10979134300,217037739435.0,0.467147,0.0046714734514563,3897.59622,3840.58072,0.0054580788305434
2025-05-22,3912.6007,3923.0195,3903.0898,3913.8651,3916.3807,10759705200,197511410270.8,-0.064233,-0.0006423277491894,3898.9294,3847.029945,0.005475898597933
2025-05-23,3910.3739,3931.5514,3882.2741,3882.2741,3913.8651,12027741900,232945378294.8,-0.807156,-0.0080715607699406,3897.56714,3851.94604,0.0058858535896208
2025-05-26,3875.7891,3884.537,3849.0384,3860.1067,3882.2741,10960120700,208876792148.9,-0.57099,-0.005709900802728,3894.15942,3855.607255,0.0060913239073784
2025-05-27,3857.6271,3865.4291,3834.8455,3839.3969,3860.1067,9857242500,178466763540.9,-0.536508,-0.005365084856333,3882.4047,3858.35923,0.0062466150549538
2025-05-28,3843.0747,3849.736,3833.9582,3836.2366,3839.3969,8903102600,162496372727.5,-0.082312,-0.0008231240693037,3866.375880000001,3860.821375,0.006256415502843
2025-05-29,3838.0092,3869.7909,3831.4577,3858.6998,3836.2366,10847188600,209459602501.2,0.585553,0.0058555303914258,3855.34282,3864.675425,0.0063397950649382
2025-05-30,3850.493,3858.6128,3829.2542,3840.2323,3858.6998,11167222800,199389751071.1,-0.478594,-0.0047859385174249,3846.93446,3867.933205,0.006445718369253
2025-06-03,3833.4584,3863.2952,3832.7202,3852.0127,3840.2323,13140309000,226782772062.7,0.306763,0.0030676269245482,3845.31566,3872.005315,0.0064441445131017
2025-06-04,3855.4878,3875.8569,3855.4878,3868.7429,3852.0127,11680387300,211736178154.1,0.434324,0.0043432359400061,3851.18486,3875.01534,0.0061442774987126
2025-06-05,3872.6373,3883.1345,3861.272,3877.5557,3868.7429,12287818400,231749275334.6,0.227795,0.0022779492532314,3859.44868,3877.311775,0.0060310442745341
2025-06-06,3878.1027,3889.4557,3869.3871,3873.9841,3877.5557,11098797100,202034736310.9,-0.09211,-0.000921095730488,3862.50554,3878.366165,0.0059248557901368
2025-06-09,3877.7977,3894.6517,3871.9917,3885.2459,3873.9841,13630629300,262023668465.5,0.290703,0.0029070330980449,3871.50826,3880.3206300000006,0.005932002364852
2025-06-10,3887.5512,3897.4573,3850.4663,3865.4652,3885.2459,14556385900,263647551794.8,-0.509124,-0.0050912350232451,3874.19876,3879.06341,0.0054505375581617
2025-06-11,3870.6719,3911.6107,3870.6719,3894.6252,3865.4652,14241477200,257217704405.4,0.754372,0.0075437233272723,3879.37522,3878.9817550000007,0.005717841437874
2025-06-12,3885.5196,3900.0408,3870.3838,3892.1992,3894.6252,13399869700,260239581458.0,-0.062291,-0.0006229097475155,3882.30392,3876.431175,0.0049639809563697
2025-06-13,3881.4923,3889.1602,3853.8186,3864.1822,3892.1992,17253953600,309172346179.9,-0.719824,-0.0071982441186463,3880.34354,3874.2803250000006,0.0048061232469285
2025-06-16,3853.6193,3876.1704,3853.6193,3873.7951,3864.1822,13734183500,246860982863.3,0.248769,0.0024876932562858,3878.05338,3873.51581,0.0047504249208395
2025-06-17,3875.1768,3880.4156,3860.409,3870.3786,3873.7951,12234252600,220399818948.5,-0.088195,-0.0008819516551094,3879.03606,3873.177475,0.004705493743206
2025-06-18,3871.6502,3881.346,3854.6575,3874.9708,3870.3786,12752862100,230553858263.6,0.11865,0.0011864989125354,3875.10518,3872.01749,0.0045372378757784
2025-06-19,3870.049,3872.9425,3834.9512,3843.0912,3874.9708,13028065800,234840180805.5,-0.822706,-0.0082270555432315,3865.28358,3868.353015,0.004708566569713
2025-06-20,3839.7833,3856.4799,3839.7833,3846.6443,3843.0912,11815102000,213522822874.5,0.092454,0.0009245422018608,3861.776,3864.991975,0.0047266676109704
2025-06-23,3831.1703,3867.5896,3827.0829,3857.9016,3846.6443,13380089200,232482215850.4,0.292652,0.0029265248154086,3858.5973,3863.77335,0.0044760434073677
2025-06-24,3862.3876,3914.1579,3862.3876,3904.0342,3857.9016,16365618800,294228720612.5,1.195795,0.0119579514417889,3865.32842,3865.969725,0.0050587840462436
2025-06-25,3907.0682,3963.0371,3902.1771,3960.0662,3904.0342,18721367100,361727254624.0,1.435233,0.0143523332864246,3882.3475,3872.00319,0.0057179518879561
2025-06-26,3953.1603,3964.482,3945.2589,3946.0195,3960.0662,16531626300,328102847495.6,-0.354709,-0.0035470871673812,3902.93316,3877.492335,0.0058095117365468
2025-06-27,3949.7879,3969.2626,3918.2041,3921.7578,3946.0195,19455791300,343468229813.8,-0.61484,-0.0061483984050256,3917.95586,3880.645235,0.0059464554958634
2025-06-30,3920.3149,3940.3611,3911.6044,3936.0791,3921.7578,14517023600,288821434921.4,0.365176,0.003651755342974,3933.59136,3885.437575000001,0.0058253136761217
2025-07-01,3935.9078,3946.2451,3924.7219,3942.762,3936.0791,12895936200,236070338399.4,0.169786,0.0016978571391006,3941.33692,3889.97504,0.0058108464019672
2025-07-02,3943.3232,3952.1378,3929.6956,3943.6849,3942.762,14706306200,246637847453.8,0.023407,0.0002340744888988,3938.06066,3893.72214,0.0057656199387308
2025-07-03,3949.3998,3971.616,3945.138,3968.0676,3943.6849,14100400600,269609569538.7,0.618272,0.0061827201255353,3942.47028,3898.247735,0.0058770808804073
2025-07-04,3967.4637,4013.8478,3958.3762,3982.2034,3968.0676,15719713300,290512992198.0,0.356239,0.0035623889068825,3954.5594,3903.6587,0.0058785993284826
2025-07-07,3977.2881,3979.7481,3956.5663,3965.1746,3982.2034,13113527300,225106992875.9,-0.427623,-0.0042762255689903,3960.3785,3907.655135,0.0059995437717043
2025-07-08,3965.426,4002.269,3965.426,3998.4527,3965.1746,15640289500,292089834223.8,0.839259,0.008392593859549,3971.51664,3914.30451,0.0060323189537799
2025-07-09,3997.5044,4016.7434,3987.4267,3991.4006,3998.4527,17329379600,305398796562.7,-0.176371,-0.0017637072460554,3981.05978,3919.1432799999993,0.0059164816059334
2025-07-10,3993.4196,4032.9829,3992.5242,4010.0243,3991.4006,20977890400,347836703626.3,0.466596,0.0046659561057338,3989.45112,3925.034535,0.0059467379762566
2025-07-11,4011.4652,4065.9419,4010.1052,4014.807,4010.0243,26205277300,443780794880.4,0.119269,0.0011926860393338,3995.97184,3932.565775,0.0055851002101491
2025-07-14,4021.2135,4034.9198,4017.6678,4017.6678,4014.807,20791717500,321415945157.1,0.071256,0.0007125622726074,4006.47048,3939.75941,0.0055898498235599
2025-07-15,4023.9896,4042.6574,3994.2628,4019.0644,4017.6678,19104293100,353524574440.9,0.034761,0.0003476146036762,4010.59282,3947.1937,0.0055650464181883
2025-07-16,4019.3925,4027.8567,3993.9209,4007.2019,4019.0644,15102730800,300656795664.6,-0.295156,-0.0029515575814113,4013.75308,3953.805255,0.0056689738705399
2025-07-17,4005.067,4034.5935,4005.067,4034.491,4007.2019,16124904100,325516865722.7,0.681001,0.0068100137405104,4018.64642,3963.375245,0.0052667641590549
2025-07-18,4039.8712,4064.6378,4039.3181,4058.5486,4034.491,18621106300,354244444629.7,0.596298,0.0059629826910012,4027.39474,3973.970460000001,0.00531046638772
2025-07-21,4069.7685,4086.1171,4063.4427,4085.6072,4058.5486,22326847600,377938564877.6,0.666706,0.0066670631959415,4040.98262,3985.35574,0.005384287730012
2025-07-22,4087.3354,4119.2021,4068.3383,4118.9582,4085.6072,25759698500,450874014479.4,0.816305,0.0081630461195585,4060.96138,3996.10194,0.0051074823750991
2025-07-23,4129.1476,4155.6783,4113.9085,4119.7685,4118.9582,30050615400,470330899420.8,0.019672,0.0001967245018412,4083.4747,4004.087055,0.0043284999334847
2025-07-24,4116.8312,4152.4265,4111.8849,4149.0368,4119.7685,31963239200,487000043884.1,0.710436,0.0071043554995868,4106.38386,4014.237920000001,0.0042664971003797
2025-07-25,4145.3195,4150.4994,4117.8005,4127.1634,4149.0368,27359496300,430445513470.9,-0.527192,-0.005271922389312,4120.10682,4024.5081999999993,0.0041763183914003
2025-07-28,4128.1993,4146.12,4112.9677,4135.8242,4127.1634,22275981500,406792873973.3,0.209849,0.0020984873048641,4130.15022,4034.4954549999993,0.0041694634365829
2025-07-29,4132.6833,4153.3307,4117.5772,4152.0247,4135.8242,23080788000,428764310973.8,0.391712,0.0039171152390857,4136.76352,4044.9585900000006,0.0041768978420177
2025-07-30,4148.9405,4185.2064,4127.4301,4151.2379,4152.0247,24985304800,445168467668.0,-0.01895,-0.0001894979092971,4143.0574,4055.33624,0.0041905627955775
2025-07-31,4141.5612,4141.8243,4063.6662,4075.5912,4151.2379,26708740600,492142571738.8,-1.822268,-0.0182226848526315,4128.368280000001,4060.71242,0.0061706413677613
2025-08-01,4069.9254,4085.3543,4040.462,4054.9286,4075.5912,19622182600,359685164163.4,-0.506984,-0.0050698411558057,4113.92132,4064.34868,0.0063085375087791
2025-08-04,4037.9378,4070.7023,4037.9378,4070.7023,4054.9286,16227590200,295976826632.4,0.389001,0.0038900068425371,4100.89694,4069.625065,0.0062178479951516
2025-08-05,4080.3877,4106.2969,4075.5836,4103.45,4070.7023,17885199900,306934255765.6,0.804473,0.0080447297754984,4091.182,4074.87493,0.0061975129237977
2025-08-06,4100.4283,4116.7085,4098.3544,4113.4852,4103.45,17667615500,307674626124.8,0.244555,0.0024455519136337,4083.63146,4080.97916,0.0061588030234843
2025-08-07,4120.2822,4129.7382,4094.8214,4114.666,4113.4852,19864190200,358108366983.7,0.028706,0.0002870558522978,4091.44642,4086.211245,0.006118996586331
2025-08-08,4109.2734,4122.2104,4097.4157,4104.9669,4114.666,17317120100,308507687634.7,-0.23572,-0.0023572022613742,4101.45408,4090.71924,0.0061737199186579
2025-08-11,4110.2939,4134.2462,4103.605,4122.5106,4104.9669,19044371600,360685826235.0,0.427377,0.0042737738031455,4111.81574,4095.96138,0.0062123051327753
2025-08-12,4123.5762,4153.2948,4121.2243,4143.8252,4122.5106,17728782300,383088423330.0,0.51703,0.0051702959841997,4119.89078,4102.19942,0.0062664557454009
2025-08-13,4150.5037,4186.748,4147.1991,4176.5776,4143.8252,21393499900,462776745465.3,0.79039,0.0079039048268734,4132.509260000001,4110.668205,0.0063260161071298
2025-08-14,4179.965,4220.3109,4165.9376,4173.3131,4176.5776,22110359500,485075642622.0,-0.078162,-0.0007816208179632,4144.23868,4117.609310000001,0.006255335975663
2025-08-15,4162.4205,4214.7291,4157.495,4202.3533,4173.3131,26132756600,518686873500.8,0.695855,0.0069585481137275,4163.71596,4124.799545,0.0062947846212253
2025-08-18,4218.2471,4272.9602,4203.4191,4239.4125,4202.3533,30147910200,635365867184.5,0.881868,0.0088186778584276,4187.09634,4132.48981,0.0064005351173397
2025-08-19,4241.7651,4264.2303,4215.2075,4223.3741,4239.4125,25081877100,553536203259.6,-0.378317,-0.0037831657098714,4203.00612,4137.710605,0.0063393753450617
2025-08-20,4208.4005,4272.1463,4190.5559,4271.3958,4223.3741,24648177300,538815306146.9,1.137046,0.0113704585156215,4221.96976,4145.29197,0.0067205632628221
2025-08-21,4284.3712,4308.4472,4273.6523,4288.0707,4271.3958,25903001400,558521268967.4,0.390385,0.0039038526937729,4244.9212800000005,4152.243665,0.0066258090579791
2025-08-22,4287.3633,4378.3881,4287.3633,4377.9977,4288.0707,29043489700,675935075408.9,2.097144,0.0209714359420425,4280.050160000001,4164.78538,0.0076915124025536
2025-08-25,4416.2924,4472.6525,4404.7761,4469.2217,4377.9977,35809000600,823681964472.7,2.083692,0.0208369227786484,4326.012,4181.455255,0.008658645223548
2025-08-26,4453.3526,4476.803,4435.5275,4452.5905,4469.2217,27062139500,627950450229.2,-0.372127,-0.003721274332844,4371.85528,4196.483545,0.0088256012074423
2025-08-27,4458.8399,4494.9126,4386.1266,4386.1266,4452.5905,33313389800,785098482973.5,-1.492702,-0.0149270183278701,4394.80144,4208.227980000001,0.0097227935901261
2025-08-28,4378.0351,4464.8028,4364.171,4463.782,4386.1266,29683453600,739423602221.4,1.770478,0.0177047785168811,4429.9437,4227.63752,0.0089199274983823
2025-08-29,4455.8034,4516.8395,4452.3632,4496.7591,4463.782,35193894700,831194066157.9,0.73877,0.0073877039694143,4453.69598,4249.729045,0.0086399253014394
2025-09-01,4516.8787,4528.1342,4487.5304,4523.7111,4496.7591,32036670800,770378288126.9,0.599365,0.0059936499600345,4464.593859999999,4272.379485,0.0086356872929561
2025-09-02,4521.9828,4548.8937,4454.4169,4490.4528,4523.7111,30393256600,777999297964.1,-0.735199,-0.0073519946930299,4472.16632,4291.729625000001,0.0090565031714257
2025-09-03,4501.3388,4510.7303,4427.5176,4459.8296,4490.4528,25432021700,655697116709.1,-0.681962,-0.0068196240699823,4486.906919999999,4309.046845,0.0094005287854092
2025-09-04,4461.2503,4465.4967,4327.5068,4365.2085,4459.8296,30793460900,773124596998.1,-2.12163,-0.0212163038695469,4467.19222,4321.57397,0.0109591106030616
2025-09-05,4365.6083,4466.5603,4350.2974,4460.3249,4365.2085,24962565700,664166970946.5,2.178966,0.0217896579281378,4459.905379999999,4339.34187,0.0116445768634965
2025-09-08,4467.1693,4482.763,4438.0698,4467.5733,4460.3249,26763838200,683630879769.1,0.162508,0.0016250834104036,4448.677819999999,4356.595005,0.0116590354673314
2025-09-09,4448.739,4472.093,4412.6914,4436.2584,4467.5733,22137546000,562861103958.4,-0.700938,-0.0070093757611096,4437.83894,4371.216665,0.0119150111159182
2025-09-10,4438.2998,4466.6325,4414.5937,4445.3649,4436.2584,20359764600,535539349489.1,0.205274,0.0020527433658958,4434.946,4384.65603,0.0118724989632794
2025-09-11,4438.839,4548.0345,4427.9242,4548.0345,4445.3649,25326405100,693156671397.7,2.309588,0.0230958767861779,4471.5112,4403.392099999999,0.0126285481276222
2025-09-12,4544.5905,4564.6665,4517.7897,4521.998,4548.0345,26644200300,689576075691.4,-0.572478,-0.0057247806717385,4483.8458200000005,4419.374335,0.0128096200251729
2025-09-15,4534.8866,4566.9053,4522.4958,4533.0557,4521.998,23188567800,613314652419.1,0.244531,0.0024453128904524,4496.9423,4434.056495,0.0127560490185157
2025-09-16,4539.9217,4552.419,4494.7875,4523.3367,4533.0557,24926920600,613728334805.9,-0.214403,-0.0021440283647959,4514.357959999999,4449.054625,0.0127124487574413
2025-09-17,4517.2855,4556.0296,4503.7959,4551.023,4523.3367,23571647200,608454200521.1,0.612077,0.0061207692100391,4535.48958,4463.035985,0.012595331578747
2025-09-18,4546.0319,4573.8331,4454.9886,4498.109,4551.023,30985982600,839987127411.0,-1.162684,-0.0116268364277657,4525.50448,4473.5379,0.0130243872247231
2025-09-19,4499.0906,4533.0919,4491.8437,4501.9195,4498.109,22504400000,603887059817.1,0.084713,0.0008471337622097,4521.48878,4479.73399,0.0122760061211508
2025-09-22,4512.0251,4523.8695,4487.1299,4522.608,4501.9195,19645995600,563149164266.0,0.459548,0.0045954842151221,4519.399240000001,4482.403305,0.0114357251075973
2025-09-23,4536.7569,4560.7319,4459.7281,4519.7781,4522.608,25282706200,680513630695.8,-0.062572,-0.000625723034143,4518.687520000001,4485.762685,0.0113942378541823
2025-09-24,4495.2659,4567.4948,4494.1133,4566.0708,4519.7781,22048260800,629161495484.1,1.024225,0.010242250609604,4521.69708,4494.759895,0.0109456840480674
2025-09-25,4563.9827,4613.9486,4558.8424,4593.4875,4566.0708,22982333300,669866986618.6,0.600444,0.0060044404042092,4540.772780000001,4501.24517,0.0103631921826537
2025-09-26,4576.9142,4597.8472,4550.0487,4550.0487,4593.4875,20848211400,598723903173.9,-0.945661,-0.00945660568359,4550.398620000001,4503.9096500000005,0.0105410932989308
2025-09-29,4555.0342,4647.5691,4541.4252,4620.0528,4550.0487,27435887700,693395231241.2,1.538535,0.0153853518095312,4569.8875800000005,4508.726735,0.0109916165861262
2025-09-30,4629.8987,4647.5031,4616.2243,4640.6935,4620.0528,24798035900,664624101862.0,0.446763,0.004467632924022,4594.070659999999,4516.23877,0.0108291666468411
2025-10-09,4662.1133,4726.3449,4651.9895,4709.482,4640.6935,34767869600,862208005908.4,1.482289,0.0148228923112461,4622.7529,4528.72139,0.0110125470527262
2025-10-10,4679.4983,4692.5858,4600.9646,4616.8341,4709.482,31902089900,792743047250.5,-1.967263,-0.01967263066299,4627.42222,4541.30267,0.0108395292513572
2025-10-13,4490.8661,4601.8072,4490.8661,4593.9785,4616.8341,31501035400,714001634395.3,-0.495049,-0.0049504919399204,4636.20818,4547.98535,0.0099984872533422
2025-10-14,4634.0543,4641.4492,4520.9258,4539.0644,4593.9785,37295403000,808959003201.4,-1.19535,-0.0119534952111769,4620.0105,4551.559905,0.0104424706115301
2025-10-15,4544.2431,4608.8239,4526.834,4606.2879,4539.0644,28477185500,607326345325.6,1.480999,0.0148099903583653,4613.12938,4560.06138,0.0107148431715084
2025-10-16,4588.9206,4645.0959,4586.2801,4618.4218,4606.2879,24823551800,560567191741.4,0.26342,0.0026342035633508,4594.91734,4568.714225000001,0.0107159632156812
2025-10-17,4610.6967,4618.5621,4509.3289,4514.2345,4618.4218,25690561700,559085965218.7,-2.255907,-0.022559069853689,4574.39742,4567.024225,0.0108399341705238
2025-10-20,4558.2421,4570.4376,4520.5024,4538.2201,4514.2345,21842040500,505798833703.2,0.531333,0.0053133261021331,4563.24574,4567.83533,0.0108310999263584
2025-10-21,4556.1224,4615.463,4547.9283,4607.8715,4538.2201,21571117500,551390253215.9,1.534774,0.015347735117563,4577.00716,4571.57612,0.0113418822381786
2025-10-22,4576.0277,4603.4884,4567.2361,4592.57,4607.8715,18533396000,440935302747.4,-0.332073,-0.0033207306236731,4574.263580000001,4575.037785,0.0113614305860694
2025-10-23,4578.7018,4611.3409,4541.6944,4606.3447,4592.57,20046391700,420800208775.6,0.299934,0.0029993445935501,4571.84816,4577.80387,0.0113061050522466
2025-10-24,4622.7873,4660.6835,4622.7873,4660.6835,4606.3447,20881448300,551986648560.5,1.179651,0.0117965118850094,4601.13796,4585.932595,0.011178247264202
2025-10-27,4699.3819,4720.4288,4687.6876,4716.0186,4660.6835,26220067400,672670372522.7,1.187274,0.0118727435578924,4636.69766,4596.63755,0.0113966358431523
2025-10-28,4697.7277,4734.3218,4679.2288,4691.973,4716.0186,22090664500,571563257095.5,-0.509871,-0.0050987076259623,4653.517959999999,4605.1058,0.0115034438061705
2025-10-29,4701.0362,4747.8378,4697.268,4747.8378,4691.973,24621132400,645898688765.2,1.190646,0.011906462377341,4684.57152,4616.508785,0.0116981296233128
2025-10-30,4735.9807,4761.8339,4706.452,4709.911,4747.8378,27328911800,719956285438.0,-0.798823,-0.0079882257140292,4705.28478,4623.700795,0.0117755302030443
2025-10-31,4702.4946,4706.1395,4640.6676,4640.6676,4709.911,28146474000,680712251492.7,-1.470164,-0.0147016366126664,4701.2816,4626.059800000001,0.0122694595630138
2025-11-03,4636.7323,4653.4028,4595.7339,4653.4028,4640.6676,23986980900,557602941095.9,0.274426,0.0027442603301301,4688.75844,4631.227505,0.0120452961257998
2025-11-04,4649.3481,4665.323,4595.066,4618.699,4653.4028,23322403200,505177700976.6,-0.745773,-0.0074577253445586,4674.103639999999,4631.159815000001,0.0117069604831573
2025-11-05,4562.1117,4642.6101,4558.7647,4627.257,4618.699,20304587100,468361161388.7,0.18529,0.0018529027329989,4649.98748,4630.48799,0.0116695779199658
2025-11-06,4642.0112,4698.0935,4642.0112,4693.4032,4627.257,22424100800,553641780921.2,1.429491,0.0142949051673595,4646.68592,4629.684050000001,0.0116346342420919
2025-11-07,4673.7616,4701.3743,4666.0405,4678.7944,4693.4032,21249737700,507573849500.2,-0.311262,-0.0031126241188909,4654.31128,4632.782065,0.0107223861496448
2025-11-10,4688.124,4695.1794,4654.2103,4695.0507,4678.7944,23602676400,593977127605.0,0.347446,0.0034744634216028,4662.64086,4637.835675,0.0106530952313374
2025-11-11,4706.3374,4707.1275,4648.4896,4652.1655,4695.0507,18663885800,477629076357.0,-0.913413,-0.0091341292651002,4669.334159999999,4643.49073,0.0104880523325907
2025-11-12,4643.5592,4669.6073,4620.9897,4645.9079,4652.1655,20946059200,492308866408.7,-0.134509,-0.0013450940212681,4673.06434,4645.47173,0.0100023320505838
2025-11-13,4643.7862,4703.4897,4643.7862,4702.0738,4645.9079,20736747400,510060678210.4,1.208933,0.0120893270398236,4674.79846,4649.654329999999,0.0103278592628618
2025-11-14,4663.3175,4684.2578,4628.0242,4628.1398,4702.0738,19209267600,444720433578.5,-1.57237,-0.0157237004659518,4664.66754,4655.349595,0.0095961791064777
2025-11-17,4616.8058,4624.8976,4580.2613,4598.0525,4628.1398,18895546600,438940097527.8,-0.650095,-0.0065009488261352,4645.267900000001,4658.341215,0.0096985902584144
2025-11-18,4584.7896,4606.6167,4552.8038,4568.1928,4598.0525,17771318500,420150126547.0,-0.649399,-0.0064939884875172,4628.47336,4656.35728,0.0091781320761805
2025-11-19,4568.0365,4607.8627,4568.0365,4588.2922,4568.1928,17292497400,385230481969.8,0.439986,0.0043998580795452,4616.95022,4656.143389999999,0.0092107866225269
2025-11-20,4619.5401,4620.6529,4560.1814,4564.9483,4588.2922,19456259300,415064817729.8,-0.508771,-0.0050877099762739,4589.52512,4654.0735700000005,0.0092493243514364
2025-11-21,4513.3858,4527.0436,4453.1819,4453.6076,4564.9483,22285101300,481295814462.6,-2.439035,-0.0243903528984106,4554.61868,4643.719775,0.0102237769998384
2025-11-24,4473.1563,4478.8081,4421.8123,4448.0478,4453.6076,18583372900,425807469499.9,-0.124838,-0.0012483811999961,4524.61774,4630.321235,0.0096782915988648
2025-11-25,4475.8359,4510.7729,4467.3529,4490.4047,4448.0478,16957192900,411523796962.4,0.952258,0.009522582019015,4509.06012,4620.24282,0.0100467697533228
2025-11-26,4490.2021,4538.1361,4485.6984,4517.6255,4490.4047,15620036800,427361377738.4,0.606199,0.0060619925861025,4494.92678,4608.732205,0.0096954070808443
2025-11-27,4520.014,4559.2183,4509.8635,4515.4027,4517.6255,15031177200,417789843567.7,-0.049203,-0.0004920283896928,4485.01766,4599.00679,0.0096140735034958
2025-11-28,4511.4972,4531.7219,4492.4256,4526.6616,4515.4027,14290209600,341832317979.4,0.249344,0.0024934431651024,4499.62846,4593.30649,0.0091835083657985
2025-12-01,4539.1877,4576.9654,4531.2917,4576.4856,4526.6616,20038231700,463861587251.4,1.100679,0.0110067869884507,4525.31602,4589.46063,0.0095489829512981
2025-12-02,4571.9098,4575.4945,4539.4312,4554.3347,4576.4856,14849313200,364366426477.8,-0.484016,-0.0048401550744526,4538.10202,4586.242415000001,0.0094703930243219
2025-12-03,4554.5894,4569.821,4523.5017,4531.0486,4554.3347,16976279000,374486168902.9,-0.511295,-0.0051129531608645,4540.78664,4581.431995,0.0095012060237119
2025-12-04,4533.6004,4557.4228,4514.1878,4546.5664,4531.0486,14719811000,348767399211.7,0.342477,0.0034247701514389,4547.019380000001,4574.090155,0.0088697329824256
2025-12-05,4547.9056,4593.8279,4535.0195,4584.5368,4546.5664,19679996800,412146806538.3,0.835145,0.0083514451696999,4558.594419999999,4569.377275,0.0091300741206336
2025-12-08,4593.1399,4640.6256,4592.7414,4621.7545,4584.5368,19962099000,496716196112.2,0.811809,0.0081180938497429,4567.6482,4565.712465,0.009306579654239
2025-12-09,4611.379,4628.7049,4584.254,4598.2232,4621.7545,18416034400,452113884581.0,-0.509142,-0.0050914214504469,4576.4259,4563.01535,0.0091574911802041
2025-12-10,4586.254,4598.5366,4549.0798,4591.8273,4598.2232,16911110600,401452781497.6,-0.139095,-0.0013909503131558,4588.58164,4560.31132,0.0091577083336114
2025-12-11,4597.1901,4610.2787,4547.1372,4552.1848,4591.8273,16841940500,432431093509.7,-0.863327,-0.0086332732940543,4589.70532,4552.81687,0.0088190062722713
2025-12-12,4558.7375,4583.6753,4530.7841,4580.95,4552.1848,21282652000,523863221651.9,0.631899,0.0063189877528697,4588.98796,4550.457380000001,0.0083219354295775
2025-12-15,4550.0028,4595.0463,4548.4382,4552.0596,4580.95,16758996700,424383389792.3,-0.630664,-0.0063066394525153,4575.0489800000005,4548.157735,0.0083146455580962
2025-12-16,4542.4226,4553.0806,4484.27,4497.5545,4552.0596,16516520100,390500134302.7,-1.197372,-0.0119737228396569,4554.91524,4544.625819999999,0.0086087001576402
2025-12-17,4499.7729,4594.6556,4498.9304,4579.875,4497.5545,17842483000,452504741114.1,1.830339,0.0183033913207721,4552.52478,4544.20496,0.0095552373560777
2025-12-18,4553.9788,4571.9683,4544.1416,4552.7926,4579.875,15168132800,382102395684.6,-0.591335,-0.0059133491634597,4552.64634,4543.597175,0.0095799069180698
2025-12-19,4561.3729,4591.0931,4546.8465,4568.1781,4552.7926,15487622000,371577144281.1,0.337935,0.0033793544647739,4550.09196,4549.3257,0.0077005338088726
2025-12-22,4587.6683,4615.8721,4587.6683,4611.6235,4568.1781,16525285600,448240599513.9,0.951044,0.0095104435617341,4562.004739999999,4557.504485,0.0078867624517664
2025-12-23,4616.026,4644.5347,4607.7992,4620.7341,4611.6235,16925641200,433141326005.5,0.197557,0.0019755732444333,4586.64066,4564.020955,0.0076774453169759
2025-12-24,4623.6831,4639.4278,4602.1444,4634.0586,4620.7341,15371124100,406375640662.1,0.288363,0.0028836327110881,4597.47738,4569.84261,0.0076097590240587
2025-12-25,4629.3195,4651.1535,4621.9208,4642.5357,4634.0586,13943418600,385356060832.4,0.18293,0.0018293035828247,4615.426,4576.199259999999,0.0075986734645669
2025-12-26,4639.7895,4676.131,4635.1052,4657.24,4642.5357,17539656500,460426934267.5,0.31673,0.0031672992843112,4633.23838,4582.72818,0.0076051905107272
2025-12-29,4658.2654,4672.0352,4629.0567,4639.3721,4657.24,20039713300,482613536466.5,-0.383659,-0.0038365856172325,4638.7881,4585.872505,0.0073432707404002
2025-12-30,4617.3163,4664.3305,4616.6323,4651.2818,4639.3721,18037497400,457185489036.8,0.256709,0.0025670930770997,4644.89764,4590.719859999999,0.0072347018663315
2025-12-31,4656.48,4667.0467,4622.0988,4629.9395,4651.2818,17076022400,444491545749.0,-0.458848,-0.0045884770946363,4644.07382,4595.664405,0.0072119931851112
2026-01-05,4661.616,4721.6378,4661.616,4717.7457,4629.9395,23414483900,630577351311.4,1.896487,0.0189648698433315,4659.11582,4604.223370000001,0.0082390941281311
2026-01-06,4719.2088,4790.6938,4718.0099,4790.6938,4717.7457,29697068600,725414566872.9,1.546249,0.0154624909095884,4685.80658,4614.53122,0.0086748940223232
2026-01-07,4796.9335,4802.6028,4751.0713,4776.6658,4790.6938,25909556400,664897929360.7,-0.292818,-0.0029281771254092,4713.26532,4622.276785,0.0086323122429129
2026-01-08,4761.0105,4765.4863,4717.0091,4737.6536,4776.6658,23880495700,630655637961.6,-0.816725,-0.0081672450268553,4730.53968,4629.248304999999,0.008785434237893
2026-01-09,4725.9571,4771.4276,4719.134,4758.9221,4737.6536,25468803800,668788811126.9,0.448925,0.0044892475887219,4756.3362,4637.603045,0.0087808867651841
2026-01-12,4769.6501,4795.9327,4737.5702,4789.9155,4758.9221,29483316500,799954082388.1,0.651269,0.0065126932840526,4770.77016,4649.48958,0.0084793807494023
2026-01-13,4798.0488,4836.9549,4745.5154,4761.0324,4789.9155,30144949700,801054979639.8,-0.602998,-0.0060299811134455,4764.83788,4658.4937,0.0086410492971846
2026-01-14,4767.6956,4818.1008,4720.246,4741.9306,4761.0324,36495102300,891334219174.3,-0.401211,-0.0040121130030538,4757.89084,4667.98725,0.0085400889472836
2026-01-15,4721.7966,4769.5478,4720.9368,4751.4293,4741.9306,25400363600,674058683639.6,0.200313,0.0020031292739712,4760.64598,4680.68099,0.0078755664141361
2026-01-16,4778.4302,4792.5514,4715.3646,4731.8728,4751.4293,32527892900,785624166096.3,-0.411592,-0.0041159193929286,4755.23612,4688.28088,0.0071076374404058
2026-01-19,4720.1945,4761.6317,4715.0867,4734.4556,4731.8728,26761249200,655149256235.7,0.054583,0.0005458303951026,4744.144139999999,4697.36403,0.0068888986637608
2026-01-20,4736.9096,4748.2297,4684.9684,4718.8782,4734.4556,28271957900,671960685391.4,-0.329022,-0.0032902198934974,4735.7133,4704.899035,0.0069784734685816
2026-01-21,4714.5541,4758.2793,4714.2366,4723.0692,4718.8782,26635333200,665330511237.3,0.088813,0.0008881348113625,4731.94102,4710.47132,0.0067290030502039
2026-01-22,4741.7548,4757.7637,4700.4482,4723.7091,4723.0692,27419993200,690235248160.5,0.013548,0.0001354839348954,4726.39698,4715.620069999999,0.0067306507569965
2026-01-23,4729.585,4734.7942,4684.6172,4702.4966,4723.7091,31463544500,755617735528.3,-0.449064,-0.0044906448621062,4720.521739999999,4719.04197,0.0068304304613521
2026-01-26,4715.3753,4754.1777,4693.1577,4706.964,4702.4966,36300448100,796832970315.2,0.095001,0.0009500060031939,4715.02342,4722.263385,0.0068259821452434
2026-01-27,4705.1744,4736.9857,4675.6409,4705.6918,4706.964,30147569700,715267914840.3,-0.027028,-0.0002702803760555,4712.3861400000005,4724.685975,0.0068041305070565
2026-01-28,4725.6014,4739.6257,4697.9063,4717.9914,4705.6918,38225560200,829414067055.4,0.261377,0.0026137708381157,4711.37058,4728.61694,0.0067383435220262
2026-01-29,4733.0879,4770.9599,4696.0536,4753.8697,4717.9914,41551305500,917966160339.3,0.760457,0.0076045708773442,4717.402700000001,4733.746335,0.0068976977876267
2026-01-30,4723.081,4738.8711,4645.4706,4706.3401,4753.8697,31978653100,750564885195.4,-0.999809,-0.0099980864010639,4718.171400000001,4737.566365,0.0072310804141341
2026-02-02,4674.2759,4716.6069,4601.7603,4605.9799,4706.3401,30477350000,725920381252.0,-2.132447,-0.0213244682423184,4697.97458,4731.978075,0.0075231060203019
2026-02-03,4648.3574,4662.1264,4578.2087,4660.1074,4605.9799,26554940500,666626842810.7,1.175157,0.0117515710392048,4688.8577000000005,4725.448754999999,0.0071265846848909
2026-02-04,4647.9671,4701.4768,4641.8424,4698.6832,4660.1074,26488103200,636018589862.7,0.827788,0.0082778778875354,4684.99606,4721.549625,0.0074305602385089
2026-02-05,4664.7478,4687.0213,4639.43,4670.4188,4698.6832,23785635100,550433167197.1,-0.601539,-0.0060153874600441,4668.30588,4718.187885,0.0073331544900071
2026-02-06,4622.9747,4678.2618,4606.6379,4643.5959,4670.4188,20271647700,505759806237.8,-0.574315,-0.0057431466317324,4655.75704,4712.421574999999,0.007309792756115
2026-02-09,4693.6715,4719.9642,4679.9037,4719.0559,4643.5959,20725193800,522757267199.4,1.625034,0.0162503373732412,4678.37224,4708.878595,0.008128969878484
2026-02-10,4718.2552,4732.0871,4713.8684,4724.2956,4719.0559,18700095800,450339578978.4,0.111033,0.0011103280213315,4691.20988,4707.041755,0.0080394904226111
2026-02-11,4715.6697,4723.7043,4703.6873,4713.8185,4724.2956,17339168100,433428613402.0,-0.221771,-0.0022177062756191,4694.236940000001,4705.63615,0.0080064913385307
2026-02-12,4720.0085,4726.0426,4707.7359,4719.578,4713.8185,19784143900,490473852275.1,0.122183,0.0012218332122886,4704.0687800000005,4704.043585,0.0079967335059724
2026-02-13,4693.4106,4703.6332,4658.4038,4660.4056,4719.578,18916775600,452878594068.8,-1.253765,-0.0125376463743157,4707.43072,4700.470225,0.0084185317923742
2026-02-24,4727.2961,4727.373,4698.3488,4707.544,4660.4056,21848889000,526084235584.0,1.011466,0.0101146561149096,4705.12834,4699.124645000001,0.0087596656305651
2026-02-25,4713.5754,4766.5587,4713.3438,4735.8858,4707.544,28426835400,596903872616.7,0.602051,0.0060205066590988,4707.44638,4699.975025,0.0088365749633086
2026-02-26,4741.3896,4742.1476,4706.6943,4726.8739,4735.8858,23484764400,599848915404.9,-0.19029,-0.0019028963916318,4710.05746,4700.16526,0.0088474516339503
2026-02-27,4698.3,4721.0141,4692.891,4710.6469,4726.8739,26142086500,578820992510.3,-0.343292,-0.0034329242419604,4708.27124,4699.5121500000005,0.0088821343142123
2026-03-02,4681.0141,4735.4055,4667.2752,4728.6688,4710.6469,34926075200,752681937770.4,0.382578,0.0038257802765901,4721.92388,4700.8207600000005,0.0088604516816104
2026-03-03,4737.3164,4744.5987,4651.4047,4655.8962,4728.6688,37062427200,801659243770.0,-1.538966,-0.0153896589247274,4711.594319999999,4698.26737,0.0095270423753665
2026-03-04,4609.1918,4639.4204,4575.8249,4602.6247,4655.8962,30303566600,608923128590.3,-1.144173,-0.0114417284474683,4684.9421,4693.114015,0.0098352454586411
2026-03-05,4651.9415,4671.5268,4630.3024,4647.6921,4602.6247,25931782500,570443777084.6,0.979167,0.0097916738681735,4669.105740000001,4689.59905,0.0101036836514556
2026-03-06,4621.4939,4671.7126,4612.7943,4660.439,4647.6921,23852792600,487807080156.9,0.274263,0.0027426300464266,4659.06416,4684.927515,0.0099506443680809
2026-03-09,4600.2535,4625.9814,4548.969,4615.4551,4660.439,32278761700,665821508005.3,-0.965229,-0.0096522881213551,4636.421420000001,4680.383265,0.0099343729044581
2026-03-10,4648.7851,4677.5958,4648.7851,4674.7562,4615.4551,26390374800,557607876148.6,1.284838,0.0128483754505595,4640.19342,4683.82208,0.0091493314324953
2026-03-11,4681.0316,4711.8671,4674.7088,4704.4959,4674.7562,27017544300,579564397580.3,0.636176,0.0063617649194198,4660.567660000001,4686.041505,0.0088847451582812
2026-03-12,4700.7205,4704.3791,4654.3147,4687.5601,4704.4959,30298681600,572105482463.8,-0.359992,-0.0035999181123742,4668.54126,4685.485350000001,0.0087339961722268
2026-03-13,4669.0619,4707.4194,4659.4979,4669.14,4687.5601,31077200900,580305608197.8,-0.392957,-0.0039295709509942,4670.28146,4685.421410000001,0.0086716519612903
2026-03-16,4669.2241,4673.6929,4621.8118,4671.5591,4669.14,29621507000,598799098356.4,0.05181,0.0005181039763211,4681.50226,4686.819570000001,0.0085649290904307
2026-03-17,4685.5697,4720.8608,4637.368,4637.4392,4671.5591,26302191300,578501505807.6,-0.730375,-0.007303750047816,4674.038860000001,4682.738735000001,0.0078509767221858
2026-03-18,4648.7517,4662.2936,4604.5163,4658.3324,4637.4392,23469070500,524173911454.0,0.450533,0.0045053313043976,4664.80616,4679.4405750000005,0.0079317123696037
2026-03-19,4611.4399,4634.5468,4570.392,4583.2511,4658.3324,25413044900,547850295789.2,-1.611763,-0.0161176347140877,4643.94436,4672.912205,0.0086505946069754
2026-03-20,4602.8205,4628.7118,4563.0687,4567.0179,4583.2511,25787370300,615463088557.8,-0.354185,-0.0035418526381852,4623.51994,4665.2842,0.0086411134013565
2026-03-23,4499.1004,4514.7182,4397.5661,4417.9971,4567.0179,32808194500,671719761060.9,-3.262978,-0.0326297823356462,4572.80754,4653.163775,0.0108615578865395
2026-03-24,4458.9074,4474.825,4394.2943,4474.7224,4417.9971,25553251700,530149390314.2,1.28396,0.0128395964768741,4540.26418,4641.522695,0.0110451247637469
2026-03-25,4506.6247,4542.1806,4502.0265,4537.4656,4474.7224,26263927900,550428161188.3,1.40217,0.0140216966308348,4516.090819999999,4631.601685,0.0115043649527023
2026-03-26,4525.3291,4541.0502,4468.9571,4477.5343,4537.4656,21373678800,471127498414.3,-1.32081,-0.0132081001341366,4494.94746,4619.134705,0.0117701638894377
2026-03-27,4431.5034,4519.8903,4431.4205,4502.5698,4477.5343,19240038800,440517561617.1,0.559136,0.0055913586189613,4482.05784,4608.730850000001,0.0119102920217965
2026-03-30,4461.7367,4496.4109,4447.1373,4491.95,4502.5698,20929309200,444629519711.2,-0.235861,-0.0023586086327856,4496.84842,4596.894910000001,0.0118259134617711
2026-03-31,4491.9209,4523.1745,4450.0493,4450.0493,4491.95,22454158500,484558113011.2,-0.932795,-0.0093279533387504,4491.9138,4586.602565,0.0115526344771192
2026-04-01,4517.2717,4532.1093,4492.0544,4526.0668,4450.0493,21648319600,503744056996.0,1.70824,0.0170823950197585,4489.63404,4582.774670000001,0.0120987427407748
2026-04-02,4514.4416,4519.6931,4459.6095,4478.9141,4526.0668,19099216100,429949131699.9,-1.041803,-0.0104180300653096,4489.91,4574.33577,0.0120140126545814
2026-04-03,4492.8461,4494.4571,4437.5952,4440.7889,4478.9141,16832170500,373234910157.7,-0.851215,-0.0085121525326865,4477.553819999999,4563.353265,0.0120546004212454
2026-04-07,4445.8613,4458.9264,4420.6939,4440.6162,4440.7889,16263878700,378261695014.8,-0.003889,-3.88894865052114e-05,4467.28706,4554.61132,0.0119388550438018
2026-04-08,4517.3403,4595.556,4513.7705,4595.556,4440.6162,25333921300,641779180969.5,3.489151,0.0348915089757135,4496.3884,4550.651309999999,0.0141760916102556
2026-04-09,4562.6696,4579.197,4552.4244,4566.2237,4595.556,18493978300,500445676660.7,-0.638275,-0.0063827532511844,4504.419779999999,4543.7377,0.0141255220488434
2026-04-10,4594.9467,4655.0988,4590.1089,4636.5655,4566.2237,20867860500,625717995648.2,1.540481,0.0154048081350022,4535.95006,4541.18797,0.0146006959411139
2026-04-13,4615.133,4653.3983,4615.133,4646.1546,4636.5655,19671227700,556620945240.3,0.206815,0.0020681472093946,4577.0232000000005,4540.0387,0.0145869619586794
2026-04-14,4676.1235,4701.2837,4654.8526,4701.2837,4646.1546,20470033200,605717793585.3,1.186553,0.0118655328430095,4629.1567,4541.52493,0.0148327580250685
2026-04-15,4726.6381,4731.2729,4672.556,4685.2464,4701.2837,20168850000,604550556798.3,-0.341126,-0.0034112597799618,4647.094779999999,4543.91529,0.0147513712998546
2026-04-16,4694.4309,4739.2208,4689.414,4736.6077,4685.2464,19205760000,567611323592.2,1.096235,0.0109623476793023,4681.17158,4547.829055,0.0149107685214708
2026-04-17,4728.9951,4738.3236,4714.4669,4728.6716,4736.6077,18291533600,587622682307.9,-0.167548,-0.0016754818010366,4699.5928,4555.10008,0.0143815794778539
2026-04-20,4727.1661,4763.0427,4720.6853,4757.4419,4728.6716,22163349400,626568410330.9,0.608422,0.0060842245843419,4721.850259999999,4564.621279999999,0.0143593477278422
2026-04-21,4750.5149,4776.8258,4722.0074,4767.997,4757.4419,20561405800,580407995619.7,0.221865,0.0022186503212999,4735.19292,4582.121275,0.0118050053062301
2026-04-22,4751.2794,4801.4465,4750.3502,4799.627,4767.997,20448183000,619505670177.0,0.663381,0.0066338128987917,4758.06904,4598.366505,0.0116376173263115
2026-04-23,4816.0267,4823.4704,4759.86,4786.3273,4799.627,23286573600,693853775975.6,-0.277099,-0.0027709861620497,4768.01296,4610.80959,0.0114484480140656
2026-04-24,4771.7348,4786.444,4735.606,4769.3688,4786.3273,19379831400,680097832547.3,-0.354311,-0.0035431133178042,4776.1524,4625.401315,0.0109324127547144
2026-04-27,4776.3351,4795.1682,4762.6441,4770.9469,4769.3688,19279655000,648904814981.1,0.033088,0.0003308823591079,4778.8534,4638.82017,0.0109355917761505
2026-04-28,4757.0766,4778.1891,4743.4355,4758.2083,4770.9469,21672423300,631521664930.9,-0.267004,-0.0026700360048022,4776.89566,4652.133085,0.0109437750207026
2026-04-29,4737.5755,4813.6104,4737.1139,4810.3468,4758.2083,23329811000,681020507300.6,1.095759,0.0109575909066443,4779.0396200000005,4670.14796,0.0106839251402949
2026-04-30,4820.9716,4829.2715,4797.5445,4807.3069,4810.3468,25063337000,726665374516.3,-0.063195,-0.0006319502785122,4783.23554,4684.209965,0.0102642973244796
2026-05-06,4857.6537,4892.7957,4834.2807,4877.0932,4807.3069,27444388000,881744311635.1,1.451671,0.014516714129485,4804.78042,4704.11892,0.0100521431393128
2026-05-07,4895.8001,4901.8575,4866.8749,4900.5098,4877.0932,25783397200,787236200022.7,0.480134,0.0048013435543941,4830.692999999999,4727.104965,0.0095881162188255
2026-05-08,4871.1185,4887.2129,4849.9871,4871.9122,4900.5098,25172099600,716546104146.0,-0.583564,-0.0058356377534435,4853.43378,4748.669765000001,0.00983233806411
2026-05-11,4902.2775,4960.3975,4889.5659,4951.8366,4871.9122,30573480100,904479321902.1,1.640514,0.0164051396492737,4881.73174,4766.483795,0.0074157554306422
2026-05-12,4965.0175,4971.3026,4926.7897,4948.0465,4951.8366,27381200100,819351442664.4,-0.076539,-0.00076539278376,4909.8796600000005,4785.574935,0.0071112559193106
2026-05-13,4919.4248,5001.1201,4919.4248,4998.3417,4948.0465,26845453700,823173197928.5,1.016466,0.0101646579109553,4934.12936,4803.663745,0.0067585619171144
2026-05-14,5027.6405,5030.5187,4913.6037,4914.5971,4998.3417,28069537900,857446326247.6,-1.675448,-0.016754476789772,4936.94682,4817.085870000001,0.0081728135684458
2026-05-15,4911.6223,4935.6173,4832.6899,4859.5927,4914.5971,27696776900,887687426984.5,-1.119205,-0.0111920466481372,4934.48292,4825.001319999999,0.0084546736084155
2026-05-18,4836.3286,4868.6008,4806.1455,4833.5237,4859.5927,23907758700,733452822623.8,-0.536444,-0.0053644413450535,4910.82034,4832.415185,0.0085276795007374
2026-05-19,4818.7051,4854.5247,4773.534,4852.8832,4833.5237,23228085200,712401049984.5,0.400526,0.0040052560412604,4891.787679999999,4838.22896,0.0082631951666742
2026-05-20,4829.6129,4866.2121,4825.643,4850.7,4852.8832,22002320600,729653332839.0,-0.044988,-0.0004498768896807,4862.25934,4844.330379999999,0.0082449154297774
2026-05-21,4886.2389,4937.9327,4780.7107,4783.0976,4850.7,28734250700,891936347970.3,-1.393663,-0.013936627703218,4835.9594400000005,4845.613165000001,0.0088290763430871
2026-05-22,4818.8435,4851.3489,4785.3486,4845.0956,4783.0976,28694043500,771823300850.7,1.296189,0.0129618931463995,4833.06002,4849.468095,0.0092674935776251
2026-05-25,4873.1962,4922.4375,4857.1345,4921.5974,4845.0956,26474323600,861179421899.8,1.578953,0.0157895336471791,4850.67476,4855.566615000001,0.0097805225976566
2026-05-26,4900.1152,4952.7412,4892.683,4947.8493,4921.5974,30279947600,899094487856.9,0.533402,0.0053340202105927,4869.66798,4863.642715,0.0097708339451197
2026-05-27,4940.9454,4974.2108,4891.3428,4908.1714,4947.8493,30170917500,909011906950.0,-0.801922,-0.0080192216040209,4881.16226,4870.582845,0.0099470736962459
2026-05-28,4889.2659,4922.3297,4843.2265,4914.2133,4908.1714,26743273100,819897918903.1,0.123099,0.0012309879805745,4907.3854,4877.746165,0.0099436252886522
2026-05-29,4937.5119,4954.0703,4878.7869,4892.1213,4914.2133,33251861000,942236490058.1,-0.449553,-0.0044955313600246,4916.79054,4884.441815,0.0099924405665979
2026-06-01,4897.8968,4918.7935,4836.6851,4844.2556,4892.1213,29613405100,823984849000.1,-0.978424,-0.0097842422672551,4901.32218,4886.137255,0.0100285237239347
2026-06-02,4860.6119,4930.2776,4831.9972,4914.5591,4844.2556,28173166200,806751344395.2,1.451276,0.0145127560981712,4894.664140000001,4891.499865,0.0105069437365533
2026-06-03,4921.3445,4991.8525,4904.8969,4938.8091,4914.5591,30403594700,906047729419.0,0.493432,0.0049343185231001,4900.79168,4894.58566,0.0100752483761608
2026-06-04,4897.3164,4938.7814,4889.7456,4904.7454,4938.8091,26480891000,736143410003.4,-0.689715,-0.0068971485453852,4898.8981,4894.79744,0.0101624167473165
2026-06-05,4886.9645,4924.3438,4798.9103,4816.9199,4904.7454,30192933600,839863796395.6,-1.790623,-0.0179062301582463,4883.85782,4892.047825,0.010866991883463
2026-06-08,4703.773,4779.8623,4677.5682,4713.6358,4816.9199,29964756500,761046395165.9,-2.144194,-0.0214419384470145,4857.73386,4880.137785,0.0110597464090079
2026-06-09,4743.4505,4802.5047,4715.3907,4801.8106,4713.6358,25839160100,713286998820.9,1.870632,0.0187063243197533,4835.18416,4872.82599,0.0120263592623154
2026-06-10,4753.1154,4786.5162,4718.9946,4748.5932,4801.8106,25929710900,694628416057.3,-1.108278,-0.0110827778171841,4797.14098,4860.338565,0.0118858519496501
2026-06-11,4730.072,4766.1728,4685.5014,4722.4122,4748.5932,24717705900,653931756259.4,-0.551342,-0.0055134223752838,4760.67434,4850.72932,0.0114330991871073
2026-06-12,4784.6396,4809.8606,4757.5574,4777.3206,4722.4122,33592206300,871477325201.4,1.162719,0.0116271934076404,4752.75448,4846.615715,0.0115976283541942
2026-06-15,4829.2886,4892.5502,4803.1836,4891.7126,4777.3206,33131607600,914145755804.7,2.39448,0.0239448028671134,4788.369839999999,4849.52516,0.0127805286275361
2026-06-16,4894.8785,4908.2817,4866.0613,4884.2322,4891.7126,28258474300,857202587478.1,-0.15292,-0.0015291985878318,4804.854160000001,4851.092610000001,0.0127645558024359
2026-06-17,4859.7012,4933.9288,4859.7012,4931.3861,4884.2322,27605395000,850367581580.7,0.965431,0.0096543116848537,4841.41274,4855.126915,0.0129280877610025
2026-06-18,4916.0442,4976.8909,4916.0442,4941.5986,4931.3861,33445990200,1021710711056.1,0.207092,0.0020709187625769,4885.25002,4863.051965000001,0.012447496703138
2026-06-22,4949.3457,5061.5105,4928.4582,5059.6582,4941.5986,37510012400,1145900296757.5,2.389097,0.0238909732571155,4941.71754,4873.780095,0.0131857054429548
2026-06-23,5048.0255,5064.2654,4892.0944,4919.386,5059.6582,34271933600,1047052858821.3,-2.772365,-0.0277236513723396,4947.25222,4873.669524999999,0.0143709130168348
2026-06-24,4900.3838,4953.2321,4892.2676,4943.0197,4919.386,31224902500,964945849978.7,0.48042,0.0048041971091512,4959.00972,4873.428045,0.0143611947084667
2026-06-25,4950.9753,5031.9994,4944.876,5020.1038,4943.0197,34666428900,1110040892256.1,1.559454,0.0155945362710165,4976.75326,4879.024665,0.0146311011498737
2026-06-26,4981.8251,4981.983,4845.1921,4868.2205,5020.1038,34117923800,1068082662086.9,-3.025501,-0.0302550118585196,4962.07764,4876.725025,0.0162368035107114
2026-06-29,4866.0432,4926.921,4866.0432,4926.921,4865.6496,0,0.0,1.20579,,,,
2026-06-30,4914.4934,4979.4328,4914.4934,4979.4328,4926.921,0,0.0,1.065814,,,,
2026-07-01,4972.6923,4972.6923,4958.9773,4958.9773,4979.4328,0,0.0,-0.4108,,,,
2026-07-02,4865.1713,4865.1713,4812.2957,4812.2957,4958.9773,0,0.0,-2.9579,,,,
