tree
version=v4
num_class=1
num_tree_per_iteration=1
label_index=0
max_feature_idx=186
objective=regression
feature_names=KMID KLEN KMID2 KUP KUP2 KLOW KLOW2 KSFT KSFT2 OPEN0 HIGH0 LOW0 VWAP0 RANK5 RANK10 RANK20 RANK30 RANK60 RSV5 RSV10 RSV20 RSV30 RSV60 IMAX5 IMAX10 IMAX20 IMAX30 IMAX60 IMIN5 IMIN10 IMIN20 IMIN30 IMIN60 IMXD5 IMXD10 IMXD20 IMXD30 IMXD60 CNTP5 CNTP10 CNTP20 CNTP30 CNTP60 CNTN5 CNTN10 CNTN20 CNTN30 CNTN60 CNTD5 CNTD10 CNTD20 CNTD30 CNTD60 SUMP5 SUMP10 SUMP20 SUMP30 SUMP60 SUMN5 SUMN10 SUMN20 SUMN30 SUMN60 SUMD5 SUMD10 SUMD20 SUMD30 SUMD60 VSUMP5 VSUMP10 VSUMP20 VSUMP30 VSUMP60 VSUMN5 VSUMN10 VSUMN20 VSUMN30 VSUMN60 VSUMD5 VSUMD10 VSUMD20 VSUMD30 VSUMD60 CORR5 CORR10 CORR20 CORR30 CORR60 CORD5 CORD10 CORD20 CORD30 CORD60 high_low_spread open_close_spread high_close_spread low_close_spread ROC5 ROC10 ROC20 ROC30 ROC60 MA5 MA10 MA20 MA30 MA60 STD5 STD10 STD20 STD30 STD60 BETA5 BETA10 BETA20 BETA30 BETA60 RSQR5 RSQR10 RSQR20 RSQR30 RSQR60 RESI5 RESI10 RESI20 RESI30 RESI60 MAX5 MAX10 MAX20 MAX30 MAX60 MIN5 MIN10 MIN20 MIN30 MIN60 QTLU5 QTLU10 QTLU20 QTLU30 QTLU60 QTLD5 QTLD10 QTLD20 QTLD30 QTLD60 VMA5 VMA10 VMA20 VMA30 VMA60 VSTD5 VSTD10 VSTD20 VSTD30 VSTD60 WVMA5 WVMA10 WVMA20 WVMA30 WVMA60 sma_5 sma_20 ema_12 ema_26 rsi macd macd_signal volume_change obv volume_ma_5 volume_ma_20 volume_ratio kdj_k kdj_d kdj_j boll_mid boll_std atr_14 ema_60 volatility_10 volatility_20 return_1 return_5 return_10 industry_id
feature_infos=[-0.10468319803476334:0.12281487882137299] [0:0.14827995002269745] [-1:0.98795181512832642] [0:0.12811388075351715] [0:1] [0:0.046816479414701462] [0:1] [-0.10794780403375626:0.12505602836608887] [-1:1] [0.89061874151229858:1.1169230937957764] [1:1.1260210275650024] [0.88862276077270508:1] [0.005476905032992363:0.66190594434738159] [0.20000000298023224:1] [0.10000000149011612:1] [0.05000000074505806:1] [0.033333335071802139:1] [0.01666666753590107:1] [0:1] [0:1] [0:1] [0:1] [0:1] [0:0.80000001192092896] [0:0.89999997615814209] [0:0.94999998807907104] [0:0.96666663885116577] [0:0.98333334922790527] [0:0.80000001192092896] [0:0.89999997615814209] [0:0.94999998807907104] [0:0.96666663885116577] [0:0.98333334922790527] [-0.80000001192092896:0.80000001192092896] [-0.89999997615814209:0.89999997615814209] [-0.94999998807907104:0.94999998807907104] [-0.96666663885116577:0.96666663885116577] [-0.98333334922790527:0.98333334922790527] [0:1] [0:0.89999997615814209] [0.15000000596046448:0.75] [0.23333333432674408:0.69999998807907104] [0.30000001192092896:0.66666668653488159] [0:1] [0.10000000149011612:0.89999997615814209] [0.20000000298023224:0.80000001192092896] [0.30000001192092896:0.73333334922790527] [0.3333333432674408:0.66666668653488159] [-1:1] [-0.89999997615814209:0.80000001192092896] [-0.64999997615814209:0.55000001192092896] [-0.5:0.40000000596046448] [-0.36666667461395264:0.3333333432674408] [0:1] [0:0.96916300058364868] [0.040697675198316574:0.85449713468551636] [0.13846723735332489:0.77708333730697632] [0.22782258689403534:0.73168689012527466] [0:1] [0.030837005004286766:1] [0.14550285041332245:0.95930230617523193] [0.22291666269302368:0.86153274774551392] [0.26831310987472534:0.77217739820480347] [-1:1] [-1:0.93832600116729736] [-0.91860467195510864:0.70899432897567749] [-0.72306555509567261:0.55416667461395264] [-0.54435485601425171:0.4633738100528717] [0:1] [0.043829876929521561:0.91747188568115234] [0.24769286811351776:0.87292003631591797] [0:0.8488500714302063] [0:0.77718645334243774] [0:1] [0.082528121769428253:0.95617014169692993] [0.12707993388175964:0.75230711698532104] [0:0.76962065696716309] [0:0.62866097688674927] [-1:1] [-0.91234022378921509:0.83494377136230469] [-0.50461423397064209:0.74584013223648071] [-0.53924131393432617:0.69770020246505737] [-0.25732195377349854:0.55437290668487549] [-0.99978214502334595:0.99771004915237427] [-0.97752106189727783:0.97569763660430908] [-0.8451419472694397:0.94341158866882324] [-0.86664527654647827:0.93289083242416382] [-0.74480849504470825:0.9369584321975708] [-0.99618560075759888:0.99772149324417114] [-0.92915678024291992:0.96245545148849487] [-0.82010132074356079:0.87470918893814087] [-0.69364875555038452:0.8676726222038269] [-0.50515562295913696:0.81902718544006348] [0:411.43115234375] [-272.075439453125:200.73858642578125] [0:275.3934326171875] [-296.96038818359375:0] [0.82751321792602539:1.2781641483306885] [0.65227538347244263:1.3632746934890747] [0.58343058824539185:1.4190620183944702] [0.50466305017471313:1.5419462919235229] [0.33393502235412598:1.4852262735366821] [0.88582009077072144:1.1436861753463745] [0.8553968071937561:1.182847261428833] [0.74212366342544556:1.2799642086029053] [0.69416570663452148:1.2886703014373779] [0.58045530319213867:1.2674791812896729] [0.0011108797043561935:0.097289614379405975] [0.0026752767153084278:0.13319234549999237] [0.0042528552003204823:0.18420170247554779] [0.0081250919029116631:0.17739330232143402] [0.0085318665951490402:0.26682725548744202] [-0.067167378962039948:0.048541422933340073] [-0.040442109107971191:0.03769957646727562] [-0.025845764204859734:0.029778113588690758] [-0.015111669898033142:0.01915067620575428] [-0.0059312824159860611:0.013843501918017864] [0:0.9941176176071167] [0:0.95299327373504639] [1.269723156838154e-06:0.94706070423126221] [3.8569751836803334e-08:0.90872049331665039] [4.5266745907213135e-10:0.82424193620681763] [-0.087634406983852386:0.062435131520032883] [-0.16077712178230286:0.085172712802886963] [-0.21266855299472809:0.11801209300756454] [-0.27195429801940918:0.16242532432079315] [-0.3650137186050415:0.23792935907840729] [1:1.3485331535339355] [1:1.448911190032959] [1:1.5527727603912354] [1:1.5527727603912354] [1:1.6440072059631348] [0.79149520397186279:1] [0.68728119134902954:1] [0.56826138496398926:1] [0.49954873323440552:1] [0.32867026329040527:1] [0.92689937353134155:1.2338647842407227] [0.88465607166290283:1.3067420721054077] [0.83068782091140747:1.3961367607116699] [0.84280985593795776:1.4042359590530396] [0.65227538347244263:1.3732542991638184] [0.82513225078582764:1.0891139507293701] [0.77689617872238159:1.1499999761581421] [0.58576428890228271:1.2333333492279053] [0.58576428890228271:1.2325581312179565] [0.40580624341964722:1.2031413316726685] [0:12.30363941192627] [0:10.262344360351562] [0:8.3758430480957031] [0:7.1714272499084473] [0:5.5866951942443848] [0:6.1785411834716797] [0:5.3474678993225098] [0:4.2465000152587891] [0:4.0975737571716309] [0:3.9673895835876465] [0.15823045372962952:2.0396182537078857] [0.3580571711063385:2.7351512908935547] [0.53832834959030151:3.0504662990570068] [0:3.6094493865966797] [0:3.6603050231933594] [7.0904984474182129:8115.1474609375] [7.3492527008056641:7877.79296875] [7.2470598220825195:7837.3662109375] [7.3513507843017578:7795.27392578125] [9.9647989273071289:83.867988586425781] [-171.613037109375:452.35968017578125] [-139.13908386230469:378.70404052734375] [-0.91591304540634155:4.3227543830871582] [-809520960:16497080320] [0:1143341184] [0:1307887872] [0:2.5347387790679932] [1.2196382284164429:96.212547302246094] [2.6254346370697021:95.354568481445312] [-49.869503021240234:146.88848876953125] [7.5736112594604492:8743.1796875] [-711.51776123046875:-0.07960084080696106] [0.11293540149927139:294.08541870117188] [7.1949048042297363:7815.79345703125] [0.0031802661251276731:0.085088491439819336] [0.0048909438773989677:0.064556732773780823] [-0.10096153616905212:0.10093896836042404] [-0.21762785315513611:0.208439901471138] [-0.26647213101387024:0.53309482336044312] -1:4:0:6:10:5:1:3:9:7
tree_sizes=1485 1885 1640 2191 2350 1713 1711 2271 1343 2270 2344 2269 2370 2458 1828 2352 2078 1904 1990 1888 2434 2271 1629 1985 1831 1901 1906 1701 1997 2447 2090 2183 1165 1534 2375 2281 1807 1900 1446 1448 1540 2275 2002 2185 2373 2093 2475 1915 1996 2193 1644 1996 1839 1727 1353 1263 1454 1730 1084 1630 2184 2549 1821 2287 2382 1913 1817 1905 992 2093 1917 1912 1448 1632 1913 1282 1462 2559 1545 2288 1819 1450 2097 1628 1921 2196 2188 2286 2455 1639 1817 1074 1269 1630 1634 2006 1822 1638 1913 1999 1267 1180 1355 1916 1637 1548 1552 2276 2276 2282 2011 1566 1196 1752 2005 1451 1176 1640 1830 1365 2280 2377 998 1549 2484 1364 1748 1753 1361 1358 1540 1731 1734 1731 1742 1361 1924 2409 2092 1642 1088 1360 1263 1920 1085 2316 2228 2105 1461 2462 1176 1729 1825 2015 1541 2284 2289 2471 2290 2095 1750 1468 1104 2468 2094 991 997

Tree=0
num_leaves=15
num_cat=0
split_feature=125 38 92 171 26 146 134 101 131 158 150 108 118 88
split_gain=0.0816044 0.0533247 0.0509657 0.040635 0.0363943 0.0332793 0.0466685 0.0280132 0.025778 0.0256185 0.0228556 0.0199524 0.0168966 0.0154421
threshold=-0.074616577476263032 0.30000000447034841 0.50999030470848095 330319776.00000006 0.083333335816860213 0.81465497612953197 0.90898936986923229 1.2223604917526247 1.2861356139183047 1.0663329362869265 1.0422720313072207 0.032560274004936225 0.15916234254837039 -0.76716032624244679
decision_type=2 2 2 2 2 2 2 2 2 2 2 2 2 2
left_child=1 10 3 5 -4 11 9 8 13 -7 -1 -2 -6 -8
right_child=2 -3 4 -5 12 6 7 -9 -10 -11 -12 -13 -14 -15
leaf_value=0.0051389875713586776 0.0037018415196996661 0.0061592717986408878 0.0019819577913233045 0.005304933026557785 0.0030335036845344672 0.0054687169003452638 0.0042422274782734082 0.0027148483109611186 0.0048106590139905875 0.0041524540694990513 0.0037474493397380089 0.0023164869887763425 0.0040614535679015136 0.003678815976035196
leaf_weight=50 51 58 56 50 97 68 151 56 67 81 72 53 68 625
leaf_count=50 51 58 56 50 97 68 151 56 67 81 72 53 68 625
internal_value=0.00390807 0.00491113 0.00378119 0.0039095 0.00308334 0.00384893 0.00393359 0.00379776 0.00386969 0.00475316 0.00431775 0.00299584 0.00345714 0.00378845
internal_weight=1603 180 1423 1202 221 1152 1048 899 843 149 122 104 165 776
internal_count=1603 180 1423 1202 221 1152 1048 899 843 149 122 104 165 776
is_linear=0
shrinkage=1


Tree=1
num_leaves=19
num_cat=0
split_feature=127 91 36 52 177 40 106 92 92 173 54 104 36 83 41 152 14 91
split_gain=0.0743209 0.0521971 0.0397935 0.0468133 0.0707569 0.0411022 0.0344829 0.0316105 0.0294715 0.0330391 0.0234555 0.0336691 0.0232806 0.0168046 0.0148439 0.0136039 0.0119311 0.00520805
threshold=1.1331510543823244 0.54073104262352001 0.21666666865348819 0.058333335444331176 349.00074768066412 0.52500000596046459 0.93197286128997814 0.40467736124992376 0.5150379240512849 0.71266856789588939 0.10349341481924058 1.088033974170685 0.28333334624767309 0.39426286518573767 0.48333333432674414 0.20810520648956302 0.37500000000000006 0.63023093342781078
decision_type=2 2 2 2 2 2 2 2 2 2 2 2 2 2 2 2 2 2
left_child=1 2 8 4 5 -4 -3 -2 9 -1 -11 14 17 -14 -12 -5 -6 -8
right_child=7 6 3 15 16 -7 12 -9 -10 10 11 -13 13 -15 -16 -17 -18 -19
leaf_value=0.0008634259251994081 0.0017741600331410393 -0.0014600319759350043 0.00086949757014340525 0.00029495934078239993 0.00049214421877102855 0.0026752828118584027 -0.0012491861821749724 0.00016921465091096859 -0.0012842369203748863 -0.0012552840729767923 -0.00040694686702873368 0.0010492668382622388 -0.00053546760589534678 0.00060463458686757661 0.00024437530418759635 -0.00059301680385894884 -0.00054948906598448438 -0.00054140132345434952
leaf_weight=80 77 98 69 79 54 58 53 51 56 50 376 55 58 73 114 95 56 51
leaf_count=80 77 98 69 79 54 58 53 51 56 50 376 55 58 73 114 95 56 51
internal_value=-2.10228e-05 -0.000121315 3.92998e-05 0.000432923 0.000890152 0.00169419 -0.000672133 0.00113469 -0.000182012 -9.05684e-05 -0.000218837 -0.00012375 -0.000343562 9.98565e-05 -0.000255415 -0.000189855 -3.81418e-05 -0.000902099
internal_weight=1603 1475 1142 411 237 127 333 128 731 675 595 545 235 131 490 174 110 104
internal_count=1603 1475 1142 411 237 127 333 128 731 675 595 545 235 131 490 174 110 104
is_linear=0
shrinkage=0.05


Tree=2
num_leaves=16
num_cat=1
split_feature=125 48 92 171 111 127 26 85 75 186 137 121 31 158 118
split_gain=0.0685111 0.0476443 0.0415979 0.0354861 0.0328178 0.0368593 0.0315388 0.0268078 0.0202549 0.0189313 0.0225383 0.019774 0.0155747 0.0143637 0.0129767
threshold=-0.074616577476263032 -0.3000000044703483 0.50999030470848095 330319776.00000006 0.10271992161870004 1.0722941160202029 0.083333335816860213 0.80705732107162487 0.49900309741497045 0 1.0008126497268679 0.090771023184061064 0.28333334624767309 1.4397649765014651 0.37742322683334356
decision_type=2 2 2 2 2 2 2 2 2 1 2 2 2 2 2
left_child=1 8 3 4 7 -6 -4 9 -1 10 -2 -12 -8 14 -11
right_child=2 -3 6 -5 5 -7 12 -9 -10 13 11 -13 -14 -15 -16
leaf_value=0.00097199126051442184 -0.00054435210037339418 0.0020788918290455859 -0.0017919750370180869 0.001283720308507327 2.6895159971900285e-05 -0.0018835469603301119 -0.0009380334725168038 0.0010143785757287744 -0.00031668305435838802 -0.00054973517349562876 -0.00021880758107509506 0.00055438262551085261 3.5687575018528153e-05 0.00027312683823197407 0.00015826731987432635
leaf_weight=62 91 58 56 50 50 51 77 62 60 322 117 282 88 96 81
leaf_count=62 91 58 56 50 50 51 77 62 60 322 117 282 88 96 81
internal_value=-1.99717e-05 0.000899101 -0.000136228 -2.03113e-05 -7.69099e-05 -0.000937784 -0.000766691 5.81917e-06 0.000338217 -5.7407e-05 0.000162399 0.000327658 -0.000418716 -0.000271071 -0.000407432
internal_weight=1603 180 1423 1202 1152 101 221 1051 122 989 490 399 165 499 403
internal_count=1603 180 1423 1202 1152 101 221 1051 122 989 490 399 165 499 403
cat_boundaries=0 1
cat_threshold=88
is_linear=0
shrinkage=0.05


Tree=3
num_leaves=22
num_cat=1
split_feature=127 121 109 186 110 90 36 116 119 131 33 126 118 111 146 134 25 18 111 155 36
split_gain=0.0633106 0.0396879 0.0540315 0.0364365 0.0332726 0.0305831 0.044007 0.0507539 0.0295202 0.0225843 0.0204726 0.0283148 0.0269982 0.0239953 0.019867 0.0192717 0.0178499 0.011248 0.0091541 0.0123445 0.00664485
threshold=1.1331510543823244 0.031956268474459655 0.071855258196592345 0 0.052079705521464355 0.60714575648307811 0.21666666865348819 0.002061654813587666 0.13380950689315799 1.2361531853675845 -0.50000001490116108 -0.068265974521636949 0.38399983942508703 0.083583727478981032 0.92089045047760021 0.97128674387931835 0.47499999403953558 0.4169947504997254 0.037761216983199127 0.44607065618038183 -0.61666667461395253
decision_type=2 2 2 1 2 2 2 2 2 2 2 2 2 2 2 2 2 2 2 2 2
left_child=1 4 3 5 15 6 9 -8 -2 17 13 -12 14 18 -13 -1 -15 -3 -5 -20 -17
right_child=8 2 -4 10 -6 -7 7 -9 -10 -11 11 12 -14 16 -16 20 -18 -19 19 -21 -22
leaf_value=0.00025188917062120801 0.0017173589777182013 -1.9991032331745373e-06 0.0011732203718174692 0.00012592231523515771 -0.0014225051908832267 -0.00078795599434159703 0.0021146377526642078 0.00023562129323060314 0.00018671560720317108 0.00078013746619531464 0.0010051870272878593 -0.0012763192555551434 0.0006908006798532311 -0.00051500104123260832 -0.00021835246331734171 -0.00032752013046410868 -0.0018041434115228438 -0.00089876469182358543 -0.0011495243425787732 -0.00016236262373341663 -0.0011310614051701193
leaf_weight=93 72 96 93 81 92 57 69 75 56 66 54 59 62 50 179 50 58 55 52 81 53
leaf_count=93 72 96 93 81 92 57 69 75 56 66 54 59 62 50 179 50 58 55 52 81 53
internal_value=-1.89731e-05 -0.000111539 1.6215e-05 -8.2141e-05 -0.00063808 0.00028162 0.000458301 0.00113598 0.0010477 8.59493e-06 -0.000306699 -4.88084e-05 -0.000238528 -0.000599743 -0.000480622 -0.00026988 -0.00120732 -0.000328636 -0.000293116 -0.000548321 -0.000740993
internal_weight=1603 1475 1187 1094 288 418 361 144 128 217 676 354 300 322 238 196 108 151 214 133 103
internal_count=1603 1475 1187 1094 288 418 361 144 128 217 676 354 300 322 238 196 108 151 214 133 103
cat_boundaries=0 1
cat_threshold=26
is_linear=0
shrinkage=0.05


Tree=4
num_leaves=24
num_cat=0
split_feature=125 38 91 36 164 42 50 173 106 87 36 153 36 152 151 92 170 75 148 162 173 170 111
split_gain=0.058605 0.0414155 0.0375216 0.0370046 0.0427238 0.0445041 0.0399313 0.0303886 0.0296764 0.0236219 0.0199159 0.0181481 0.0171795 0.0163554 0.0141231 0.0179011 0.0139925 0.0109688 0.0104906 0.0100953 0.00781123 0.00613353 0.00583545
threshold=-0.074616577476263032 0.30000000447034841 0.54073104262352001 -0.18333333730697629 397.95823669433599 0.52500000596046459 0.075000001117587103 0.71266856789588939 0.93197286128997814 0.47453325986862188 0.28333334624767309 0.35752284526824957 0.58333334326744091 0.21350101381540301 1.6811602115631106 0.12168653309345247 273125872.00000006 0.53017383813858043 1.023539185523987 123.87815475463869 1.0409031510353091 1186337600.0000002 0.061576586216688163
decision_type=2 2 2 2 2 2 2 2 2 2 2 2 2 2 2 2 2 2 2 2 2 2 2
left_child=1 11 3 7 5 6 -5 -2 -4 14 21 -1 -12 -7 15 18 -6 19 -9 -11 -18 -10 -17
right_child=2 -3 8 4 16 13 -8 9 10 17 12 -13 -14 -15 -16 22 20 -19 -20 -21 -22 -23 -24
leaf_value=0.00081726183238465134 0.00066597265784322924 0.0019319818650195696 -0.0013446612476208861 0.00053902630018495508 0.00042791319876083768 0.00055861808703048155 0.0020715865785687244 0.00057855500275289396 -0.0003754276398685761 -0.00056057290969571715 0.00084081597541136525 -0.00042271789282676762 -0.00038705313816622254 -0.00072026315832044926 0.00049672481506383298 -0.0004279440725532293 -0.0001787435666275477 -0.00025393957422750193 -0.0002965329221350497 -0.0014256773948179583 -0.0009750025791899217 -0.00113417058532114 -0.0010759345908631004
leaf_weight=72 83 58 95 92 55 50 79 69 50 60 52 50 63 50 74 109 70 64 68 77 55 57 51
leaf_count=72 83 58 95 92 55 50 79 69 50 60 52 50 63 50 74 109 70 64 68 77 55 57 51
internal_value=-1.80245e-05 0.000832011 -0.000125548 1.19066e-05 0.000360447 0.000757061 0.00124705 -0.000228081 -0.000605123 -0.000357812 -0.000288653 0.000309073 0.000168157 -8.08225e-05 -0.000121307 -0.000275295 -0.000236678 -0.000794347 0.000144205 -0.0010468 -0.000529098 -0.000779618 -0.000634491
internal_weight=1603 180 1423 1106 451 271 171 655 317 572 222 122 115 100 371 297 180 201 137 137 125 107 160
internal_count=1603 180 1423 1106 451 271 171 655 317 572 222 122 115 100 371 297 180 201 137 137 125 107 160
is_linear=0
shrinkage=0.05


Tree=5
num_leaves=17
num_cat=0
split_feature=161 181 136 182 90 69 107 110 148 175 129 96 138 109 120 91
split_gain=0.0516961 0.0413201 0.0357841 0.0342256 0.0488695 0.0374982 0.0276706 0.0257443 0.0191814 0.0213836 0.023583 0.0145119 0.0133031 0.0131548 0.0116523 0.0111614
threshold=1.2850666642189028 0.05036654323339463 0.72661659121513378 0.015371437184512617 0.54177576303482067 0.52729663252830516 0.03916378132998944 0.060447311028838165 1.1792662143707278 8.6713190078735369 1.1851512193679812 -16.00357103347778 1.0219380259513857 0.018996759317815307 0.016097192652523521 -0.018030435778200623
decision_type=2 2 2 2 2 2 2 2 2 2 2 2 2 2 2 2
left_child=3 2 -2 12 5 7 8 -5 11 -10 13 -4 -1 -11 -13 -16
right_child=1 -3 6 4 -6 -7 -8 -9 9 10 -12 14 -14 -15 15 -17
leaf_value=0.00027752621499948664 -0.0012909086858794753 0.0011899872251281826 0.00022415666794213543 0.00010036187567822436 -0.00064907364721875646 0.0019422359849372306 0.00075172884340421139 0.0014471440569889782 -0.0009948921374206502 0.00040007102633166547 0.0010660043916498085 -0.001130787147621411 -0.00063116090669063855 -0.00025356344772644522 7.6709161568369252e-05 -0.00063144724735193303
leaf_weight=87 79 51 61 94 50 81 73 57 52 109 53 83 75 262 73 234
leaf_count=87 79 51 61 94 50 81 73 57 52 109 53 83 75 262 73 234
internal_value=-2.11071e-05 -0.000200725 -0.000266458 0.000436028 0.000768754 0.00107432 -0.000185526 0.00060875 -0.000259334 -3.79455e-05 7.94159e-05 -0.000492995 -0.000143162 -6.15253e-05 -0.000605165 -0.000463058
internal_weight=1574 1130 1079 444 282 232 1000 151 927 476 424 451 162 371 390 307
internal_count=1574 1130 1079 444 282 232 1000 151 927 476 424 451 162 371 390 307
is_linear=0
shrinkage=0.05


Tree=6
num_leaves=17
num_cat=0
split_feature=144 161 128 135 47 106 72 93 71 151 181 74 75 91 91 93
split_gain=0.0469443 0.0446449 0.0524155 0.0457485 0.0570448 0.024303 0.0212026 0.0206202 0.0182176 0.0201919 0.0197232 0.017095 0.0169096 0.00821754 0.00775585 0.00646724
threshold=1.0866872668266299 1.1949630975723269 1.2050178647041323 0.96517127752304088 0.47499999403953558 0.88548651337623607 0.47572575509548193 8.1527390480041522 0.48410128057003027 1.6169740557670595 0.033188296481966979 0.53870603442192089 0.48769468069076544 0.29764549434185034 0.28550487756729132 7.5247018337249765
decision_type=2 2 2 2 2 2 2 2 2 2 2 2 2 2 2 2
left_child=1 3 5 4 -1 -3 7 -7 9 11 12 -8 -10 -11 -5 -12
right_child=-2 2 -4 14 -6 6 8 -9 10 13 15 -13 -14 -15 -16 -17
leaf_value=0.00013920499030915535 0.0014721369569123651 -0.0010332761699222224 0.0012947930610347873 8.3374401437400348e-05 0.0019322228896184936 -0.00026569336176234811 -0.00035001932949800155 -0.0016074918215163052 -0.00042897536656275173 0.00033093002986368867 0.0011116483791265637 -0.0012022261443457359 0.00021857394876942352 -0.00030716730223651458 -0.00076893519349944064 0.00030745662580011415
leaf_weight=94 51 96 56 56 84 67 170 50 184 104 50 90 223 98 51 50
leaf_count=94 51 96 56 56 84 67 170 50 184 104 50 90 223 98 51 50
internal_value=-2.00517e-05 -7.002e-05 -0.000199908 0.000494194 0.000985348 -0.000270723 -0.000203315 -0.000839112 -0.000126546 -0.000353657 8.04059e-05 -0.000645014 -7.41756e-05 2.13581e-05 -0.000322867 0.000709553
internal_weight=1574 1523 1238 285 178 1182 1086 117 969 462 507 260 407 202 107 100
internal_count=1574 1523 1238 285 178 1182 1086 117 969 462 507 260 407 202 107 100
is_linear=0
shrinkage=0.05


Tree=7
num_leaves=23
num_cat=2
split_feature=161 186 124 71 121 33 121 3 170 120 144 6 84 119 86 186 25 91 12 88 135 35
split_gain=0.0434775 0.0488215 0.0381481 0.0325543 0.0223392 0.0207587 0.0211333 0.0196905 0.0185248 0.0158509 0.0150378 0.0253111 0.0197474 0.0181907 0.0167913 0.0157458 0.0128685 0.0132094 0.0109655 0.00963896 0.00897476 0.00895434
threshold=1.2850666642189028 0 -0.070081081241369234 0.51338666677474987 0.10267966240644456 -0.50000001490116108 0.21330962330102923 0.012576428707689049 1196703424.0000002 0.067463397979736342 0.99981996417045604 0.12030150741338731 0.66276985406875621 0.16421607881784442 0.63978496193885814 1 0.52500000596046459 0.14452438801527026 0.10869932547211648 -0.62945812940597523 0.95878583192825328 -0.57500001788139332
decision_type=2 1 2 2 2 2 2 2 2 2 2 2 2 2 2 1 2 2 2 2 2 2
left_child=1 3 -2 7 8 -3 -7 -1 16 -10 11 14 13 -13 -6 19 17 -4 21 -12 -11 -17
right_child=2 5 4 -5 10 6 -8 -9 9 20 15 12 -14 -15 -16 18 -18 -19 -20 -21 -22 -23
leaf_value=0.0001691401113070027 0.00077513358044119457 -0.00066830625699670541 7.7901627635583288e-05 0.0020468950203697506 -0.00034380400846028549 -0.00021709399377283558 0.0010087758307490422 0.0013625960152024743 -0.0015833752634576881 -0.00016351992489306436 0.00021079605698664985 0.00012304777838028131 -0.0013572011720784109 -0.00096311576849342705 0.00073614543062818416 0.0012340370488415761 0.00044510314287617809 -0.0010224905526168488 2.3017195974503884e-05 -0.00067265341119644674 -0.0010718749862532535 0.00032285935542729154
leaf_weight=93 95 96 50 54 73 87 59 55 65 57 52 89 70 68 71 52 50 60 94 76 52 56
leaf_count=93 95 96 50 54 73 87 59 55 65 57 52 89 70 68 71 52 50 60 94 76 52 56
internal_value=-1.90491e-05 0.000400176 -0.000183771 0.000949081 -0.000271787 -9.33603e-05 0.000278292 0.000612654 -0.000608314 -0.000965388 -0.000111445 -0.000329855 -0.000658787 -0.000347392 0.000188671 0.000134101 -0.000219995 -0.000522312 0.000398178 -0.000291016 -0.000596864 0.000761575
internal_weight=1574 444 1130 202 1035 242 146 148 334 174 701 371 227 157 144 330 160 110 202 128 109 108
internal_count=1574 444 1130 202 1035 242 146 148 334 174 701 371 227 157 144 330 160 110 202 128 109 108
cat_boundaries=0 1 2
cat_threshold=18 1184
is_linear=0
shrinkage=0.05


Tree=8
num_leaves=13
num_cat=0
split_feature=144 161 128 86 106 179 36 77 93 119 173 111
split_gain=0.0415565 0.0369505 0.045197 0.0440695 0.0217747 0.019319 0.0191896 0.0184579 0.0181429 0.0162118 0.0166808 0.0216768
threshold=1.0866872668266299 1.1949630975723269 1.2050178647041323 0.58817264437675487 0.88548651337623607 12.593837261199953 -0.25000000745058054 0.52417644858360302 8.1527390480041522 0.0031555907335132365 0.63020393252372753 0.099878910928964629
decision_type=2 2 2 2 2 2 2 2 2 2 2 2
left_child=1 3 4 5 -3 6 -1 9 -9 -6 -11 -12
right_child=-2 2 -4 -5 7 -7 -8 8 -10 10 11 -13
leaf_value=-0.00018571350092315699 0.0013858552659204342 -0.00097083340024255453 0.0012046907896157272 0.0017799881581952066 0.00063710550625253404 -0.00048457254010710857 0.00094169598919309103 -0.00024398998250356222 -0.0014986452762968839 0.00051085259606557755 -0.00015249725384506869 -0.001018944071693113
leaf_weight=64 51 96 56 51 67 78 92 68 50 82 739 80
leaf_count=64 51 96 56 51 67 78 92 68 50 82 739 80
internal_value=-1.80967e-05 -6.51102e-05 -0.000183276 0.000448186 -0.000249034 0.000157922 0.000479169 -0.000185229 -0.000775624 -0.000113259 -0.000169058 -0.000237132
internal_weight=1574 1523 1238 285 1182 234 156 1086 118 968 901 819
internal_count=1574 1523 1238 285 1182 234 156 1086 118 968 901 819
is_linear=0
shrinkage=0.05


Tree=9
num_leaves=23
num_cat=0
split_feature=144 76 86 44 91 83 114 143 90 62 116 42 69 133 161 95 179 26 181 182 170 113
split_gain=0.0375048 0.0356023 0.030268 0.0401047 0.0470066 0.0253382 0.0282841 0.0277924 0.0242183 0.0217816 0.0224968 0.0225819 0.0166611 0.0140818 0.0175059 0.013701 0.0191471 0.0130569 0.00986438 0.00908897 0.00870644 0.00476385
threshold=1.0866872668266299 0.50652050971984874 0.60379901528358471 0.45000000298023229 0.54073104262352001 0.53338444232940685 -0.0080840145237743837 1.0319842100143435 0.47613544762134558 0.58755028247833263 -0.00016411714750574899 0.47499999403953558 0.39836235344409948 0.95886927843093883 1.2768164873123171 0.87535697221755993 11.492732524871828 0.25000000745058065 0.019116736017167572 0.017063092440366748 400167776.00000006 -0.00016168244474101809
decision_type=2 2 2 2 2 2 2 2 2 2 2 2 2 2 2 2 2 2 2 2 2 2
left_child=1 2 9 8 -5 6 -3 15 -4 10 11 -1 -7 -12 -15 19 17 -17 -18 -8 -14 -22
right_child=-2 5 3 4 -6 12 7 -9 -10 -11 13 -13 20 14 -16 16 18 -19 -20 -21 21 -23
leaf_value=0.00010076192220060804 0.0013165624930943345 0.00093332063587350323 0.00063306239366543856 0.0022138475873766258 0.0003722375215336608 -0.0015437620418379085 -0.00018652711713506705 -0.0013393057203239889 -0.00087303905919029886 -0.00082782818745063451 -0.00069204619460585745 0.0013754215972240722 -9.6818116710621968e-05 0.00078667142139426591 -0.00031353140723240359 -2.730534478148114e-05 -4.8773954329099363e-05 0.00088438543456825693 -0.00085649037924937421 -0.00099824736384631491 -0.0011507178146583849 -0.00046390325779793783
leaf_weight=89 51 58 56 63 77 50 83 51 51 74 88 57 74 58 96 73 126 85 54 59 51 50
leaf_count=89 51 58 56 63 77 50 83 51 51 74 88 57 74 58 96 73 126 85 54 59 51 50
internal_value=-1.71919e-05 -6.18547e-05 0.000197174 0.000643972 0.00120096 -0.000287471 -0.000115054 -0.000229566 -8.4799e-05 -4.16982e-05 0.000108234 0.000598403 -0.00073882 -0.000187488 0.000100831 -0.000111656 6.14896e-05 0.000463161 -0.000291089 -0.000523791 -0.000508836 -0.000810711
internal_weight=1574 1523 709 247 140 814 589 531 107 462 388 146 225 242 154 480 338 158 180 142 175 101
internal_count=1574 1523 709 247 140 814 589 531 107 462 388 146 225 242 154 480 338 158 180 142 175 101
is_linear=0
shrinkage=0.05


Tree=10
num_leaves=24
num_cat=0
split_feature=125 92 86 161 121 92 27 97 125 119 170 26 115 174 174 35 31 170 83 158 83 15 61
split_gain=0.0505548 0.0353895 0.0391966 0.0496606 0.0514351 0.0291269 0.0287063 0.0255432 0.0250627 0.0194934 0.0179628 0.0184359 0.018156 0.0125945 0.0180883 0.0123036 0.01195 0.00967263 0.0106281 0.00832627 0.00810374 0.00939253 0.00738999
threshold=-0.074616577476263032 0.50045195221900951 0.60180595517158519 1.4881041049957278 0.11121039092540742 0.16298124939203265 0.57499998807907116 1.0569028854370119 -0.033727353438735001 0.11083138734102251 460840592.00000006 0.11666667088866235 0.0038192328065633778 11.941953659057619 32.864562988281257 -0.27500000596046442 0.35000000894069677 1472015936.0000002 0.26256506145000463 1.1691193580627444 0.57800135016441356 0.46249999105930334 0.60236313939094555
decision_type=2 2 2 2 2 2 2 2 2 2 2 2 2 2 2 2 2 2 2 2 2 2 2
left_child=6 2 5 4 -4 13 -1 17 -5 -8 -3 -12 -13 -2 19 -16 -10 20 -19 -15 21 -7 -9
right_child=1 10 3 8 -6 7 9 22 16 -11 11 12 -14 14 15 -17 -18 18 -20 -21 -22 -23 -24
leaf_value=0.0018190133249915493 -0.00050803837546845899 0.0001884729072082577 0.00018965746635598516 0.0010179311381652951 0.0023412440987456529 6.022995435427327e-05 0.0010878339511427013 -0.0015110992629642544 -0.00085295197430111473 -0.00021022970742378078 -0.0015952682887316395 -4.6962902485540349e-05 -0.0012500608699226108 0.001198754549287038 -0.00049176160092530253 0.0004014332046772982 6.7895012685575666e-05 -0.0001607290305186967 -0.0011052186143988708 0.00040093250749765404 0.00051047348717003381 -0.0006083426570694428 -0.00065567336467211136
leaf_weight=52 50 53 51 50 61 153 55 51 56 61 58 79 52 63 72 83 95 68 53 68 54 80 50
leaf_count=52 50 53 51 50 61 153 55 51 56 61 58 79 52 63 72 83 95 68 53 68 54 80 50
internal_value=2.32577e-05 -7.5091e-05 3.98293e-05 0.000517795 0.0013615 -0.000137216 0.000842831 -0.000375722 4.7668e-05 0.000405232 -0.000624999 -0.000853115 -0.000524529 0.000224093 0.000352088 -1.34702e-05 -0.000273611 -0.000199492 -0.000574431 0.000784618 -4.14169e-05 -0.000169323 -0.00108762
internal_weight=1568 1400 1158 313 112 845 168 509 201 116 242 189 131 336 286 155 151 408 121 131 287 233 101
internal_count=1568 1400 1158 313 112 845 168 509 201 116 242 189 131 336 286 155 151 408 121 131 287 233 101
is_linear=0
shrinkage=0.05


Tree=11
num_leaves=23
num_cat=0
split_feature=125 92 86 161 92 38 92 127 125 26 96 136 25 127 86 116 152 85 3 124 93 165
split_gain=0.0456257 0.031939 0.035375 0.0448187 0.0465261 0.0313126 0.0262871 0.0258218 0.0226191 0.0162833 0.0150416 0.0141749 0.0135501 0.0128344 0.0129505 0.0123289 0.0105214 0.0100333 0.00790781 0.00728189 0.00696394 0.0133979
threshold=-0.074616577476263032 0.50045195221900951 0.60180595517158519 1.4881041049957278 0.40467736124992376 0.30000000447034841 0.16298124939203265 1.0715706944465639 -0.033727353438735001 0.083333335816860213 -1.4831234812736509 0.82494986057281505 0.27500000596046453 1.0543286204338076 0.08380747959017755 0.00036333367461338645 0.31087775528430944 -0.074962090700864778 0.0071074739098548898 0.0052542155608534822 0.78221094608306896 467.35870361328131
decision_type=2 2 2 2 2 2 2 2 2 2 2 2 2 2 2 2 2 2 2 2 2 2
left_child=5 2 6 4 -4 10 13 17 -5 -3 -1 -11 -9 14 19 -16 -10 -8 -13 -2 -19 -22
right_child=1 9 3 8 -6 -7 7 12 16 11 -12 18 -14 -15 15 -17 -18 20 -20 -21 21 -23
leaf_value=0.00093389052075080526 1.2899090096883567e-05 -0.0013242635652220306 0.0023880982377354836 0.00096703458856791259 0.0003447148550670439 0.0017407529614360852 -0.00078774661493585688 -0.00046854739865431424 -0.00059883250192237594 -0.00085835461418523834 -0.00023858165526289052 -0.00041668392688163795 -0.001594320346299686 0.0007124050539254489 0.00081959286108030944 -0.00020839814041391947 0.00025407063925134333 -0.00058199228109775253 0.00045957011666010098 -0.00075962697407833601 0.00036413663787343093 -0.00031677737301229777
leaf_weight=51 67 58 52 50 60 58 57 52 91 81 59 51 55 93 70 50 60 56 52 56 146 143
leaf_count=51 67 58 52 50 60 58 57 52 91 81 59 51 55 93 70 50 60 56 52 56 146 143
internal_value=2.20948e-05 -7.13365e-05 3.78378e-05 0.000491905 0.00129343 0.000800689 -0.000130355 -0.000356936 4.52846e-05 -0.000593749 0.000305019 -0.000363478 -0.00104722 0.000212888 2.17149e-05 0.000391263 -0.000259931 -0.000173205 2.56968e-05 -0.00033882 -7.16718e-05 2.72138e-05
internal_weight=1568 1400 1158 313 112 168 845 509 201 242 110 184 107 336 243 120 151 402 103 123 345 289
internal_count=1568 1400 1158 313 112 168 845 509 201 242 110 184 107 336 243 120 151 402 103 123 345 289
is_linear=0
shrinkage=0.05


Tree=12
num_leaves=24
num_cat=1
split_feature=127 141 186 161 56 178 157 68 182 177 102 172 58 112 120 127 24 122 162 150 57 157 6
split_gain=0.0422356 0.0354455 0.0335525 0.0275001 0.0341894 0.0437174 0.0221597 0.0217707 0.0198928 0.0197693 0.0182872 0.0178658 0.0166994 0.0181171 0.0128224 0.0109872 0.00954435 0.0131103 0.00939289 0.00930276 0.00877032 0.00830087 0.00736393
threshold=1.1331510543823244 1.1130620837211611 0 1.4800989627838137 0.54478862881660473 -7.6703920364379874 1.040564298629761 0.46652302145957952 0.016557618044316772 177.88730621337893 0.99227249622344982 84464440.000000015 0.87738522887229931 -0.0057806780096143475 0.20756050944328311 1.0590310096740725 0.45000000298023229 0.0046714523341506728 839.14450073242199 1.1960000991821291 0.48817043006420141 0.80562046170234691 0.16542288661003116
decision_type=2 2 1 2 2 2 2 2 2 2 2 2 2 2 2 2 2 2 2 2 2 2 2
left_child=2 -2 3 4 7 -6 11 9 -8 -1 -5 14 13 19 20 -10 17 -9 21 -12 -4 -13 -15
right_child=1 -3 6 10 5 -7 8 16 15 -11 12 18 -14 22 -16 -17 -18 -19 -20 -21 -22 -23 -24
leaf_value=-0.00013725447239494316 6.964488916831916e-05 0.0017812459704388555 -0.00022050896650805735 -0.00090506911322282737 0.00023762116733349912 0.0020489092809457951 -0.00054476290780808029 0.00050303724853963149 0.00090049469623464215 0.00099259443169492966 0.0011241063855380741 -0.0017521188615355642 -0.00056927996574442509 0.0002347717093289248 0.00021644339584255299 -7.662894545943596e-05 -0.00079052251745898711 -0.00056666770208351044 -0.00045724813567358077 0.00024662678889711317 -0.0010642590498543558 -0.00084102758427616212 -0.00049230148998251843
leaf_weight=64 61 60 67 68 72 62 81 61 66 98 55 50 98 60 76 51 57 54 50 67 57 50 83
leaf_count=64 61 60 67 68 72 62 81 61 66 98 55 50 98 60 76 51 57 54 50 67 57 50 83
internal_value=2.09901e-05 0.000918373 -5.40502e-05 0.000134101 0.000400975 0.00107568 -0.000358617 0.000130286 5.75696e-05 0.000546234 -0.000152573 -0.000604305 -1.16097e-05 0.000194623 -0.000294936 0.000474569 -0.00026148 7.41011e-07 -0.0010168 0.000642212 -0.000608362 -0.00129657 -0.000187236
internal_weight=1568 121 1447 899 468 134 548 334 198 162 431 350 363 265 200 117 172 115 150 122 124 100 143
internal_count=1568 121 1447 899 468 134 548 334 198 162 431 350 363 265 200 117 172 115 150 122 124 100 143
cat_boundaries=0 1
cat_threshold=122
is_linear=0
shrinkage=0.05


Tree=13
num_leaves=25
num_cat=1
split_feature=127 186 161 86 159 171 22 119 157 112 162 58 114 86 179 118 76 83 102 27 135 154 70 157
split_gain=0.0381176 0.0302812 0.0248189 0.0535891 0.023395 0.0358496 0.0230927 0.0190785 0.0177072 0.0168258 0.0193576 0.0192194 0.0149812 0.0149413 0.0142468 0.0155389 0.0120668 0.0152513 0.00922285 0.011122 0.00907212 0.00629322 0.0060887 0.00450039
threshold=1.1331510543823244 0 1.4800989627838137 0.60180595517158519 1.4005638957023623 109198056.00000001 0.39657010138034826 0.4296416193246842 0.92757579684257518 -0.0014999482082203028 328.78253173828131 0.87738522887229931 -0.0031724603613838549 0.42657215893268591 12.593837261199953 0.16126596182584765 0.50896447896957409 0.45940339565277105 1.0144549608230593 0.47499999403953558 0.97721415758132946 0.31111767888069158 0.50085511803627025 0.94638738036155712
decision_type=2 1 2 2 2 2 2 2 2 2 2 2 2 2 2 2 2 2 2 2 2 2 2 2
left_child=1 2 3 7 5 16 -2 12 -6 11 -11 18 20 -10 15 -14 21 23 19 -4 -1 -3 -7 -18
right_child=6 4 9 -5 8 22 -8 -9 13 10 -12 -13 14 -15 -16 -17 17 -19 -20 -21 -22 -23 -24 -25
leaf_value=-0.00089699846657662931 0.0015689268331819527 -0.00025635708668999668 0.00054479876177056751 0.0016461044872953545 -0.00048274601909465022 -0.00098989594502953094 0.00018739890708916319 0.0010677787404565606 -5.343111612494165e-05 -0.0011429835707191768 7.9419231246503303e-05 -0.00052480361557651403 4.7207154600845998e-05 0.0011451760040542397 -0.00038370366839584539 0.0010008577675900505 -0.00050566631398396567 -0.0011448574145560997 0.00068583203953624314 -0.00048025674842806028 1.1753611418172577e-05 0.00051471117116637865 -0.001770197405756335 0.00015264314494776987
leaf_weight=57 60 51 51 71 70 50 61 50 52 75 57 95 93 52 65 79 50 64 98 55 53 55 50 54
leaf_count=57 60 51 51 71 70 50 61 50 52 75 57 95 93 52 65 79 50 64 98 55 53 55 50 54
internal_value=1.99406e-05 -5.13477e-05 0.000127396 0.000380927 -0.000340686 -0.000569736 0.000872454 0.000154661 0.00013206 -0.000144944 -0.000615128 6.26281e-05 2.30874e-05 0.000545872 0.000246908 0.000485221 -0.000274002 -0.000537568 0.000336187 1.29303e-05 -0.000459145 0.000143725 -0.00138005 -0.000163852
internal_weight=1568 1447 899 468 548 374 121 397 174 431 132 299 347 104 237 172 274 168 204 106 110 106 100 104
internal_count=1568 1447 899 468 548 374 121 397 174 431 132 299 347 104 237 172 274 168 204 106 110 106 100 104
cat_boundaries=0 1
cat_threshold=122
is_linear=0
shrinkage=0.05


Tree=14
num_leaves=18
num_cat=1
split_feature=125 119 171 92 171 92 86 160 111 90 26 61 100 186 86 121 155
split_gain=0.0356093 0.0282651 0.0281898 0.0268085 0.033229 0.0201013 0.0215019 0.0240426 0.0196992 0.014761 0.0142818 0.0133995 0.0128614 0.0109156 0.0137151 0.00811193 0.007869
threshold=-0.074616577476263032 0.5933227837085725 105209348.00000001 0.50999030470848095 330319776.00000006 0.16056156158447268 0.42113286256790167 1.0389885902404787 0.075101714581251158 0.61525368690490734 0.11666667088866235 0.44240294396877294 1.0807619690895083 0 0.12251053005456926 0.076491270214319243 0.5811043679714204
decision_type=2 2 2 2 2 2 2 2 2 2 2 2 2 1 2 2 2
left_child=2 3 -1 4 5 13 8 -8 12 -9 -5 -12 -7 14 -2 -15 -17
right_child=1 -3 -4 10 -6 6 7 9 -10 -11 11 -13 -14 15 -16 16 -18
leaf_value=0.0012609055891066561 0.00017578193781024522 0.00088741655679375588 -5.0253666370441406e-05 -0.0012744072192543204 0.0011475975148014499 -0.00011950058482988106 0.00085280645422504409 -1.8173189807391806e-05 -0.0012372542250816039 -0.00093253403940492859 -0.00095623416050026827 -1.8065121395537923e-06 -0.00099656215515332648 -0.00048787049296758299 0.0012510960682657942 0.00041533785989820467 -0.00032889090808549003
leaf_weight=97 69 74 71 61 58 185 70 264 77 53 60 95 54 60 52 117 51
leaf_count=97 69 74 71 61 58 185 70 264 77 53 60 95 54 60 52 117 51
internal_value=1.89436e-05 -6.35974e-05 0.000706785 -0.000116671 -1.74961e-05 -8.17313e-05 -0.000235727 1.41458e-05 -0.000541742 -0.000171047 -0.000626317 -0.000371262 -0.000317665 0.000228467 0.000589206 1.07095e-05 0.000189411
internal_weight=1568 1400 168 1326 1110 1052 703 387 316 317 216 155 239 349 121 228 168
internal_count=1568 1400 168 1326 1110 1052 703 387 316 317 216 155 239 349 121 228 168
cat_boundaries=0 1
cat_threshold=24
is_linear=0
shrinkage=0.05


Tree=15
num_leaves=24
num_cat=0
split_feature=128 126 172 146 182 72 147 130 161 117 88 154 10 168 75 174 159 58 12 69 151 155 157
split_gain=0.0405552 0.026717 0.0406255 0.0228198 0.0278272 0.0210975 0.020909 0.0193832 0.0158457 0.0142147 0.0131069 0.0130224 0.0175915 0.0119762 0.0106463 0.00958915 0.00838249 0.00813966 0.00793714 0.00701611 0.00602263 0.0059724 0.00582596
threshold=1.1591091752052309 -0.044896861538290971 82009936.000000015 0.81216934323310863 0.019882341846823696 0.515600085258484 0.85170742869377147 1.0953778624534609 1.1514785885810854 0.2286014407873154 -0.013187537435442208 0.33133083581924444 1.029486417770386 -2.3738262653350826 0.4850600957870484 24.780550003051761 1.2584962844848635 0.68576520681381237 0.1060704253613949 0.51181191205978405 1.6622886061668398 0.47047781944274908 0.98781266808509838
decision_type=2 2 2 2 2 2 2 2 2 2 2 2 2 2 2 2 2 2 2 2 2 2 2
left_child=3 2 -2 5 7 -1 15 8 -5 13 19 -8 16 -9 -12 -6 17 -13 -11 20 -10 -16 -18
right_child=1 -3 -4 4 6 -7 11 9 10 18 14 12 -14 -15 21 -17 22 -19 -20 -21 -22 -23 -24
leaf_value=-0.00024613154055687657 0.001141876597148439 0.0014110689613591777 -0.00058946446382227198 0.00063544971001912147 0.00034826465981656362 -0.001540498939808458 -0.00066165019225616776 -0.0013809065139184897 -0.00034701233811601788 0.00014724210262476633 -0.00086502931146242206 0.00080793159626773572 0.0010090680965830954 -0.00049604147782941397 0.00016869783939910121 0.0012705325335864762 -0.00059172793853576886 -9.4269110471941533e-05 -0.00053211352680863325 0.00066256648234020062 0.00037011674027710869 -0.00054263558467209803 8.0322356303580682e-05
leaf_weight=85 64 73 72 79 51 50 51 64 67 85 80 50 55 95 72 63 64 50 87 52 52 50 65
leaf_count=85 64 73 72 79 51 50 51 64 67 85 80 50 55 95 72 63 64 50 87 52 52 50 65
internal_value=-9.21587e-06 0.000639458 0.000225284 -0.000108391 -4.07669e-05 -0.000725527 0.000273036 -0.000220713 -7.82666e-06 -0.000511421 -0.00014407 7.39943e-05 0.000206099 -0.000852214 -0.000416772 0.000857939 1.32467e-05 0.000356831 -0.000196385 0.000178068 -3.3645e-05 -0.000122832 -0.000253098
internal_weight=1576 209 136 1367 1232 135 449 783 452 331 373 335 284 159 202 114 229 100 172 171 119 122 129
internal_count=1576 209 136 1367 1232 135 449 783 452 331 373 335 284 159 202 114 229 100 172 171 119 122 129
is_linear=0
shrinkage=0.05


Tree=16
num_leaves=21
num_cat=0
split_feature=128 44 123 161 175 38 143 117 118 87 172 117 159 6 98 111 26 4 34 124
split_gain=0.0366011 0.024474 0.029081 0.0209147 0.023389 0.0237906 0.0212296 0.0187892 0.0196618 0.020852 0.0319524 0.0147084 0.0141813 0.0139018 0.0123235 0.0103381 0.00945942 0.00859116 0.00764941 0.00563901
threshold=1.1591091752052309 0.65000000596046459 -0.027314702980220314 1.1949630975723269 17.218812942504886 0.5000000149011613 0.99702870845794689 0.38162133097648626 0.37742322683334356 0.67691266536712658 95397484.000000015 0.81001877784729015 0.98349979519844066 0.07175032421946527 1.0874518156051638 0.066272892057895674 0.21666666865348819 0.21440929174423221 0.55000001192092907 -0.013028279412537811
decision_type=2 2 2 2 2 2 2 2 2 2 2 2 2 2 2 2 2 2 2 2
left_child=3 2 -2 4 -1 6 -6 8 9 14 -11 12 -9 -14 18 -10 -15 -18 19 -5
right_child=1 -3 -4 7 5 -7 -8 11 15 10 -12 -13 13 16 -16 -17 17 -19 -20 -21
leaf_value=-0.00062941698377231528 0.00036845550256819556 -8.6591153408738185e-05 0.0018755755922348614 -0.00052525696468601714 0.0017838904774980621 -0.00011248520147350019 0.00043890086989718639 -0.00044878386092932492 0.00073316181023983526 -0.00010358765194884174 -0.0017490205868359355 -0.00052115536988302279 0.001080234830650235 -0.00025214304614086075 0.00040675992618511935 -0.00023194797670426359 -5.8688000046039146e-05 0.00076094985955692165 -0.00091247949321768837 -0.00012309158539159802
leaf_weight=53 73 79 57 169 50 81 71 64 56 51 70 84 56 76 52 55 52 83 64 180
leaf_count=53 73 79 57 169 50 81 71 64 56 51 70 84 56 76 52 55 52 83 64 180
internal_value=-8.75508e-06 0.000607485 0.00102927 -0.000102972 0.000305436 0.000550719 0.000994682 -0.000196626 -0.000355217 -0.000470796 -0.00105549 6.97304e-05 0.000219683 0.000379915 -0.00031865 0.000254954 0.000194048 0.000445237 -0.000409985 -0.000317836
internal_weight=1576 209 130 1367 255 202 121 1112 697 586 121 415 331 267 465 111 211 135 413 349
internal_count=1576 209 130 1367 255 202 121 1112 697 586 121 415 331 267 465 111 211 135 413 349
is_linear=0
shrinkage=0.05


Tree=17
num_leaves=19
num_cat=0
split_feature=128 116 111 146 181 77 147 154 8 37 83 52 71 37 181 170 175 163
split_gain=0.0330325 0.0235018 0.0441124 0.0198724 0.0217249 0.0216384 0.0167965 0.0153385 0.0139234 0.0118193 0.0150996 0.0120077 0.0234704 0.016433 0.0104152 0.0102337 0.00796556 0.00505198
threshold=1.1591091752052309 0.0047897920012474069 0.08556856215000154 0.81216934323310863 0.029650954529643062 0.4843363910913468 0.85170742869377147 0.47392070293426519 -0.96258115768432606 -0.49166665971279139 -0.14219471812248227 0.091666668653488173 0.52993029356002819 0.45833332836627966 0.014398660045117142 1081326848.0000002 14.768295288085939 335.73081970214849
decision_type=2 2 2 2 2 2 2 2 2 2 2 2 2 2 2 2 2 2
left_child=3 2 -2 5 8 -1 -6 -8 -5 10 16 12 13 -11 -13 17 -10 -12
right_child=1 -3 -4 4 6 -7 7 -9 9 11 15 14 -14 -15 -16 -17 -18 -19
leaf_value=-0.0014990802318789066 0.00028219488002226479 -0.00024876219581156117 0.0020903832576550487 -0.00091553126640064875 0.0012317420116884916 -0.00018822348423247392 -0.00047803339139835984 0.00069075191621494492 -0.00035748601198429242 0.00018307072891555993 -0.00071320733476130515 0.00010460386098390607 0.0011356820744157839 -0.00043950251326773282 -0.00078257652760828052 -0.0012131280023563054 0.00051077866670051926 -1.9280715036538644e-05
leaf_weight=50 96 61 52 52 53 85 52 61 50 418 54 58 52 142 77 56 56 51
leaf_count=50 96 61 52 52 53 85 52 61 50 418 54 58 52 142 77 56 56 51
internal_value=-8.31732e-06 0.000577111 0.000917504 -9.78231e-05 -3.47169e-05 -0.000673726 0.000497352 0.000152904 -0.000117572 -7.6651e-05 -0.000362181 2.5406e-05 0.000119558 2.52039e-05 -0.000401418 -0.000667278 0.00010122 -0.000376157
internal_weight=1576 209 148 1367 1232 135 166 113 1066 1014 267 747 612 560 135 161 106 105
internal_count=1576 209 148 1367 1232 135 166 113 1066 1014 267 747 612 560 135 161 106 105
is_linear=0
shrinkage=0.05


Tree=18
num_leaves=20
num_cat=0
split_feature=128 158 160 161 175 86 83 111 111 149 84 153 171 17 84 32 157 86 101
split_gain=0.0298118 0.0220132 0.0349693 0.018663 0.0205098 0.0215785 0.017255 0.0149377 0.0157659 0.0137747 0.0130268 0.0151161 0.0123124 0.0114225 0.0111787 0.00991423 0.00813658 0.00987239 0.00738297
threshold=1.1591091752052309 0.96551647782325756 1.4165458679199221 1.1949630975723269 17.218812942504886 0.46021544933319097 0.62479770183563244 0.079388625919818892 0.057852275669574744 0.67781209945678722 0.74842876195907604 0.28103847801685339 103102876.00000001 0.82083332538604747 -0.36030587553977961 0.55833333730697643 0.93430322408676159 0.49102781713008886 0.87354594469070446
decision_type=2 2 2 2 2 2 2 2 2 2 2 2 2 2 2 2 2 2 2
left_child=3 -2 -3 4 -1 13 9 8 15 -5 11 12 14 -6 -11 -8 18 -18 -13
right_child=1 2 -4 6 5 -7 7 -9 -10 10 -12 16 -14 -15 -16 -17 17 -19 -20
leaf_value=-0.00058255897624031553 0.0011868623963891879 -0.00068724833436135675 0.00097216687637329512 0.00054813342131738963 0.00053869674817444446 0.0013270936858489069 -0.00020585888406328325 -0.0011614234634907915 0.00036383083821419862 -0.00082922722536022786 -0.00090952917366224687 -0.00066449654148891576 -0.00095330908741849221 -0.00038308295233609565 3.1929802507340141e-05 -0.001074102519980384 4.7396385410322748e-05 0.0007073558764467534 3.5350071186638438e-05
leaf_weight=53 82 64 63 81 89 59 70 70 60 50 51 50 69 54 153 62 153 90 153
leaf_count=53 82 64 63 81 89 59 70 70 60 50 51 50 69 54 153 62 153 90 153
internal_value=-7.90146e-06 0.000548255 0.000135926 -9.2932e-05 0.000292864 0.000522555 -0.000181402 -0.000536161 -0.000308201 -7.2052e-05 -0.000137377 -8.25307e-05 -0.000376303 0.000190612 -0.000180178 -0.00061367 9.6631e-05 0.000291826 -0.000137026
internal_weight=1576 209 127 1367 255 202 1112 262 192 850 769 718 272 143 203 132 446 243 203
internal_count=1576 209 127 1367 255 202 1112 262 192 850 769 718 272 143 203 132 446 243 203
is_linear=0
shrinkage=0.05


Tree=19
num_leaves=19
num_cat=0
split_feature=128 44 90 121 110 81 37 70 83 92 129 111 85 86 37 153 157 73
split_gain=0.0269052 0.0205546 0.02768 0.0179474 0.0187563 0.0177746 0.019725 0.0194387 0.0152252 0.0133164 0.0133339 0.0132809 0.013303 0.0113448 0.011283 0.0120211 0.00929826 0.00485156
threshold=1.1591091752052309 0.65000000596046459 0.48159520328044897 0.031956268474459655 0.050470769405364997 0.059860596433281905 -0.37499999999999994 0.4361968338489533 0.53338444232940685 0.0059191377367824325 1.1710230112075808 0.079388625919818892 0.16692965477705005 0.65564838051795971 0.27500000596046453 0.2701308280229569 0.95837301015853893 0.62016850709915172
decision_type=2 2 2 2 2 2 2 2 2 2 2 2 2 2 2 2 2 2
left_child=3 2 -2 4 14 7 -7 17 9 -9 13 12 -10 -11 15 -1 -14 -5
right_child=1 -3 -4 5 -6 6 -8 8 11 10 -12 -13 16 -15 -16 -17 -18 -19
leaf_value=-0.001036803782050151 0.0014841765794699315 -0.00011523437153093392 -1.5490828736801632e-05 0.00024741823485089563 -0.0010569376469317215 -0.00024419620013384918 0.000996898467176009 0.00053701985455162414 -0.00090486394177952958 -0.00030316029353013468 0.00058858262619666639 -0.0010587995356640739 -0.00032500412502746 0.0004897162626102549 0.00036381280654145838 -2.7551065151263695e-05 0.00054039957397505466 0.00091686016652965923
leaf_weight=51 80 79 50 59 87 51 86 92 55 391 59 71 77 51 65 70 52 50
leaf_count=51 80 79 50 59 87 51 86 92 55 391 59 71 77 51 65 70 52 50
internal_value=-7.50638e-06 0.000520842 0.000907381 -8.82854e-05 -0.000450957 2.2168e-06 0.000534885 -7.40377e-05 -0.000154829 -1.58987e-05 -0.000117433 -0.000477909 -0.000253761 -0.000211675 -0.000167515 -0.000452939 2.38408e-05 0.000554502
internal_weight=1576 209 130 1367 273 1094 137 957 848 593 501 255 184 442 186 121 129 109
internal_count=1576 209 130 1367 273 1094 137 957 848 593 501 255 184 442 186 121 129 109
is_linear=0
shrinkage=0.05


Tree=20
num_leaves=25
num_cat=0
split_feature=90 61 157 148 106 73 49 158 142 86 94 179 92 4 179 91 129 138 167 60 109 178 168 92
split_gain=0.0273794 0.0287342 0.0446387 0.0375743 0.0265694 0.0221031 0.0197267 0.0228081 0.0205488 0.0169391 0.0168628 0.0135299 0.0154016 0.0121918 0.0119661 0.0113342 0.0108882 0.00951739 0.00910986 0.0123348 0.0075333 0.00703363 0.0132624 0.00810277
threshold=0.54692712426185619 0.45597270131111151 0.63882160186767589 0.56167298555374157 0.88956052064895641 0.53347700834274303 1.0000000180025095e-35 0.93620118498802196 0.99244821071624767 0.7778671681880952 2.0929700136184697 12.593837261199953 0.32778057456016546 0.20772124081850055 6.43536400794983 0.045561704784631736 1.1614333391189577 1.0057675838470461 -0.18977845460176465 0.66241320967674266 0.019548480398952964 -4.4811222553253165 9.1700720787048358 0.39636684954166418
decision_type=2 2 2 2 2 2 2 2 2 2 2 2 2 2 2 2 2 2 2 2 2 2 2 2
left_child=1 2 -1 -3 -2 10 7 -4 -8 21 17 12 14 -14 -7 -12 20 -5 19 -19 -13 22 23 -6
right_child=4 3 6 5 9 11 8 -9 -10 -11 15 16 13 -15 -16 -17 -18 18 -20 -21 -22 -23 -24 -25
leaf_value=0.0019498583767563105 -0.0012727211347997322 0.0011681780465578691 0.0015780822699307463 -0.00072121732427702083 -0.00025948836316820237 0.00036330877192085613 -0.00081022109725844063 0.00017987631380882315 0.00049334888365504617 0.00057113475303524933 -0.0001759280121940024 -1.4243022353464488e-05 -0.00055914305079428372 0.0004292410212329765 0.0013455299983354309 -0.0011088996185248511 0.0004267861305449445 0.00071207285149902473 -0.0004592368038894206 -0.00015504848706768826 -0.00084303089273001614 -0.00073276019945072443 -0.00079387935662592881 0.00064066524757072337
leaf_weight=50 63 66 50 51 50 68 59 70 62 65 51 52 52 78 57 90 52 74 67 92 58 77 52 50
leaf_count=50 63 66 50 51 50 68 59 70 62 65 51 52 52 78 57 90 52 74 67 92 58 77 52 50
internal_value=4.34681e-05 0.000157914 0.000590285 1.93463e-05 -0.000340905 -7.07046e-05 0.000308216 0.000762462 -0.000142276 -0.00014123 -0.00032446 0.000187919 0.000414924 3.38874e-05 0.000811202 -0.000771442 -0.000169405 -0.000102542 3.28758e-05 0.0002315 -0.00045124 -0.00034343 -0.000146203 0.000190588
internal_weight=1556 1199 291 908 357 842 241 120 121 294 425 417 255 130 125 141 162 284 233 166 110 229 152 100
internal_count=1556 1199 291 908 357 842 241 120 121 294 425 417 255 130 125 141 162 284 233 166 110 229 152 100
is_linear=0
shrinkage=0.05


Tree=21
num_leaves=23
num_cat=1
split_feature=186 161 27 109 148 30 32 91 68 135 176 91 24 121 119 146 161 8 183 54 160 135
split_gain=0.0257741 0.0409651 0.059288 0.0324295 0.0225787 0.0163375 0.0143183 0.0146573 0.0146838 0.0131189 0.0147008 0.0129627 0.0129479 0.012422 0.0100972 0.00958457 0.00945217 0.0132499 0.00830153 0.00734768 0.00664287 0.00520819
threshold=0 1.2186430692672732 0.5416666865348817 0.046247575432062156 0.60149297118186962 0.22500000149011615 0.42499999701976782 0.27551124989986425 0.46652302145957952 0.92555922269821178 8.4778838157653826 0.52348169684410106 0.65000000596046459 0.19507637619972232 0.14183039218187335 0.88207578659057628 1.4962446093559267 -0.49806201457977289 -0.0082588945515453798 0.2926673442125321 1.4740169048309328 0.94238707423210155
decision_type=1 2 2 2 2 2 2 2 2 2 2 2 2 2 2 2 2 2 2 2 2 2
left_child=1 2 -1 -4 -2 11 7 -3 -9 -7 14 15 16 -8 18 -6 17 -12 -11 -18 -13 -17
right_child=4 6 3 -5 5 9 13 8 -10 10 12 20 -14 -15 -16 21 19 -19 -20 -21 -22 -23
leaf_value=0.002408939226577287 0.00086082258310757201 0.00029820440716624342 0.0012125574273751209 -0.00057051853862004451 0.00085775240544510428 -0.00083779170083064488 2.1235297385103789e-05 -3.5150581473916225e-05 -0.0010288923135262581 -0.00117006212740179 0.00099259897281210575 -0.00062012335568948913 -0.0006658646413744728 0.0010093775231379662 -9.9066806398609309e-05 -0.00025017673021876345 0.00025237596361428531 2.1939426118604328e-05 -0.00038801566912577705 -0.00046378747777135331 0.00011777754440773889 0.00046094707711465447
leaf_weight=51 57 99 51 51 73 97 69 82 68 71 59 61 62 59 84 51 63 87 65 83 61 52
leaf_count=51 57 99 51 51 73 97 69 82 68 71 59 61 62 59 84 51 63 87 65 83 61 52
internal_value=4.12947e-05 0.000320914 0.00101699 0.000321019 -0.00010525 -0.000163164 4.69329e-05 -0.000173995 -0.000485647 -0.000299984 -0.0002091 0.00014491 -9.62207e-06 0.000476707 -0.000530077 0.000419467 0.000129717 0.000414192 -0.00079629 -0.000154758 -0.000251173 0.000108837
internal_weight=1556 530 153 102 1026 969 377 249 150 671 574 298 354 128 220 176 292 146 136 146 122 103
internal_count=1556 530 153 102 1026 969 377 249 150 671 574 298 354 128 220 176 292 146 136 146 122 103
cat_boundaries=0 1
cat_threshold=18
is_linear=0
shrinkage=0.05


Tree=22
num_leaves=16
num_cat=0
split_feature=106 5 142 161 35 163 114 91 121 168 27 121 88 107 120
split_gain=0.0252393 0.0405559 0.0257173 0.0201483 0.0306252 0.0462759 0.0204456 0.0200061 0.0141663 0.0138327 0.0118808 0.0126981 0.0117286 0.0109999 0.00831926
threshold=0.8780188560485841 0.023169404827058319 0.9977710247039796 1.2186430692672732 -0.37499999999999994 237.58473968505862 0.0063097530510276565 -0.3387416005134582 0.22440773248672488 -0.86245951056480397 0.45833332836627966 0.40263658761978155 -0.6502498686313628 0.017040488310158256 0.057294890284538276
decision_type=2 2 2 2 2 2 2 2 2 2 2 2 2 2 2
left_child=2 3 -1 4 8 -6 7 -5 -2 12 11 -11 -9 -12 -14
right_child=1 -3 -4 6 5 -7 -8 9 -10 10 13 -13 14 -15 -16
leaf_value=-0.0013647279892123358 -0.00058844071859714899 0.001427442770535973 0.00014305136462028784 0.00085349903668975472 0.0017345625071276474 7.1940632547471629e-05 0.0006778736984833604 6.378506505244737e-05 0.00046234200245736344 -4.3497472166138253e-05 -0.00051512526580648095 0.00065386296395399774 -0.0010149996670919081 4.6289088667522113e-05 -0.00039409306577260376
leaf_weight=62 79 55 52 50 79 89 87 83 54 188 175 100 87 174 142
leaf_count=62 79 55 52 50 79 89 87 83 54 188 175 100 87 174 142
internal_value=3.92299e-05 9.58504e-05 -0.000676969 4.30475e-05 0.000405026 0.000853769 -5.72798e-05 -0.000121302 -0.000161807 -0.000172662 -3.90641e-05 0.000198642 -0.000445423 -0.000235222 -0.000629983
internal_weight=1556 1442 114 1387 301 168 1086 999 133 949 637 288 312 349 229
internal_count=1556 1442 114 1387 301 168 1086 999 133 949 637 288 312 349 229
is_linear=0
shrinkage=0.05


Tree=23
num_leaves=20
num_cat=0
split_feature=90 5 106 60 120 92 162 27 53 174 1 164 179 12 4 5 116 159 33
split_gain=0.0229267 0.0464814 0.0223538 0.0204396 0.0237155 0.0181953 0.0158657 0.014986 0.0147876 0.0150146 0.0131469 0.0124358 0.0231363 0.0112984 0.0123312 0.00882399 0.00822141 0.00807583 0.00711406
threshold=0.54692712426185619 0.023169404827058319 0.88956052064895641 0.42185617983341223 0.12207455933094026 0.39636684954166418 304.09738159179693 0.55833333730697643 0.073533385992050185 57.568071365356452 0.030314812436699871 339.51744079589849 4.744478940963746 0.04304881393909455 0.19264507293701175 0.001904705190099776 -0.000111476045276504 1.1367459297180178 -0.50000001490116108
decision_type=2 2 2 2 2 2 2 2 2 2 2 2 2 2 2 2 2 2 2
left_child=1 3 -2 4 -1 8 -6 16 17 11 -9 12 -10 -7 -15 -13 -4 -5 -16
right_child=2 -3 7 5 6 13 -8 10 9 -11 -12 15 -14 14 18 -17 -18 -19 -20
leaf_value=-0.00023054447092087657 -0.0011691656245920246 0.0016190135687722041 -0.00012438421757299996 -0.00082687667782672426 0.0015583396800426081 -0.0010374259834061378 0.00044514078725438745 -0.00013998593462424147 0.00024196862627705136 -0.00036240150984258947 0.00091539844876388087 0.00057837286132946084 0.0012321260988425243 -0.00064361600225311128 -0.00018206120943813043 -0.00016982177147111942 -0.00082047370425770115 -7.134793889918001e-07 0.00056327905616604303
leaf_weight=66 63 51 96 55 57 50 73 72 179 89 50 55 88 96 86 139 76 64 51
leaf_count=66 63 51 96 55 57 50 73 72 179 89 50 55 88 96 86 139 76 64 51
internal_value=3.72684e-05 0.000141996 -0.000314463 7.63793e-05 0.000541351 -1.93501e-05 0.000933236 -0.000131313 0.000122821 0.000232166 0.000292549 0.000346952 0.000568313 -0.000355436 -0.000209087 4.22953e-05 -0.000431959 -0.000382554 9.54012e-05
internal_weight=1556 1199 357 1148 196 952 130 294 669 550 122 461 267 283 233 194 172 119 137
internal_count=1556 1199 357 1148 196 952 130 294 669 550 122 461 267 283 233 194 172 119 137
is_linear=0
shrinkage=0.05


Tree=24
num_leaves=18
num_cat=1
split_feature=106 5 142 186 161 35 180 168 119 114 30 121 179 71 85 120 146
split_gain=0.0225573 0.0333103 0.0224631 0.0210711 0.0239646 0.0357242 0.0348173 0.0161911 0.0147752 0.0142616 0.0201118 0.0237313 0.0136203 0.00891674 0.00643683 0.00544418 0.00401917
threshold=0.8780188560485841 0.023169404827058319 0.9977710247039796 0 1.2186430692672732 -0.37499999999999994 208.56231689453128 -0.43298459053039545 0.0059424524661153564 0.0063097530510276565 0.77500000596046459 0.082095943391323103 15.769377231597902 0.51159611344337474 0.69198188185691845 0.20756050944328311 0.94441223144531261
decision_type=2 2 2 1 2 2 2 2 2 2 2 2 2 2 2 2 2
left_child=2 3 -1 7 5 -5 -7 12 -6 10 13 -12 -2 -10 15 16 -9
right_child=1 -3 -4 4 8 6 -8 14 9 -11 11 -13 -14 -15 -16 -17 -18
leaf_value=-0.0012844470604191415 -0.0011494789054841146 0.0012957270742944358 0.0001247109106491105 -7.8332238664021443e-05 0.00075035670260232027 0.0020063996613316703 0.00030724476992761263 -0.00067964074048944116 -0.00024787300880069386 0.00066498332012226026 -0.00038402576625732514 0.00052446628806474449 -0.00024330994560841648 -0.00089014522390373589 0.00049875693903053545 0.00018579392106003959 -9.7800376718457202e-05
leaf_weight=62 73 55 52 98 66 64 57 51 237 66 116 189 96 70 51 82 71
leaf_count=62 73 55 52 98 66 64 57 51 237 66 116 189 96 70 51 82 71
internal_value=3.5405e-05 8.89327e-05 -0.000641673 4.10786e-05 0.000169763 0.00063126 0.00120597 -0.000249317 3.6201e-05 -3.33186e-05 -0.000108626 0.000178941 -0.000634732 -0.000394319 -3.66196e-06 -0.000129267 -0.000341029
internal_weight=1556 1442 114 1387 963 219 121 424 744 678 612 305 169 307 255 204 122
internal_count=1556 1442 114 1387 963 219 121 424 744 678 612 305 169 307 255 204 122
cat_boundaries=0 1
cat_threshold=1153
is_linear=0
shrinkage=0.05


Tree=25
num_leaves=19
num_cat=0
split_feature=127 116 52 121 86 31 110 110 87 121 154 156 11 19 69 70 99 153
split_gain=0.0213886 0.0380263 0.0305344 0.0193908 0.0211534 0.0254373 0.018143 0.0180111 0.0160885 0.0106279 0.0119906 0.00983543 0.00830142 0.00784575 0.0106083 0.0125258 0.0104305 0.00540641
threshold=1.110317647457123 0.0044962780084460982 -0.025000001303851601 0.031956268474459655 0.64348867535591137 0.18333333730697635 0.05268117971718312 0.063885211944580092 0.59563636779785167 0.24686776101589206 0.53116533160209667 0.45494928956031805 0.99016833305358898 0.769646316766739 0.49509075284004217 0.46291188895702368 1.0167768597602846 0.26673045754432684
decision_type=2 2 2 2 2 2 2 2 2 2 2 2 2 2 2 2 2 2
left_child=3 2 -2 6 7 -6 11 8 13 -7 -11 -1 -10 14 15 -5 -16 -13
right_child=1 -3 -4 4 5 9 -8 -9 12 10 -12 17 -14 -15 16 -17 -18 -19
leaf_value=0.00021968672761951376 0.00018834981201507617 -0.00056205566700765093 0.0015786258933635857 0.00031772427761777173 0.0012216349252873481 0.00056837259180611002 -0.0010961514528744019 0.00081066892484623005 -0.0011096654661007944 -0.00077104118844727057 0.00025215811795926892 -0.00088280647766077885 -0.00032599443458974453 -0.00055047261622335932 0.00056627527103992182 -0.00040636039085543014 -4.3303289512550694e-05 -0.00020406699122887262
leaf_weight=84 80 65 78 83 71 78 77 51 57 50 67 50 83 71 125 213 160 71
leaf_count=84 80 65 78 83 71 78 77 51 57 50 67 50 83 71 125 213 160 71
internal_value=1.31607e-06 0.000455907 0.000874689 -7.15622e-05 2.25753e-05 0.000411322 -0.00044177 -0.00010009 -0.000158737 0.000116285 -0.000185107 -0.000195978 -0.00064506 -5.43118e-05 6.32054e-06 -0.000203323 0.000224056 -0.000484538
internal_weight=1614 223 158 1391 1109 266 282 843 792 195 117 205 140 652 581 296 285 121
internal_count=1614 223 158 1391 1109 266 282 843 792 195 117 205 140 652 581 296 285 121
is_linear=0
shrinkage=0.05


Tree=26
num_leaves=19
num_cat=0
split_feature=127 116 52 121 86 161 159 110 84 85 112 88 129 91 24 156 52 108
split_gain=0.0193032 0.0349359 0.0333986 0.0175002 0.0190909 0.023414 0.0220732 0.016374 0.0145757 0.0139839 0.0152546 0.0142518 0.0127434 0.0125529 0.00893102 0.00887647 0.00595987 0.00521783
threshold=1.110317647457123 0.0040717951487749824 -0.025000001303851601 0.031956268474459655 0.64348867535591137 1.5513740777969363 0.84651640057563793 0.05268117971718312 0.58428439497947704 -0.048325022682547562 -0.013738453853875397 0.21351151168346408 1.117866635322571 0.48966716229915624 0.25000000745058065 0.45494928956031805 -1.0000000180025095e-35 0.013903368264436724
decision_type=2 2 2 2 2 2 2 2 2 2 2 2 2 2 2 2 2 2
left_child=3 2 -2 7 6 -6 -5 15 9 11 -11 -8 -12 -10 -7 -1 -16 -17
right_child=1 -3 -4 4 5 14 8 -9 13 10 12 -13 -14 -15 16 17 -18 -19
leaf_value=0.00020870238580149213 0.00017893231386096887 -0.00045492470465408568 0.0016801981057379515 0.00071770772251750865 0.0010358871866826477 0.0005023414846822453 -0.00014027897215617652 -0.0010413438821054223 -0.00017064671744460784 -0.00061120400157441124 1.8395094527153197e-05 -0.0011758881952555385 0.00066155206486915371 -0.0010737923993729057 0.00016461957694446027 -0.0008260428201066572 -0.00058330506653235948 -0.00016554199474509251
leaf_weight=84 80 74 69 76 92 67 99 77 79 70 289 50 105 75 50 54 57 67
leaf_count=84 80 74 69 76 92 67 99 77 79 70 289 50 105 75 50 54 57 67
internal_value=1.25026e-06 0.000433111 0.000874149 -6.79841e-05 2.14465e-05 0.000390756 -9.50853e-05 -0.000419681 -0.000175623 -6.63738e-05 6.89545e-05 -0.000487799 0.000189795 -0.00061049 4.96521e-05 -0.000186179 -0.000233808 -0.000460311
internal_weight=1614 223 149 1391 1109 266 843 282 767 613 464 149 394 154 174 205 107 121
internal_count=1614 223 149 1391 1109 266 843 282 767 613 464 149 394 154 174 205 107 121
is_linear=0
shrinkage=0.05


Tree=27
num_leaves=17
num_cat=0
split_feature=127 53 18 92 159 121 170 119 168 73 34 126 1 120 85 132
split_gain=0.0174211 0.0347002 0.027096 0.0160699 0.013131 0.0124913 0.0194617 0.0168684 0.0164309 0.0124802 0.0107577 0.0150462 0.0231375 0.013136 0.010022 0.00795179
threshold=1.110317647457123 0.08878431469202043 0.093276835978031172 0.48982772231101995 1.5380292534828188 0.015145323239266874 3780521984.0000005 0.5091555416584016 0.015031170565634968 0.49670422077178961 0.55000001192092907 -0.022564128041267392 0.037625638768076904 0.12390156835317613 0.58096352219581615 0.98160660266876232
decision_type=2 2 2 2 2 2 2 2 2 2 2 2 2 2 2 2
left_child=3 -2 -3 5 9 8 7 10 -1 -5 11 14 -13 -12 -7 -11
right_child=1 2 -4 4 -6 6 -8 -9 -10 15 13 12 -14 -15 -16 -17
leaf_value=-9.2315596937682606e-07 -0.000375761987108786 0.00028490564171126562 0.0017022071881941277 -0.0012121899826161098 0.00022992000287230753 -0.00028544929048274795 0.0010243247831777599 0.0007102162372389267 -0.0010849960530841989 -0.00083542716348785219 -0.001096714113256894 0.00010592536211654935 0.0012761964027304205 9.1808604620696164e-06 0.00035379572097250881 -6.953281344677024e-05
leaf_weight=93 86 77 60 60 61 336 52 83 56 54 50 272 50 58 75 91
leaf_count=93 86 77 60 60 61 336 52 83 56 54 50 272 50 58 75 91
internal_value=1.18775e-06 0.000411456 0.000905622 -6.45849e-05 -0.000414086 1.80526e-05 8.31505e-05 3.01839e-05 -0.00040836 -0.000605717 -3.69298e-05 3.17125e-05 0.000287644 -0.000502808 -0.000168799 -0.000354762
internal_weight=1614 223 137 1391 266 1125 976 924 149 205 841 733 322 108 411 145
internal_count=1614 223 137 1391 266 1125 976 924 149 205 841 733 322 108 411 145
is_linear=0
shrinkage=0.05


Tree=28
num_leaves=20
num_cat=0
split_feature=116 127 18 158 92 170 26 120 182 108 68 77 123 161 88 90 101 161 177
split_gain=0.0170244 0.0344458 0.0265998 0.0160911 0.0153294 0.0152509 0.0138347 0.0132214 0.0119534 0.0267121 0.0173231 0.0116996 0.0116382 0.0109166 0.00980615 0.0139882 0.0087658 0.00747109 0.00729043
threshold=0.0046579886693507442 1.110317647457123 0.12040268257260324 0.88564071059227001 0.50999030470848095 4078028544.0000005 0.15000000596046451 0.12207455933094026 0.020920638926327232 0.0217537134885788 0.46652302145957952 0.52904134988784801 -0.013435226399451492 1.5835753083229067 -0.05361607484519481 0.069917287677526488 0.98466062545776378 1.7835289239883425 85.71878814697267
decision_type=2 2 2 2 2 2 2 2 2 2 2 2 2 2 2 2 2 2 2
left_child=1 4 7 -2 5 8 -6 -3 11 -10 12 14 -11 -5 18 -16 -12 -8 -1
right_child=3 2 -4 13 6 -7 17 -9 9 10 16 -13 -14 -15 15 -17 -18 -19 -20
leaf_value=-0.00024942286373592958 0.00022674043316559835 0.0008314144990310586 0.0017079042862169448 -0.0011817102052204141 -0.0010759185123927221 0.00088127103137174774 -0.00047338651209615938 -0.00027221500321163562 0.0012321368346075079 -0.00012766280263101429 -0.00082946232580676828 -0.00067704769379815842 0.00082463386427768346 -0.00023338415848452571 -0.00081580647381950921 -4.4265273436012497e-05 5.2990154626796833e-05 0.00028357398431191021 0.00029277962856101613
leaf_weight=83 59 58 50 71 59 52 78 51 58 55 60 80 77 53 78 238 53 56 245
leaf_count=83 59 58 50 71 59 52 78 51 58 55 60 80 77 53 78 238 53 56 245
internal_value=1.12836e-06 5.91994e-05 0.000753046 -0.000452968 -2.75315e-05 4.58788e-05 -0.000437944 0.000315037 3.58041e-06 0.000267261 3.88412e-05 -0.000106772 0.000427844 -0.000776377 -3.59303e-05 -0.000234709 -0.000415569 -0.000157045 0.000155576
internal_weight=1614 1431 159 183 1272 1079 193 109 1027 303 245 724 132 124 644 316 113 134 328
internal_count=1614 1431 159 183 1272 1079 193 109 1027 303 245 724 132 124 644 316 113 134 328
is_linear=0
shrinkage=0.05


Tree=29
num_leaves=25
num_cat=0
split_feature=10 157 85 104 173 71 44 49 49 165 90 2 157 91 136 17 88 135 132 175 91 68 93 144
split_gain=0.0154968 0.0314323 0.0214515 0.0201683 0.0163505 0.0171739 0.0159688 0.0144443 0.0306993 0.0237341 0.0127837 0.012853 0.00939483 0.00901549 0.00816266 0.0120932 0.0104474 0.0099034 0.00901977 0.00799606 0.0132386 0.00847159 0.00563073 0.00534951
threshold=1.029486417770386 0.60927173495292675 0.19123577326536181 1.0174424052238467 1.3152693510055544 0.49016894400119787 0.45000000298023229 1.0000000180025095e-35 -0.15000000223517415 349.98579406738287 0.54692712426185619 -0.054550571367144578 0.94638738036155712 -0.19738598167896268 0.96395611763000499 0.44583332538604742 0.047963572666049011 0.97983467578887951 0.98110345005989086 9.2933735847473162 0.57252931594848644 0.5009022355079652 6.9485268592834482 1.0252282619476321
decision_type=2 2 2 2 2 2 2 2 2 2 2 2 2 2 2 2 2 2 2 2 2 2 2 2
left_child=4 -2 -3 6 5 10 -4 8 19 -10 13 -12 -6 -1 15 17 23 -15 -17 -7 21 -21 -9 -16
right_child=1 2 3 -5 12 7 -8 22 9 -11 11 -13 -14 14 16 18 -18 -19 -20 20 -22 -23 -24 -25
leaf_value=0.00050319651270221025 0.0014061058246254646 0.00076652620929443022 -0.00028037091960241332 -0.00070134329589378397 -0.0011621004616494711 -0.00046872093710893141 0.00093251567490298449 0.0001189450015625616 0.001848618006736685 0.00033056201111107577 -0.00016757857106313169 -0.0011999532466513319 -0.00022404788796848152 0.0007431166980308736 0.00021311577938132152 -0.00061427753284798816 -0.00097786293734285299 -0.00010203777098164818 6.2591216817171433e-05 0.00085299395838886341 -0.00042704048998660126 6.160444916040722e-05 -0.00052505569168473203 -0.00051122057263273751
leaf_weight=58 54 84 58 98 51 54 51 62 52 51 64 57 56 73 52 96 59 66 101 73 56 63 75 50
leaf_count=58 54 84 58 98 51 54 51 62 52 51 64 57 56 73 52 96 59 66 101 73 56 63 75 50
internal_value=1.07194e-06 0.000298212 9.26232e-05 -0.000180845 -7.97108e-05 -2.52488e-05 0.000287126 0.000201454 0.000372239 0.00109696 -0.000188233 -0.000653904 -0.000671157 -8.67089e-05 -0.000155551 -1.52854e-05 -0.000448279 0.00034182 -0.000267253 6.87985e-05 0.000219976 0.000486394 -0.00023361 -0.000141951
internal_weight=1614 345 291 207 1269 1162 109 486 349 103 676 121 107 555 497 336 161 139 197 246 192 136 137 102
internal_count=1614 345 291 207 1269 1162 109 486 349 103 676 121 107 555 497 336 161 139 197 246 192 136 137 102
is_linear=0
shrinkage=0.05


Tree=30
num_leaves=21
num_cat=0
split_feature=5 117 86 36 89 99 131 120 114 134 57 170 161 68 153 111 169 110 68 135
split_gain=0.0202728 0.0175359 0.0231992 0.0204842 0.0173248 0.0139232 0.020862 0.01261 0.012506 0.0124849 0.0145904 0.0184573 0.0141218 0.0127219 0.0110804 0.00946794 0.00869923 0.00481128 0.00851735 0.00262626
threshold=0.023169404827058319 0.45845706760883337 0.59811276197433483 0.45000000298023229 -0.50263929367065419 1.1632968783378603 1.3111324906349184 0.26313693821430212 -0.0033409014577046032 0.94222116470336925 0.60113906860351574 1823812864.0000002 1.1460335850715639 0.31379500031471258 0.52333486080169689 0.065953008830547347 -0.11163698509335516 0.021752271801233295 0.449664056301117 0.93720445036888134
decision_type=2 2 2 2 2 2 2 2 2 2 2 2 2 2 2 2 2 2 2 2
left_child=1 5 4 7 -3 6 8 -4 15 10 11 -10 -11 -14 17 16 -1 -6 -19 -20
right_child=-2 2 3 -5 14 -7 -8 -9 9 12 -12 -13 13 -15 -16 -17 -18 18 19 -21
leaf_value=-0.00040331173828264352 0.00083867995096231589 0.00061796836951060288 -0.00024636437718492322 0.0015357132407370956 0.00030784341791734388 0.00052516103702039208 -0.0011517634697936177 0.00085476987114816447 -0.00025205280873666672 0.00089430419351265312 0.00034548179888092405 -0.0012887620024100346 -0.00050832932490354121 0.00016261412124951837 -0.00088766897416801436 -2.6797991134420353e-05 -0.0012725348584353925 0.00027238024530672927 -0.00074968904661363927 -0.00023721884019323625
leaf_weight=63 67 79 52 50 61 68 56 52 184 50 66 56 93 294 51 60 53 57 50 50
leaf_count=63 67 79 52 50 61 68 56 52 184 50 66 56 93 294 51 60 53 57 50 50
internal_value=-1.27945e-05 -4.97193e-05 0.000193087 0.000704044 -3.30255e-05 -0.000166583 -0.000214828 0.000304203 -0.000157735 -6.79643e-05 -0.000312897 -0.000493952 0.000103545 1.37965e-06 -0.00022421 -0.000536709 -0.000800457 -6.89967e-05 -0.000215412 -0.000493454
internal_weight=1612 1545 502 154 348 1043 975 104 919 743 306 240 437 387 269 176 116 218 157 100
internal_count=1612 1545 502 154 348 1043 975 104 919 743 306 240 437 387 269 176 116 218 157 100
is_linear=0
shrinkage=0.05


Tree=31
num_leaves=22
num_cat=0
split_feature=5 117 86 36 118 68 89 170 88 124 3 153 182 153 1 123 24 84 107 118 142
split_gain=0.0182962 0.0158262 0.0209373 0.018487 0.0177121 0.0201798 0.0156356 0.012708 0.0152013 0.015378 0.0109243 0.01 0.00967764 0.00714195 0.00682287 0.00621682 0.00570338 0.00752934 0.00488663 0.00462406 0.00613135
threshold=0.023169404827058319 0.45845706760883337 0.59811276197433483 0.45000000298023229 0.30061756074428564 0.34308531880378729 -0.50263929367065419 1695493440.0000002 0.35430036485195165 -0.011677946895360945 0.01627268269658089 0.52333486080169689 0.018701210618019107 0.38997285068035131 0.02854937128722668 0.014457654673606159 0.55000001192092907 0.27530343830585485 0.012499174103140833 0.066136218607425704 0.99945122003555309
decision_type=2 2 2 2 2 2 2 2 2 2 2 2 2 2 2 2 2 2 2 2 2
left_child=1 4 6 13 7 -6 -3 10 9 14 15 19 -7 -4 -9 16 17 -1 -18 -8 -21
right_child=-2 2 3 -5 5 12 11 8 -10 -11 -12 -13 -14 -15 -16 -17 18 -19 -20 20 -22
leaf_value=-0.00026206785894048937 0.00079674594792356686 0.00058706994969736715 -0.00011745891816593391 0.0014589275715406985 -0.00039943816809432319 0.00012704031084467715 0.00026237004017780742 -0.00013274118068511598 -0.0010627149838020411 0.0003615449896583854 0.00041180164090292242 -0.00084328552024375057 0.00088688171240805373 0.00071138341753634025 -0.00087379297130122193 -0.00068805398125644599 -0.0001146741984805832 0.00028794845051314562 -0.00080683111685656895 3.9572737833445532e-05 -0.00062072338971459328
leaf_weight=140 67 79 53 50 91 80 72 50 94 62 80 51 88 51 82 62 51 112 51 87 59
leaf_count=140 67 79 53 50 91 80 72 50 94 62 80 51 88 51 82 62 51 112 51 87 59
internal_value=-1.21548e-05 -4.72333e-05 0.000183433 0.000668842 -0.000158254 0.000200231 -3.13743e-05 -0.000276682 -0.000540859 -0.000288002 -0.000123289 -0.000212999 0.000525052 0.000288993 -0.000593092 -0.000226191 -0.0001453 -1.76162e-05 -0.000460753 -6.55468e-05 -0.000227259
internal_weight=1612 1545 502 154 1043 259 348 784 288 194 496 269 168 104 132 416 354 252 102 218 146
internal_count=1612 1545 502 154 1043 259 348 784 288 194 496 269 168 104 132 416 354 252 102 218 146
is_linear=0
shrinkage=0.05


Tree=32
num_leaves=11
num_cat=0
split_feature=5 156 181 150 116 99 120 4 99 10
split_gain=0.0165124 0.0144205 0.0178261 0.01551 0.0123245 0.0119663 0.012813 0.0108295 0.0118738 0.00949411
threshold=0.023169404827058319 0.25200235843658453 0.018229200504720214 0.66731172800064098 0.0063760620541870603 1.181718707084656 0.56305715441703807 0.32642319798469549 1.0341624021530154 1.029486417770386
decision_type=2 2 2 2 2 2 2 2 2 2
left_child=1 2 -1 -3 5 6 7 8 -5 -9
right_child=-2 3 -4 4 -6 -7 -8 9 -10 -11
leaf_value=-0.00030393868061946705 0.00075690865124846849 -0.00085911212760572469 0.00088328685958617313 -5.345204319165578e-05 -0.00081117964537742629 0.0006695377495893577 0.00070881696780046566 -6.8518810287247796e-06 -0.00049837531495740002 0.0006489031406325071
leaf_weight=50 67 63 86 362 52 59 52 503 256 62
leaf_count=50 67 63 86 362 52 59 52 503 256 62
internal_value=-1.1547e-05 -4.48716e-05 0.000446807 -9.23296e-05 -5.64401e-05 -2.61105e-05 -5.93439e-05 -9.31092e-05 -0.000237757 6.51071e-05
internal_weight=1612 1545 136 1409 1346 1294 1235 1183 618 565
internal_count=1612 1545 136 1409 1346 1294 1235 1183 618 565
is_linear=0
shrinkage=0.05


Tree=33
num_leaves=15
num_cat=0
split_feature=156 29 121 110 161 52 105 118 181 83 86 176 119 86
split_gain=0.0148827 0.015601 0.014314 0.0229656 0.024612 0.0168793 0.0116829 0.00962102 0.00993684 0.00909284 0.0101581 0.0102636 0.00870853 0.00765238
threshold=0.25200235843658453 0.35000000894069677 0.035310262814164169 0.062131749466061599 1.4041329026222231 0.091666668653488173 1.007141172885895 0.61327677965164196 0.035044260323047645 0.80388927459716808 0.66903242468833934 -8.3811750411987287 0.48792266845703131 0.3492120504379273
decision_type=2 2 2 2 2 2 2 2 2 2 2 2 2 2
left_child=1 -1 5 7 -5 6 -2 8 9 10 11 -4 -6 -8
right_child=2 -3 3 4 12 -7 13 -9 -10 -11 -12 -13 -14 -15
leaf_value=-0.00023668821545120758 0.00035200167383461832 0.00083477362035669757 -0.00069755844963384018 0.0011724563698172225 -0.00021243936392308503 -0.0011319421517202563 -7.9655666738974844e-05 0.00056643950201588564 -0.00068586103311832163 -0.00057251889602960007 0.0005113941855563553 -2.0956756233541981e-05 0.00060894493958039671 -0.00074102357144976516
leaf_weight=52 72 98 62 81 91 58 89 53 73 83 80 584 50 86
leaf_count=52 72 98 62 81 91 58 89 53 73 83 80 584 50 86
internal_value=-1.09697e-05 0.000463334 -5.96328e-05 2.06938e-05 0.000477857 -0.000364347 -0.000184102 -8.78518e-05 -0.000127169 -7.67551e-05 -2.00769e-05 -8.58938e-05 7.88317e-05 -0.000404671
internal_weight=1612 150 1462 1157 222 305 247 935 882 809 726 646 141 175
internal_count=1612 150 1462 1157 222 305 247 935 882 809 726 646 141 175
is_linear=0
shrinkage=0.05


Tree=34
num_leaves=24
num_cat=0
split_feature=5 117 107 118 68 86 108 182 157 109 182 118 181 150 182 171 92 84 1 12 86 131 181
split_gain=0.0144577 0.0140542 0.0185566 0.0154276 0.0182768 0.0131908 0.0114646 0.0102463 0.0181112 0.0125698 0.00949341 0.00932404 0.0111059 0.00858901 0.00831897 0.00831178 0.00776862 0.00822774 0.00744174 0.00737042 0.00487045 0.00470214 0.00456462
threshold=0.023169404827058319 0.45845706760883337 0.035428622737526901 0.30061756074428564 0.34308531880378729 0.59811276197433483 0.037385046482086189 0.020285849459469322 1.0845532417297366 0.020590533502399925 0.013272898737341167 0.090496346354484572 0.020049243234097961 1.1993709206581118 0.018701210618019107 59422056.000000007 0.249748170375824 0.26116710901260382 0.042458670213818557 0.16190762072801593 0.066174145787954344 1.1684060096740725 0.011367440689355137
decision_type=2 2 2 2 2 2 2 2 2 2 2 2 2 2 2 2 2 2 2 2 2 2 2
left_child=1 3 5 6 -5 11 7 9 19 10 22 21 20 -7 -6 -8 -11 -18 -17 -9 -13 -3 -1
right_child=-2 2 -4 4 14 13 15 8 -10 16 -12 12 -14 -15 -16 18 17 -19 -20 -21 -22 -23 -24
leaf_value=-3.2034202978882771e-05 0.00070863576369610299 -4.1171693870141597e-05 0.0010513742310986683 -0.0003823514791732593 0.0001284542292705737 0.0010001714664977044 -0.00013436261326811897 0.00019425229697454989 0.00096029042421529693 -0.00018131836073428215 0.00054939344143018723 -0.00047185350488706596 -0.0009497317875614569 0.00017952758091930514 0.00083294121113794981 -0.00051067581521100226 -0.0011745106685312763 -0.00037744797434138719 -0.0013193606635322796 -0.00056438828328667773 0.00013617065282881089 0.00059457675347752796 -0.0006082043491478545
leaf_weight=110 67 66 54 91 80 50 60 70 51 83 55 53 52 88 88 66 69 61 50 59 87 52 50
leaf_count=110 67 66 54 91 80 50 60 70 51 83 55 53 52 88 88 66 69 61 50 59 87 52 50
internal_value=-1.04212e-05 -4.16036e-05 0.000175766 -0.000146224 0.000188344 7.02237e-05 -0.000256751 -0.00015388 0.000162631 -0.000286991 -1.729e-05 -0.000110796 -0.000325768 0.000476862 0.000497471 -0.000612127 -0.000559225 -0.000800504 -0.000859247 -0.000152723 -9.40099e-05 0.000238989 -0.000212087
internal_weight=1612 1545 502 1043 259 448 784 608 180 428 215 310 192 138 168 176 213 130 116 129 140 118 160
internal_count=1612 1545 502 1043 259 448 784 608 180 428 215 310 192 138 168 176 213 130 116 129 140 118 160
is_linear=0
shrinkage=0.05


Tree=35
num_leaves=23
num_cat=1
split_feature=53 127 18 161 87 7 92 170 69 86 102 175 10 30 170 186 27 120 83 70 131 3
split_gain=0.015501 0.0235671 0.0225686 0.0171007 0.0290693 0.0158277 0.0109907 0.0102452 0.012896 0.0124982 0.00957297 0.00938566 0.00954825 0.00846126 0.00681655 0.00963461 0.00528229 0.00520518 0.00460531 0.00457506 0.00343924 0.00281669
threshold=0.073533385992050185 1.110317647457123 0.1269306764006615 1.1949630975723269 0.4652311652898789 -0.037658495828509324 0.25740323960781103 1472015936.0000002 0.49709776043891912 0.77012452483177196 0.99742454290390026 46.24357986450196 1.0157840847969057 0.27500000596046453 2638577024.0000005 0 0.34166666865348821 0.071008343249559416 0.028973705135285858 0.52036502957344066 1.128131151199341 0.0064658732153475293
decision_type=2 2 2 2 2 2 2 2 2 2 2 2 2 2 2 1 2 2 2 2 2 2
left_child=14 3 -3 4 13 -5 11 9 -9 10 -8 12 16 -2 15 21 -7 -13 -17 -10 -15 -1
right_child=1 2 -4 5 -6 6 7 8 19 -11 -12 17 -14 20 -16 18 -18 -19 -20 -21 -22 -23
leaf_value=-8.7871884798183667e-05 0.00053809250719261343 0.00022471436920265357 0.0015331221847261008 -0.00093716097113792781 0.0013901033644000754 0.00055080727343010955 -0.00062673126780686701 -0.00085204681131701853 0.00028330375846731022 0.00069517627494695435 3.8612660552774163e-05 -0.00054427825420063139 0.00080966028676595584 -0.00049861662267358046 -0.00077172350759769509 -0.00083229563340488511 -8.7671637416149127e-05 0.0001305218189988339 -0.00019064636471739506 -0.00038007588174088664 8.4952053707549539e-05 0.00042798113694350994
leaf_weight=51 62 90 52 50 57 50 72 99 51 55 217 51 84 50 63 58 92 65 54 53 51 55
leaf_count=51 62 90 52 50 57 50 72 99 51 55 217 51 84 50 63 58 92 65 54 53 51 55
internal_value=2.31425e-05 9.58805e-05 0.00070385 2.13925e-05 0.000418179 -7.15713e-05 -2.2888e-05 -0.0001619 -0.000443587 4.32846e-06 -0.000127148 0.00019945 0.000387106 7.83034e-05 -0.000313627 -0.000181241 0.000137145 -0.000166158 -0.000480066 -5.47647e-05 -0.000203943 0.000164289
internal_weight=1582 1301 142 1159 220 939 889 547 203 344 289 342 226 163 281 218 142 116 112 104 101 106
internal_count=1582 1301 142 1159 220 939 889 547 203 344 289 342 226 163 281 218 142 116 112 104 101 106
cat_boundaries=0 1
cat_threshold=1616
is_linear=0
shrinkage=0.05


Tree=36
num_leaves=18
num_cat=0
split_feature=5 106 134 31 9 88 109 65 136 162 4 96 62 154 58 93 71
split_gain=0.0163634 0.0127077 0.0152311 0.0153093 0.0143391 0.0134299 0.011548 0.0101929 0.00994275 0.0103983 0.00969266 0.00796801 0.0102437 0.0074078 0.00938966 0.00838917 0.00450125
threshold=0.023169404827058319 0.88956052064895641 0.91119942069053661 0.18333333730697635 0.98051518201828014 -0.6563621163368224 0.019129222258925441 0.28948247432708746 0.96144074201583873 320.70924377441412 0.41849261522293096 -0.18783655762672422 0.42507958412170416 0.79568204283714306 0.92646661400794994 3.3186616897583012 0.48065839707851415
decision_type=2 2 2 2 2 2 2 2 2 2 2 2 2 2 2 2 2
left_child=1 7 3 -3 -4 13 8 -1 9 -7 -5 12 -8 14 15 -6 -10
right_child=-2 2 4 10 5 6 11 -9 16 -11 -12 -13 -14 -15 -16 -17 -18
leaf_value=-0.00096522694996868576 0.00079883951402734974 0.0011336404697207751 0.00063560227397829305 -0.00018144062916867481 -0.00013452035016396418 0.00086356248630808897 0.00014184194567081119 -5.1058149960402763e-05 -0.0006270335956707221 2.2040358630874833e-05 0.00070181539223995064 0.00010352504620742467 -0.00051774946694348655 0.00074129372980107793 -0.00031587721912273992 0.00055033540329994573 2.473130394651822e-05
leaf_weight=60 65 57 75 82 72 58 70 62 52 100 50 90 370 51 96 118 54
leaf_count=60 65 57 75 82 72 58 70 62 52 100 50 90 370 51 96 118 54
internal_value=2.19854e-05 -1.13011e-05 3.1495e-05 0.000448837 -3.39093e-05 -7.83067e-05 -0.000190555 -0.000500649 7.96227e-05 0.000330954 0.000153126 -0.000325134 -0.000412814 0.00018616 8.71675e-05 0.000290811 -0.000295002
internal_weight=1582 1517 1395 189 1206 1131 794 122 264 158 132 530 440 337 286 190 106
internal_count=1582 1517 1395 189 1206 1131 794 122 264 158 132 530 440 337 286 190 106
is_linear=0
shrinkage=0.05


Tree=37
num_leaves=19
num_cat=0
split_feature=156 121 170 121 170 3 86 142 86 117 140 109 160 75 86 107 17 123
split_gain=0.0146624 0.0133568 0.0320807 0.0393194 0.0201274 0.0141763 0.0132038 0.0125587 0.0115157 0.0116236 0.0105454 0.0103023 0.0117497 0.00776154 0.00772075 0.0063216 0.00598563 0.0058502
threshold=0.22079712152481082 0.096902772784233107 2801134336.0000005 0.24052162468433383 1767763584.0000002 0.013046491891145708 0.7442203462123872 0.9738142490386964 0.64846614003181469 0.2286014407873154 1.1341429352760317 0.018639616668224338 1.2265260815620425 0.49061565101146704 0.40900821983814245 0.017386856488883499 0.29583333432674414 -0.011299986857920883
decision_type=2 2 2 2 2 2 2 2 2 2 2 2 2 2 2 2 2 2
left_child=-1 4 7 -4 5 14 17 -3 10 -10 11 13 -13 -9 16 -11 -2 -6
right_child=1 2 3 -5 6 -7 -8 8 9 15 -12 12 -14 -15 -16 -17 -18 -19
leaf_value=0.00064065912749356358 -0.00012595558795949508 -0.00066292665465476203 0.0016643791647372533 5.2854421280254875e-05 -7.0096473140058234e-06 0.00069198990838203556 -0.0012742065158474944 -0.00029692116364598268 -9.2337865420189267e-05 0.00033302101791923638 0.00053737231036422839 -0.00063937367675542789 -6.3707991974634791e-05 0.00045882301933395828 0.00022163129061083782 0.0011241987533639093 -0.00081245564314303916 -0.00061325311936733288
leaf_weight=90 87 72 67 87 67 66 53 52 74 50 62 148 221 98 89 51 50 98
leaf_count=90 87 72 67 87 67 66 53 52 74 50 62 148 221 98 89 51 50 98
internal_value=2.08861e-05 -1.64997e-05 9.13119e-05 0.000753972 -0.00022409 4.73137e-05 -0.000587621 -3.19366e-05 2.81577e-05 0.000383727 -7.89414e-05 -0.000152567 -0.000294598 0.000196832 -0.000140955 0.000732527 -0.000376503 -0.000367082
internal_weight=1582 1492 982 154 510 292 218 828 756 175 581 519 369 150 226 101 137 165
internal_count=1582 1492 982 154 510 292 218 828 756 175 581 519 369 150 226 101 137 165
is_linear=0
shrinkage=0.05


Tree=38
num_leaves=14
num_cat=0
split_feature=5 121 81 87 105 110 132 151 119 124 80 92 153
split_gain=0.0145371 0.0137221 0.0188678 0.0214143 0.0180315 0.0153828 0.0118919 0.0107289 0.0104278 0.0127155 0.0098809 0.0111452 0.00471189
threshold=0.023169404827058319 0.035310262814164169 0.062820892781019225 0.31659863889217382 1.120811998844147 0.050470769405364997 0.98073670268058788 1.0453466176986697 0.5091555416584016 -0.06879552453756331 -0.12760633230209348 0.0076403163839131602 0.28908926248550421
decision_type=2 2 2 2 2 2 2 2 2 2 2 2 2
left_child=1 5 4 -4 8 7 -7 -1 9 -3 -11 -12 -9
right_child=-2 2 3 -5 -6 6 -8 12 -10 10 11 -13 -14
leaf_value=0.00039172624806216099 0.00075206090758841201 -0.00087684949721005987 -0.00015769867899507518 0.0011084793877157875 0.00090151816159330072 -0.0012558395494864779 -0.00026417295359292876 -0.00068343295832164587 0.00048369193391189618 0.00043920882230546944 0.0003710461228798275 -0.00018685064503140984 -2.5922958351050814e-05
leaf_weight=85 65 50 55 85 52 59 62 55 83 90 103 684 54
leaf_count=85 65 50 55 85 52 59 62 55 83 90 103 684 54
internal_value=1.98418e-05 -1.15321e-05 6.545e-05 0.000611052 -6.47495e-06 -0.000305286 -0.000747713 -2.93398e-05 -5.32231e-05 -0.000101296 -5.70802e-05 -0.000113835 -0.000357694
internal_weight=1582 1517 1202 140 1062 315 121 194 1010 927 877 787 109
internal_count=1582 1517 1202 140 1062 315 121 194 1010 927 877 787 109
is_linear=0
shrinkage=0.05


Tree=39
num_leaves=14
num_cat=0
split_feature=175 98 165 110 183 71 117 71 91 151 32 89 95
split_gain=0.0138021 0.0201933 0.0222343 0.0167654 0.0246946 0.0182991 0.0110642 0.0122215 0.0144186 0.00971878 0.00926261 0.00678866 0.00663629
threshold=9.2933735847473162 1.0865212678909304 131.24257659912112 0.097832113504409804 -0.040347930043935769 0.55328279733657848 0.015058431774377825 0.46728990972042089 0.56958800554275524 1.6622886061668398 0.12500000372529033 -0.48067271709442133 5.5260527133941659
decision_type=2 2 2 2 2 2 2 2 2 2 2 2 2
left_child=10 3 -3 4 -2 6 12 9 -9 -8 -1 -12 -6
right_child=1 2 -4 -5 5 -7 7 8 -10 -11 11 -13 -14
leaf_value=-0.00096965619426919161 -0.00099215649682236071 -1.6813667389214971e-05 0.001134914884848761 0.00087201307343213628 -0.00015225479476023741 0.00089047501078631179 -0.00048457906965803196 0.0002745903398376706 -0.00028357383764281017 0.00011858318797418509 0.00028886292662355119 -0.00044863997725068584 -0.00089858842202031753
leaf_weight=50 64 80 88 53 68 57 170 506 150 110 50 83 53
leaf_count=50 64 80 88 53 68 57 170 506 150 110 50 83 53
internal_value=1.88497e-05 7.22638e-05 0.000586473 2.0874e-06 -3.70519e-05 1.78195e-05 -2.92395e-05 2.89234e-05 0.000146961 -0.000247622 -0.000389491 -0.000171383 -0.000479161
internal_weight=1582 1399 168 1231 1178 1114 1057 936 656 280 183 133 121
internal_count=1582 1399 168 1231 1178 1114 1057 936 656 280 183 133 121
is_linear=0
shrinkage=0.05


Tree=40
num_leaves=15
num_cat=0
split_feature=159 113 19 138 131 120 87 100 88 4 160 121 113 32
split_gain=0.0143459 0.0160768 0.0122744 0.0216603 0.0107468 0.0187922 0.0142362 0.0142182 0.0164381 0.0122355 0.00952104 0.00843787 0.00762498 0.00948987
threshold=0.76814499497413646 -0.017285877838730809 0.79266574978828441 1.0008822679519656 1.2513221502304079 0.33667348325252539 0.38261464238166815 1.0430654287338259 -0.56216648221015919 0.21595124900341037 1.1034510135650637 0.10756494104862215 0.0032940268283709888 0.041666667908430106
decision_type=2 2 2 2 2 2 2 2 2 2 2 2 2 2
left_child=-1 -2 3 -3 6 9 12 10 -9 -6 -8 -11 13 -5
right_child=1 2 -4 4 5 -7 7 8 -10 11 -12 -13 -14 -15
leaf_value=0.00079354671497303239 -0.00084501047208273823 0.00075803337114545386 -0.00056008317192355478 0.00066616919334259496 -0.00039599300471309111 0.0011163760213933598 -0.00059491479891064195 -2.9792566214558565e-05 -0.0010764103332200504 -0.00010274232519333492 7.1273978994963018e-06 0.00072164241741220028 -0.00046936563690542252 6.6048339548574602e-05
leaf_weight=54 59 96 93 82 88 52 81 62 95 54 347 73 50 335
leaf_count=54 59 96 93 82 88 52 81 62 95 54 347 73 50 335
internal_value=-7.72478e-06 -3.53372e-05 -3.659e-06 3.29116e-05 -1.98645e-05 0.000263431 -9.17654e-05 -0.000256104 -0.000663096 5.71369e-05 -0.00010681 0.000371117 0.000114098 0.000184058
internal_weight=1621 1567 1508 1415 1319 267 1052 585 157 215 428 127 467 417
internal_count=1621 1567 1508 1415 1319 267 1052 585 157 215 428 127 467 417
is_linear=0
shrinkage=0.05


Tree=41
num_leaves=23
num_cat=0
split_feature=161 87 116 175 19 113 30 48 150 62 143 1 57 100 30 170 95 108 88 172 91 119
split_gain=0.0138396 0.0229052 0.0397488 0.0134676 0.0149522 0.0113425 0.0105728 0.0142405 0.0139864 0.0131188 0.0121477 0.0165966 0.00950697 0.0103836 0.00969097 0.00889175 0.00834898 0.00720415 0.00648082 0.00570677 0.00511105 0.00509885
threshold=1.2312095165252688 0.38869599997997289 -0.00032109524181578303 17.218812942504886 0.36316533386707311 -0.013130075763911007 0.72499999403953563 -0.3000000044703483 1.1310369372367861 0.41176520287990576 0.99215206503868114 0.029845247976481918 0.56126707792282116 0.90915110707283031 0.22500000149011615 1165377792.0000002 4.0077738761901864 0.028617475181818012 0.44394589960575109 33117804.000000004 0.098965421319007887 0.11637734994292261
decision_type=2 2 2 2 2 2 2 2 2 2 2 2 2 2 2 2 2 2 2 2 2 2
left_child=1 3 -3 -1 -5 15 9 8 -8 16 -9 20 13 -11 19 -2 -7 -14 -16 -15 -12 -10
right_child=5 2 -4 4 -6 6 7 10 21 12 11 -13 17 14 18 -17 -18 -19 -20 -21 -22 -23
leaf_value=-0.00065767402737124244 -8.6263015541119563e-05 0.0018346607832225145 6.0470438402741195e-05 0.00083528452101992289 -0.00017814993981262793 -0.00015171973468568469 -0.00063994682867713794 -0.00018375092604145095 -0.00017194161137012998 0.00042827106742826743 0.00059202637904625169 0.0012064173269459718 -0.00034527356931480618 -0.00031042682231648209 -0.00025305365034000715 -0.00093483484553430723 0.00063062028810684885 -0.0011242549117727607 -0.00088117027021089838 0.0002909960185761298 -2.6148466969135446e-05 0.00043197958362701708
leaf_weight=63 58 54 76 59 95 64 90 71 64 62 61 69 71 76 88 66 73 51 77 82 74 77
leaf_count=63 58 54 76 59 95 64 90 71 64 62 61 69 71 76 88 66 73 51 77 82 74 77
internal_value=-7.33855e-06 0.000272598 0.000797442 -4.18245e-05 0.000210114 -8.3585e-05 -3.45956e-05 0.000136439 -0.000152974 -0.00016898 0.000379546 0.000575595 -0.000286288 -0.000164407 -0.000278172 -0.000537922 0.000265148 -0.000670913 -0.000546175 1.70402e-06 0.000253175 0.000157859
internal_weight=1621 347 130 217 154 1274 1150 506 231 644 275 204 507 385 323 124 137 122 165 158 135 141
internal_count=1621 347 130 217 154 1274 1150 506 231 644 275 204 507 385 323 124 137 122 165 158 135 141
is_linear=0
shrinkage=0.05


Tree=42
num_leaves=20
num_cat=0
split_feature=159 106 95 86 161 87 146 87 148 100 88 124 61 121 123 146 161 53 115
split_gain=0.012719 0.013958 0.0153564 0.0135732 0.0192026 0.0138646 0.0137181 0.0132922 0.0099858 0.00931652 0.0124554 0.00855741 0.0080193 0.00676768 0.0061617 0.00593003 0.00537074 0.00328612 0.00272882
threshold=0.76814499497413646 0.88956052064895641 4.1316666603088388 0.63693982362747203 1.2428184151649477 0.46919798851013189 0.86340004205703746 0.4256878942251206 0.56167298555374157 1.0438572168350222 -0.39388749003410334 -0.051912192255258553 0.58651211857795726 0.062657184898853316 -0.011299986857920883 0.96407625079154979 1.6223123073577883 0.10694221407175065 -0.0012954819248989222
decision_type=2 2 2 2 2 2 2 2 2 2 2 2 2 2 2 2 2 2 2
left_child=-1 2 -2 5 -5 7 -6 8 -3 15 17 -10 -13 -8 -15 16 -7 -11 -16
right_child=1 3 -4 4 6 9 13 -9 11 10 -12 12 -14 14 18 -17 -18 -19 -20
leaf_value=0.00074750084027915302 -0.0010483150673441259 0.0005705845138215933 6.6795493850284926e-06 0.0011905522113374901 0.00082386794737399679 -0.00062710814629992869 -0.00043073631064003537 0.00077004903710153254 -0.00069692690369408284 -0.00054660850850632415 -0.0011356781054707951 -0.00014993915139668271 0.00026175340580282265 -0.00021766982095349315 0.00065516054509498652 0.00037923972784483341 1.1403840962360007e-05 1.8468104250166778e-05 0.00013277929057949224
leaf_weight=54 68 66 70 50 58 57 74 59 51 50 66 374 173 70 50 50 78 53 50
leaf_count=54 68 66 70 50 58 57 74 59 51 50 66 374 173 70 50 50 78 53 50
internal_value=-6.97162e-06 -3.29713e-05 -0.000513173 1.34022e-05 0.000282948 -7.46943e-05 0.000132682 5.08358e-05 -1.30702e-05 -0.000331074 -0.000599446 -7.74869e-05 -1.97329e-05 -3.16163e-05 0.000142118 -8.59118e-05 -0.00025819 -0.000255841 0.00039397
internal_weight=1621 1567 138 1429 352 1077 302 723 664 354 169 598 547 244 170 185 135 103 100
internal_count=1621 1567 138 1429 352 1077 302 723 664 354 169 598 547 244 170 185 135 103 100
is_linear=0
shrinkage=0.05


Tree=43
num_leaves=22
num_cat=0
split_feature=161 87 37 175 174 117 107 113 30 41 151 86 11 84 76 137 96 68 87 110 118
split_gain=0.0115807 0.0201245 0.0418614 0.0120754 0.0136719 0.0110035 0.0114651 0.0101832 0.0131849 0.00780699 0.00953481 0.00745514 0.00832626 0.00722366 0.00642617 0.00613193 0.00646706 0.00737499 0.00423678 0.0053866 0.00308172
threshold=1.2312095165252688 0.38869599997997289 -0.22500000149011609 17.218812942504886 61.923648834228523 0.14772754162549975 0.03916378132998944 -0.013130075763911007 0.72499999403953563 0.48333333432674414 1.7413190603256228 0.24288290739059451 0.98476880788803112 0.31488314270973211 0.52591246366500866 1.0613787174224856 -1.4258688092231748 0.50742980837821972 0.60971200466156017 0.037220604717731483 0.095077950507402434
decision_type=2 2 2 2 2 2 2 2 2 2 2 2 2 2 2 2 2 2 2 2 2
left_child=1 3 -3 -1 -5 15 7 -7 11 10 14 -9 -13 -14 -10 16 18 20 19 -2 -18
right_child=5 2 -4 4 -6 6 -8 8 9 -11 -12 12 13 -15 -16 -17 17 -19 -20 -21 -22
leaf_value=-0.00062842073995044399 -0.00010356435279965425 0.0017567886528571796 -5.1424342809571509e-05 0.00056968028509684103 -0.00039638081835922397 -0.00061938966232859965 0.00064281659766233395 -0.00056040094188409227 0.00019623807138746739 0.00079606261446315326 0.00067977648660806677 -0.00050171976947846508 0.00062988203837234969 -3.8840173201653263e-05 -0.00044573084193079047 -0.0007352823217857689 -0.00043741302040871237 -0.00080129985153565048 -0.00035456779182173445 0.00055315175400124338 7.2937465961331324e-05
leaf_weight=63 76 57 73 94 60 66 70 88 105 60 63 75 51 194 62 63 55 73 56 53 64
leaf_count=63 76 57 73 94 60 66 70 88 105 60 63 75 51 194 62 63 55 73 56 53 64
internal_value=-6.62304e-06 0.000249451 0.000741408 -4.52692e-05 0.000193293 -7.63701e-05 3.03615e-05 -2.57534e-05 3.03783e-05 0.000288136 0.000155633 -0.000152832 -4.075e-05 0.000100363 -4.20977e-05 -0.000278675 -0.000202372 -0.000405649 8.59652e-06 0.000166249 -0.000162939
internal_weight=1621 347 130 217 154 1274 834 764 698 290 230 408 320 245 167 440 377 192 185 129 119
internal_count=1621 347 130 217 154 1274 834 764 698 290 230 408 320 245 167 440 377 192 185 129 119
is_linear=0
shrinkage=0.05


Tree=44
num_leaves=24
num_cat=0
split_feature=161 87 37 178 18 117 90 114 135 22 173 147 173 4 30 171 113 88 84 121 142 154 84
split_gain=0.0104516 0.0181624 0.0377799 0.0107603 0.0116749 0.00993062 0.0103676 0.0136763 0.0135596 0.00972831 0.00964099 0.00823032 0.00884535 0.00695562 0.00613194 0.00566957 0.0065311 0.00883555 0.00859902 0.00742707 0.00509651 0.00376144 0.00281536
threshold=1.2312095165252688 0.38869599997997289 -0.22500000149011609 -15.333295822143553 0.14092434197664264 0.14772754162549975 0.54692712426185619 0.0066368954721838245 0.92721965909004223 0.60895711183547985 1.0019726157188418 0.85170742869377147 0.91018220782279979 0.2859944105148316 0.42499999701976782 19652012.000000004 -0.010449525900185106 -0.013187537435442208 0.25373509526252752 0.28693431615829473 0.99891045689582836 0.63532117009162914 0.24757703393697741
decision_type=2 2 2 2 2 2 2 2 2 2 2 2 2 2 2 2 2 2 2 2 2 2 2
left_child=1 3 -3 -1 -5 15 7 8 10 21 -7 -10 13 -13 -6 -2 -17 22 -19 -20 -14 -8 -18
right_child=5 2 -4 4 14 6 9 -9 11 -11 -12 12 20 -15 -16 16 17 18 19 -21 -22 -23 -24
leaf_value=-0.00064000180495895622 7.5010799385684859e-05 0.0016689492044909124 -4.8853129466233315e-05 0.00078995460588724689 0.00026187256214297861 -0.00089224047005062178 -0.00032084410323195383 0.00091822979596327056 0.00062034423557206012 -0.00078129679253046867 2.340709352524598e-05 3.0967800452294755e-05 9.374225018039765e-05 0.00061303400443554811 -0.00048524681151958932 -0.00081967119985515565 0.00028742060550774278 -0.0010429019115108533 0.00013076215351031999 -0.00068885781645524106 -0.00042420294673775063 0.00023718355441526494 -0.00019938817611007297
leaf_weight=56 96 57 73 51 53 57 58 50 85 67 58 109 94 97 57 63 66 50 59 52 96 63 54
leaf_count=56 96 57 73 51 53 57 58 50 85 67 58 109 94 97 57 63 66 50 59 52 96 63 54
internal_value=-6.29188e-06 0.000236979 0.000704337 -4.30057e-05 0.000164645 -7.25516e-05 2.88435e-05 0.000123945 5.73108e-05 -0.000297943 -0.000430436 0.000173924 7.81012e-05 0.000305048 -0.000125271 -0.000264741 -0.000359556 -0.000256398 -0.000498452 -0.000253204 -0.000167956 -3.03008e-05 6.83567e-05
internal_weight=1621 347 130 217 161 1274 834 646 596 188 115 481 396 206 110 440 344 281 161 111 190 121 120
internal_count=1621 347 130 217 161 1274 834 646 596 188 115 481 396 206 110 440 344 281 161 111 190 121 120
is_linear=0
shrinkage=0.05


Tree=45
num_leaves=21
num_cat=0
split_feature=133 174 170 140 76 172 3 4 179 170 182 3 54 88 111 109 163 110 109 109
split_gain=0.0198967 0.0149203 0.0215933 0.0106815 0.0139751 0.0105757 0.0159206 0.0136425 0.00992183 0.00945305 0.00946904 0.0078419 0.00621532 0.00788299 0.00601259 0.00565183 0.00488933 0.00421459 0.00626345 0.00349481
threshold=0.88881945610046398 13.54622793197632 5712082688.000001 1.1330947279930117 0.52884888648986828 123444896.00000001 0.014007106423377992 0.49844720959663397 1.674706816673279 3605532672.0000005 0.03206493332982064 0.0078946663998067396 0.29047378897666937 -0.56216648221015919 0.055550446733832366 0.037617905065417297 260.99046325683599 0.033212462440133102 0.019316792488098148 0.031057531014084819
decision_type=2 2 2 2 2 2 2 2 2 2 2 2 2 2 2 2 2 2 2 2
left_child=-1 9 3 4 5 6 8 -8 -3 10 12 -7 13 14 -2 17 -15 18 -6 -14
right_child=1 2 -4 -5 15 11 7 -9 -10 -11 -12 -13 19 16 -16 -17 -18 -19 -20 -21
leaf_value=-0.00081563053431753555 -0.00015228564159640106 -0.0005448171091780227 0.001076336695135709 0.00056533343045272056 -6.0530369510696114e-05 0.00011528823170010584 0.0012667589833686259 0.00024632076166234551 0.00015066370071766108 -0.00082162779398772053 0.00049008687399327764 -0.00069789782166250047 -0.00027621991113743928 -5.7958917353640902e-05 0.00059436411996872409 -0.00079782887997134838 -0.00072167245606189162 0.00019391897035529837 -0.00072454660291188086 -0.00085041384777726327
leaf_weight=78 56 59 54 92 85 56 57 77 392 61 50 63 53 55 52 50 56 50 61 53
leaf_count=78 56 59 54 92 85 56 57 77 392 61 50 63 53 55 52 50 56 50 61 53
internal_value=-3.66439e-05 3.01726e-06 0.000101434 5.0911e-05 1.09324e-06 0.000114455 0.00020186 0.000680388 5.96806e-05 -0.000244378 -0.000150479 -0.000315222 -0.000249028 -9.69062e-05 0.000207212 -0.000323325 -0.000392805 -0.000202278 -0.000337962 -0.000563317
internal_weight=1610 1532 1096 1042 950 704 585 134 451 436 375 119 325 219 108 246 111 196 146 106
internal_count=1610 1532 1096 1042 950 704 585 134 451 436 375 119 325 219 108 246 111 196 146 106
is_linear=0
shrinkage=0.05


Tree=46
num_leaves=25
num_cat=1
split_feature=133 71 166 161 77 116 158 70 7 74 186 141 151 120 153 72 91 91 83 92 173 21 72 88
split_gain=0.0179568 0.0130144 0.0153315 0.0186781 0.0152089 0.0171448 0.0129843 0.00976392 0.00928968 0.00906588 0.013824 0.0134566 0.0124753 0.0089845 0.00806518 0.00832744 0.00628015 0.00623978 0.00640813 0.00600426 0.00715483 0.00585638 0.00534264 0.00334616
threshold=0.88881945610046398 0.49803888797760015 47.456134796142585 1.1913275122642519 0.47695724666118627 0.0026242686435580258 1.5980346202850344 0.43174275755882269 -0.029454179108142849 0.56681743264198314 0 1.1528316140174868 1.3037542700767519 0.18972028046846393 0.22620866447687152 0.50227656960487377 0.38011835515499121 0.31531341373920446 -0.4368662685155868 0.35206450521945959 0.86219674348831188 0.53645572066307079 0.49761387705802923 0.034079011529684074
decision_type=2 2 2 2 2 2 2 2 2 2 1 2 2 2 2 2 2 2 2 2 2 2 2 2
left_child=-1 7 6 -4 -5 21 8 16 -3 10 14 19 -11 22 -9 23 -2 18 -10 20 -12 -6 -14 -16
right_child=1 2 3 4 5 -7 -8 9 17 12 11 -13 13 -15 15 -17 -18 -19 -20 -21 -22 -23 -24 -25
leaf_value=-0.00077484900904938774 0.00069536533310058865 -0.00082051154107452839 0.0011657703977731733 -0.0004681548950611614 0.0005283921850343054 0.0012285461559205194 0.00060329986725328293 -0.00086885233079859374 -0.00023136041124499488 -0.0010440590065686152 0.00033604397181823684 0.00090050688938936221 -0.00017737263457520919 0.00016944317726876851 -0.00019940911075277007 0.00034013547302296789 -5.0160441784547612e-05 -0.00043257361581235684 0.00051582382455914438 0.00035024121763567928 -0.00033837140506420837 -0.00013364552352585008 -0.00090471459238324319 -0.00073495872595231049
leaf_weight=78 56 53 67 60 59 51 57 60 55 62 55 50 51 81 70 51 57 73 60 89 138 77 50 50
leaf_count=78 56 53 67 60 59 51 57 60 55 62 55 50 51 81 70 51 57 73 60 89 138 77 50 50
internal_value=-3.48117e-05 2.86639e-06 0.000181545 0.000425343 0.000224498 0.00044674 -7.53432e-05 -0.000115993 -0.000235852 -0.000176946 -6.66196e-05 0.000140304 -0.00043151 -0.00022284 -0.000354734 -0.000195086 0.000319304 -7.1028e-05 0.000158475 1.04916e-05 -0.00014618 0.000153562 -0.000537443 -0.000422555
internal_weight=1610 1532 612 314 247 187 298 920 241 807 563 332 244 182 231 171 113 188 115 282 193 136 101 120
internal_count=1610 1532 612 314 247 187 298 920 241 807 563 332 244 182 231 171 113 188 115 282 193 136 101 120
cat_boundaries=0 1
cat_threshold=1155
is_linear=0
shrinkage=0.05


Tree=47
num_leaves=19
num_cat=2
split_feature=133 174 170 105 186 84 119 161 84 161 186 131 2 123 134 134 63 160
split_gain=0.016206 0.0130189 0.0191388 0.0125132 0.0101656 0.0111254 0.0110004 0.0129785 0.0128639 0.00976336 0.00932333 0.00918236 0.0083439 0.00839441 0.0056424 0.00484427 0.00429225 0.00412825
threshold=0.88881945610046398 13.54622793197632 5712082688.000001 1.0816689729690554 0 0.46698649227619177 0.28020034730434423 1.4453101158142092 0.55946916341781627 1.4263673424720766 1 1.0841512680053713 0.16724941879510882 -0.00067502431920729567 0.99389177560806286 0.90673163533210765 -0.84060490131378163 1.3214298486709597
decision_type=2 2 2 2 1 2 2 2 2 2 1 2 2 2 2 2 2 2
left_child=-1 10 3 4 5 -3 7 8 -6 -8 12 -9 13 16 17 -11 -2 -12
right_child=1 2 -4 -5 6 -7 9 11 -10 15 14 -13 -14 -15 -16 -17 -18 -19
leaf_value=-0.00073610654411216574 -0.00029274712616623018 -0.0010218604777108733 0.0010124789175784423 0.00058790807048991192 0.00025430598685026603 7.9109771629898911e-06 -0.00067193653332476276 -0.00049589859323720604 0.0011346444727387279 0.00038192720128757141 -0.00066364648521937178 0.00011208862961966129 -0.00053106547140597475 0.00067155480966332606 -0.00096514733859631068 -0.00020083473891385696 0.00023359191434471594 -4.1824772233667323e-05
leaf_weight=78 90 51 54 97 244 54 83 87 50 54 51 217 66 51 54 105 68 56
leaf_count=78 90 51 54 97 244 54 83 87 50 54 51 217 66 51 54 105 68 56
internal_value=-3.30712e-05 2.72307e-06 9.4655e-05 4.70902e-05 -8.42229e-06 -0.000449458 5.14454e-05 0.000167162 0.000404023 -0.000232373 -0.000228372 -6.19077e-05 -3.95229e-05 0.00011381 -0.00051641 -2.91559e-06 -6.62215e-05 -0.000338207
internal_weight=1610 1532 1096 1042 945 105 840 598 294 242 436 304 275 209 161 159 158 107
internal_count=1610 1532 1096 1042 945 105 840 598 294 242 436 304 275 209 161 159 158 107
cat_boundaries=0 1 2
cat_threshold=642 1586
is_linear=0
shrinkage=0.05


Tree=48
num_leaves=20
num_cat=0
split_feature=166 183 158 158 174 82 10 183 132 159 26 178 147 110 160 154 121 157 100
split_gain=0.0125341 0.0120006 0.0219988 0.0108736 0.0108601 0.0122003 0.0185124 0.0158011 0.0111573 0.010939 0.0114989 0.0100903 0.00916129 0.00789031 0.00781787 0.00729295 0.00475423 0.00474092 0.00354667
threshold=65.887222290039077 0.016358374617993835 0.92554980516433727 0.63498494029045116 13.54622793197632 0.03588965721428395 1.029486417770386 -0.030971055850386616 0.98029300570487987 1.2584962844848635 0.35000000894069677 -8.8064222335815412 0.93550434708595287 0.04818821698427201 1.3538674116134646 0.37119835615158087 0.18231248110532763 1.1305825710296633 1.0815928578376772
decision_type=2 2 2 2 2 2 2 2 2 2 2 2 2 2 2 2 2 2 2
left_child=1 3 -3 -1 8 6 9 -8 -5 10 -6 15 -11 -7 -4 -10 -17 18 -13
right_child=-2 2 14 4 5 13 7 -9 11 12 -12 17 -14 -15 -16 16 -18 -19 -20
leaf_value=-0.00066778246766582882 -0.00074049666727660224 0.0012756998708355243 -0.00045092970243422312 -0.00092941449667491456 -4.541454518403043e-05 -8.240678250110029e-06 9.3637019423455802e-05 0.0011232935066037039 -0.00091576471101143398 0.000437339510768652 0.00054417259519444385 0.00019414549527964348 -0.00030214459264158887 -0.00076638306477434532 0.00039561507098672647 -0.00051088793501191101 0.00011336425146122357 0.00052271495411265214 -0.00036233624169835821
leaf_weight=68 60 50 50 51 176 74 69 81 50 50 156 67 258 64 60 61 61 54 50
leaf_count=68 60 50 50 51 176 74 69 81 50 50 156 67 258 64 60 61 61 54 50
internal_value=-3.14176e-05 -3.96938e-06 0.000406096 -5.11712e-05 -1.94544e-05 7.39235e-05 0.000149695 0.000649652 -0.00023939 3.25182e-05 0.00023162 -0.000136792 -0.000182098 -0.000359843 1.0822e-05 -0.000407193 -0.000198762 0.00013519 -4.36672e-05
internal_weight=1610 1550 160 1390 1322 928 790 150 394 640 332 343 308 138 110 172 122 171 117
internal_count=1610 1550 160 1390 1322 928 790 150 394 640 332 343 308 138 110 172 122 171 117
is_linear=0
shrinkage=0.05


Tree=49
num_leaves=22
num_cat=1
split_feature=133 71 166 89 161 146 20 159 99 143 91 88 179 179 141 91 87 123 70 74 186
split_gain=0.013941 0.0112984 0.0131001 0.0159442 0.0195603 0.0139 0.0137449 0.0111923 0.00916079 0.0148226 0.014432 0.00830059 0.008657 0.0119167 0.00811596 0.00735926 0.00657148 0.00939078 0.00610968 0.00550633 0.0041229
threshold=0.88881945610046398 0.49803888797760015 47.456134796142585 0.56264197826385509 1.2265467643737795 0.88653340935707103 0.60756531357765209 1.8565800786018374 1.1408630609512331 1.0287421345710757 0.17203015834093097 -0.53375914692878712 4.5488150119781503 11.296061038970949 1.0931524634361269 0.30818709731101995 0.58095946907997142 -0.0047499095089733592 0.54001936316490184 0.4983899593353272 0
decision_type=2 2 2 2 2 2 2 2 2 2 2 2 2 2 2 2 2 2 2 2 1
left_child=-1 8 7 4 -4 -6 -5 15 9 11 -10 12 -2 -14 16 18 20 -18 -3 -17 -13
right_child=1 2 3 6 5 -7 -8 -9 10 -11 -12 14 13 -15 -16 19 17 -19 -20 -21 -22
leaf_value=-0.00068190345258559463 -0.00023182835420618392 0.00027356857757736128 0.0015550767458043992 0.00042538467843249763 0.00094970625001451487 -0.00013294124493970434 -0.00056071454557956614 0.00058373321682867959 0.00082673008897883496 -0.00081693598076526541 -0.00030877980553115921 -0.00020801801799098029 0.00097369381830368954 4.1689419037751621e-05 -0.00068229146526368242 -0.00091137135735334593 -3.1697711026833831e-05 -0.00088526407250309747 -0.00040057982144019291 -0.00017297136584923411 0.00016890638940464614
leaf_weight=78 94 89 50 84 56 63 61 54 62 79 51 115 54 94 78 50 71 59 54 51 163
leaf_count=78 94 89 50 84 56 63 61 54 62 79 51 115 54 94 78 50 71 59 54 51 163
internal_value=-2.98467e-05 3.35199e-06 0.000169834 0.000395194 0.000725219 0.00037654 1.05429e-05 -6.76249e-05 -0.000107395 -0.000166435 0.000314243 -9.58446e-05 0.000143415 0.000381745 -0.000214982 -0.000211778 -0.000125644 -0.000419086 1.89951e-05 -0.000538516 1.15775e-05
internal_weight=1610 1532 612 314 169 119 145 298 920 807 113 728 242 148 486 244 408 130 143 101 278
internal_count=1610 1532 612 314 169 119 145 298 920 807 113 728 242 148 486 244 408 130 143 101 278
cat_boundaries=0 1
cat_threshold=1027
is_linear=0
shrinkage=0.05


Tree=50
num_leaves=16
num_cat=1
split_feature=146 161 157 182 181 148 57 54 37 27 186 131 27 181 128
split_gain=0.0107315 0.0115234 0.0315946 0.00885712 0.0113448 0.0173188 0.0121716 0.0115514 0.010792 0.011458 0.0102557 0.0161852 0.0090422 0.0051053 0.00492143
threshold=0.74764597415924083 1.1325897574424746 0.71315234899520885 0.040077311918139465 0.036158682778477676 1.2971143722534182 0.59274193644523632 0.52891582250595104 0.45833332836627966 0.62500000000000011 0 1.2801269292831423 0.45833332836627966 0.024667013436555866 1.0453349351882937
decision_type=2 2 2 2 2 2 2 2 2 2 1 2 2 2 2
left_child=-1 2 -2 4 6 -6 8 -8 10 -10 11 -3 -12 -11 -4
right_child=1 3 14 -5 5 -7 7 -9 9 13 12 -13 -14 -15 -16
leaf_value=-0.00060487650107868621 0.0014019634758109792 0.00011246108291112056 0.00030064982849992551 0.00062595284928321704 -0.001080777831345087 7.4668231515234403e-05 -4.836744861677289e-06 0.0010595546955021117 -0.00099731727403615461 -0.00034644256685289359 3.5949728249820661e-05 0.001069810251148603 -0.00043108703265066394 0.00024724680909209634 -0.00036056281074100605
leaf_weight=67 56 242 53 53 62 68 50 52 52 106 399 54 140 55 60
leaf_count=67 56 242 53 53 62 68 50 52 52 106 399 54 140 55 60
internal_value=1.42612e-05 4.18792e-05 0.000430832 -7.43287e-06 -3.3659e-05 -0.000476391 1.63889e-05 0.000537794 -3.43585e-05 -0.000352041 4.66792e-05 0.00027773 -8.38037e-05 -0.000143629 -5.04365e-05
internal_weight=1569 1502 169 1333 1280 130 1150 102 1048 213 835 296 539 161 113
internal_count=1569 1502 169 1333 1280 130 1150 102 1048 213 835 296 539 161 113
cat_boundaries=0 1
cat_threshold=560
is_linear=0
shrinkage=0.05


Tree=51
num_leaves=20
num_cat=0
split_feature=71 170 170 115 31 111 3 170 140 82 123 134 179 164 118 5 70 88 31
split_gain=0.00839272 0.0242822 0.0113309 0.0157179 0.0150552 0.0162429 0.0123213 0.0112302 0.0100497 0.00689806 0.00667933 0.00747187 0.0067114 0.0184566 0.00949507 0.00617786 0.00658117 0.00417111 0.00421534
threshold=0.49644985795021063 4244738048.0000005 1804732096.0000002 0.0024645247031003241 0.25000000745058065 0.041409412398934371 0.011158162262290718 5888409856.000001 1.1713397502899172 0.03433231636881829 0.014702310319989921 0.91284608840942394 12.224852085113527 837.36837768554699 0.46442520618438726 0.0010042089270427825 0.50563326478004467 -0.26591956615447992 0.61666667461395275
decision_type=2 2 2 2 2 2 2 2 2 2 2 2 2 2 2 2 2 2 2
left_child=7 2 4 -4 5 -2 -7 8 9 10 11 -1 14 -14 -13 -6 -17 -18 -19
right_child=1 -3 3 -5 15 6 -8 -9 -10 -11 -12 12 13 -15 -16 16 17 18 -20
leaf_value=0.00056972972642352728 -0.00013615780636289362 0.0011957265201536027 0.00016018903194587136 -0.00092124040742101721 0.00046674581227467999 0.00036898360768198907 0.0013908322096293719 -0.00080731054155929848 0.00050519853673330016 -0.00066538739134557555 -0.00049483297364368364 -3.9147286198113436e-05 -0.0010144069767372204 1.5147726447283181e-05 0.00064257124898579269 0.00029616775018715118 -5.0830367763410323e-06 -0.00013813566585989013 -0.00074961722136885375
leaf_weight=52 59 51 72 63 51 59 59 51 76 50 78 314 61 152 61 66 80 51 63
leaf_count=52 59 51 72 63 51 59 59 51 76 50 78 314 61 152 61 66 80 51 63
internal_value=1.35482e-05 0.000146806 6.09389e-05 -0.000344478 0.000173093 0.000541219 0.000879908 -8.68044e-05 -4.32667e-05 -9.75419e-05 -5.79983e-05 -4.7591e-06 -5.55642e-05 -0.000279701 7.17456e-05 -3.64191e-05 -0.000135117 -0.000281843 -0.00047606
internal_weight=1569 674 623 135 488 177 118 895 844 768 718 640 588 213 375 311 260 194 114
internal_count=1569 674 623 135 488 177 118 895 844 768 718 640 588 213 375 311 260 194 114
is_linear=0
shrinkage=0.05


Tree=52
num_leaves=18
num_cat=1
split_feature=171 146 182 67 37 121 121 1 186 72 135 112 172 61 30 20 107
split_gain=0.0125908 0.0142005 0.0105673 0.0107037 0.0132454 0.0133926 0.00946722 0.00960869 0.00946271 0.00897561 0.00716035 0.00598171 0.00581814 0.00707675 0.00579545 0.00557038 0.005293
threshold=516933312.00000006 0.74764597415924083 0.039520410820841796 0.15028203278779986 0.45833332836627966 0.10423259437084199 0.19270762801170352 0.033762168139219291 0 0.49357007443904882 0.92427900433540355 -0.013738453853875397 52044774.000000007 0.50768229365348827 0.22500000149011615 0.16211555898189547 0.018236297182738784
decision_type=2 2 2 2 2 2 2 2 1 2 2 2 2 2 2 2 2
left_child=1 -1 3 4 8 -6 7 -5 9 -3 14 -12 13 -7 -10 -11 -8
right_child=-2 2 -4 6 5 12 16 -9 10 15 11 -13 -14 -15 -16 -17 -18
leaf_value=-0.00076123500060572551 0.00076310125053472195 0.00088169684977567003 0.00062139017720018398 0.0001443034334515687 -0.00094911416184819341 7.1311092652453522e-05 -0.00034226176533687478 0.0010979247584015997 -0.00011495571593843416 0.00046368427909711544 -0.00031581337573074097 7.4432938858047724e-05 0.00030136748880613601 -0.00074634990469679577 -0.00081018960281310369 -0.00022378140383211089 0.00035602715409671268
leaf_weight=61 54 55 69 50 77 51 58 56 69 57 121 521 50 55 53 61 51
leaf_count=61 54 55 69 50 77 51 58 56 69 57 121 521 50 55 53 61 51
internal_value=1.28708e-05 -1.38701e-05 1.74843e-05 -1.2602e-05 -7.21872e-05 -0.000409553 0.000311652 0.000648103 1.17042e-05 0.000334823 -6.49946e-05 8.81842e-07 -0.000143231 -0.000352947 -0.000416984 0.000108299 -1.55394e-05
internal_weight=1569 1515 1454 1385 1170 233 215 106 937 173 764 642 156 106 122 118 109
internal_count=1569 1515 1454 1385 1170 233 215 106 937 173 764 642 156 106 122 118 109
cat_boundaries=0 1
cat_threshold=16
is_linear=0
shrinkage=0.05


Tree=53
num_leaves=17
num_cat=0
split_feature=171 146 182 67 146 121 110 121 83 71 172 77 102 76 75 143
split_gain=0.0113632 0.0128159 0.00953695 0.00966007 0.0122045 0.0177421 0.0155942 0.00854417 0.00908742 0.00808869 0.0094793 0.00871246 0.00771599 0.00749662 0.00559838 0.00516808
threshold=516933312.00000006 0.74764597415924083 0.039520410820841796 0.15028203278779986 0.96216034889221203 0.10267966240644456 0.042244996875524528 0.19270762801170352 0.32939076423645025 0.438030555844307 87742364.000000015 0.51847180724143993 1.0078647732734682 0.55377402901649486 0.49009194970130926 0.98077523708343517
decision_type=2 2 2 2 2 2 2 2 2 2 2 2 2 2 2 2
left_child=1 -1 3 4 5 6 -3 8 -5 -6 14 -12 -9 15 -11 -7
right_child=-2 2 -4 7 9 13 -8 12 -10 10 11 -13 -14 -15 -16 -17
leaf_value=-0.00072317325255306843 0.00072494617786476206 -0.00027624591752292439 0.00059032066222415244 0.00015274477287366951 0.000471882861092301 -0.00037846348229019595 -0.0014860658027464526 -0.0004092411969081852 0.0010786516418381821 -8.3376926405696522e-05 -9.7203361610345208e-05 -0.00083489708099725916 0.00043386041812196961 -0.00061033580573725008 0.00026900480456342667 0.00015451047730745448
leaf_weight=61 54 57 69 53 99 60 50 58 53 202 147 55 51 57 255 188
leaf_count=61 54 57 69 53 99 60 50 58 53 202 147 55 51 57 255 188
internal_value=1.22272e-05 -1.31766e-05 1.661e-05 -1.19719e-05 -6.85778e-05 -0.000287617 -0.000841582 0.000296069 0.000615698 5.04779e-05 -1.28288e-05 -0.000298061 -1.47625e-05 -9.32753e-05 0.000113247 2.55652e-05
internal_weight=1569 1515 1454 1385 1170 412 107 215 106 758 659 202 109 305 457 248
internal_count=1569 1515 1454 1385 1170 412 107 215 106 758 659 202 109 305 457 248
is_linear=0
shrinkage=0.05


Tree=54
num_leaves=13
num_cat=0
split_feature=171 146 182 181 70 1 157 3 153 169 154 12
split_gain=0.0102553 0.0115664 0.0086071 0.00936963 0.0147295 0.0101828 0.0160053 0.0112643 0.00934876 0.00523357 0.0049326 0.00501887
threshold=516933312.00000006 0.74764597415924083 0.039520410820841796 0.036158682778477676 0.52851736545562755 0.036391107365489013 0.6849755346775056 0.0053620648104697475 0.29632839560508734 -0.39741781353950495 0.84463560581207286 0.3348939865827561
decision_type=2 2 2 2 2 2 2 2 2 2 2 2
left_child=1 -1 3 5 -5 9 -7 -8 -9 -3 11 -11
right_child=-2 2 -4 4 -6 6 7 8 -10 10 -12 -13
leaf_value=-0.0006870145825277938 0.00068869888486073325 -0.00051145145920791519 0.00056080464518332076 3.8451129867320478e-07 -0.0010884446949839912 0.0010594862045466224 -0.00043015648622766843 8.4051393091975337e-05 0.00090519003150984654 -1.0337194669628902e-05 0.00034988402100449996 -0.00039840696746126775
leaf_weight=61 54 57 69 82 50 55 68 113 50 733 83 94
leaf_count=61 54 57 69 82 50 55 68 113 50 733 83 94
internal_value=1.16159e-05 -1.25178e-05 1.57795e-05 -1.13733e-05 -0.000412051 3.08369e-05 0.000292932 0.000110418 0.000335934 -4.66802e-05 -1.75682e-05 -5.44467e-05
internal_weight=1569 1515 1454 1385 132 1253 286 231 163 967 910 827
internal_count=1569 1515 1454 1385 132 1253 286 231 163 967 910 827
is_linear=0
shrinkage=0.05


Tree=55
num_leaves=12
num_cat=0
split_feature=106 71 182 17 142 158 72 119 108 79 161
split_gain=0.013079 0.0162404 0.0147395 0.0161021 0.0146248 0.0138524 0.00838618 0.00777488 0.00857553 0.00982779 0.00600667
threshold=0.88548651337623607 0.55328279733657848 0.036190010607242591 0.69583332538604747 0.996364325284958 0.70719051361083995 0.45222282409667974 0.0031555907335132365 0.048565613105893142 0.049445919692516334 1.3578001260757449
decision_type=2 2 2 2 2 2 2 2 2 2 2
left_child=4 2 5 -4 -1 10 -7 -8 9 -9 -2
right_child=1 -3 3 -5 -6 6 7 8 -10 -11 -12
leaf_value=-0.0010404923989958429 -0.00091400505567175319 0.00084319390555265272 0.0012111743621886183 -2.1327858066454283e-05 4.6793284843890713e-05 -0.00058756466503557311 0.00055019488978646949 -4.0328272688610127e-05 -0.00049622033072148342 0.0003072367823882653 -0.00018801421101670714
leaf_weight=59 56 64 53 53 65 52 76 665 73 293 58
leaf_count=59 56 64 53 53 65 52 76 665 73 293 58
internal_value=2.22266e-05 6.45715e-05 2.84352e-05 0.000594923 -0.000470544 -1.8735e-05 3.29935e-05 6.21435e-05 2.61668e-05 6.59729e-05 -0.000544641
internal_weight=1567 1443 1379 106 124 1273 1159 1107 1031 958 114
internal_count=1567 1443 1379 106 124 1273 1159 1107 1031 958 114
is_linear=0
shrinkage=0.05


Tree=56
num_leaves=14
num_cat=0
split_feature=106 81 182 106 142 158 143 112 85 161 124 164 143
split_gain=0.0118038 0.0146569 0.0133024 0.0148693 0.0131989 0.0125018 0.00864761 0.00794339 0.0132783 0.00959933 0.00607325 0.00569663 0.00488432
threshold=0.88548651337623607 0.10656560584902765 0.036190010607242591 0.94910684227943432 0.996364325284958 0.70719051361083995 1.0491036176681521 -0.013738453853875397 -0.053719099611043923 1.4686051011085512 0.002088011242449284 182.80994415283206 1.0233193039894106
decision_type=2 2 2 2 2 2 2 2 2 2 2 2 2
left_child=4 2 5 -4 -1 11 7 12 10 -10 -9 -2 -7
right_child=1 -3 3 -5 -6 6 -8 8 9 -11 -12 -13 -14
leaf_value=-0.00098846779299615792 -0.00011752760130912066 0.00080103421830699526 5.6086875961877276e-06 0.0011918936819256488 4.4453625540392335e-05 -0.00056271448699084833 0.00061586399426839008 -5.8036353123209599e-05 0.00034715697182498355 -1.1886210557258675e-05 -0.00067846996611670455 -0.00082981675623159399 -5.1284857858094652e-05
leaf_weight=59 50 64 56 50 65 90 60 82 335 419 76 64 97
leaf_count=59 50 64 56 50 65 90 60 82 335 419 76 64 97
internal_value=2.11153e-05 6.13429e-05 2.70135e-05 0.000565177 -0.000447017 -1.77983e-05 3.13438e-05 -5.68126e-07 6.03011e-05 0.000147636 -0.000356473 -0.000517409 -0.000297427
internal_weight=1567 1443 1379 106 124 1273 1159 1099 912 754 158 114 187
internal_count=1567 1443 1379 106 124 1273 1159 1099 912 754 158 114 187
is_linear=0
shrinkage=0.05


Tree=57
num_leaves=17
num_cat=0
split_feature=106 170 102 119 117 118 88 70 158 158 170 91 110 27 126 157
split_gain=0.0106529 0.0133978 0.012733 0.0114699 0.00773015 0.00811465 0.00772195 0.00687234 0.00774249 0.00911217 0.0117911 0.00849198 0.00664057 0.00580927 0.00352827 0.00318615
threshold=0.88548651337623607 6181009664.000001 1.0196497440338137 0.0029376901220530276 0.40813513100147253 0.25962397456169134 -0.74336370825767506 0.43058373034000402 1.717060446739197 1.0378071069717409 2223918080.0000005 0.19201080501079562 0.047899959608912475 0.25833334028720861 -0.010307118296623228 0.8933447301387788
decision_type=2 2 2 2 2 2 2 2 2 2 2 2 2 2 2 2
left_child=2 3 -1 15 7 6 -6 -5 9 11 -11 -9 13 -8 -7 -2
right_child=1 -3 -4 4 5 14 12 8 -10 10 -12 -13 -14 -15 -16 -17
leaf_value=-0.00084816097658229619 0.00025864789471961559 0.00075976567127956798 0.00018151259761961069 0.00033606162119385657 0.00074448737156161194 -0.00033492792435367851 0.00040210692294985408 0.0003112623701728059 0.00032002933251757673 -0.00024240774107807817 -0.00097978592017645256 -0.00021221949029479205 0.00054915449955670573 -0.00023207572328061326 0.00017331407662428354 0.00082310794503428044
leaf_weight=73 50 65 51 79 73 96 54 119 77 253 69 222 74 109 53 50
leaf_count=73 50 65 51 79 73 96 54 119 77 253 69 222 74 109 53 50
internal_value=2.00595e-05 5.82757e-05 -0.000424666 2.51866e-05 -1.51648e-05 0.000149096 0.000294847 -0.000107223 -0.000154547 -0.000209663 -0.000400417 -2.95381e-05 0.00015635 -2.19784e-05 -0.000154144 0.000540878
internal_weight=1567 1443 124 1378 1278 459 310 819 740 663 322 341 237 163 149 100
internal_count=1567 1443 124 1378 1278 459 310 819 740 663 322 341 237 163 149 100
is_linear=0
shrinkage=0.05


Tree=58
num_leaves=10
num_cat=0
split_feature=146 170 101 136 182 181 108 37 37
split_gain=0.0101204 0.0144841 0.0103447 0.00847739 0.00915992 0.0136456 0.0107033 0.00884913 0.00998365
threshold=0.74764597415924083 5888409856.000001 0.75571581721305858 0.74070686101913463 0.033763384446501739 0.036797214299440391 0.052952967584133155 0.72499999403953563 0.45833332836627966
decision_type=2 2 2 2 2 2 2 2 2
left_child=-1 2 -2 -4 5 7 -6 8 -5
right_child=1 -3 3 4 6 -7 -8 -9 -10
leaf_value=-0.00058691428114825887 0.00071733265469083561 0.00073765317095724945 -0.00059603214748979861 4.3037452407057239e-05 -3.0665747373241858e-05 -0.00081129168515957958 0.00098915849383411115 0.00050983757274236001 -0.00034980153309747535
leaf_weight=66 50 72 60 883 53 53 50 82 198
leaf_count=66 50 72 60 883 53 53 50 82 198
internal_value=1.90566e-05 4.57015e-05 1.08376e-05 -1.47786e-05 1.1662e-05 -2.66862e-05 0.000464395 9.06969e-06 -2.89164e-05
internal_weight=1567 1501 1429 1379 1319 1216 103 1163 1081
internal_count=1567 1501 1429 1379 1319 1216 103 1163 1081
is_linear=0
shrinkage=0.05


Tree=59
num_leaves=16
num_cat=0
split_feature=119 91 66 177 158 7 6 85 85 1 158 117 161 121 87
split_gain=0.00949077 0.00989061 0.0103163 0.0197445 0.0100097 0.0110372 0.00789781 0.00697082 0.00690622 0.00771909 0.0125678 0.00761273 0.00619176 0.00584991 0.00472281
threshold=0.0031555907335132365 0.54073104262352001 0.15106374770402911 247.51492309570315 1.7786379456520083 -0.036858171224594109 0.12534916400909427 0.45314761996269232 -0.35594536364078516 0.03661471605300904 0.98262798786163341 0.18225767463445666 1.6079122424125674 0.10423259437084199 0.63484248518943798
decision_type=2 2 2 2 2 2 2 2 2 2 2 2 2 2 2
left_child=13 2 4 -4 5 -2 14 -8 -7 11 -11 -10 -9 -1 -3
right_child=1 6 3 -5 -6 8 7 12 9 10 -12 -13 -14 -15 -16
leaf_value=4.5359891606494789e-05 -0.00074312724054497847 -0.00027273660129022544 0.0010181120537454261 -7.2260901346922883e-05 0.00064477453603599736 -0.00050976831705864037 3.7836852967373885e-05 -0.00099795351276373945 -0.00025331788013121983 0.00082083890529985023 -9.4585498791993335e-05 9.9097591093766371e-05 -0.00033597710866352398 0.00076235573502675511 0.00033278785300190882
leaf_weight=50 54 62 75 93 55 63 51 66 255 74 76 384 76 66 67
leaf_count=50 54 62 75 93 55 63 51 66 255 74 76 384 76 66 67
internal_value=1.81037e-05 -1.66884e-05 5.3027e-05 0.000414513 -1.01672e-05 -4.99264e-05 -0.000261125 -0.000463573 -5.99109e-06 3.42345e-05 0.000357024 -4.15377e-05 -0.000643656 0.000453306 4.17606e-05
internal_weight=1567 1451 1129 168 961 906 322 193 852 789 150 639 142 116 129
internal_count=1567 1451 1129 168 961 906 322 193 852 789 150 639 142 116 129
is_linear=0
shrinkage=0.05


Tree=60
num_leaves=22
num_cat=0
split_feature=27 170 170 3 52 51 157 68 85 183 85 152 80 160 72 171 30 110 115 69 72
split_gain=0.0128152 0.0310514 0.0186464 0.0105533 0.0166279 0.00947549 0.00878933 0.00925083 0.00965078 0.00788078 0.00868919 0.00766255 0.00730177 0.00691742 0.00583484 0.00602217 0.00535111 0.00532036 0.00498921 0.004368 0.00345331
threshold=0.45833332836627966 4562723840.000001 4669489152.000001 0.013046491891145708 -0.025000001303851601 -0.25000000745058054 0.53149884939193737 0.57053491473197948 0.45314761996269232 -0.0046992620918899766 0.17976196855306628 0.31681647896766668 0.019926186650991443 1.2371262907981875 0.49109403789043432 67661264.000000015 0.62500000000000011 0.02093576826155186 0.00099741789745166919 0.46293413639068609 0.49999496340751654
decision_type=2 2 2 2 2 2 2 2 2 2 2 2 2 2 2 2 2 2 2 2 2
left_child=1 3 5 12 -5 -2 -7 9 -9 10 -8 18 14 -12 15 -1 -14 -16 -11 -19 -18
right_child=2 -3 -4 4 -6 6 7 8 -10 11 13 -13 16 -15 17 -17 20 19 -20 -21 -22
leaf_value=0.00013719736365601422 0.00053399901902964099 0.0013386019461904654 -0.0010276308207010682 -4.574715024539949e-05 0.001074333805978919 0.00042136743210374256 0.00066417874276257039 -0.00022107974900791307 -0.0010517384929169733 -0.00088231575958031645 -0.00040654785078475942 7.8971421796516307e-05 -0.00061702744941086218 0.00017102884485969603 0.00065916811005687736 -0.00051352052706761249 -0.00037391631293576212 0.00037776526194847231 -0.00028494559510657002 -0.00016378202222097713 0.00019310704537302032
leaf_weight=80 59 51 55 74 60 67 55 96 55 56 81 88 76 144 60 64 50 73 93 76 58
leaf_count=80 59 51 55 74 60 67 55 96 55 56 81 88 76 144 60 64 50 73 93 76 58
internal_value=-5.62712e-06 0.00014923 -0.000137319 5.88302e-05 0.000455782 -7.56477e-05 -0.000124585 -0.000179344 -0.000523638 -7.87863e-05 0.000100813 -0.000290971 -4.02229e-05 -3.68988e-05 9.28895e-05 -0.000152011 -0.000295596 0.000261624 -0.000509461 0.00010154 -6.94038e-05
internal_weight=1571 722 849 671 134 794 735 668 151 517 280 237 537 225 353 144 184 209 149 149 108
internal_count=1571 722 849 671 134 794 735 668 151 517 280 237 537 225 353 144 184 209 149 149 108
is_linear=0
shrinkage=0.05


Tree=61
num_leaves=26
num_cat=0
split_feature=27 170 170 140 3 52 149 27 157 68 152 134 157 136 72 115 131 32 117 134 176 131 71 130 74
split_gain=0.0115657 0.0280238 0.0168283 0.0115823 0.00952434 0.0150067 0.00879722 0.00771181 0.0168075 0.00980756 0.0095233 0.00807931 0.00901856 0.00617237 0.00633733 0.00613816 0.00600831 0.00518275 0.005478 0.00450762 0.00424966 0.00379995 0.00353031 0.00328707 0.00229361
threshold=0.45833332836627966 4562723840.000001 4669489152.000001 1.1713397502899172 0.013046491891145708 -0.025000001303851601 1.4871554970741274 0.84166666865348827 0.61386096477508556 0.46652302145957952 0.31681647896766668 0.97815135121345531 0.77013450860977184 0.89348050951957714 0.49968461692333227 0.0062470971606671819 1.19560843706131 0.7916666865348817 0.2225054353475571 0.90316259860992443 12.730780601501467 1.1898081898689272 0.51230227947235119 1.1182677745819094 0.49880610406398779
decision_type=2 2 2 2 2 2 2 2 2 2 2 2 2 2 2 2 2 2 2 2 2 2 2 2 2
left_child=1 4 3 7 6 -6 13 10 -9 15 11 16 -13 -1 17 19 23 24 -19 -10 -12 -8 -16 -2 -15
right_child=2 -3 -4 -5 5 -7 21 8 9 -11 20 12 -14 14 22 -17 -18 18 -20 -21 -22 -23 -24 -25 -26
leaf_value=-0.00062180812958104073 -0.0007024360662726991 0.0012716718348469037 -0.00097624923867194668 0.0006570317576452177 -4.3459796516627481e-05 0.0010206171233949136 2.6846824444784615e-05 0.00088285376000035633 0.00025329050324628799 -0.00049924912153779144 0.00043949468103024768 0.00034505834184009082 -0.00051762744577982548 -0.00022204308199933639 0.00039731054735111908 0.00052024070118066111 -0.0011162014424335211 -0.00086831141830771234 -0.00015696122432403835 -0.00036587542734085941 -0.00014710725717074973 0.00056493272401284434 -0.00012810431418564317 -0.00015556339929025855 0.00025452047026919901
leaf_weight=60 61 51 55 51 74 60 61 52 53 98 52 56 66 51 83 63 50 50 59 66 76 71 52 50 50
leaf_count=60 61 51 55 51 74 60 61 52 53 98 52 56 66 51 83 63 50 50 59 66 76 71 52 50 50
internal_value=-5.34576e-06 0.000141768 -0.000130453 -7.18653e-05 5.58887e-05 0.000432993 -3.82118e-05 -0.000121897 5.73306e-05 -9.59808e-05 -0.000266675 -0.000428541 -0.000121641 -0.000153747 -7.23452e-05 0.000121164 -0.000661098 -0.000244164 -0.000483269 -9.01124e-05 9.11998e-05 0.000316272 0.000194929 -0.000456097 1.38795e-05
internal_weight=1571 722 849 794 671 134 537 743 332 280 411 283 122 405 345 182 161 210 109 119 128 132 135 111 101
internal_count=1571 722 849 794 671 134 537 743 332 280 411 283 122 405 345 182 161 210 109 119 128 132 135 111 101
is_linear=0
shrinkage=0.05


Tree=62
num_leaves=18
num_cat=0
split_feature=146 51 107 36 157 159 122 37 149 115 131 119 19 101 81 129 102
split_gain=0.00924043 0.0121091 0.0151825 0.0120075 0.0140092 0.0186716 0.0103873 0.0102748 0.00887365 0.00834443 0.00819162 0.00679122 0.00735895 0.00654487 0.00847656 0.00562178 0.00516282
threshold=0.81465497612953197 0.18333333730697635 0.044335070997476585 0.21666666865348819 0.72182565927505504 1.1511778831481936 -0.002539640991017222 0.45833332836627966 1.4871554970741274 0.0035892926389351491 1.2544031739234927 0.017509013414382938 0.08428682386875154 1.2126061916351321 -0.0062199339736253014 1.092883348464966 1.012572228908539
decision_type=2 2 2 2 2 2 2 2 2 2 2 2 2 2 2 2 2
left_child=6 2 3 7 5 -5 -1 8 13 -8 -10 -6 -13 14 -2 -9 -14
right_child=1 -3 -4 4 11 -7 9 15 10 -11 -12 12 16 -15 -16 -17 -18
leaf_value=8.8584441201840867e-05 -0.00019649002227156714 -0.00056968337430825841 0.00079191436176188294 0.0013495084505973803 0.00056875080086423878 0.00011543024920124132 -0.00020016864217206035 -3.9804428983188707e-05 5.5847714958322609e-05 -0.0010880496711946431 0.00084611699539719962 0.00047037412758592313 2.3427124330145677e-05 -0.00061931397341947374 0.0002478949056753396 -0.00069848090922633953 -0.00049016325099728421
leaf_weight=82 291 77 70 58 56 65 51 50 86 55 53 56 126 53 170 92 80
leaf_count=82 291 77 70 58 56 65 51 50 86 55 53 56 126 53 170 92 80
internal_value=-5.07847e-06 3.96306e-05 7.55549e-05 3.49844e-05 0.000244227 0.000697353 -0.000333976 -8.10861e-05 2.7366e-06 -0.000660862 0.000357173 6.89615e-05 -3.78637e-05 -9.3113e-05 -3.26171e-05 -0.000466553 -0.000176025
internal_weight=1571 1383 1306 1236 441 123 188 795 653 106 139 318 262 514 461 142 206
internal_count=1571 1383 1306 1236 441 123 188 795 653 106 139 318 262 514 461 142 206
is_linear=0
shrinkage=0.05


Tree=63
num_leaves=23
num_cat=1
split_feature=27 181 173 32 6 135 36 21 90 120 88 186 78 122 25 84 26 92 98 121 175 3
split_gain=0.00978067 0.0137854 0.0223663 0.0119933 0.0108602 0.0108114 0.00920232 0.0153188 0.008709 0.00765721 0.00726543 0.00703434 0.0117458 0.00870478 0.00758404 0.00751978 0.00526075 0.00515613 0.00507089 0.00456099 0.00296259 0.00292109
threshold=0.45833332836627966 0.026362087577581409 1.1835786104202273 0.77500000596046459 0.040700376033782966 0.8041399121284486 0.58333334326744091 0.43886889517307287 0.38185602426528936 0.013718503061681988 0.075010322034358992 0 0.11501458659768106 0.0004463223740458489 0.62500000000000011 0.29374207556247717 0.31666667759418493 0.32837995886802679 1.0241257548332217 0.17436728626489642 44.326951980590827 0.0059672407805919656
decision_type=2 2 2 2 2 2 2 2 2 2 2 1 2 2 2 2 2 2 2 2 2 2
left_child=1 3 -3 6 8 -6 7 17 -2 -7 16 15 13 21 -15 18 -5 -1 -11 -19 -17 -13
right_child=4 2 -4 10 5 9 -8 -9 -10 11 -12 12 -14 14 -16 20 -18 19 -20 -21 -22 -23
leaf_value=0.0004274307459424136 -0.0001143750270756076 0.0013357947928645383 -5.88532034428148e-05 0.00022947039362280035 -0.00088969227788486299 0.00029627471778920824 -0.00023473876293461551 0.0010453131059963902 0.00071058363510439039 -1.7151968124523469e-05 -0.00057297621439217014 -0.00018771481846830714 -0.00090901698858942843 -0.00078355697088552945 -5.1986451224223074e-06 -0.00038869976961370751 -0.00041147324210375223 -0.00039199656214025582 0.00069145066449709702 0.00021734675901825541 7.6165771439126785e-05 0.00030687318166100242
leaf_weight=98 63 57 58 86 52 87 88 62 65 51 98 51 76 81 51 97 51 56 50 68 53 72
leaf_count=98 63 57 58 86 52 87 88 62 65 51 98 51 76 81 51 97 51 56 50 68 53 72
internal_value=-4.82455e-06 0.000130461 0.000632407 3.53641e-05 -0.000119873 -0.000195221 0.000212012 0.000350442 0.000304549 -0.000141241 -0.000244265 -0.000206643 -0.000352777 -0.000200831 -0.000482828 1.1759e-07 -9.12906e-06 0.000156378 0.000333641 -5.78405e-05 -0.000224447 0.0001018
internal_weight=1571 722 115 607 849 721 372 284 128 669 235 582 331 255 132 251 137 222 101 124 150 123
internal_count=1571 722 115 607 849 721 372 284 128 669 235 582 331 255 132 251 137 222 101 124 150 123
cat_boundaries=0 1
cat_threshold=609
is_linear=0
shrinkage=0.05


Tree=64
num_leaves=24
num_cat=0
split_feature=27 170 170 140 173 118 181 170 114 112 1 70 116 171 152 120 159 181 169 148 131 12 125
split_gain=0.00882705 0.0243695 0.0143262 0.00986499 0.00883053 0.00903372 0.00853697 0.00880329 0.00924255 0.0086714 0.00823617 0.0110409 0.00925956 0.00854303 0.0062651 0.00625955 0.00587031 0.00536479 0.00372303 0.00273144 0.00272155 0.00382705 0.00254061
threshold=0.45833332836627966 4562723840.000001 4669489152.000001 1.1713397502899172 1.2253414988517763 0.04688535816967488 0.026159570552408699 502774400.00000006 -0.0019424557103775439 -0.0050404192879796019 0.050403060391545303 0.52079442143440258 0.0032357020536437635 30682972.000000004 0.31681647896766668 0.31383858621120458 1.1128529310226443 0.016532316803932193 -0.23031009733676908 1.3686183094978335 1.0851142406463625 0.043401768431067474 -0.018807724118232724
decision_type=2 2 2 2 2 2 2 2 2 2 2 2 2 2 2 2 2 2 2 2 2 2 2
left_child=1 4 3 10 6 -6 7 8 -1 -10 11 14 -12 -13 18 -15 -16 20 -2 -20 -9 -22 -18
right_child=2 -3 -4 -5 5 -7 -8 17 9 -11 12 13 -14 15 16 -17 22 -19 19 -21 21 -23 -24
leaf_value=-9.2096607953689758e-05 -0.00066905553083353002 0.0011775996431870406 -0.00089426763525063359 0.00061287135414721554 0.00011989649841173862 -0.00076468875159926321 0.00074999080551788218 -0.00029194481892273852 0.0010409414115169888 0.00020480374361849343 -0.0010092570830602199 -0.00010360896631027572 -4.6990912058390681e-05 0.0009719772816156845 0.00047464265081867722 0.0001998362339536642 -0.00040661687868123416 -0.00044297356490820088 -0.00011706373455855255 -0.00049783750920771408 0.00046513570032071915 -5.0570869070025558e-05 8.5838820265383801e-05
leaf_weight=84 58 51 55 51 54 62 50 51 57 68 50 80 50 52 59 53 50 86 171 65 55 104 55
leaf_count=84 58 51 55 51 54 62 50 51 57 68 50 80 50 52 59 53 50 86 171 65 55 104 55
internal_value=-4.58332e-06 0.000123938 -0.000113879 -5.98223e-05 4.38534e-05 -0.000352899 0.000126778 6.5074e-05 0.000313513 0.000586083 -0.000105996 -4.03467e-05 -0.000528124 0.000285651 -0.000172027 0.00058223 7.55744e-05 -0.000110344 -0.000310145 -0.000221938 2.58757e-05 0.000127818 -0.000148664
internal_weight=1571 722 849 794 671 116 555 505 209 125 743 643 100 185 458 105 164 296 294 236 210 159 105
internal_count=1571 722 849 794 671 116 555 505 209 125 743 643 100 185 458 105 164 296 294 236 210 159 105
is_linear=0
shrinkage=0.05


Tree=65
num_leaves=19
num_cat=0
split_feature=121 170 139 88 170 118 52 3 177 12 31 16 121 119 90 86 84 143
split_gain=0.0143307 0.0176342 0.0105981 0.0110562 0.00729742 0.00960195 0.00778971 0.00721189 0.00868565 0.00686552 0.00554706 0.00532358 0.00530701 0.00488589 0.00489437 0.00543588 0.00386833 0.00369588
threshold=0.082095943391323103 4562723840.000001 1.1307162046432497 0.87889048457145702 362425776.00000006 0.017229115590453151 -0.091666668653488145 0.0079694883897900599 247.51492309570315 0.24064584076404574 0.15000000596046451 0.45833332836627966 0.25852294266223913 0.004680916666984559 0.58273079991340648 0.66128680109977733 0.13030436635017398 1.0000292062759402
decision_type=2 2 2 2 2 2 2 2 2 2 2 2 2 2 2 2 2 2
left_child=4 2 3 9 6 -6 -1 11 -9 13 -11 16 -12 -2 15 -15 -7 -16
right_child=1 -3 -4 -5 5 7 -8 8 -10 10 12 -13 -14 14 17 -17 -18 -19
leaf_value=-0.00029448476999741101 0.00047692090469491581 0.00090652470830942459 0.00054712376575200602 0.00069092971752979801 0.0001371738778457425 -0.00014802024310964318 0.00057552966184448446 -0.0004041040551982871 -0.0011996181691124625 0.00012260269981678268 -7.8482192151972825e-05 0.00015749184164667019 -0.00070044569735553991 -3.9025611746083464e-05 -0.00064752061478793622 0.0003678872285063065 -0.00074931716705274696 -4.2570479084080201e-05
leaf_weight=53 53 61 91 52 81 53 50 82 59 53 54 54 94 438 50 101 54 51
leaf_count=53 53 61 91 52 81 53 50 82 59 53 54 54 94 438 50 101 54 51
internal_value=-1.97046e-05 8.03513e-05 3.17528e-05 -1.7823e-05 -0.000245757 -0.000346231 0.000127852 -0.000475886 -0.000736979 -5.9048e-05 -0.000316328 -0.000247228 -0.000473513 1.55744e-05 -2.26308e-05 3.72234e-05 -0.000451479 -0.000342051
internal_weight=1584 1098 1037 946 486 383 103 302 141 894 201 161 148 693 640 539 107 101
internal_count=1584 1098 1037 946 486 383 103 302 141 894 201 161 148 693 640 539 107 101
is_linear=0
shrinkage=0.05


Tree=66
num_leaves=18
num_cat=0
split_feature=121 100 106 107 69 109 136 51 25 25 183 85 46 55 120 121 152
split_gain=0.0129334 0.0187003 0.0126569 0.0104217 0.00749932 0.00784631 0.0163571 0.00732329 0.00966873 0.0135531 0.00795647 0.00598932 0.00611817 0.00557379 0.00546731 0.00356895 0.00326396
threshold=0.082095943391323103 0.8503212332725526 0.92288061976432811 0.043880764394998557 0.3044396191835404 0.018762227147817615 0.930658519268036 0.18333333730697635 0.57500001788139354 0.27500000596046453 -0.005331869237124919 0.68240350484848034 0.58333334326744091 0.59539160132408153 0.060842491686344154 0.18508812785148623 0.21138519048690799
decision_type=2 2 2 2 2 2 2 2 2 2 2 2 2 2 2 2 2
left_child=7 -2 13 4 -4 6 -6 8 9 14 -10 12 -7 -3 -1 -8 -16
right_child=1 2 3 -5 5 11 15 -9 10 -11 -12 -13 -14 -15 16 -17 -18
leaf_value=-0.00041670873996954929 0.0010112676948112636 -0.00082380692760290752 0.0005831904313620931 0.00079519282051478514 0.0009121337175041418 -0.00025315475539529347 -0.00027230682156697774 -0.00078823646612329208 -0.0001926814194038426 -0.00083568591849736721 0.00053847759263589976 0.00028151985558092987 0.00015103571549989283 -0.00013745420787927287 -0.00017080258728717181 0.00020835297920002188 0.00036920582304798789
leaf_weight=79 51 55 62 50 68 373 73 53 77 92 72 95 125 64 51 82 62
leaf_count=79 51 55 62 50 68 373 73 53 77 92 72 95 125 64 51 82 62
internal_value=-1.87194e-05 7.63337e-05 3.07925e-05 9.30455e-05 5.30599e-05 1.27804e-05 0.000265613 -0.000233469 -0.000165564 -0.000336702 0.00016063 -8.22983e-05 -0.000151701 -0.000454676 -9.7605e-05 -1.80223e-05 0.000125485
internal_weight=1584 1098 1047 928 878 816 223 486 433 284 149 593 498 119 192 155 113
internal_count=1584 1098 1047 928 878 816 223 486 433 284 149 593 498 119 192 155 113
is_linear=0
shrinkage=0.05


Tree=67
num_leaves=19
num_cat=0
split_feature=121 100 106 107 36 25 25 71 122 66 100 12 70 85 77 71 21 152
split_gain=0.0116724 0.016877 0.0114229 0.00940561 0.00726638 0.0114667 0.0106426 0.00979983 0.00718378 0.00678858 0.0140108 0.0129431 0.00905385 0.00626026 0.00613106 0.0050209 0.00364517 0.00342811
threshold=0.082095943391323103 0.8503212332725526 0.92288061976432811 0.043880764394998557 0.78333333134651195 0.57500001788139354 0.22500000149011615 0.48410128057003027 -0.0015075890696607528 0.088054597377777113 0.92621076107025158 0.075612187385559096 0.53784289956092846 0.74745213985443126 0.52636030316352855 0.46959190070629125 0.63674721121788036 0.21931717544794085
decision_type=2 2 2 2 2 2 2 2 2 2 2 2 2 2 2 2 2 2
left_child=4 -2 8 9 5 6 15 -8 -3 12 -11 -12 13 14 -4 -1 -7 -17
right_child=1 2 3 -5 -6 16 7 -9 -10 10 11 -13 -14 -15 -16 17 -18 -19
leaf_value=0.0003186215371798343 0.00096070430984528847 2.4422863585641607e-05 5.0601847660112104e-05 0.00075543317780829968 -0.0007927075824700297 0.00043543418042401487 -0.001141626781851907 -0.00025548752124170555 -0.00076264160241513263 -0.00017158501441259927 0.00015225683698820203 0.0012732963474335005 -0.00051799620719796143 0.00055856316785475764 -0.00049660851228716695 -0.00056410694960504768 -9.6613785662723469e-05 -2.65015634637245e-05
leaf_weight=55 51 50 502 50 50 82 60 65 69 81 52 51 81 54 57 52 53 69
leaf_count=55 51 50 502 50 50 82 60 65 69 81 52 51 81 54 57 52 53 69
internal_value=-1.77834e-05 7.2517e-05 2.92529e-05 8.83932e-05 -0.000221795 -0.000156324 -0.000328047 -0.000680834 -0.000431942 5.04069e-05 0.000320419 0.000707335 -2.11813e-05 4.44663e-05 -5.19599e-06 -7.74885e-05 0.000226556 -0.000257539
internal_weight=1584 1098 1047 928 486 436 301 125 119 878 184 103 694 613 559 176 135 121
internal_count=1584 1098 1047 928 486 436 301 125 119 878 184 103 694 613 559 176 135 121
is_linear=0
shrinkage=0.05


Tree=68
num_leaves=9
num_cat=0
split_feature=159 100 100 35 137 183 19 139
split_gain=0.00851948 0.0105949 0.0114835 0.00628137 0.00663507 0.00864115 0.00596531 0.00838554
threshold=0.77826499938964855 0.81605935096740734 0.85497865080833446 0.72499999403953563 1.1037353277206423 -0.040347930043935769 0.769646316766739 1.00155645608902
decision_type=2 2 2 2 2 2 2 2
left_child=-1 -2 -3 4 5 -4 7 -7
right_child=1 2 3 -5 -6 6 -8 -9
leaf_value=0.00058328512338145328 -0.00075511756469495597 0.00071476617505630618 -0.00069009371547571364 0.0003555853433133825 0.00043995153792507824 0.00044368214647485209 -0.00050038846738233763 -7.5394559547051519e-05
leaf_weight=57 50 52 58 93 61 84 74 1055
leaf_count=57 50 52 58 93 61 84 74 1055
internal_value=-1.68942e-05 -3.92978e-05 -1.50656e-05 -4.1698e-05 -6.94363e-05 -9.38837e-05 -6.53757e-05 -3.71132e-05
internal_weight=1584 1527 1477 1425 1332 1271 1213 1139
internal_count=1584 1527 1477 1425 1332 1271 1213 1139
is_linear=0
shrinkage=0.05


Tree=69
num_leaves=21
num_cat=0
split_feature=121 100 145 109 135 11 181 57 146 104 164 132 94 121 161 157 134 153 86 96
split_gain=0.010534 0.0152208 0.00827972 0.00786947 0.013532 0.00849483 0.00665931 0.0143339 0.00764683 0.0129085 0.00751596 0.00644281 0.012096 0.00775302 0.00719593 0.00606085 0.00574315 0.00551967 0.0032484 0.00286977
threshold=0.082095943391323103 0.8503212332725526 1.0765855908393862 0.018996759317815307 0.95358142256736766 0.99823573231697094 0.036980720236897476 0.57475101947784435 0.99967622756958019 1.0127156376838686 180.21758270263675 0.99082824587821972 1.1877392530441286 0.2989856898784638 1.2568465471267702 0.89132151007652294 0.99146384000778209 0.28103847801685339 0.44119121134281164 -3.0472576618194576
decision_type=2 2 2 2 2 2 2 2 2 2 2 2 2 2 2 2 2 2 2 2
left_child=6 -2 3 4 -3 11 7 8 9 -1 18 12 13 -5 -13 -7 -16 -6 -10 -19
right_child=1 2 -4 5 17 15 -8 -9 10 -11 -12 14 -14 -15 16 -17 -18 19 -20 -21
leaf_value=-0.0001304031184526182 0.00091321515695502373 0.00090494824349446128 0.00065651400020578881 0.00010271805168587082 -0.00028768771261131003 0.00070199489185445905 -0.00064657374092053652 0.00060458662890979257 0.00043591861074185258 -0.00109062824061463 -0.00039402769837197996 -0.00090736401107278659 0.00044114995387050781 -0.00036711766699510111 -0.00048227959075427558 -3.4102103162350149e-05 0.00019401144796437673 5.1308573580399757e-06 -9.3651096640136474e-05 0.0005382007973464937
leaf_weight=84 51 59 50 144 77 54 74 57 67 60 93 51 98 225 77 58 53 50 51 51
leaf_count=84 51 59 50 144 77 54 74 57 67 60 93 51 98 225 77 58 53 50 51 51
internal_value=-1.60495e-05 6.97344e-05 2.8648e-05 -2.83981e-06 0.000248712 -8.12843e-05 -0.000209858 -0.000131418 -0.000249594 -0.000530497 -5.78874e-05 -0.000150781 -5.26282e-05 -0.000183767 -0.000404025 0.000320802 -0.000206561 3.11957e-05 0.000207037 0.000274305
internal_weight=1584 1098 1047 997 237 760 486 412 355 144 211 648 467 369 181 112 130 178 118 101
internal_count=1584 1098 1047 997 237 760 486 412 355 144 211 648 467 369 181 112 130 178 118 101
is_linear=0
shrinkage=0.05


Tree=70
num_leaves=19
num_cat=0
split_feature=3 89 89 151 36 139 143 121 139 25 126 89 143 91 184 30 157 68
split_gain=0.00885584 0.00990603 0.0173054 0.0113751 0.00874666 0.00596083 0.0068644 0.00572924 0.00873377 0.00927207 0.00803161 0.00753023 0.00670914 0.00660444 0.00506699 0.00459715 0.00441766 0.0034355
threshold=0.014007106423377992 0.31750819087028509 0.59675094485282909 1.072521507740021 0.81666666269302379 0.99126872420310985 0.97669529914855968 0.096902772784233107 1.0908703207969668 0.22500000149011615 -0.072337761521339403 -0.24838130921125409 0.99368280172348034 0.29502676427364355 -0.039114141836762421 0.67499998211860668 1.0028845667839053 0.5161460041999818
decision_type=2 2 2 2 2 2 2 2 2 2 2 2 2 2 2 2 2 2
left_child=4 3 -3 -2 5 -1 -7 10 12 11 -8 -10 13 -9 -12 -14 -4 -16
right_child=1 2 16 -5 -6 6 7 8 9 -11 14 -13 15 -15 17 -17 -18 -19
leaf_value=0.00050478584761388934 -0.00048086491849225687 0.0010644783836476948 -0.00026879444229416553 0.00035766367630761433 -0.00066900350158737801 -0.00046427751802404383 -0.0005601951899957292 -7.4947869487866566e-05 0.00050360200765191211 0.0008064170643804461 0.00031124825300966305 -0.00033940003348915428 -0.00027944084776955995 0.00068619396582111577 -3.6929886056213947e-05 6.2038059749366687e-05 0.00039586032845909358 -0.00052567806150182156
leaf_weight=51 78 76 50 84 55 91 98 57 52 73 77 54 224 57 128 176 50 50
leaf_count=51 78 76 50 84 55 91 98 57 52 73 77 54 224 57 128 176 50 50
internal_value=9.13267e-06 0.000236065 0.000495759 -4.60723e-05 -5.25754e-05 -2.4037e-05 -4.77573e-05 -1.15209e-05 7.19959e-05 0.000372783 -0.000175479 7.41481e-05 -3.2753e-05 0.000305623 -2.76267e-05 -0.00012919 6.35329e-05 -0.000174219
internal_weight=1581 338 176 162 1243 1188 1137 1046 693 179 353 106 514 114 255 400 100 178
internal_count=1581 338 176 162 1243 1188 1137 1046 693 179 353 106 514 114 255 400 100 178
is_linear=0
shrinkage=0.05


Tree=71
num_leaves=19
num_cat=0
split_feature=85 3 91 89 36 121 161 170 171 119 184 95 181 175 147 91 4 20
split_gain=0.0080173 0.00910365 0.0112174 0.0126793 0.00834521 0.00834144 0.00614254 0.0117629 0.00641821 0.00577493 0.00532823 0.00599546 0.00581706 0.00493618 0.00552876 0.00485521 0.00468651 0.0021251
threshold=-0.454139694571495 0.014007106423377992 0.48677702248096472 0.31750819087028509 0.81666666269302379 0.12945973873138431 1.2463119626045229 2938641280.0000005 72800548.000000015 0.063686855137348189 -0.085834175348281846 0.52254083752632152 0.017871993593871597 23.764361381530765 1.1660830378532412 0.078310903161764159 0.53809869289398204 0.17555221170186999
decision_type=2 2 2 2 2 2 2 2 2 2 2 2 2 2 2 2 2 2
left_child=-1 4 3 5 6 -3 7 8 9 -2 -8 12 17 15 -15 -13 -4 -12
right_child=1 2 16 -5 -6 -7 10 -9 -10 -11 11 13 -14 14 -16 -17 -18 -19
leaf_value=-0.00058440517743954176 -0.00013209425213669116 -0.00025439544854062687 0.0001811506234687464 0.00092876896467512587 -0.00063555332939193416 0.00056589236387555471 -0.00045073531137171727 0.00079234067795578796 -0.00039943557828322931 0.00055069822028599449 0.00019712696390342899 0.00054458591879857096 -0.00061154722214552468 -0.0002685683601404652 0.00012341717295343682 7.3462823664811319e-05 -0.00045724829394378489 -0.00026386106474092231
leaf_weight=55 60 63 58 90 55 61 82 65 63 64 50 76 77 184 176 195 57 50
leaf_count=55 60 63 58 90 55 61 82 65 63 64 50 76 77 184 176 195 57 50
internal_value=8.67604e-06 3.00518e-05 0.000262995 0.000477017 -3.39734e-05 0.000149133 -5.00068e-06 0.000212924 1.15219e-05 0.000220315 -6.67051e-05 -2.77317e-05 -0.000284892 4.44035e-05 -7.6931e-05 0.000205586 -0.000135273 -3.33671e-05
internal_weight=1581 1526 329 214 1197 124 1142 252 187 124 890 808 177 631 360 271 115 100
internal_count=1581 1526 329 214 1197 124 1142 252 187 124 890 808 177 631 360 271 115 100
is_linear=0
shrinkage=0.05


Tree=72
num_leaves=14
num_cat=0
split_feature=54 3 89 121 36 161 158 121 83 159 161 184 170
split_gain=0.0076514 0.0110778 0.0123817 0.0122814 0.00845519 0.00818784 0.011083 0.00790681 0.00618619 0.00507817 0.00477857 0.00669489 0.00194189
threshold=0.75237363576889049 0.014007106423377992 0.31750819087028509 0.32977181673049932 0.78333333134651195 1.1325897574424746 0.94789981842041027 0.12945973873138431 0.79243242740631115 0.91095077991485607 1.2463119626045229 -0.09785177186131476 922021408.00000012
decision_type=2 2 2 2 2 2 2 2 2 2 2 2 2
left_child=1 4 7 -4 5 6 -1 -3 9 -7 -11 -12 -10
right_child=-2 2 3 -5 -6 8 -8 -9 12 10 11 -13 -14
leaf_value=0.00080864534721146832 -0.00056051858042146228 -0.00036382883690970545 0.00096404019798348225 7.6121741188795897e-05 -0.00059476227848790589 -0.00035914253999515879 -0.00016953000438162219 0.00033936716438639006 -0.00020529806680119069 0.00037293980533760398 -0.00050782634371278129 3.1259893682203659e-05 -0.00064162515370887435
leaf_weight=67 57 82 95 66 65 95 51 78 51 89 63 671 51
leaf_count=67 57 82 95 66 65 95 51 78 51 89 63 671 51
internal_value=8.24224e-06 2.95148e-05 0.000290481 0.000600049 -4.01197e-05 -8.43976e-06 0.000385875 -2.10208e-05 -5.40565e-05 -1.30115e-05 2.69429e-05 -1.50105e-05 -0.000423462
internal_weight=1581 1524 321 161 1203 1138 118 160 1020 918 823 734 102
internal_count=1581 1524 321 161 1203 1138 118 160 1020 918 823 734 102
is_linear=0
shrinkage=0.05


Tree=73
num_leaves=16
num_cat=0
split_feature=85 127 59 15 121 161 87 170 4 114 7 163 161 158 87
split_gain=0.00713246 0.00798505 0.00656642 0.00832301 0.00823762 0.0103859 0.0188159 0.00829802 0.00708151 0.00860215 0.00652692 0.00577801 0.00523341 0.00419187 0.00410004
threshold=-0.454139694571495 1.1578826904296877 0.2439345791935921 0.93750000000000011 0.098455231636762633 1.1949630975723269 0.38869599997997289 1196703424.0000002 0.3475241512060166 -0.0013623057166114447 0.0065817125141620645 237.58473968505862 1.3725635409355166 1.0525628924369814 0.63484248518943798
decision_type=2 2 2 2 2 2 2 2 2 2 2 2 2 2 2
left_child=-1 2 -2 4 7 6 -6 11 12 -10 14 -4 -7 -13 -9
right_child=1 -3 3 -5 5 8 -8 10 9 -11 -12 13 -14 -15 -16
leaf_value=-0.00055156632543499164 -0.0005249433423939211 0.00062514891787604607 0.00035653996076617979 0.00055469328227689043 3.0010204957251538e-05 -0.00044830002430978276 0.0012606406506383793 -7.447469486906499e-05 0.00056157640632183213 1.1207585304951234e-05 -0.000870299843312373 -0.00051936633027770433 -2.5259184224963203e-05 6.978623297638135e-05 -0.00058510498487960607
leaf_weight=55 56 54 89 71 82 92 50 122 107 211 53 51 356 74 58
leaf_count=55 56 54 89 71 82 92 50 122 107 211 53 51 356 74 58
internal_value=7.83012e-06 2.79919e-05 6.08528e-06 2.70864e-05 -7.64956e-07 8.65373e-05 0.000496158 -0.000176151 1.59499e-05 0.000196395 -0.000382609 4.86381e-05 -0.000112134 -0.000170588 -0.000239011
internal_weight=1581 1526 1472 1416 1345 898 132 447 766 318 233 214 448 125 180
internal_count=1581 1526 1472 1416 1345 898 132 447 766 318 233 214 448 125 180
is_linear=0
shrinkage=0.05


Tree=74
num_leaves=19
num_cat=0
split_feature=158 107 158 70 183 10 11 7 70 173 89 173 116 134 2 11 176 116
split_gain=0.00710679 0.00983224 0.00846209 0.0116238 0.0100783 0.00852253 0.0113455 0.00902597 0.00864932 0.00655906 0.0103362 0.00590419 0.00902331 0.00599231 0.00509671 0.00656642 0.00345644 0.00180378
threshold=1.698401212692261 0.018458754755556587 1.0316324234008791 0.55566003918647777 0.016775898635387424 1.0114946365356448 0.98394519090652477 0.0065817125141620645 0.54687783122062694 1.1246905326843264 0.013136769179254772 0.60027447342872631 0.0041805563960224399 0.99634367227554332 0.37541946768760687 0.98962977528572094 10.608605384826662 0.00089010701049119245
decision_type=2 2 2 2 2 2 2 2 2 2 2 2 2 2 2 2 2 2
left_child=2 -2 4 11 5 7 -7 16 9 10 -8 -4 13 14 15 -13 -1 -9
right_child=1 -3 3 -5 -6 6 8 17 -10 -11 -12 12 -14 -15 -16 -17 -18 -19
leaf_value=-0.00026332195149734615 -7.5559995240029008e-06 0.00089471951208067299 0.00043714356412665975 -0.00073721102577595362 0.00063430380857437728 0.00078429464751201118 0.000418582564251947 -0.00036234648250683678 -0.00051298216383561103 0.00065796883199490612 -0.00019658247128096396 0.00042481407781808377 -0.00069387258249222329 -0.00056923095413081938 -0.00034003638374997537 -4.6320508298604559e-05 0.00027057352162719567 -0.00078705569426529114
leaf_weight=50 72 52 51 75 77 62 116 50 57 54 166 102 62 51 88 269 77 50
leaf_count=50 72 52 51 75 77 62 116 50 57 54 166 102 62 51 88 269 77 50
internal_value=7.43862e-06 0.000370818 -2.34873e-05 -0.00014914 9.2067e-05 3.08467e-05 0.000155691 -0.000219392 5.65222e-05 0.000153135 5.64641e-05 -7.8345e-05 -0.000124306 -5.5065e-05 2.06453e-06 8.32098e-05 6.03785e-05 -0.000574701
internal_weight=1581 124 1457 698 759 682 455 227 393 336 282 623 572 510 459 371 127 100
internal_count=1581 124 1457 698 759 682 455 227 393 336 282 623 572 510 459 371 127 100
is_linear=0
shrinkage=0.05


Tree=75
num_leaves=12
num_cat=0
split_feature=116 113 153 118 171 140 183 5 121 178 177
split_gain=0.00827281 0.0108178 0.00955339 0.00773039 0.00713466 0.00776859 0.00940352 0.00578141 0.00581373 0.00714684 0.00567159
threshold=0.0046579886693507442 -0.016175853088498112 0.31506901979446417 0.22503492981195453 488686688.00000006 0.97332608699798595 0.023296121507883075 0.016898217611014846 0.18231248110532763 -3.8473603725433345 190.235710144043
decision_type=2 2 2 2 2 2 2 2 2 2 2
left_child=1 -1 -2 -4 5 -3 7 8 9 -7 -10
right_child=2 4 3 -5 -6 6 -8 -9 10 -11 -12
leaf_value=0.00068858223385177559 -0.0008406711365087033 -0.00057506122250003953 0.00022856885341327569 -0.00056050676249959418 0.00054862519427842924 -0.00032217211837290226 0.00061143038011354735 0.00041403625278193932 -0.00015506792298921888 5.5299377140381052e-05 0.00016810306795297887
leaf_weight=57 63 64 77 52 54 345 58 66 221 197 352
leaf_count=57 63 64 77 52 54 345 58 66 221 197 352
internal_value=-2.80209e-05 1.37958e-05 -0.000335983 -8.95081e-05 -1.45482e-05 -3.78877e-05 -1.01403e-05 -4.06662e-05 -6.75813e-05 -0.000184973 4.34595e-05
internal_weight=1606 1414 192 129 1357 1303 1239 1181 1115 542 573
internal_count=1606 1414 192 129 1357 1303 1239 1181 1115 542 573
is_linear=0
shrinkage=0.05


Tree=76
num_leaves=14
num_cat=0
split_feature=111 138 110 181 181 124 78 159 71 159 87 168 146
split_gain=0.00760967 0.0086704 0.00598509 0.00907985 0.00969989 0.0102111 0.00875067 0.00738478 0.00677019 0.00652815 0.00612029 0.0095151 0.00437572
threshold=0.14061515033245089 1.1419933438301089 0.097832113504409804 0.037183897569775588 0.029873433522880081 -0.031690293923020356 -0.1244644671678543 1.2631643414497378 0.53119230270385753 1.1873295307159426 0.46919798851013189 -1.245777368545532 1.0234237313270571
decision_type=2 2 2 2 2 2 2 2 2 2 2 2 2
left_child=1 2 3 4 7 -6 -5 8 9 -1 12 -12 -9
right_child=-2 -3 -4 6 5 -7 -8 10 -10 -11 11 -13 -14
leaf_value=-5.9573788619256941e-05 -0.00062160203611850973 0.000615751366415309 0.00050324515670902611 -0.00012885565343005546 0.00084061738838927071 -2.0392223854691515e-05 -0.00091688415035605429 -0.00015866579761232246 0.00057629533912404438 0.00040551786015302323 -0.00097237644033696237 -0.00020829933547433777 0.00030682857817309391
leaf_weight=529 52 54 51 98 66 72 55 196 57 88 54 166 68
leaf_count=529 52 54 51 98 66 72 55 196 57 88 54 166 68
internal_value=-2.66199e-05 -6.71055e-06 -2.91192e-05 -4.78566e-05 -4.85169e-06 0.000391395 -0.000412134 -5.20728e-05 5.49256e-05 6.76019e-06 -0.000201075 -0.000395846 -3.87657e-05
internal_weight=1606 1554 1500 1449 1296 138 153 1158 674 617 484 220 264
internal_count=1606 1554 1500 1449 1296 138 153 1158 674 617 484 220 264
is_linear=0
shrinkage=0.05


Tree=77
num_leaves=26
num_cat=0
split_feature=116 138 138 118 121 110 165 158 36 157 22 91 157 88 181 108 155 179 152 173 5 23 158 87 27
split_gain=0.00700017 0.011715 0.00874973 0.0131953 0.00611709 0.00966125 0.010591 0.0077401 0.0102643 0.0129769 0.00773368 0.00809236 0.00736424 0.0105151 0.00912699 0.00841971 0.00685226 0.00674643 0.00587226 0.00533903 0.00508706 0.00446511 0.00421274 0.00345495 0.00305304
threshold=0.0046579886693507442 1.1419933438301089 1.1119405031204226 0.22503492981195453 0.096902772784233107 0.05390500836074353 253.02722167968753 1.0444542169570925 0.31666667759418493 0.71315234899520885 0.31627286970615393 0.19201080501079562 1.0878315567970278 0.13260932266712191 0.020524353720247749 0.037385046482086189 0.30087250471115118 15.973789691925051 0.27018785476684576 0.92317509651184093 0.0033045192249119286 1.0000000180025095e-35 1.1290908455848696 0.29148842394351965 0.4916666597127915
decision_type=2 2 2 2 2 2 2 2 2 2 2 2 2 2 2 2 2 2 2 2 2 2 2 2 2
left_child=1 4 3 -2 5 6 16 8 10 -10 11 -6 13 23 21 -16 -1 -8 -11 -7 -12 -14 -18 -9 -25
right_child=2 -3 -4 -5 7 19 17 12 9 18 20 -13 14 -15 15 -17 22 -19 -20 -21 -22 -23 -24 24 -26
leaf_value=0.00066058230667742038 0.00029222054172783999 0.00076486831891816112 -0.00087739668798167262 -0.00068832989815965798 0.00069264622717823575 -0.00021554387617231299 -0.00062186070236041116 0.00030171081969351343 0.0012065829625353217 -0.00016311364440480249 6.9057869783136993e-05 -8.455505046433908e-05 0.00012436262304758064 -0.00072764286963221435 0.00091923209729779609 2.3715577103672022e-05 -0.00018946852737264657 5.9236776440060372e-05 0.00060319311088824186 -0.0008969387331082293 -0.00052360487199621276 -0.0004712303464881099 0.0003804806448968913 -0.00045812386697097857 8.4090772870695221e-05
leaf_weight=59 84 50 50 58 68 57 90 52 50 50 75 66 65 83 52 53 89 61 50 58 70 61 51 54 50
leaf_count=59 84 50 50 58 68 57 90 52 50 50 75 66 65 83 52 53 89 61 50 58 70 61 51 54 50
internal_value=-2.52889e-05 1.31772e-05 -0.000308575 -0.000108286 -1.43775e-05 -0.000161605 -3.09653e-05 6.17746e-05 0.000215337 0.000548887 3.60083e-05 0.000309846 -7.83916e-05 -0.000272969 0.000122924 0.000467209 0.000208624 -0.000346715 0.00022004 -0.000559204 -0.000217055 -0.00016398 1.81558e-05 -3.10589e-05 -0.000197444
internal_weight=1606 1414 192 142 1364 465 350 899 429 150 279 134 470 239 231 105 199 151 100 115 145 126 140 156 104
internal_count=1606 1414 192 142 1364 465 350 899 429 150 279 134 470 239 231 105 199 151 100 115 145 126 140 156 104
is_linear=0
shrinkage=0.05


Tree=78
num_leaves=15
num_cat=0
split_feature=111 110 161 87 182 24 181 170 72 8 123 69 85 71
split_gain=0.00634366 0.00738229 0.00889182 0.0216843 0.0103382 0.0115215 0.0105851 0.00924099 0.00733205 0.0054983 0.00449853 0.00445106 0.00496465 0.00457117
threshold=0.14061515033245089 0.097832113504409804 1.1325897574424746 0.32402931153774267 0.030152484774589542 0.55000001192092907 0.029650954529643062 922021408.00000012 0.51445323228836071 -0.96258115768432606 0.00099900309578515611 0.49364256858825689 0.026128255762159828 0.52254581451416027
decision_type=2 2 2 2 2 2 2 2 2 2 2 2 2 2
left_child=1 2 3 10 6 8 9 -8 -6 -4 -1 12 -11 -13
right_child=-2 -3 4 -5 5 -7 7 -9 -10 11 -12 13 -14 -15
leaf_value=0.00022775906079914424 -0.00056726339501507873 0.00056308453161777415 -0.00052840526239757916 0.0011765361816608623 9.2534145464970166e-05 -0.0010043526635854505 3.3030025799995037e-06 0.00084341544948074443 -0.00061541308256484384 -0.00051838228743715292 -0.00040762633529469058 0.00015746767424266195 -7.2476823542796351e-05 -0.00023050492082650942
leaf_weight=60 52 55 60 51 99 56 67 64 58 74 52 363 399 96
leaf_count=60 52 55 60 51 99 56 67 64 58 74 52 363 399 96
internal_value=-2.40244e-05 -5.84655e-06 -2.67213e-05 0.000321916 -6.92571e-05 -0.000388624 -8.6827e-06 0.00041374 -0.000169 -6.44663e-05 -6.72413e-05 -3.4599e-05 -0.000142238 7.63231e-05
internal_weight=1606 1554 1499 163 1336 213 1123 131 157 992 112 932 473 459
internal_count=1606 1554 1499 163 1336 213 1123 131 157 992 112 932 473 459
is_linear=0
shrinkage=0.05


Tree=79
num_leaves=23
num_cat=0
split_feature=111 158 182 107 101 36 161 51 90 111 26 120 110 155 6 161 121 85 35 105 133 174
split_gain=0.00572515 0.00691251 0.0105148 0.0123011 0.0118175 0.00932239 0.01542 0.00907018 0.00836806 0.0118214 0.00758122 0.00613044 0.00574082 0.0050961 0.00422213 0.00475636 0.00449886 0.00404483 0.00882443 0.00501941 0.00391951 0.00273198
threshold=0.14061515033245089 1.0378071069717409 0.028960201889276508 0.036024825647473342 0.88336503505706798 0.31666667759418493 1.1460335850715639 -0.18333333730697629 0.52874073386192333 0.084252215921878829 0.083333335816860213 0.25358404219150549 0.017923146486282352 0.33352181315422064 0.28015151619911199 1.4473465681076052 0.2420565262436867 0.40948519110679632 -0.37499999999999994 1.0430229306221011 0.97243770956993114 39.203521728515632
decision_type=2 2 2 2 2 2 2 2 2 2 2 2 2 2 2 2 2 2 2 2 2 2
left_child=1 5 3 12 -4 7 -7 10 9 -8 -1 -10 -3 21 15 -15 -16 18 19 -9 -19 -14
right_child=-2 2 4 -5 -6 6 8 17 11 -11 -12 -13 13 14 16 -17 -18 20 -20 -21 -22 -23
leaf_value=0.00073644833357416493 -0.00053890022245468578 0.00025409883209578493 -0.00094176602915841583 0.00056534198245991813 -2.5699255900904334e-05 0.0010557201474990794 5.1494320084175072e-05 -0.00065091170669321025 0.00017807698770375997 0.0009657469074061903 -2.4244204031639166e-05 -0.00060104697942733767 -0.00074634513310978517 -0.00056896611779887717 0.00038126462059153712 -7.6748131704174318e-05 -0.00017736078071218584 -4.8366371395656773e-05 0.00046773489926728594 5.4084838775452231e-05 -0.00057677937269971238 -0.00022622986757778565
leaf_weight=57 52 94 73 78 68 57 99 51 51 55 77 50 51 69 78 170 67 56 59 50 94 50
leaf_count=57 52 94 73 78 68 57 99 51 51 55 77 50 51 69 78 170 67 56 59 50 94 50
internal_value=-2.28232e-05 -5.55422e-06 -0.000108195 -2.41149e-05 -0.000499975 0.000102789 0.000312242 -4.4394e-05 0.000146053 0.000378013 0.000299334 -0.000207628 -0.000103524 -0.000172836 -8.97145e-05 -0.000218853 0.000123141 -0.000192973 -1.80994e-05 -0.000301904 -0.000379505 -0.000488862
internal_weight=1606 1554 798 657 141 756 312 444 255 154 134 101 579 485 384 239 145 310 160 101 150 101
internal_count=1606 1554 798 657 141 756 312 444 255 154 134 101 579 485 384 239 145 310 160 101 150 101
is_linear=0
shrinkage=0.05


Tree=80
num_leaves=18
num_cat=0
split_feature=85 72 116 11 170 57 12 51 37 113 168 181 107 153 134 87 178
split_gain=0.00711482 0.00703037 0.00752345 0.0250567 0.0105396 0.00764295 0.00755429 0.00872595 0.0055141 0.0147341 0.0089334 0.00916018 0.00907558 0.00520134 0.00481797 0.00357567 0.0029471
threshold=-0.454139694571495 0.45222282409667974 -0.00035638902045320714 0.98127311468124401 4930363136.000001 0.48712567985057836 0.34034514427185064 -1.0000000180025095e-35 0.69166666269302379 0.0037769356276839976 1.5324686765670779 0.027569698169827465 0.033975344151258476 0.22502914071083072 0.98125556111335765 0.29148842394351965 -8.294667720794676
decision_type=2 2 2 2 2 2 2 2 2 2 2 2 2 2 2 2 2
left_child=-1 -2 3 -3 6 13 8 -8 10 -10 12 -12 -4 -5 15 -15 -16
right_child=1 2 4 5 -6 -7 7 -9 9 -11 11 -13 -14 14 16 -17 -18
leaf_value=-0.00051738544668751281 -0.0005238990338208775 0.0011648704600520433 7.9346446969524539e-05 -0.00034546965593568071 -0.00055520792894557503 0.00063365126409860079 9.1539026878308517e-05 -0.00082512713291820286 0.00072309779918668939 -0.00025631671100683205 2.3868610768722435e-05 -0.00051303294989742836 0.00081125412049004814 0.00016769402006632715 8.4217562255354888e-05 -0.00038141392939169673 0.0005906205009003836
leaf_weight=64 57 60 277 91 88 51 50 54 96 64 215 126 50 56 59 63 56
leaf_count=64 57 60 277 91 88 51 50 54 96 64 215 126 50 56 59 63 56
internal_value=-1.00993e-06 2.08328e-05 4.21581e-05 0.000216 -3.21508e-05 6.45847e-05 1.72366e-05 -0.000384422 6.76865e-05 0.000331332 4.53783e-06 -0.000174517 0.000191259 -2.4715e-05 0.000100023 -0.00012301 0.000330814
internal_weight=1577 1513 1456 436 1020 376 932 104 828 160 668 341 327 325 234 119 115
internal_count=1577 1513 1456 436 1020 376 932 104 828 160 668 341 327 325 234 119 115
is_linear=0
shrinkage=0.05


Tree=81
num_leaves=14
num_cat=0
split_feature=166 139 5 171 145 1 87 124 142 127 120 106 18
split_gain=0.00592461 0.0113236 0.0075464 0.00607157 0.00891227 0.00798447 0.00726763 0.00682615 0.00530389 0.00531269 0.00508336 0.00482306 0.00558625
threshold=65.887222290039077 0.99126872420310985 0.023169404827058319 105209348.00000001 1.0752861499786379 0.04420083016157151 0.73134136199951183 -0.0080760670825839025 1.0178066492080691 1.0144404768943789 0.19364751875400546 1.0588487982749941 0.13829504698514941
decision_type=2 2 2 2 2 2 2 2 2 2 2 2 2
left_child=1 -1 3 4 6 7 8 11 9 -3 -8 12 -5
right_child=-2 2 -4 5 -6 -7 10 -9 -10 -11 -12 -13 -14
leaf_value=0.00061567070024830175 -0.0005365323710866506 -0.00039293670850490934 0.00056561274077803652 0.0001973222995552422 0.00059711108656301803 -0.00065985872331041789 0.00073303077459478617 0.00030654725222903616 -0.00044718354552969691 2.5764870161886786e-05 2.6943058357574045e-05 -0.00058507010995419802 -0.00042876802573797284
leaf_weight=75 50 85 54 82 64 78 52 79 80 697 50 68 63
leaf_count=75 50 85 54 82 64 78 52 79 80 697 50 68 63
internal_value=-9.59434e-07 1.65773e-05 -1.43676e-05 -3.67702e-05 2.57429e-05 -0.000210455 -1.21903e-05 -9.04092e-05 -5.94155e-05 -1.97462e-05 0.000386909 -0.000237637 -7.47032e-05
internal_weight=1577 1527 1452 1398 1028 370 964 292 862 782 102 213 145
internal_count=1577 1527 1452 1398 1028 370 964 292 862 782 102 213 145
is_linear=0
shrinkage=0.05


Tree=82
num_leaves=21
num_cat=0
split_feature=72 111 75 72 181 3 108 137 121 42 69 70 147 153 52 182 164 162 6 152
split_gain=0.00614043 0.00694528 0.0109752 0.0110006 0.0156889 0.0104442 0.00754959 0.00897914 0.00949319 0.00654325 0.00719472 0.00595512 0.00523899 0.00510714 0.00467104 0.00816939 0.00571604 0.00538966 0.00215709 0.00132206
threshold=0.45222282409667974 0.046428550034761436 0.44402422010898596 0.49671618640422827 0.026616718620061878 0.014192401431500913 0.051532696932554252 1.0379290580749514 0.10267966240644456 0.44166666269302374 0.47898508608341223 0.50760632753372203 1.1493387818336489 0.3475599884986878 -0.10833333432674407 0.016421321779489521 51.969541549682624 375.25692749023443 0.2348669767379761 0.2647481113672257
decision_type=2 2 2 2 2 2 2 2 2 2 2 2 2 2 2 2 2 2 2 2
left_child=-1 5 -3 4 12 14 7 9 -9 -5 -11 -8 -4 -10 15 19 -16 -18 -19 -2
right_child=1 2 3 6 -6 -7 11 8 13 10 -12 -13 -14 -15 16 -17 17 18 -20 -21
leaf_value=-0.00050136477191206391 -0.00014247783944301774 -0.00057970758441301142 0.00028371887035118096 -0.00067276917698715511 0.00086088883586993552 0.00070703854536016783 -0.00089607884874567392 -0.00031152266357301934 0.00081651993226340236 -0.00033016542597053347 0.00019042118129460912 -0.00012817659869324418 -0.00027639122891698554 0.00018800005894026732 -0.00040597690199203315 0.00081156446557053218 0.00046833568511516865 -0.00021827805212149207 0.00011782391529971181 0.00021933655165519347
leaf_weight=59 50 93 83 60 78 75 51 56 58 147 121 50 84 73 78 52 67 97 94 51
leaf_count=59 50 93 83 60 78 75 51 56 58 147 121 50 84 73 78 52 67 97 94 51
internal_value=-9.11462e-07 1.85396e-05 -6.3693e-05 -7.95625e-06 0.000275433 0.000157635 -0.000120668 -4.31507e-05 0.000233352 -0.000200791 -9.51245e-05 -0.000515929 1.98684e-06 0.000466276 7.33709e-05 0.000302377 -3.09084e-05 8.24844e-05 -5.28666e-05 4.02205e-05
internal_weight=1577 1518 954 861 245 564 616 515 187 328 268 101 167 131 489 153 336 258 191 101
internal_count=1577 1518 954 861 245 564 616 515 187 328 268 101 167 131 489 153 336 258 191 101
is_linear=0
shrinkage=0.05


Tree=83
num_leaves=16
num_cat=0
split_feature=85 91 6 158 19 12 157 163 32 117 118 140 157 7 92
split_gain=0.00632188 0.00585825 0.0088322 0.00801427 0.00830449 0.010127 0.0134084 0.0220225 0.010079 0.0071001 0.00782889 0.00674938 0.00479486 0.00327231 0.00244968
threshold=-0.454139694571495 0.56958800554275524 0.12534916400909427 1.698401212692261 0.037759613245725639 0.33268640935420996 0.63046190142631542 209.21924591064456 0.17500000447034839 0.37262524664402014 0.28910189867019659 1.0629276633262636 0.82534271478652965 -0.002328367554582655 0.52466493844985973
decision_type=2 2 2 2 2 2 2 2 2 2 2 2 2 2 2
left_child=-1 3 14 4 8 6 7 -6 -2 10 -8 -11 -4 -7 -3
right_child=1 2 12 -5 5 13 9 -9 -10 11 -12 -13 -14 -15 -16
leaf_value=-0.00048761688015162011 -0.00085102162462796771 -5.0095271362806677e-05 -0.00067015628468821938 0.00056469281446066145 0.0013265240664068034 -0.00012257935643313379 -0.0001901961663900894 -2.8911716292372368e-06 -5.0667423669150784e-07 6.5763818102207168e-05 0.00027146408121296871 0.00055046466204191518 -0.00014947159214208805 -0.00065542180917691449 0.00042123558215440856
leaf_weight=64 55 60 86 76 59 68 325 66 95 186 128 117 91 50 51
leaf_count=64 55 60 86 76 59 68 325 66 95 186 128 117 91 50 51
internal_value=-8.65889e-07 1.97237e-05 -0.000183188 6.74286e-05 3.45373e-05 8.66243e-05 0.000144886 0.000624593 -0.000312362 6.55689e-05 -5.97491e-05 0.000252926 -0.00040246 -0.00034836 0.000166462
internal_weight=1577 1513 288 1225 1149 999 881 125 150 756 453 303 177 118 111
internal_count=1577 1513 288 1225 1149 999 881 125 150 756 453 303 177 118 111
is_linear=0
shrinkage=0.05


Tree=84
num_leaves=19
num_cat=0
split_feature=85 72 116 182 61 95 90 172 3 121 115 153 86 182 153 181 88 156
split_gain=0.0057055 0.00569517 0.00602218 0.0224405 0.00886206 0.00836344 0.00820741 0.00707816 0.00910844 0.0181248 0.00628766 0.0061254 0.00712723 0.00607384 0.00549613 0.00541081 0.00435337 0.0025011
threshold=-0.454139694571495 0.45222282409667974 -0.00052451470401138056 0.024178120307624344 0.47904382646083837 0.20639548450708392 -0.12254825234413146 111598852.00000001 0.014081827364861967 0.31407059729099279 -0.0025477051967754956 0.35130800306797033 0.56648528575897228 0.024507614783942703 0.49287119507789617 0.010966372210532429 0.034079011529684074 0.70886352658271801
decision_type=2 2 2 2 2 2 2 2 2 2 2 2 2 2 2 2 2 2
left_child=-1 -2 3 4 -3 17 -6 8 10 -10 -7 12 -9 -12 -13 -8 -17 -4
right_child=1 2 5 -5 6 7 15 11 9 -11 13 14 -14 -15 -16 16 -18 -19
leaf_value=-0.00046323603119162731 -0.00047154588095860134 0.00064125179414986633 -0.00070274912389269213 0.0010023535786937525 0.00032861501673537804 0.00038426416722758919 9.1829613728415491e-05 -5.662605804436859e-06 0.0009097669263510009 -0.00016561041496710718 5.4320742322931296e-05 0.00042040447985561551 -0.00077822138235003678 -0.00034176401098539173 -0.000234102037156154 -0.00012433751310626659 -0.00071877664794945827 -0.00020756673843339634
leaf_weight=64 57 50 51 72 85 91 70 51 89 70 304 54 72 142 79 55 70 51
leaf_count=64 57 50 51 72 85 91 70 51 89 70 304 54 72 142 79 55 70 51
internal_value=-8.22594e-07 1.87375e-05 3.79313e-05 0.000202586 2.80909e-05 -2.48686e-05 -8.14021e-05 2.12339e-05 0.000103919 0.00043633 5.49545e-06 -0.000203566 -0.000457892 -7.1787e-05 3.16375e-05 -0.000260127 -0.000457223 -0.000455158
internal_weight=1577 1513 1456 402 330 1054 280 952 696 159 537 256 123 446 133 195 125 102
internal_count=1577 1513 1456 402 330 1054 280 952 696 159 537 256 123 446 133 195 125 102
is_linear=0
shrinkage=0.05


Tree=85
num_leaves=22
num_cat=0
split_feature=71 170 116 47 171 164 162 110 84 111 182 156 69 85 112 108 88 96 123 110 150
split_gain=0.00811473 0.0151179 0.00829618 0.00779278 0.00759119 0.00897329 0.00677892 0.00653615 0.00619487 0.00603828 0.00780718 0.00666431 0.00402711 0.00377427 0.00391043 0.00315213 0.00401539 0.00386761 0.00301464 0.00271012 0.00267335
threshold=0.48437277972698217 4562723840.000001 0.0031661356333643202 0.44166666269302374 114834488.00000001 162.69497680664065 223.46421051025393 0.070562928915023818 -0.16076879203319547 0.046428550034761436 0.021812877617776397 0.36522211134433752 0.49785766005516058 -0.032983165234327309 -0.013738453853875397 0.013809865806251766 -0.05361607484519481 -4.2250900268554679 0.004664566135033966 0.03379675745964051 1.1819702982902529
decision_type=2 2 2 2 2 2 2 2 2 2 2 2 2 2 2 2 2 2 2 2 2
left_child=4 2 3 -2 7 -6 -4 8 -1 10 15 -11 20 -10 -15 17 -17 -5 19 -16 -13
right_child=1 -3 6 9 5 -7 -8 -9 13 11 -12 12 -14 14 18 16 -18 -19 -20 -21 -22
leaf_value=0.0002710881474818149 -0.00048213671330680575 0.00090744058548642152 0.0001307780698685487 -5.9708247252274303e-05 -0.00014474403998809233 -0.00097319535013342003 0.00082038804594049004 0.0004817776529105484 -0.00058552120001695589 -0.00046369231090138036 0.00068886797738424137 -0.00040116868706088727 0.00034014922061437072 -0.00047241551337444409 -8.3072040222865274e-05 0.00014646998576305729 -0.00041254765940187824 0.00054036486226009556 -0.00029205210720344138 0.0002812657441990953 9.2548776542414622e-05
leaf_weight=94 82 55 98 50 88 52 56 54 50 97 63 52 72 66 138 72 58 58 90 81 58
leaf_count=94 82 55 98 50 88 52 56 54 50 97 63 52 72 66 138 72 58 58 90 81 58
internal_value=2.68763e-06 0.000105079 5.09987e-05 -2.58959e-05 -0.000122394 -0.000452455 0.000381545 -4.1751e-05 -9.62222e-05 3.86072e-05 0.000193929 -0.000128962 4.94385e-05 -0.000177463 -0.000123055 6.29152e-05 -0.000102938 0.000262553 -4.8434e-05 5.1683e-05 -0.000140845
internal_weight=1584 871 816 662 713 140 154 573 519 580 301 279 182 425 375 238 130 108 309 219 110
internal_count=1584 871 816 662 713 140 154 573 519 580 301 279 182 425 375 238 130 108 309 219 110
is_linear=0
shrinkage=0.05


Tree=86
num_leaves=22
num_cat=0
split_feature=71 170 122 116 34 120 171 165 10 162 49 3 51 82 155 46 117 117 176 172 89
split_gain=0.00732354 0.0136439 0.00815809 0.00814875 0.00720689 0.00741904 0.00685105 0.00760665 0.00617907 0.00564919 0.00555926 0.00567956 0.00457859 0.00414977 0.0038569 0.00371634 0.00280371 0.00500334 0.00368654 0.0026157 0.00236509
threshold=0.48437277972698217 4562723840.000001 0.019738839939236644 0.0031661356333643202 0.35000000894069677 0.087423540651798262 114834488.00000001 162.15924835205081 1.029486417770386 223.46421051025393 -0.35000000894069666 0.014192401431500913 -0.25000000745058054 -0.041092060506343835 0.36503894627094274 0.55000001192092907 0.40813513100147253 0.070912498980760588 20.719919204711918 61464096.000000007 -0.19741735607385633
decision_type=2 2 2 2 2 2 2 2 2 2 2 2 2 2 2 2 2 2 2 2 2
left_child=6 2 3 4 10 -6 8 -8 12 -5 15 14 -1 -14 -12 -2 17 -15 -19 -18 -17
right_child=1 -3 -4 9 5 -7 7 -9 -10 -11 11 -13 13 16 -16 20 19 18 -20 -21 -22
leaf_value=0.00027708858738021395 -0.00048352367100283036 0.00086206854119981555 -0.00055753943615155337 0.00018732595358414983 -0.00068988719805090047 7.9323259184172421e-06 -0.00014652097276914654 -0.00090928089216154499 0.00041935432225447867 0.00084074742648363962 -0.0001461341387460308 0.00061844826098559399 -0.00051430938579816968 0.00016797758522670849 0.00026986221761377091 0.00028061035754588232 -7.5852299834746812e-05 -0.00060349705988312953 -0.00011883537246831111 0.00036645450039513353 -0.00019635564943046294
leaf_weight=70 51 55 52 88 65 92 88 52 65 53 89 73 69 64 149 51 97 77 80 51 53
leaf_count=70 51 55 52 88 65 92 88 52 65 53 89 73 69 64 149 51 97 77 80 51 53
internal_value=2.55325e-06 9.98254e-05 4.84487e-05 8.9694e-05 1.20095e-05 -0.000280974 -0.000116274 -0.000429832 -3.96634e-05 0.000432938 0.000110719 0.000232637 -9.8396e-05 -0.000158405 0.000114301 -0.000133906 -9.18537e-05 -0.00020464 -0.000356536 7.65642e-05 3.75411e-05
internal_weight=1584 871 816 764 623 157 713 140 573 141 466 311 508 438 238 155 369 221 157 148 104
internal_count=1584 871 816 764 623 157 713 140 573 141 466 311 508 438 238 155 369 221 157 148 104
is_linear=0
shrinkage=0.05


Tree=87
num_leaves=23
num_cat=0
split_feature=71 170 103 37 75 172 151 171 164 84 98 1 101 136 121 86 115 89 89 79 113 170
split_gain=0.00660949 0.0123136 0.00749345 0.00669561 0.0064476 0.00710884 0.00688261 0.00618307 0.00735541 0.00581169 0.00606263 0.00513606 0.00415672 0.00503319 0.00597511 0.00577367 0.00437588 0.0037884 0.00332906 0.00298407 0.00276861 0.00255811
threshold=0.48437277972698217 4562723840.000001 0.97741046547889721 0.70833331346511852 0.4850600957870484 19552349.000000004 0.57533428072929393 114834488.00000001 162.69497680664065 -0.16076879203319547 1.0475454926490786 0.041120361536741264 0.84174048900604259 0.89622807502746593 0.18231248110532763 0.37075737118721014 -0.0021819141693413253 0.35711593925952917 -0.32754270732402796 0.0062583317048847684 -0.00091215880820527662 447515584.00000006
decision_type=2 2 2 2 2 2 2 2 2 2 2 2 2 2 2 2 2 2 2 2 2 2
left_child=7 2 -2 4 6 -6 -4 9 -9 10 -1 19 21 17 16 -16 -15 -14 -7 -8 -20 -11
right_child=1 -3 3 -5 5 18 11 8 -10 12 -12 -13 13 14 15 -17 -18 -19 20 -21 -22 -23
leaf_value=-8.1582866111585777e-05 -0.00039257518176040234 0.00081896511897370638 0.00040817139521935202 0.00048287562287664427 0.00061779771630981843 0.00041625509710894012 -0.00031592051520440211 -0.00012974739727889589 -0.00087980495276357169 -8.0661432351917037e-05 0.00067468840878166889 -0.00061122419192543025 -0.00021963171006063933 -0.0006506686509679889 -0.00018127370784378741 0.0005423234346138391 -6.483032870806603e-05 -0.00078947382880141959 -0.00016013559851042096 6.8961592892421701e-05 0.00027455797980484715 0.00042511667002690962
leaf_weight=53 87 55 52 98 77 52 89 88 52 50 53 64 70 51 51 60 85 50 130 116 51 50
leaf_count=53 87 55 52 98 77 52 89 88 52 50 53 64 70 51 51 60 85 50 130 116 51 50
internal_value=2.42559e-06 9.48342e-05 4.60263e-05 9.83697e-05 3.86525e-05 0.000201292 -0.000118414 -0.000110461 -0.00040834 -3.76803e-05 0.000296553 -0.000220207 -0.000113545 -0.000191412 -6.23491e-05 0.00020986 -0.00028452 -0.000457066 6.36485e-05 -9.81336e-05 -3.76529e-05 0.000172228
internal_weight=1584 871 816 729 631 310 321 713 140 573 106 269 467 367 247 111 136 120 233 205 181 100
internal_count=1584 871 816 729 631 310 321 713 140 573 106 269 467 367 247 111 136 120 233 205 181 100
is_linear=0
shrinkage=0.05


Tree=88
num_leaves=25
num_cat=0
split_feature=71 170 34 119 35 72 120 72 85 91 110 29 37 164 62 57 119 146 98 173 85 85 70 83
split_gain=0.00596507 0.011113 0.00728177 0.0101203 0.00971318 0.00948099 0.00901931 0.00726228 0.00648173 0.00956612 0.00954809 0.00734105 0.0107366 0.00560037 0.00476641 0.00444575 0.00420149 0.00363554 0.00353402 0.00340527 0.00339921 0.00311514 0.00362057 0.00245488
threshold=0.48437277972698217 4562723840.000001 0.35000000894069677 0.092113219201564803 -0.27500000596046442 0.50722897052764904 0.068938802927732482 0.5213361680507661 -0.10593310371041297 0.18242428451776507 0.061421193182468421 0.75000000000000011 0.4083333313465119 87.828159332275405 0.43392708897590643 0.55087414383888256 0.16885433346033099 0.96216034889221203 1.0874518156051638 1.0440658330917361 0.52501180768013012 0.38381467759609228 0.48948982357978826 -0.094610691070556627
decision_type=2 2 2 2 2 2 2 2 2 2 2 2 2 2 2 2 2 2 2 2 2 2 2 2
left_child=8 2 3 4 18 -6 -4 13 -1 10 21 14 16 -5 -11 19 -13 -16 23 -15 -8 22 -10 -2
right_child=1 -3 6 7 5 -7 20 -9 9 11 -12 12 -14 15 17 -17 -18 -19 -20 -21 -22 -23 -24 -25
leaf_value=-0.00055475198070982718 -0.0002696360386927786 0.00077801686018409049 -0.00065654434722484838 -0.00026665923886407314 0.00027173513520035173 0.0012007398503109867 0.00033398065681632778 -0.00056152714917923985 -0.00034927514543856632 0.00037658189779344518 0.00079055880915751369 -0.00037231522085463402 -0.00091799793436781764 -0.00014667700335139228 -0.00047515467167078684 0.00061149854550603784 0.00016322523704729975 8.1563732038520748e-05 0.00045019504779282636 0.00034665813194000982 -0.00018966033989989894 0.00034145743422083218 0.00019011206064273472 0.0002040278894128278
leaf_weight=72 59 55 74 93 57 53 55 58 70 65 53 94 68 82 51 50 60 69 52 61 71 55 56 51
leaf_count=72 59 55 74 93 57 53 55 58 70 65 53 94 68 82 51 50 60 69 52 61 71 55 56 51
internal_value=2.30431e-06 9.00925e-05 4.3725e-05 0.000128833 0.000356747 0.000719346 -0.000218406 -5.13789e-05 -0.000104938 -5.44124e-05 0.000200328 -0.000200873 -0.000394721 5.20778e-05 3.1745e-05 0.000205666 -0.000163663 -0.000155042 0.000110537 6.37667e-05 3.89131e-05 2.74982e-05 -0.000109547 -5.00282e-05
internal_weight=1584 871 816 616 272 110 200 344 713 641 234 407 222 286 185 193 154 120 162 143 126 181 126 110
internal_count=1584 871 816 616 272 110 200 344 713 641 234 407 222 286 185 193 154 120 162 143 126 181 126 110
is_linear=0
shrinkage=0.05


Tree=89
num_leaves=16
num_cat=0
split_feature=4 156 70 120 171 36 167 3 136 102 146 88 160 155 99
split_gain=0.00561813 0.00754623 0.00632251 0.00539515 0.00546246 0.00805651 0.00739586 0.00620009 0.00551165 0.00760881 0.00618481 0.00510252 0.00472773 0.00429147 0.00331709
threshold=0.70942980051040661 0.22079712152481082 0.43058373034000402 0.56305715441703807 106269380.00000001 -0.84999999403953541 -1.3061478137969968 0.0047069899737834939 0.82055443525314342 1.0203217864036562 0.95812782645225536 0.79703426361083995 0.92648419737815868 0.74675059318542492 1.025199890136719
decision_type=2 2 2 2 2 2 2 2 2 2 2 2 2 2 2
left_child=1 -1 13 4 5 7 -6 -4 9 -8 -10 12 -7 -3 -2
right_child=14 2 3 -5 6 11 8 -9 10 -11 -12 -13 -14 -15 -16
leaf_value=0.0004785646682460632 -7.4918311264470921e-05 0.00062791221028578184 4.0472069760617877e-05 0.00045397068258386789 -0.00069059563277245413 -0.00050473381523319881 -0.00077208417082899898 0.00082400917418999598 0.00052862595116843862 6.0846725402650633e-05 -0.00014365863245620859 0.00034603435449146976 -4.7644669660711276e-05 4.6593300396580162e-05 -0.00064803030822076831
leaf_weight=87 51 63 51 54 69 62 58 50 52 52 100 75 646 64 50
leaf_count=87 51 63 51 54 69 62 58 50 52 52 100 75 646 64 50
internal_value=2.1891e-06 2.67632e-05 -1.39345e-06 -3.50557e-05 -5.67902e-05 8.08276e-06 -0.000230046 0.000428362 -0.000108756 -0.000378335 8.63335e-05 -4.61295e-05 -8.76723e-05 0.000334964 -0.000358637
internal_weight=1584 1483 1396 1269 1215 884 331 101 262 110 152 783 708 127 101
internal_count=1584 1483 1396 1269 1215 884 331 101 262 110 152 783 708 127 101
is_linear=0
shrinkage=0.05


Tree=90
num_leaves=18
num_cat=0
split_feature=159 146 36 170 32 148 124 121 159 117 119 39 162 92 52 87 11
split_gain=0.00910638 0.00724395 0.00640557 0.010412 0.0077464 0.00736227 0.00903953 0.00894928 0.00554768 0.00468634 0.00468152 0.00592218 0.00434644 0.00611519 0.00356742 0.00354965 0.00324681
threshold=0.77826499938964855 0.74764597415924083 0.31666667759418493 3477764224.0000005 0.025000001303851608 0.56167298555374157 -0.050293542444705956 0.15525034070014956 0.93418192863464367 0.39670705795288091 0.21204591542482379 0.45000000298023229 102.93447113037111 0.35701712965965277 -0.058333335444331162 0.33801817893981939 0.9873797893524171
decision_type=2 2 2 2 2 2 2 2 2 2 2 2 2 2 2 2 2
left_child=-1 -2 5 4 -4 -3 7 -7 15 10 11 -6 14 -14 -10 -8 -11
right_child=1 2 3 -5 9 6 8 -9 12 16 -12 -13 13 -15 -16 -17 -18
leaf_value=0.00065622709373980932 -0.00053617571493151 0.00047970450271555643 0.00060276895192286112 0.00084926291322107335 4.7513522778003332e-05 -0.0010035117428633385 -6.5907666124985552e-05 -8.319347568561041e-05 9.3336201601311073e-05 0.00054841721573194386 0.00015272793466086418 -0.00058107703036689709 0.00024229916344111987 -0.00012671383914812653 -0.00033131703322275048 -0.00065320541714171214 6.3503214076979822e-05
leaf_weight=56 59 62 65 51 69 50 50 56 81 53 96 82 307 177 127 53 99
leaf_count=56 59 62 65 51 69 50 50 56 81 53 96 82 307 177 127 53 99
internal_value=2.99335e-05 7.11477e-06 2.88023e-05 0.00017114 9.66054e-05 -4.73183e-05 -8.35841e-05 -0.000517306 -2.57545e-05 1.41477e-05 -0.000120275 -0.00029384 2.5203e-05 0.00010735 -0.000165947 -0.000368109 0.000232585
internal_weight=1593 1537 1478 515 464 963 901 106 795 399 247 151 692 484 208 103 152
internal_count=1593 1537 1478 515 464 963 901 106 795 399 247 151 692 484 208 103 152
is_linear=0
shrinkage=0.05


Tree=91
num_leaves=10
num_cat=0
split_feature=159 133 139 110 7 10 36 25 31
split_gain=0.00821851 0.00660824 0.00569802 0.00856525 0.0063221 0.0081827 0.00567411 0.0139192 0.00659375
threshold=0.77826499938964855 0.88881945610046398 1.1653901338577273 0.08752192929387094 -0.042482513934373849 1.0399882793426516 0.21666666865348819 0.27500000596046453 0.28333334624767309
decision_type=2 2 2 2 2 2 2 2 2
left_child=-1 -2 3 4 -3 6 8 -8 -6
right_child=1 2 -4 -5 5 -7 7 -9 -10
leaf_value=0.00062341573650753291 -0.00046785671858482863 -0.00051606272776124945 -0.00033889732303392448 0.00065579372227116356 -0.00053788056402206139 0.00067860305424255788 0.00094103624980526363 6.6746399906545745e-05 -1.4080391909156965e-05
leaf_weight=56 70 51 98 57 66 50 51 424 670
leaf_count=56 70 51 98 57 66 50 51 424 670
internal_value=2.84369e-05 6.75903e-06 2.9406e-05 5.5771e-05 2.9703e-05 5.1776e-05 2.58954e-05 0.000160618 -6.10516e-05
internal_weight=1593 1537 1467 1369 1312 1261 1211 475 736
internal_count=1593 1537 1467 1369 1312 1261 1211 475 736
is_linear=0
shrinkage=0.05


Tree=92
num_leaves=12
num_cat=0
split_feature=159 146 35 24 153 120 159 119 3 138 11
split_gain=0.0074172 0.00632905 0.00569199 0.00761863 0.00760654 0.00712755 0.00448362 0.00519629 0.00917524 0.00652268 0.00261562
threshold=0.77826499938964855 0.74764597415924083 0.72499999403953563 0.84999999403953563 0.13166084140539172 0.17804345488548282 0.90804907679557811 0.086102198809385314 0.012808640021830799 1.0040636062622073 0.99516195058822643
decision_type=2 2 2 2 2 2 2 2 2 2 2
left_child=-1 -2 3 4 -3 -4 10 8 -8 -9 -6
right_child=1 2 5 -5 6 -7 7 9 -10 -11 -12
leaf_value=0.00059224495731281682 -0.00050140319478903287 0.00058540939293191612 -3.1189749104669316e-05 -0.00054601550231918891 -0.00056064804379755788 0.00081305839854758227 3.7939272372424267e-05 0.00047435469130264986 0.00057128075369781495 -0.00010287366226761584 -5.9055313941630013e-05
leaf_weight=56 59 58 50 61 53 50 359 53 104 639 51
leaf_count=56 59 58 50 61 53 50 359 53 104 639 51
internal_value=2.7015e-05 6.42108e-06 2.66928e-05 2.60201e-07 2.55623e-05 0.000390934 -2.28945e-07 2.80848e-05 0.00015774 -5.8664e-05 -0.000314675
internal_weight=1593 1537 1478 1378 1317 100 1259 1155 463 692 104
internal_count=1593 1537 1478 1378 1317 100 1259 1155 463 692 104
is_linear=0
shrinkage=0.05


Tree=93
num_leaves=16
num_cat=0
split_feature=116 3 74 116 72 105 105 3 27 136 27 91 37 46 87
split_gain=0.00559653 0.00607341 0.014157 0.00838999 0.00770264 0.00738503 0.00908973 0.00539407 0.00620218 0.0123339 0.00602128 0.004685 0.00834426 0.00689781 0.00221172
threshold=-0.0039272494614124289 0.012898697983473541 0.51122546195983898 0.0036583190085366373 0.52674880623817455 0.95211327075958263 1.0276520252227785 0.011325523257255556 0.14166667312383655 0.92370969057083141 0.22500000149011615 0.17366539686918261 0.69166666269302379 0.55000001192092907 0.29148842394351965
decision_type=2 2 2 2 2 2 2 2 2 2 2 2 2 2 2
left_child=-1 4 5 -4 7 -3 -7 8 9 -2 -10 13 -13 -12 -11
right_child=1 2 3 -5 -6 6 -8 -9 10 14 11 12 -14 -15 -16
leaf_value=-0.0004746511441832506 0.00097590094631596009 1.1433370661595086e-05 -0.00047802019609323823 0.00027144463375875741 -0.00059054484061727471 0.0010400338749138591 0.0002838033600351026 -0.00037464249815057863 -0.00050102289911453646 0.00027963373378692532 7.5234555439355092e-06 -0.00015940444479272675 0.00041746671132214774 0.00052938833565955678 -0.00010091219488198736
leaf_weight=54 50 62 86 66 55 78 81 82 59 70 186 410 74 96 84
leaf_count=54 50 62 86 66 55 78 81 82 59 70 186 410 74 96 84
internal_value=2.56643e-05 4.32192e-05 0.000218834 -0.000152595 -1.29596e-05 0.000474297 0.000654784 1.56338e-05 4.67345e-05 0.000293592 -1.43067e-05 2.31819e-05 -7.12051e-05 0.00018518 7.20632e-05
internal_weight=1593 1539 373 152 1166 221 159 1111 1029 204 825 766 484 282 154
internal_count=1593 1539 373 152 1166 221 159 1111 1029 204 825 766 484 282 154
is_linear=0
shrinkage=0.05


Tree=94
num_leaves=16
num_cat=0
split_feature=159 146 36 170 32 148 124 121 176 159 70 117 119 39 86
split_gain=0.006705 0.00568308 0.00497878 0.00916557 0.00656584 0.00608457 0.00771821 0.00809969 0.00564523 0.00505401 0.00581702 0.00425119 0.00423286 0.00540315 0.00367162
threshold=0.77826499938964855 0.74764597415924083 0.31666667759418493 3477764224.0000005 0.025000001303851608 0.56167298555374157 -0.050293542444705956 0.15525034070014956 -11.461239814758299 0.93418192863464367 0.54001936316490184 0.39670705795288091 0.21204591542482379 0.45000000298023229 0.61348149180412304
decision_type=2 2 2 2 2 2 2 2 2 2 2 2 2 2 2
left_child=-1 -2 5 4 -4 -3 7 -7 -8 -10 -11 12 13 -6 -13
right_child=1 2 3 -5 11 6 8 -9 9 10 -12 14 -14 -15 -16
leaf_value=0.00056178935558688994 -0.00047641076923000741 0.00043601420684060414 0.00054556740284449632 0.00078573735869106134 3.6636104746519231e-05 -0.00093939131346996876 -0.00051135410050681619 -6.3847244746284559e-05 -0.00032273610688076287 0.00011867801140958647 -0.0003525748061931793 3.1898261548838385e-05 0.00013521445762307849 -0.00056377774669338736 0.00054756005727471828
leaf_weight=56 59 62 65 51 69 50 55 56 97 569 74 99 96 82 53
leaf_count=56 59 62 65 51 69 50 55 56 97 569 74 99 96 82 53
internal_value=2.43811e-05 4.80079e-06 2.40102e-05 0.000149499 7.95672e-05 -4.30994e-05 -7.60684e-05 -0.00047684 -2.26322e-05 1.36917e-05 6.44436e-05 3.65242e-06 -0.000124378 -0.000289416 0.000211701
internal_weight=1593 1537 1478 515 464 963 901 106 795 740 643 399 247 151 152
internal_count=1593 1537 1478 515 464 963 901 106 795 740 643 399 247 151 152
is_linear=0
shrinkage=0.05


Tree=95
num_leaves=20
num_cat=0
split_feature=12 116 55 132 182 10 181 181 99 170 30 121 121 27 170 89 5 2 109
split_gain=0.00520149 0.0105789 0.0156488 0.0130199 0.00948962 0.0112403 0.00767835 0.00904961 0.00827482 0.00653203 0.00753985 0.00624053 0.00518278 0.00765704 0.0053357 0.00455375 0.00451362 0.00441339 0.00421556
threshold=0.18148372322320941 -0.00032109524181578303 0.45156185328960424 0.95115220546722423 0.035990076139569289 1.0300894975662234 0.037183897569775588 0.029650954529643062 0.93042451143264782 1045489568.0000001 0.22500000149011615 0.43093921244144445 0.080147717148065581 0.14166667312383655 1176823616.0000002 0.41326981782913214 0.0065676951780915269 -0.70213669538497914 0.024555160664021972
decision_type=2 2 2 2 2 2 2 2 2 2 2 2 2 2 2 2 2 2 2
left_child=4 2 -2 -3 6 -6 7 8 -1 11 -11 16 13 -10 -15 17 -5 -14 -17
right_child=1 3 -4 9 5 -7 -8 -9 12 10 -12 -13 15 14 -16 18 -18 -19 -20
leaf_value=0.00062222172355527272 -0.00015942363034102732 -0.00089846051836275367 0.00089936876185611097 5.9756781854780342e-06 1.6138207975704716e-05 0.00105083541219266 -0.00051034489865302139 0.00054946811785690631 0.00017417652872534571 -0.00087069478117080185 -9.9980546023982161e-05 -0.00034809603403958208 -0.00023923953277055085 -0.00021726633818024163 -0.0008588514244855525 2.6532518493748515e-05 0.00058231130167079193 0.00022602217570861726 -0.00050069387566812425
leaf_weight=52 90 64 57 82 53 52 62 87 73 51 84 65 61 86 52 103 58 310 60
leaf_count=52 90 64 57 82 53 52 62 87 73 51 84 65 61 86 52 103 58 310 60
internal_value=1.23591e-05 -0.000112072 0.000251129 -0.000244226 7.75936e-05 0.00052856 2.75392e-05 6.52641e-05 1.24087e-05 -0.000121076 -0.000391139 5.67698e-05 -3.01555e-05 -0.000239954 -0.000459023 5.27425e-05 0.000244743 0.000149524 -0.000167539
internal_weight=1602 551 147 404 1051 105 946 884 797 340 135 205 745 211 138 534 140 371 163
internal_count=1602 551 147 404 1051 105 946 884 797 340 135 205 745 211 138 534 140 371 163
is_linear=0
shrinkage=0.05


Tree=96
num_leaves=18
num_cat=0
split_feature=184 5 77 69 2 149 132 171 143 154 158 113 34 69 90 9 158
split_gain=0.00513791 0.00580605 0.00575375 0.0050955 0.00629718 0.00740433 0.00679731 0.00575074 0.00568157 0.0058793 0.00521646 0.00556091 0.00663069 0.00569161 0.00495109 0.0042747 0.00424232
threshold=0.050484489649534232 0.023169404827058319 0.47007361054420477 0.51892814040184032 -0.12599206715822217 2.0058583021163945 0.96513447165489208 100555188.00000001 1.040535628795624 0.31974470615386968 1.6683704257011416 -0.0010630346951074896 0.35000000894069677 0.57903605699539196 0.030634864233434204 0.99511271715164196 0.93343898653984081
decision_type=2 2 2 2 2 2 2 2 2 2 2 2 2 2 2 2 2
left_child=1 2 -1 4 5 8 -6 15 9 -4 11 13 -13 14 -5 -8 -14
right_child=-2 -3 3 10 6 -7 7 -9 -10 -11 -12 12 16 -15 -16 -17 -18
leaf_value=-0.00049102669676473845 0.00048222279908389154 0.00051407186641042176 -0.00038951034961727022 0.00045784195414132135 -0.00060873464361404421 0.00061841553143298657 0.00021042586687566121 -0.00051868751232151235 -0.00051966919060214426 0.00011848236214219517 0.00061157766986962448 0.00069139110364631058 -0.00028374975704269565 -0.00041901537696344626 -0.00013993378121339512 -0.00018843751463095576 0.00032753773543845458
leaf_weight=63 56 52 67 58 86 51 123 69 50 380 51 64 51 83 86 148 64
leaf_count=63 56 52 67 58 86 51 123 69 50 380 51 64 51 83 86 148 64
internal_value=1.17411e-05 -5.30089e-06 -2.33781e-05 -2.78982e-06 -6.7418e-05 4.46749e-05 -0.000211613 -0.000111164 -1.41999e-05 4.23403e-05 0.000134952 7.508e-05 0.000283465 -8.92412e-05 0.000100837 -7.40358e-06 5.6445e-05
internal_weight=1602 1546 1494 1431 974 548 426 340 497 447 457 406 179 227 144 271 115
internal_count=1602 1546 1494 1431 974 548 426 340 497 447 457 406 179 227 144 271 115
is_linear=0
shrinkage=0.05


Tree=97
num_leaves=16
num_cat=2
split_feature=119 186 77 61 102 88 36 30 119 123 186 27 89 130 89
split_gain=0.00476959 0.00507781 0.0112594 0.00630787 0.00735182 0.00597859 0.00676961 0.00633621 0.00549981 0.0099071 0.00528328 0.00610196 0.00483696 0.00419219 0.00192603
threshold=0.5933227837085725 0 0.49743193387985235 0.34960548579692846 0.99115681648254406 0.7208467721939088 0.25000000745058065 0.27500000596046453 0.400436282157898 0.015466149896383287 1 0.82499998807907116 0.45908904075622564 1.0724233388900759 0.49120350182056433
decision_type=2 1 2 2 2 2 2 2 2 2 1 2 2 2 2
left_child=1 2 -1 -3 12 7 -7 10 9 -9 14 -12 13 -5 -6
right_child=-2 3 -4 4 5 6 -8 8 -10 -11 11 -13 -14 -15 -16
leaf_value=0.00014693136257746018 0.00038500764313977455 0.00050275155223341867 -0.00073132655273405592 0.00022513065436856672 0.0002302050428503814 3.2976541109239973e-05 0.00080944599433748334 0.00010285700648373787 0.000518130559623173 -0.00063051757687935606 -0.00065346104985782526 -5.4366726222333111e-05 -0.00067502695960213496 -0.00037087345353419162 -0.00013313899694943578
leaf_weight=72 81 65 74 51 75 61 52 583 68 50 92 79 58 70 71
leaf_count=72 81 65 74 51 75 61 52 583 68 50 92 79 58 70 71
internal_value=1.11541e-05 -8.75528e-06 -0.000279097 2.18212e-05 -1.87521e-06 4.52471e-05 0.00039029 6.94671e-06 9.08311e-05 4.49285e-05 -0.000178552 -0.000355875 -0.000299615 -0.000119665 5.00802e-05
internal_weight=1602 1521 146 1375 1310 1131 113 1018 701 633 317 171 179 121 146
internal_count=1602 1521 146 1375 1310 1131 113 1018 701 633 317 171 179 121 146
cat_boundaries=0 1 2
cat_threshold=640 1065
is_linear=0
shrinkage=0.05


Tree=98
num_leaves=19
num_cat=0
split_feature=101 136 182 36 167 93 91 109 161 141 120 101 53 92 22 160 110 141
split_gain=0.0048419 0.00611606 0.00941536 0.00531097 0.0108472 0.010693 0.00686051 0.00731169 0.00708321 0.00537782 0.00766847 0.00530376 0.00761169 0.00502343 0.00583757 0.005305 0.00430457 0.004041
threshold=0.75100278854370128 0.74484032392501842 0.040203209966421134 -0.18333333730697629 -0.015748465899378058 7.7876229286193857 0.33819244801998144 0.024734025821089748 1.4263673424720766 1.1548252105712893 0.056450692936778075 0.85938262939453136 0.3057458102703095 0.39913797378540045 0.51993119716644298 1.1239258646965029 0.053544199094176299 1.0931524634361269
decision_type=2 2 2 2 2 2 2 2 2 2 2 2 2 2 2 2 2 2
left_child=-1 -2 3 6 5 -5 9 -8 -9 16 -11 12 -6 15 -15 -13 17 -3
right_child=1 2 -4 4 11 -7 7 8 -10 10 -12 13 -14 14 -16 -17 -18 -19
leaf_value=0.0003568078822603351 -0.00039526546022842146 8.5866351439724741e-05 0.00068215698479702144 0.001027437455106114 -0.00011762382052568552 3.0864808676971518e-05 -1.9758767793422468e-05 -0.0010382083705805529 -0.00025257033274526112 0.00071695170837691492 -2.669806783739989e-05 -0.00030322186066769066 0.00069962645732842032 5.1373849718776702e-05 -0.00065193241735219743 0.00020412162381489908 -0.00053030138081521731 -0.0002613856696434384
leaf_weight=95 97 239 51 57 56 51 99 52 64 56 91 76 58 51 70 160 50 129
leaf_count=95 97 239 51 57 56 51 99 52 64 56 91 76 58 51 70 160 50 129
internal_value=1.05964e-05 -1.12285e-05 1.51911e-05 -9.83856e-06 0.000104886 0.000556834 -9.49993e-05 -0.000335384 -0.000604753 -3.52565e-06 0.000256597 1.25434e-06 0.00029817 -9.35591e-05 -0.000355498 4.07398e-05 -9.50042e-05 -3.58606e-05
internal_weight=1602 1507 1410 1359 579 108 780 215 116 565 147 471 114 357 121 236 418 368
internal_count=1602 1507 1410 1359 579 108 780 215 116 565 147 471 114 357 121 236 418 368
is_linear=0
shrinkage=0.05


Tree=99
num_leaves=20
num_cat=0
split_feature=75 79 101 158 169 3 47 26 56 107 143 90 142 179 143 162 157 91 72
split_gain=0.00449639 0.00496065 0.00778918 0.00665838 0.00784471 0.00624665 0.00666505 0.00568626 0.00709905 0.00657601 0.00600779 0.00577989 0.00512359 0.00458587 0.0044385 0.00435435 0.0038344 0.00397875 0.00356725
threshold=0.57103675603866588 0.0073901645373553046 1.1204556226730349 1.6527451276779177 0.4876095205545426 0.012898697983473541 0.52500000596046459 0.35000000894069677 0.44381910562515264 0.032603364437818534 0.98982524871826183 -0.12838222086429593 0.99273547530174266 6.314843177795411 0.9984356462955476 156.69073486328128 0.67536514997482311 0.57252931594848644 0.49261105060577398
decision_type=2 2 2 2 2 2 2 2 2 2 2 2 2 2 2 2 2 2 2
left_child=1 7 3 4 5 6 15 8 11 10 -9 -1 -7 -2 -12 -3 -16 -18 -13
right_child=13 2 -4 -5 -6 12 -8 9 -10 -11 14 18 -14 -15 16 -17 17 -19 -20
leaf_value=0.00024602429722919526 1.6437515204044346e-05 -0.00036862432568271356 -0.00033052867050726718 0.00058332029522996614 -0.00039628125749055065 0.00015041575495464108 0.00039147524856867233 -0.00042579709683718167 -0.0006230737525955341 0.00044706921916271388 0.00038383941946844779 -2.9590963385999206e-06 0.00080660516262361266 0.00060755522791906954 -0.00040707782825934592 8.7586463656422227e-05 0.00016280638372533358 -0.00034551705249731302 -0.0005647100807038459
leaf_weight=74 71 91 97 78 72 60 98 94 98 71 69 50 59 61 63 123 157 51 65
leaf_count=74 71 91 97 78 72 60 98 94 98 71 69 50 59 61 63 123 157 51 65
internal_value=1.00666e-05 -1.50349e-05 8.42375e-05 0.000153484 8.68296e-05 0.000167535 4.99772e-05 -0.000100018 -0.000277734 9.80667e-07 -7.1997e-05 -9.86683e-05 0.000475753 0.000289606 2.58184e-05 -0.00010641 -6.53383e-05 3.81694e-05 -0.000320471
internal_weight=1602 1470 678 581 503 431 312 792 287 505 434 189 119 132 340 214 271 208 115
internal_count=1602 1470 678 581 503 431 312 792 287 505 434 189 119 132 340 214 271 208 115
is_linear=0
shrinkage=0.05


Tree=100
num_leaves=12
num_cat=0
split_feature=8 183 111 137 40 36 127 112 179 107 75
split_gain=0.0040763 0.00718924 0.00703706 0.0055105 0.00550445 0.00566516 0.00638216 0.00766878 0.00813971 0.00548337 0.00423776
threshold=0.62121212482452404 0.023770224303007129 0.079677887260913863 0.9994902014732362 0.62500000000000011 0.78333333134651195 1.1535812616348269 -0.013738453853875397 10.546190261840822 0.016772758215665821 0.5066022276878358
decision_type=2 2 2 2 2 2 2 2 2 2 2
left_child=1 3 10 -1 5 6 7 8 -5 -9 -2
right_child=2 -3 -4 4 -6 -7 -8 9 -10 -11 -12
leaf_value=-0.00039650028823105663 0.00020666461771916037 0.0006134321943938952 -0.0007050547539585991 -4.2528313487864936e-05 0.00044938787847058852 -0.00042862809098421296 0.0005871681947901379 -6.185137220628159e-06 -0.00068353942874450262 0.00027073986972633672 -0.00034774345612580268
leaf_weight=79 81 51 53 154 75 70 50 582 73 258 60
leaf_count=79 81 51 53 154 75 70 50 582 73 258 60
internal_value=8.39077e-07 3.0764e-05 -0.00021388 8.60433e-06 3.39635e-05 7.71511e-06 3.50598e-05 9.18781e-06 -0.000248668 7.88704e-05 -2.92537e-05
internal_weight=1586 1392 194 1341 1262 1187 1117 1067 227 840 141
internal_count=1586 1392 194 1341 1262 1187 1117 1067 227 840 141
is_linear=0
shrinkage=0.05


Tree=101
num_leaves=11
num_cat=0
split_feature=160 127 156 171 133 139 141 170 110 86
split_gain=0.00392014 0.00445455 0.00470918 0.00878975 0.00770463 0.00578947 0.00489914 0.00628443 0.0100059 0.00346128
threshold=0.8502715826034547 1.1641744971275332 0.23110361397266391 40605832.000000007 0.88881945610046398 0.99126872420310985 0.95897555351257335 3358051072.0000005 0.05268117971718312 0.64846614003181469
decision_type=2 2 2 2 2 2 2 2 2 2
left_child=-1 2 3 -2 -4 -6 -7 9 -9 -8
right_child=1 -3 4 -5 5 6 7 8 -10 -11
leaf_value=-0.00040267832431207606 -0.00013610522796892946 0.00047553819110594223 -0.00059320216543008492 0.00079219456626257543 0.00044639513838299775 0.00044632487125403165 -4.5858465676384654e-05 -7.0979402637415148e-05 -0.00092283281952586563 0.00018150574302656727
leaf_weight=58 51 51 57 51 69 53 825 111 50 210
leaf_count=58 51 51 57 51 69 53 825 111 50 210
internal_value=7.97123e-07 1.61123e-05 2.48567e-07 0.000328045 -2.40679e-05 5.45599e-07 -2.4085e-05 -4.49309e-05 -0.00033553 2.73403e-07
internal_weight=1586 1528 1477 102 1375 1318 1249 1196 161 1035
internal_count=1586 1528 1477 102 1375 1318 1249 1196 161 1035
is_linear=0
shrinkage=0.05


Tree=102
num_leaves=13
num_cat=0
split_feature=2 183 40 100 149 155 6 6 147 133 157 172
split_gain=0.00382454 0.0103602 0.00520717 0.0108903 0.00454937 0.00559307 0.00540135 0.00610757 0.00426661 0.00522147 0.00466513 0.00293366
threshold=0.37431319057941442 0.008926357142627241 0.62500000000000011 0.87021857500076305 2.0498207807540898 1.052487909793854 0.019139194861054424 0.049590164795517928 0.93550434708595287 0.94585508108139049 0.97178027033805858 57004520.000000007
decision_type=2 2 2 2 2 2 2 2 2 2 2 2
left_child=1 2 3 -1 5 6 -5 -8 9 -2 11 -10
right_child=8 -3 -4 4 -6 -7 7 -9 10 -11 -12 -13
leaf_value=-0.00070188699199270725 -0.0002371494379223159 0.00053876975038159955 0.00040168047948585203 -0.00036674292844990678 0.00045044842975171793 -0.00048884257871038047 0.00058741222147364177 1.7688695092913594e-05 -0.00022743590862470836 0.00042584032088869433 3.0983014089608757e-05 -0.00071050880574286132
leaf_weight=57 62 96 75 85 55 59 50 795 60 57 69 66
leaf_count=57 62 96 75 85 55 59 50 795 60 57 69 66
internal_value=7.57267e-07 3.93344e-05 -1.43588e-06 -2.88961e-05 7.84763e-06 -1.67662e-05 1.31828e-05 5.14001e-05 -0.000155517 8.04171e-05 -0.000299497 -0.000480474
internal_weight=1586 1272 1176 1101 1044 989 930 845 314 119 195 126
internal_count=1586 1272 1176 1101 1044 989 930 845 314 119 195 126
is_linear=0
shrinkage=0.05


Tree=103
num_leaves=19
num_cat=0
split_feature=125 160 26 10 131 11 91 107 148 11 71 157 108 157 50 124 69 90
split_gain=0.00368461 0.00373408 0.00559112 0.00620288 0.00607506 0.00620398 0.00502756 0.00732287 0.00499 0.00479737 0.00778822 0.00667739 0.00444935 0.00486766 0.00433127 0.00455805 0.00383745 0.0033545
threshold=0.039754139259457595 0.8502715826034547 0.28333334624767309 1.0080537199974062 1.2813373208045962 0.97261753678321849 0.017471992410719398 0.025001522153615955 1.1767246127128603 0.99423116445541393 0.52594208717346203 0.72552388906478893 0.016634089872241024 0.7785204052925111 -0.075000001117587076 -0.0088108079507946951 0.47449210286140447 0.15005598217248919
decision_type=2 2 2 2 2 2 2 2 2 2 2 2 2 2 2 2 2 2
left_child=1 -1 6 12 5 -5 14 8 17 10 -7 -11 -4 -14 15 -3 -10 -8
right_child=-2 2 3 4 -6 9 7 -9 16 11 -12 -13 13 -15 -16 -17 -18 -19
leaf_value=-0.00041107213037321348 0.00039543171516382715 0.00054709076939019963 0.00017340141814202071 0.00061422519178243957 0.00056652922696182994 2.8967099274171795e-05 -0.00067021218901401267 -0.00073409725716168579 -0.00016954005781478961 0.00055896966411073036 -0.0006369301562059533 3.693169818664892e-05 -0.00070055755744621048 -0.00010311057062930136 -0.00030507756679004096 -2.6707253987865442e-05 0.00033037764838289671 -0.00014761165181307538
leaf_weight=57 57 61 70 53 77 235 53 62 85 87 54 207 52 99 54 80 70 73
leaf_count=57 57 61 70 53 77 235 53 62 85 87 54 207 52 99 54 80 70 73
internal_value=7.19405e-07 -1.39952e-05 1.38076e-06 7.53384e-05 0.000147076 9.62928e-05 -0.000127014 -0.000242261 -0.000133742 4.9208e-05 -9.54566e-05 0.000191412 -0.000156103 -0.000308854 7.57014e-05 0.000221532 5.62292e-05 -0.000367436
internal_weight=1586 1529 1472 934 713 636 538 343 281 583 289 294 221 151 195 141 155 126
internal_count=1586 1529 1472 934 713 636 538 343 281 583 289 294 221 151 195 141 155 126
is_linear=0
shrinkage=0.05


Tree=104
num_leaves=16
num_cat=0
split_feature=51 40 35 175 20 119 124 112 101 70 170 76 6 132 119
split_gain=0.00369248 0.00739069 0.00509269 0.00514729 0.00616136 0.00586814 0.01251 0.00664414 0.00637578 0.0082133 0.00739304 0.00585355 0.00492316 0.00457329 0.00383683
threshold=0.18333333730697635 0.62500000000000011 0.72499999403953563 76.014823913574233 0.68428033590316784 0.050063218921422965 -0.051293876022100442 -0.013738453853875397 0.90101304650306713 0.47670580446720129 1344587584.0000002 0.52268517017364513 0.027188432402908806 0.9602089822292329 0.30402389168739324
decision_type=2 2 2 2 2 2 2 2 2 2 2 2 2 2 2
left_child=2 -2 3 4 5 6 -1 -8 9 14 -11 -9 -10 -14 -7
right_child=1 -3 -4 -5 -6 8 7 11 12 10 -12 -13 13 -15 -16
leaf_value=0.00082974497685643015 -0.00073059586450108325 6.0704306997649843e-05 0.00038707916906787431 -0.00040678234507484723 0.00051677717992182207 -0.00025073019723640755 -0.00043670227086598369 0.00034951445817969936 -0.00036347187348215621 -0.00026566098633488722 -0.0010045635592317783 -0.00012210984441794452 0.0004941584526282635 1.6205437865044049e-05 0.00036564766528945436
leaf_weight=59 50 72 90 74 60 50 60 152 76 97 52 116 56 471 51
leaf_count=59 50 72 90 74 60 50 60 152 76 97 52 116 56 471 51
internal_value=6.83433e-07 -0.000263599 2.2707e-05 -1.1602e-06 2.19291e-05 -2.01521e-06 0.000159468 3.89004e-05 -7.52792e-05 -0.00028758 -0.000523533 0.000145379 1.27393e-05 6.69936e-05 6.05101e-05
internal_weight=1586 122 1464 1374 1300 1240 387 328 853 250 149 268 603 527 101
internal_count=1586 122 1464 1374 1300 1240 387 328 853 250 149 268 603 527 101
is_linear=0
shrinkage=0.05


Tree=105
num_leaves=15
num_cat=0
split_feature=51 182 101 182 175 37 111 179 12 80 129 162 169 57
split_gain=0.00711901 0.00998642 0.00706218 0.0101348 0.0134462 0.00941614 0.0068179 0.0103027 0.00937419 0.0081882 0.00573121 0.00527307 0.00428207 0.00341006
threshold=0.18333333730697635 0.040203209966421134 0.74792584776878368 0.029733797535300258 39.213804244995124 0.72499999403953563 0.037761216983199127 8.3961758613586444 0.2629713267087937 0.11132008954882623 1.0689339041709902 167.01177978515628 0.040519224479794509 0.45019584894180303
decision_type=2 2 2 2 2 2 2 2 2 2 2 2 2 2
left_child=1 2 -1 5 11 6 7 8 -4 12 -2 -5 -8 -9
right_child=10 -3 3 4 -6 -7 9 13 -10 -11 -12 -13 -14 -15
leaf_value=0.00057985604716944957 -1.892452616583935e-05 0.00065217389413783889 0.00068525524145266316 0.00027709707699159481 -0.0009090434035422968 0.00063666781246115179 -0.00013283640570137839 0.00026582526648417118 -7.7465377825766636e-05 -0.00068182399312340667 -0.00071584317671387636 -0.00038415490007058625 0.00013534750807873654 -0.00021903271329695904
leaf_weight=52 59 63 127 64 69 63 409 50 59 53 59 57 234 132
leaf_count=52 59 63 127 64 69 63 409 50 59 53 59 57 234 132
internal_value=5.90458e-06 3.66644e-05 8.33925e-06 -1.42263e-05 -0.000352035 4.27245e-05 7.55682e-06 0.000181619 0.000443317 -8.44762e-05 -0.000367384 -3.44018e-05 -3.52391e-05 -8.583e-05
internal_weight=1550 1432 1369 1317 190 1127 1064 368 186 696 118 121 643 182
internal_count=1550 1432 1369 1317 190 1127 1064 368 186 696 118 121 643 182
is_linear=0
shrinkage=0.05


Tree=106
num_leaves=15
num_cat=0
split_feature=51 182 101 182 175 37 152 111 179 40 70 68 90 57
split_gain=0.00642491 0.00901274 0.00637362 0.00914668 0.0121357 0.00849806 0.00622826 0.00615315 0.00929814 0.00894411 0.00738985 0.00553064 0.00401088 0.00308348
threshold=0.18333333730697635 0.040203209966421134 0.74792584776878368 0.029733797535300258 36.936992645263679 0.72499999403953563 0.20810520648956302 0.037761216983199127 8.3961758613586444 0.47499999403953558 0.55566003918647777 0.40177153050899511 0.54975262284278881 0.45211087167263037
decision_type=2 2 2 2 2 2 2 2 2 2 2 2 2 2
left_child=1 2 -1 5 11 7 -2 8 9 -4 12 -5 -9 -10
right_child=6 -3 3 4 -6 -7 -8 10 13 -11 -12 -13 -14 -15
leaf_value=0.00055086325057625523 6.0229816881474108e-05 0.00061956520251456705 0.00021091976357584985 0.00031078034845714067 -0.00082384085921818808 0.00060483442225848279 -0.00067144970980183597 2.294200307787424e-05 0.00024386690219776379 0.00099298046930198342 -0.00064773279349846803 -0.00038843764044801135 -0.00030987948892689354 -0.00021170062209653051
leaf_weight=52 52 63 136 62 76 63 66 534 52 50 53 52 109 130
leaf_count=52 52 63 136 62 76 63 66 534 52 50 53 52 109 130
internal_value=5.60935e-06 3.48312e-05 7.92229e-06 -1.3515e-05 -0.000334433 4.05883e-05 -0.000349015 7.17898e-06 0.000172538 0.000421151 -8.02524e-05 -8.16119e-06 -3.34772e-05 -8.15385e-05
internal_weight=1550 1432 1369 1317 190 1127 118 1064 368 186 696 114 643 182
internal_count=1550 1432 1369 1317 190 1127 118 1064 368 186 696 114 643 182
is_linear=0
shrinkage=0.05


Tree=107
num_leaves=23
num_cat=0
split_feature=51 182 111 75 72 50 32 121 114 91 86 148 131 181 168 146 3 89 75 9 10 117
split_gain=0.00579848 0.008134 0.00586024 0.00918699 0.00736197 0.00708216 0.0173738 0.0056279 0.00520332 0.00419933 0.00606354 0.00518695 0.00489864 0.00444009 0.0060708 0.00366412 0.00339387 0.00349284 0.00319205 0.0031525 0.00234188 0.00234042
threshold=0.18333333730697635 0.040203209966421134 0.046428550034761436 0.46257108449935919 0.48290587961673742 0.075000001117587103 0.45833332836627966 0.07834836840629579 0.00033847228041850036 0.54073104262352001 0.30238932371139532 1.0727399587631228 1.1357094645500185 0.024841004982590679 2.563569307327271 0.88653340935707103 0.006189194507896901 0.25338557362556463 0.50932988524436962 1.0047386884689333 1.0108736753463747 0.29384097456932073
decision_type=2 2 2 2 2 2 2 2 2 2 2 2 2 2 2 2 2 2 2 2 2 2
left_child=1 2 4 8 -1 16 -7 -2 -4 10 11 -5 -11 15 -15 -12 18 -18 20 -13 -6 -14
right_child=7 -3 3 9 5 6 -8 -9 -10 12 13 19 21 14 -16 -17 17 -19 -20 -21 -22 -23
leaf_value=-0.00025385323504971375 -0.00068877904138245967 0.00058858692904727335 -0.00019336371953660348 0.00014919489080182695 2.3317757077459265e-07 0.0012654223261633888 6.2168962574408708e-05 2.227229104719896e-06 -0.00082841289369587853 -0.00062032317400048925 0.00044361196386150781 -0.00058291361646671948 -0.00028781847865320742 0.00084949468336372564 9.5962321938714023e-05 -3.8320831972878196e-05 0.00056588490497820349 2.60760601718332e-05 0.00021473756868018476 -7.3800468400639311e-05 -0.00045968460432050057 0.00017536490896115234
leaf_weight=98 57 63 78 87 62 50 75 61 55 53 51 68 50 52 55 174 62 58 76 55 50 60
leaf_count=98 57 63 78 87 62 50 75 61 55 53 51 68 50 52 55 174 62 58 76 55 50 60
internal_value=5.32888e-06 3.30896e-05 7.52617e-06 -7.48215e-05 0.000137483 0.000226054 0.00054347 -0.000331564 -0.000455978 -2.91534e-06 6.40052e-05 -0.000146272 -0.000225437 0.000197012 0.000462165 7.09173e-05 9.72323e-05 0.000304977 -3.53708e-05 -0.000355261 -0.000205087 -3.5173e-05
internal_weight=1550 1432 1369 838 531 433 125 118 133 705 542 210 163 332 107 225 308 120 188 123 112 110
internal_count=1550 1432 1369 838 531 433 125 118 133 705 542 210 163 332 107 225 308 120 188 123 112 110
is_linear=0
shrinkage=0.05


Tree=108
num_leaves=23
num_cat=0
split_feature=51 61 138 110 86 152 112 35 120 77 2 104 4 141 27 167 179 172 37 130 96 112
split_gain=0.00523313 0.00636136 0.0107192 0.0142369 0.0142082 0.00556125 0.00547957 0.00768809 0.00545663 0.0047781 0.00465758 0.00766186 0.0053254 0.00467368 0.00375187 0.0037422 0.00367529 0.00318997 0.00306509 0.00298279 0.00233214 0.00199654
threshold=0.18333333730697635 0.45793201029300695 1.0781829953193667 0.051500886678695686 0.63376253843307506 0.20810520648956302 -0.013738453853875397 0.12500000372529033 0.053837036713957793 0.53563988208770763 -0.24978632479906079 1.0745167136192324 0.26276174187660223 1.101317882537842 0.45833332836627966 0.058027606457471854 7.4566829204559335 32224137.000000004 -0.14166667312383649 1.1420530676841738 -1.3136298060417173 -0.0054499716497957698
decision_type=2 2 2 2 2 2 2 2 2 2 2 2 2 2 2 2 2 2 2 2 2 2
left_child=1 2 3 4 17 -2 7 8 -3 10 11 12 21 14 18 -16 -10 -1 -12 -14 -5 -8
right_child=5 6 -4 20 -6 -7 9 -9 16 -11 13 -13 19 -15 15 -17 -18 -19 -20 -21 -22 -23
leaf_value=-0.00010893330350347029 7.1724401193653026e-05 0.00027227100743200736 0.0008852299180409104 -0.00062889439272839805 0.0010452299417319977 -0.00061966643787386472 0.00012484752076228947 -0.00073692435230201993 -4.2044456478668673e-05 -0.00043475168061559089 1.195943595233722e-05 0.00078251702064881115 0.00062303719905371666 -0.00034155803625661956 9.4258338144931995e-05 -0.00042311927471700984 -0.00053352146946895461 0.00034867025219221214 0.00042453713067083131 0.0001015280097467789 -0.00014597227296326309 -0.00023119268327718599
leaf_weight=85 52 72 51 50 53 66 70 57 88 50 97 50 58 98 77 64 67 69 84 52 50 90
leaf_count=85 52 72 51 50 53 66 70 57 88 50 97 50 58 98 77 64 67 69 84 52 50 90
internal_value=5.06244e-06 3.14351e-05 0.000213965 0.000102452 0.000339112 -0.000314986 -2.94082e-05 -0.000217771 -8.74112e-05 3.83071e-05 7.02705e-05 0.00021398 0.000108695 -3.9222e-05 5.27933e-05 -0.00014058 -0.000254489 9.60969e-05 0.000203432 0.000376506 -0.000387433 -7.54251e-05
internal_weight=1550 1432 358 307 207 118 1074 284 227 790 740 320 270 420 322 141 155 154 181 110 100 160
internal_count=1550 1432 358 307 207 118 1074 284 227 790 740 320 270 420 322 141 155 154 181 110 100 160
is_linear=0
shrinkage=0.05


Tree=109
num_leaves=23
num_cat=0
split_feature=51 61 161 86 136 5 129 112 144 120 144 68 8 32 8 179 132 116 185 41 84 106
split_gain=0.0047229 0.00574113 0.00999135 0.0161366 0.00980484 0.00635872 0.00504985 0.00494532 0.00712504 0.005551 0.00479346 0.00530028 0.00490869 0.00472321 0.00496368 0.0036848 0.00359325 0.00345444 0.00306168 0.00226454 0.0018267 0.00166194
threshold=0.18333333730697635 0.45793201029300695 1.5835753083229067 0.42657215893268591 0.7977413833141328 0.0062460987828671941 1.0689339041709902 -0.013738453853875397 1.0141048431396487 0.052591649815440185 1.0408462882041933 0.50742980837821972 -0.48360213637351984 0.7916666865348817 -0.33210784196853632 7.4566829204559335 0.99082824587821972 0.00198268098756671 -0.038110656663775437 0.41666667163372045 0.37960182130336767 0.94129142165184032
decision_type=2 2 2 2 2 2 2 2 2 2 2 2 2 2 2 2 2 2 2 2 2 2
left_child=1 2 3 -1 -5 21 -2 8 -3 -10 11 12 16 14 -13 -11 -9 18 -14 -15 -18 -4
right_child=6 7 5 4 -6 -7 -8 10 9 15 -12 13 17 19 -16 -17 20 -19 -20 -21 -22 -23
leaf_value=-2.2569991482186551e-05 2.7854334066278632e-05 -0.00069595127979636792 0.00034846516163088387 0.00038111372260198767 0.0013568265584091514 -0.00051707855106398809 -0.00062632723228011472 0.00058415620772301333 0.00028339122539667493 -4.3708881550830688e-05 0.0005102100784424693 -0.00029015880440420009 -0.00020108174570507972 -0.00021059056880575264 0.0002831955051078694 -0.00054228441629906204 0.00036609230892981244 -0.00032236052678975591 0.00020445028899525601 -0.00067730804464600613 -1.7483638308098684e-05 -5.9203592729318192e-05
leaf_weight=98 59 59 50 51 52 57 59 69 72 90 50 75 69 53 76 63 52 75 143 51 77 50
leaf_count=98 59 59 50 51 52 57 59 69 72 90 50 75 69 53 76 63 52 75 143 51 77 50
internal_value=4.80931e-06 2.98634e-05 0.000203267 0.000436716 0.000873707 -9.56076e-05 -0.000299236 -2.79378e-05 -0.000206883 -7.8638e-05 3.63918e-05 4.37701e-06 0.000101406 -0.000180169 -1.58313e-06 -0.000249005 0.000292916 -3.07153e-05 7.24611e-05 -0.000439462 0.000137136 0.000144631
internal_weight=1550 1432 358 201 103 157 118 1074 284 225 790 740 485 255 151 153 198 287 212 104 129 100
internal_count=1550 1432 358 201 103 157 118 1074 284 225 790 740 485 255 151 153 198 287 212 104 129 100
is_linear=0
shrinkage=0.05


Tree=110
num_leaves=20
num_cat=0
split_feature=86 44 53 108 91 112 91 125 87 75 92 116 51 0 86 72 124 72 134
split_gain=0.00426525 0.00852831 0.0122184 0.00705617 0.00670346 0.00623812 0.00581382 0.00491921 0.00448208 0.00346924 0.00361231 0.00607773 0.00536669 0.00452318 0.00448047 0.00488451 0.00351988 0.00290251 0.0023105
threshold=0.59811276197433483 0.45000000298023229 0.39761297404766088 0.051532696932554252 0.48146778345108038 -0.017288179136812683 0.30818709731101995 -0.074204027652740465 0.82058614492416393 0.57160234451293956 0.16298124939203265 -0.001533152302727103 -0.25000000745058054 -0.019276061095297333 0.099324278533458724 0.49999496340751654 0.0044612754136323938 0.5007002353668214 0.98777341842651378
decision_type=2 2 2 2 2 2 2 2 2 2 2 2 2 2 2 2 2 2 2
left_child=3 4 5 7 6 -3 -2 -1 18 10 14 -12 -13 -14 16 -16 17 -9 -7
right_child=1 2 -4 -5 -6 8 -8 9 -10 -11 11 12 13 -15 15 -17 -18 -19 -20
leaf_value=0.00034564018555408759 -0.00028397964625208474 0.00057126501285830302 0.00087901838674532399 -0.00048056214449309704 -0.00052850343180014885 0.0002847631513658497 0.00046735392095867542 -0.00020513281398634121 -0.00040702025196003017 0.00030469107875227743 -0.00054812194215374743 0.00038331599826051392 -0.00059694574924651529 -8.732471045575852e-05 0.00056858238268058122 -4.7666017208477394e-05 -0.00040307349088834603 0.0002666892715829558 -0.00011382570610592547
leaf_weight=83 51 58 65 92 74 90 52 61 54 62 86 53 50 337 68 61 65 70 61
leaf_count=83 51 58 65 92 74 90 52 61 54 62 86 53 50 337 68 61 65 70 61
internal_value=-5.8593e-06 0.00011423 0.00026517 -6.15991e-05 -0.000165479 0.000113459 9.53344e-05 -2.28997e-05 -1.60672e-05 -5.64034e-05 -8.27111e-05 -0.000163685 -8.85454e-05 -0.000153167 4.83426e-05 0.000277178 -0.000102269 4.69859e-05 0.000123744
internal_weight=1593 505 328 1088 177 263 103 996 205 913 851 526 440 387 325 129 196 131 151
internal_count=1593 505 328 1088 177 263 103 996 205 913 851 526 440 387 325 129 196 131 151
is_linear=0
shrinkage=0.05


Tree=111
num_leaves=15
num_cat=1
split_feature=10 113 86 161 37 108 110 115 186 156 44 73 86 119
split_gain=0.00390104 0.00669327 0.00563083 0.0130832 0.00615261 0.00467753 0.00371595 0.0037628 0.00386556 0.00433061 0.00330633 0.00269361 0.00267376 0.00213488
threshold=1.0537567138671877 0.0077004123013466605 0.59811276197433483 1.2186430692672732 0.52500000596046459 0.051532696932554252 0.063153948634862914 0.004023672081530095 0 0.60041695833206188 0.45000000298023229 0.25368860363960272 0.69878482818603527 0.2008103281259537
decision_type=2 2 2 2 2 2 2 2 1 2 2 2 2 2
left_child=1 2 5 -4 10 6 7 8 11 -10 -5 -1 -12 -14
right_child=-2 -3 3 4 -6 -7 -8 -9 9 -11 12 -13 13 -15
leaf_value=-0.00032428445440018549 0.00039695819748509353 -0.00043668418928883602 0.00091051285017587657 -0.00032725843018852177 0.00043453813305388333 -0.0004247043328359723 0.00035769259848166261 -0.0004606143487968816 -0.00045854400501191397 6.6737854593576726e-05 0.00027280115872400066 5.7214887502933352e-05 -0.00030901311069707544 0.00010936107779167698
leaf_weight=50 58 91 51 80 83 80 59 53 99 65 82 620 60 62
leaf_count=50 58 91 51 80 83 80 59 53 99 65 82 620 60 62
internal_value=-5.56634e-06 -2.07757e-05 5.43456e-06 0.000160123 5.58455e-05 -5.75867e-05 -2.65408e-05 -5.20986e-05 -2.61378e-05 -0.000235965 -5.48288e-05 2.83221e-05 5.20063e-05 -9.63967e-05
internal_weight=1593 1535 1444 418 367 1026 946 887 834 164 284 670 204 122
internal_count=1593 1535 1444 418 367 1026 946 887 834 164 284 670 204 122
cat_boundaries=0 1
cat_threshold=1137
is_linear=0
shrinkage=0.05


Tree=112
num_leaves=11
num_cat=1
split_feature=182 110 186 72 75 170 173 145 108 128
split_gain=0.00382606 0.00566806 0.00440611 0.00885264 0.00627471 0.00567564 0.0202039 0.00360229 0.0037582 0.00318248
threshold=0.045180266723036773 0.089904788881540312 0 0.49910512566566473 0.40640342235565191 3042917120.0000005 0.95481848716735851 1.0836052894592287 0.049698188900947578 1.0300933718681338
decision_type=2 2 1 2 2 2 2 2 2 2
left_child=1 2 3 -1 -4 7 -7 8 9 -6
right_child=-2 -3 4 -5 5 6 -8 -9 -10 -11
leaf_value=-0.00072451514641879984 -0.00043137170615213395 0.00053245830419473351 -0.00047557896764597815 7.2375052639892185e-05 -0.00016017643006499628 -0.00018557549217901496 0.0010732018572525703 0.00041095840322943233 -0.00037688785665853752 5.6530683533708004e-05
leaf_weight=63 51 50 61 78 213 74 56 53 66 828
leaf_count=63 51 50 61 78 213 74 56 53 66 828
internal_value=-5.28802e-06 8.80424e-06 -8.74449e-06 -0.000264895 1.98034e-05 4.3382e-05 0.000356667 8.27243e-06 -1.1007e-05 1.219e-05
internal_weight=1593 1542 1492 141 1351 1290 130 1160 1107 1041
internal_count=1593 1542 1492 141 1351 1290 130 1160 1107 1041
cat_boundaries=0 1
cat_threshold=640
is_linear=0
shrinkage=0.05


Tree=113
num_leaves=17
num_cat=1
split_feature=88 133 178 177 164 186 98 83 171 106 174 8 116 118 5 110
split_gain=0.00355275 0.00661421 0.00516334 0.00643868 0.00423561 0.00437913 0.00405449 0.00856703 0.011559 0.00679559 0.00559961 0.00443598 0.00331926 0.00269537 0.002118 0.00156254
threshold=0.87889048457145702 0.88881945610046398 -23.953583717346188 689.76785278320324 467.26168823242193 0 0.98142808675766002 0.70173072814941417 49632212.000000007 0.92007771134376537 46.920572280883796 0.14424411207437518 6.2523104134015753e-05 0.032545445486903198 0.0027039212873205547 0.019695950672030452
decision_type=2 2 2 2 2 1 2 2 2 2 2 2 2 2 2 2
left_child=1 -1 3 -3 6 15 7 8 -4 -8 11 -11 -7 -5 -15 -6
right_child=-2 2 4 13 5 12 9 -9 -10 10 -12 -13 -14 14 -16 -17
leaf_value=-0.00049684394276742496 0.0003197036164601741 0.00067593343763811778 -1.8985052262061282e-05 0.00038138626138943267 0.00017813308900728993 -0.0007593176236274043 -0.00056317147470308251 -0.00025841519025561867 0.0010062786094042369 0.00011957983852459477 -0.00045213421047449745 -0.00016468790836841559 -0.00020174276828851471 0.00019413263564476641 -0.00017974526782238269 -0.0002032821836291987
leaf_weight=70 80 56 56 53 58 56 59 60 54 475 64 193 51 63 95 50
leaf_count=70 80 56 56 53 58 56 59 60 54 475 64 193 51 63 95 50
internal_value=-5.02362e-06 -2.21936e-05 8.31714e-07 0.000199327 -4.42348e-05 -0.000244851 6.48201e-07 0.000222182 0.000484326 -4.69634e-05 -5.35647e-06 3.74486e-05 -0.000451373 7.28343e-05 -3.06674e-05 1.42042e-06
internal_weight=1593 1513 1443 267 1176 215 961 170 110 791 732 668 107 211 158 108
internal_count=1593 1513 1443 267 1176 215 961 170 110 791 732 668 107 211 158 108
cat_boundaries=0 1
cat_threshold=1025
is_linear=0
shrinkage=0.05


Tree=114
num_leaves=20
num_cat=0
split_feature=86 6 23 86 108 135 30 89 125 70 112 20 182 120 154 1 154 91 98
split_gain=0.00341072 0.00733882 0.00697424 0.00640255 0.00575209 0.00545109 0.0061967 0.0052901 0.00411809 0.00298669 0.00301266 0.00366559 0.00496468 0.0035165 0.0031046 0.00295337 0.00277018 0.00180997 0.00127096
threshold=0.59811276197433483 0.041997354477643974 1.0000000180025095e-35 0.70498868823051464 0.051532696932554252 0.84174376726150524 0.17500000447034839 0.3633438795804978 -0.074204027652740465 0.56929203867912304 -0.014572180807590483 0.19428391009569171 0.01257947087287903 0.02653895411640406 0.48145966231822973 0.03781064227223397 0.62336367368698131 0.2185361981391907 1.0460351109504702
decision_type=2 2 2 2 2 2 2 2 2 2 2 2 2 2 2 2 2 2 2
left_child=4 2 -2 7 8 -5 -7 -3 -1 10 17 12 18 -13 -14 -15 -8 -10 -12
right_child=1 3 -4 5 -6 6 16 -9 9 -11 11 13 14 15 -16 -17 -18 -19 -20
leaf_value=0.0003175214932164099 6.4206193113932385e-05 0.00050250460678297616 0.00089522162878910973 -0.00058499351725913582 -0.00043288869416320942 0.00044432740093907345 -0.00041514031428151708 -4.9211532920404956e-05 -7.6562277028196555e-05 -0.0003943893945174134 -0.0002958298182028218 -0.00035407620273342753 0.00055694566592090315 -6.5674347385755763e-05 0.00012446729303418477 0.0003236508023850579 6.9314039385062642e-05 -0.00049593630293384196 5.8923255797708412e-05
leaf_weight=83 50 90 51 58 92 50 72 84 53 59 51 91 77 335 90 57 50 50 50
leaf_count=83 50 90 51 58 92 50 72 84 53 59 51 91 77 335 90 57 50 50 50
internal_value=-4.77244e-06 0.000102615 0.000483828 7.31186e-06 -5.46168e-05 -0.000165816 -2.44653e-05 0.000236159 -1.9676e-05 -5.03304e-05 -2.65605e-05 8.21834e-06 0.000156514 -7.40657e-05 0.000323873 -9.06329e-06 -0.000216593 -0.000280142 -0.000120209
internal_weight=1593 505 101 404 1088 230 172 174 996 913 854 751 268 483 167 392 122 103 101
internal_count=1593 505 101 404 1088 230 172 174 996 913 854 751 268 483 167 392 122 103 101
is_linear=0
shrinkage=0.05


Tree=115
num_leaves=14
num_cat=0
split_feature=67 158 87 72 156 1 53 161 51 134 78 92 71
split_gain=0.00400179 0.00444013 0.00522544 0.00448262 0.00937965 0.00562729 0.00639416 0.00604244 0.010038 0.00939908 0.00342379 0.00453662 0.00360678
threshold=0.2418378219008446 0.70239993929862987 0.4228587299585343 0.53328734636306774 0.22079712152481082 0.049312602728605277 0.29552628099918371 1.2463119626045229 0.050000002607703216 0.95926639437675487 0.15623520314693454 0.36129526793956762 0.47301682829856878
decision_type=2 2 2 2 2 2 2 2 2 2 2 2 2
left_child=1 2 -1 4 -3 7 -7 8 9 -6 12 -12 -9
right_child=-2 3 -4 -5 5 6 -8 10 -10 -11 11 -13 -14
leaf_value=-0.00057501040817684653 0.00038994520790035242 0.00069365618948359045 5.1015302669838999e-05 -0.00044286472537485811 0.0010321982301641529 4.6801083779428153e-05 -0.00074143730162177244 -0.00011458135742564416 -0.00023287425550783206 0.00021558382181785675 -3.1349371621469431e-05 -0.00059070988332308137 0.00010322519817067733
leaf_weight=75 61 50 60 54 51 50 53 328 74 114 94 59 452
leaf_count=75 61 50 60 54 51 50 53 328 74 114 94 59 452
internal_value=-7.11356e-06 -2.31113e-05 -0.000296777 3.67973e-06 2.18785e-05 -4.4657e-06 -0.000358797 2.66744e-05 0.000250987 0.000467992 -3.07863e-05 -0.00024705 1.16347e-05
internal_weight=1575 1514 135 1379 1325 1275 103 1172 239 165 933 153 780
internal_count=1575 1514 135 1379 1325 1275 103 1172 239 165 933 153 780
is_linear=0
shrinkage=0.05


Tree=116
num_leaves=11
num_cat=0
split_feature=57 135 71 158 19 173 72 107 172 1
split_gain=0.00361161 0.00552896 0.00485094 0.00480373 0.00431067 0.0030936 0.00358302 0.00363088 0.00659301 0.00554763
threshold=0.62106871604919445 0.80835682153701793 0.55328279733657848 0.70239993929862987 0.22813968360424045 0.61593198776245128 0.52235904335975658 0.035860536620020873 76778088.000000015 0.04420083016157151
decision_type=2 2 2 2 2 2 2 2 2 2
left_child=1 -1 3 4 -3 -5 7 9 -9 -7
right_child=-2 2 -4 5 -6 6 -8 8 -10 -11
leaf_value=-0.00045921410812719632 0.00037044794656542423 -6.5072134202637247e-05 0.00041117447461093599 0.0002762974687026475 -0.00065921834922057394 1.2408353021088812e-05 -0.00034911992920873069 0.00067355306495705419 -0.00011144574788697766 -0.00043525197648947755
leaf_weight=69 61 72 68 99 53 896 75 54 53 75
leaf_count=69 61 72 68 99 53 896 75 54 53 75
internal_value=-6.75789e-06 -2.19557e-05 -1.07628e-06 -2.14343e-05 -0.00031699 8.07403e-06 -1.49564e-05 8.29242e-06 0.000284722 -2.21689e-05
internal_weight=1575 1514 1445 1377 125 1252 1153 1078 107 971
internal_count=1575 1514 1445 1377 125 1252 1153 1078 107 971
is_linear=0
shrinkage=0.05


Tree=117
num_leaves=16
num_cat=0
split_feature=100 182 67 109 136 34 156 175 175 182 88 153 91 167 122
split_gain=0.00341641 0.00855358 0.00373715 0.00417186 0.00791003 0.00647308 0.00949325 0.0046892 0.0058885 0.00470483 0.00424319 0.00407105 0.00239743 0.00261126 0.00151602
threshold=1.1534727215766909 0.021688464097678665 0.2418378219008446 0.019548480398952964 0.92806920409202587 0.65000000596046459 0.25200235843658453 55.56575012207032 34.07268142700196 0.018807835876941684 0.42696587741374975 0.38735361397266393 0.44013671576976782 -0.098846875131130205 0.00086310593178495776
decision_type=2 2 2 2 2 2 2 2 2 2 2 2 2 2 2
left_child=2 -2 3 4 -1 6 -5 8 10 -9 -8 -10 13 14 -6
right_child=1 -3 -4 5 12 -7 7 9 11 -11 -12 -13 -14 -15 -16
leaf_value=0.00048074864068755176 -0.00015182355181181427 0.0005863067450357052 0.00035192554910356167 0.00049865118618480924 0.00011745554942466743 -0.00055770760409359357 -0.00012898299620569414 -0.0002368973860261487 -0.00067220344161471064 0.00036068362790511635 0.00032113787793466565 -0.00019943336455980899 0.00019216346549192647 -0.0004380759315094076 -0.00022087462247439186
leaf_weight=98 79 78 61 69 79 72 465 51 81 93 59 104 76 53 57
leaf_count=98 79 78 61 69 79 72 465 51 81 93 59 104 76 53 57
internal_value=-6.41999e-06 0.000214891 -3.09234e-05 -4.81332e-05 9.69391e-05 -0.000101112 -6.54564e-05 -0.000111088 -0.00016392 0.00014904 -7.83014e-05 -0.00040643 -4.4998e-05 -0.000140364 -2.43446e-05
internal_weight=1575 157 1418 1357 363 994 922 853 709 144 524 185 265 189 136
internal_count=1575 157 1418 1357 363 994 922 853 709 144 524 185 265 189 136
is_linear=0
shrinkage=0.05


Tree=118
num_leaves=18
num_cat=0
split_feature=125 7 10 123 52 9 94 119 9 151 161 100 6 118 117 151 23
split_gain=0.00334364 0.00484381 0.00597428 0.0035827 0.00435798 0.00321415 0.00311191 0.0033395 0.00277675 0.00244558 0.00240849 0.00493701 0.00533185 0.00373778 0.00426606 0.00270022 0.00232454
threshold=0.039754139259457595 -0.042984828352928155 1.0396292805671694 0.0031623458489775662 0.091666668653488173 1.0178063511848452 0.38135994970798498 0.086102198809385314 1.0255209207534792 1.6406630277633669 1.4686051011085512 0.95249256491661083 0.10050505027174951 0.23449694365262988 0.29384097456932073 1.6811602115631106 1.0000000180025095e-35
decision_type=2 2 2 2 2 2 2 2 2 2 2 2 2 2 2 2 2
left_child=1 -1 3 5 6 10 7 -5 16 -9 11 -3 -13 14 -12 -15 -7
right_child=-2 2 -4 4 -6 8 -8 9 -10 -11 13 12 -14 15 -16 -17 -18
leaf_value=-0.00041818799852068247 0.00035378562648885793 0.00053025198678369634 0.00041374872756622187 9.5774517631270822e-05 -0.00051097960840443323 -0.00010104228209491099 0.00021931473885148002 -0.00039354518985066907 7.1349690312660005e-05 4.6476781558753417e-06 -8.7433459677961536e-05 0.00052303809489575757 -4.2750529395231173e-05 -0.00036202522250259423 0.00030102071719128134 8.9520862529752777e-05 -0.00057630497275386013
leaf_weight=73 62 75 82 91 69 53 71 129 73 55 146 52 209 98 137 50 50
leaf_count=73 62 75 82 91 69 53 71 129 73 55 146 52 209 98 137 50 50
internal_value=-6.09899e-06 -2.08464e-05 -7.034e-07 -2.57292e-05 -0.000148151 2.81465e-05 -7.57944e-05 -0.000151986 -0.000164557 -0.00027452 7.23652e-05 0.000172714 6.99736e-05 -5.86514e-06 0.000100617 -0.000209476 -0.000331752
internal_weight=1575 1513 1440 1358 415 943 346 275 176 184 767 336 261 431 283 148 103
internal_count=1575 1513 1440 1358 415 943 346 275 176 184 767 336 261 431 283 148 103
is_linear=0
shrinkage=0.05


Tree=119
num_leaves=13
num_cat=0
split_feature=125 77 151 155 56 90 161 61 170 178 92 168
split_gain=0.00301764 0.0035627 0.0038026 0.00378196 0.00402285 0.00636869 0.00976144 0.00408922 0.00381127 0.00444782 0.0042525 0.00252787
threshold=0.039754139259457595 0.46623899042606359 0.53357166051864635 0.23651919513940814 0.57335802912712108 0.4552468210458756 1.4686051011085512 0.43979977071285253 518191184.00000006 -8.0472388267517072 0.33182141184806829 7.7815439701080331
decision_type=2 2 2 2 2 2 2 2 2 2 2 2
left_child=1 -1 -3 -4 7 6 -6 -5 9 -9 -10 -7
right_child=-2 2 3 4 5 11 -8 8 10 -11 -12 -13
leaf_value=-0.00043060262420719183 0.00033609634356839853 0.00042304401671572123 -0.00034196507454950292 -0.0004217042528166944 0.00098127802246017384 0.00013975567411070585 3.5340165195520969e-05 -3.7172022820045681e-05 3.9892602567291057e-05 0.00029482694965268411 -0.00022420923205922571 -0.00031416094193614471
leaf_weight=51 62 50 86 66 50 71 60 242 298 173 312 54
leaf_count=51 62 50 86 66 50 71 60 242 298 173 312 54
internal_value=-5.79404e-06 -1.98041e-05 -5.47391e-06 -2.06481e-05 1.91509e-07 0.000187839 0.000465312 -4.02276e-05 -1.56642e-05 0.000101228 -9.5189e-05 -5.63363e-05
internal_weight=1575 1513 1462 1412 1326 235 110 1091 1025 415 610 125
internal_count=1575 1513 1462 1412 1326 235 110 1091 1025 415 610 125
is_linear=0
shrinkage=0.05


Tree=120
num_leaves=23
num_cat=0
split_feature=12 116 132 56 182 182 150 119 30 86 27 63 181 88 118 148 27 150 71 92 68 68
split_gain=0.00427273 0.00950393 0.0131283 0.00795335 0.00751681 0.00926673 0.00894658 0.00684724 0.00667941 0.00540224 0.00596562 0.00533549 0.00522366 0.00521339 0.00457953 0.00431289 0.00288068 0.00279711 0.00264228 0.00220581 0.00176599 0.00159894
threshold=0.18357203155755999 -0.00032109524181578303 0.95115220546722423 0.46004039049148565 0.018807835876941684 0.024393500760197643 1.1819702982902529 0.3265464454889298 0.12500000372529033 0.30827404558658605 0.39166666567325598 -0.58357417583465565 0.012821922078728678 0.16719661653041842 0.031691860407590873 0.87251669168472301 0.52500000596046459 1.2475762963294985 0.4835833609104157 0.18834921717643741 0.38240097463130956 0.48527671396732336
decision_type=2 2 2 2 2 2 2 2 2 2 2 2 2 2 2 2 2 2 2 2 2 2
left_child=4 3 -3 -2 12 6 -6 8 -7 19 -11 -12 15 18 -10 -1 20 -16 -14 -4 -17 -22
right_child=1 2 9 -5 5 7 -8 -9 14 10 11 -13 13 -15 17 16 -18 -19 -20 -21 21 -23
leaf_value=-0.00032302459491847168 -6.3872278100130978e-05 -0.00090924376330804081 -0.00020549822763533829 0.00072582056597457272 0.00092632920258277894 0.00032292838829259078 0.00017990608324982199 0.0004440438987665785 0.0001497382171995317 -0.00045569152727973863 -0.00014429831197701741 0.00042216657245436193 -0.0002655066510107665 -0.00054556725509189016 -0.00022218574314912849 2.8320141542213541e-05 -0.00010067835498375645 -0.0006893793875346057 0.00013591401259059477 -0.00065396929119462864 0.00058728673213045111 0.00020992024408315047
leaf_weight=61 88 65 58 50 68 69 98 76 51 52 78 89 89 95 81 54 80 53 76 52 50 64
leaf_count=61 88 65 58 50 68 69 98 76 51 52 78 89 89 95 81 54 80 53 76 52 50 64
internal_value=-1.9124e-05 -0.000134839 -0.00025991 0.000222248 3.86792e-05 0.000180954 0.00048567 2.76724e-05 -9.69112e-05 -0.000131622 1.19708e-05 0.00015759 -8.53423e-05 -0.000250498 -0.0002535 5.36238e-05 0.000146267 -0.000406971 -8.06099e-05 -0.000417503 0.00026386 0.000375432
internal_weight=1597 532 394 138 1065 496 166 330 254 329 219 167 569 260 185 309 248 134 165 110 168 114
internal_count=1597 532 394 138 1065 496 166 330 254 329 219 167 569 260 185 309 248 134 165 110 168 114
is_linear=0
shrinkage=0.05


Tree=121
num_leaves=24
num_cat=0
split_feature=12 116 132 57 182 182 149 119 30 181 53 118 98 90 30 170 159 152 167 87 150 37 26
split_gain=0.00385792 0.00926227 0.010769 0.0077236 0.00766202 0.00750131 0.00823981 0.00661743 0.00620528 0.00513137 0.00489141 0.00417877 0.00408268 0.00387837 0.0038038 0.00402701 0.00359027 0.00322983 0.00319471 0.00303004 0.00301109 0.00245312 0.00215647
threshold=0.18148372322320941 -0.00032109524181578303 0.95115220546722423 0.46337486803531652 0.018807835876941684 0.024393500760197643 1.3998315930366518 0.29055084288120275 0.12500000372529033 0.012821922078728678 0.23770169168710711 0.031691860407590873 0.99277594685554515 0.14108313620090487 0.82500001788139354 474956000.00000006 1.475942134857178 0.19946648925542834 -1.3746345043182371 0.20545459538698199 1.2475762963294985 0.22500000149011615 0.51666668057441723
decision_type=2 2 2 2 2 2 2 2 2 2 2 2 2 2 2 2 2 2 2 2 2 2 2
left_child=4 3 -3 -2 9 6 -6 8 -7 13 18 -10 -4 17 15 -14 21 -1 -11 -12 -13 -15 -16
right_child=1 2 12 -5 5 7 -8 -9 11 10 19 20 14 16 22 -17 -18 -19 -20 -21 -22 -23 -24
leaf_value=-0.00045539890008182161 -0.00010954571868448209 -0.00081645120021214791 0.00018111998711901835 0.00063479530671472844 0.00077266271938519239 0.00032233145002329134 5.2810754038676229e-05 0.00043829067685692281 0.00014190452999901027 -0.00024388469812644572 -0.00015103919791535622 -0.00019703370875307687 -0.0001493080061331894 0.00048438783027407667 0.00012895361393351447 -0.0007216662464785865 -0.00017642899184647831 7.2976606292077565e-05 0.00029726973710057796 -0.00061497278373122844 -0.0006993088693416212 6.1416257232307106e-05 -0.00027882833234278741
leaf_weight=55 78 69 80 63 92 67 70 80 50 60 57 74 63 86 77 60 50 61 50 92 50 57 56
leaf_count=55 78 69 80 63 92 67 70 80 50 60 57 74 63 86 77 60 50 61 50 92 50 57 56
internal_value=-1.81678e-05 -0.000125988 -0.000247498 0.000223032 3.78453e-05 0.000184245 0.000461616 4.4264e-05 -8.65332e-05 -8.66462e-05 -0.000250797 -0.00024397 -0.00013066 5.09426e-05 -0.000228091 -0.000428507 0.000188273 -0.000177546 2.09459e-06 -0.000437495 -0.000399564 0.000315791 -4.2744e-05
internal_weight=1597 546 405 141 1051 483 162 321 241 568 259 174 336 309 256 123 193 116 110 149 124 143 133
internal_count=1597 546 405 141 1051 483 162 321 241 568 259 174 336 309 256 123 193 116 110 149 124 143 133
is_linear=0
shrinkage=0.05


Tree=122
num_leaves=9
num_cat=0
split_feature=85 173 72 139 145 122 8 8
split_gain=0.0039812 0.00349755 0.00428839 0.00529366 0.00474397 0.00537104 0.00358519 0.00298698
threshold=-0.454139694571495 1.5070860385894778 0.52974751591682445 0.99126872420310985 1.0794253945350649 -0.020042235963046547 -0.96258115768432606 -0.90321949124336232
decision_type=2 2 2 2 2 2 2 2
left_child=-1 2 3 -2 5 -5 -7 -8
right_child=1 -3 -4 4 -6 6 7 -9
leaf_value=-0.00042760299188158941 0.00040042398180672442 0.00039705396028573816 -0.00046234956344750786 -0.00054381414307639578 0.00035800547006406954 -0.00036733601375292188 0.00035938985596725682 -2.1480538988690035e-05
leaf_weight=57 78 53 52 52 77 72 54 1102
leaf_count=57 78 53 52 52 77 72 54 1102
internal_value=-1.72594e-05 -2.07133e-06 -1.62971e-05 -1.33476e-07 -2.31574e-05 -4.60867e-05 -2.50103e-05 -3.68902e-06
internal_weight=1597 1540 1487 1435 1357 1280 1228 1156
internal_count=1597 1540 1487 1435 1357 1280 1228 1156
is_linear=0
shrinkage=0.05


Tree=123
num_leaves=15
num_cat=0
split_feature=85 7 183 8 109 183 110 158 85 122 176 24 47 178
split_gain=0.00359304 0.00316543 0.00570188 0.00486435 0.00366763 0.00808322 0.00583584 0.00509176 0.00495637 0.00456206 0.00348295 0.00338042 0.0030446 0.00196581
threshold=-0.454139694571495 0.034107666462659843 0.018011284060776237 0.33187134563922888 0.048496520146727569 -0.02041698899120092 0.051500886678695686 0.66290485858917247 0.50656569004058849 -0.0011246986105106769 -11.461239814758299 0.84999999403953563 0.47499999403953558 -15.588690280914305
decision_type=2 2 2 2 2 2 2 2 2 2 2 2 2 2
left_child=-1 2 4 -4 6 8 7 -2 -6 -8 -9 -12 -7 -14
right_child=1 -3 3 -5 5 12 9 10 -10 -11 11 -13 13 -15
leaf_value=-0.00040622283710323062 -0.00048187305912311532 -0.00035196747262342533 0.00072477137320674961 4.3357586281755096e-05 0.0008373947367654183 -0.0003164599400849044 -0.00073227627532711876 -0.00030078654639310561 0.00018751920940470064 -8.5304353904741052e-05 6.7811955442848758e-05 -0.00035276532037766862 -0.00011027410799860879 0.00028788798320625401
leaf_weight=57 56 62 50 55 50 74 54 82 71 55 756 51 62 62
leaf_count=57 56 62 50 55 50 74 54 82 71 55 756 51 62 62
internal_value=-1.63964e-05 -1.96777e-06 1.27142e-05 0.00036784 -1.4444e-05 0.000134099 -5.94016e-05 -1.9444e-05 0.000456063 -0.000405823 9.68539e-06 4.12327e-05 -6.26564e-05 8.88069e-05
internal_weight=1597 1540 1478 105 1373 319 1054 945 121 109 889 807 198 124
internal_count=1597 1540 1478 105 1373 319 1054 945 121 109 889 807 198 124
is_linear=0
shrinkage=0.05


Tree=124
num_leaves=25
num_cat=0
split_feature=12 116 156 56 182 108 10 119 91 1 148 181 110 181 157 53 112 56 112 110 172 142 93 147
split_gain=0.00333739 0.00770921 0.00811607 0.00648581 0.0059526 0.00961953 0.00933506 0.00591665 0.00538093 0.00520314 0.00441333 0.00398897 0.00396133 0.00352902 0.00334354 0.0031447 0.00418566 0.00339292 0.00270073 0.00255258 0.00252304 0.00239776 0.00187358 0.00171414
threshold=0.18357203155755999 -0.00032109524181578303 0.41428156197071081 0.46004039049148565 0.018807835876941684 0.038235444575548179 1.0297118425369265 0.32890096306800848 0.19201080501079562 0.046171717345714576 0.69664895534515392 0.036615692079067237 0.04964458383619786 0.012237761635333301 0.84958070516586315 0.24283374845981601 -0.00882162246853113 0.50665250420570385 -0.017776890657842156 0.035917803645133979 17710257.000000004 0.99873057007789623 1.1270192861557009 1.049857020378113
decision_type=2 2 2 2 2 2 2 2 2 2 2 2 2 2 2 2 2 2 2 2 2 2 2 2
left_child=4 3 9 -2 10 6 8 18 -6 -3 -1 14 19 20 -4 16 -15 -17 -7 -10 -12 -22 -16 -23
right_child=1 2 11 -5 5 7 -8 -9 12 -11 13 -13 -14 15 22 17 -18 -19 -20 -21 21 23 -24 -25
leaf_value=-0.00050054974795784809 -5.4614451429105512e-05 -0.00028517603540631871 -0.00042643096394057064 0.00065850975796638523 0.00055626828588073202 -5.6270272551429168e-05 0.00088362427431136557 0.00035455866152285759 -3.0488234045276161e-05 -0.00095984414934612104 -0.00012584077860346184 0.00031568153273980773 -0.00029866144494071863 -0.00022522823674607671 -0.00018930102589365561 -0.00051877487016420626 0.00037555207870354935 -6.0245290044874237e-06 -0.0004820998968781381 0.00046735363772453507 0.00046510928021840909 -0.00013358919685794359 0.0001736533204962143 0.00025367537830994308
leaf_weight=55 88 65 83 50 72 76 63 52 51 51 83 51 57 69 80 85 50 52 73 52 60 53 64 62
leaf_count=55 88 65 83 50 72 76 63 52 51 51 83 51 57 69 80 85 50 52 73 52 60 53 64 62
internal_value=-1.55766e-05 -0.000117845 -0.000230489 0.000203764 3.55094e-05 0.000162118 0.000343876 -0.000104641 0.000197306 -0.000581797 -7.48561e-05 -8.39003e-05 3.57737e-05 -2.93052e-05 -0.000173674 -0.000160829 2.72005e-05 -0.000324154 -0.000264898 0.000220849 0.000101199 0.000208881 -2.7988e-05 7.51969e-05
internal_weight=1597 532 394 138 1065 496 295 201 232 116 569 278 160 514 227 256 119 137 149 103 258 175 144 115
internal_count=1597 532 394 138 1065 496 295 201 232 116 569 278 160 514 227 256 119 137 149 103 258 175 144 115
is_linear=0
shrinkage=0.05


Tree=125
num_leaves=13
num_cat=0
split_feature=127 156 36 151 61 1 7 183 89 3 111 156
split_gain=0.00597791 0.00464283 0.00551691 0.00411661 0.00441443 0.0086457 0.00362941 0.00470345 0.00306937 0.00232841 0.00228621 0.00213366
threshold=1.1578826904296877 0.22079712152481082 0.78333333134651195 0.69390961527824413 0.42427718639373785 0.033620072528719909 0.0097932652570307272 0.0084692118689417856 -0.66616037487983693 0.0025416370481252675 0.048304112628102309 0.55483701825141918
decision_type=2 2 2 2 2 2 2 2 2 2 2 2
left_child=1 -1 3 10 5 -5 7 8 -6 -8 -3 -11
right_child=-2 2 -4 4 6 -7 9 -9 -10 11 -12 -13
leaf_value=0.00036775001339080948 0.00048811810197548768 -5.1804969895302378e-05 -0.00042162536027531302 -3.2449144466704869e-05 0.00033899451450755203 0.00070302772242098062 -4.0358239361508328e-06 0.00041676919786873945 -3.2745320063776608e-05 -0.00012453266791999341 -0.00051073045881288453 -0.0005702350860670337
leaf_weight=79 64 51 83 99 60 67 77 72 745 50 58 58
leaf_count=79 64 51 83 99 60 67 77 72 745 50 58 58
internal_value=1.4884e-05 -5.32083e-06 -2.60762e-05 -1.52077e-06 2.46182e-05 0.0002644 -1.28618e-05 2.95916e-05 -5.038e-06 -0.000214114 -0.000296004 -0.000363891
internal_weight=1563 1499 1420 1337 1228 166 1062 877 805 185 109 108
internal_count=1563 1499 1420 1337 1228 166 1062 877 805 185 109 108
is_linear=0
shrinkage=0.05


Tree=126
num_leaves=17
num_cat=1
split_feature=160 107 170 89 158 163 170 160 178 84 2 152 101 6 186 130
split_gain=0.00536222 0.00546009 0.00552324 0.0061967 0.00431729 0.0101092 0.00329946 0.00310172 0.00428229 0.00414218 0.00360604 0.00312647 0.00301916 0.003766 0.00286006 0.00241924
threshold=0.8502715826034547 0.035428622737526901 2530908800.0000005 -0.39706017076969141 0.75645554065704357 200.93934631347659 5159601664.000001 1.5550717711448672 -25.151493072509762 -0.20034189522266385 0.37431319057941442 0.21860518306493762 1.0161886811256411 0.20236969739198687 0 1.1001511812210085
decision_type=2 2 2 2 2 2 2 2 2 2 2 2 2 2 1 2
left_child=-1 4 3 -3 5 -2 7 8 11 -9 14 -6 13 -11 -10 -12
right_child=1 2 -4 -5 6 -7 -8 9 10 12 15 -13 -14 -15 -16 -17
leaf_value=-0.00044937839862541301 0.00063352670665524249 0.00054699188713486517 0.00071784750151256864 -0.00015492239269916333 0.00061008772769127978 -0.00015642390046398055 -0.00041144816412790009 -0.00054686780667570598 -0.00015926077630455324 0.00024405376837378191 -5.9193262030829726e-05 0.00010231623636610056 -0.0003093908928101221 -0.00020814492131537962 0.00010899569920762506 -0.00049520794308862835
leaf_weight=60 81 51 53 82 50 81 56 54 123 105 72 77 88 82 391 57
leaf_count=60 81 51 53 82 50 81 56 54 123 105 72 77 88 82 391 57
internal_value=1.41398e-05 3.26435e-05 0.00028623 0.000114233 -3.17062e-06 0.000238551 -3.70745e-05 -1.79981e-05 3.69085e-05 -0.000146503 -1.54948e-05 0.000302226 -6.7886e-05 4.57634e-05 4.38241e-05 -0.000251851
internal_weight=1563 1503 186 133 1317 162 1155 1099 770 329 643 127 275 187 514 129
internal_count=1563 1503 186 133 1317 162 1155 1099 770 329 643 127 275 187 514 129
cat_boundaries=0 1
cat_threshold=704
is_linear=0
shrinkage=0.05


Tree=127
num_leaves=17
num_cat=1
split_feature=127 63 132 135 137 157 186 32 85 167 4 117 92 48 118 97
split_gain=0.00516116 0.011172 0.00664991 0.00443508 0.00381802 0.0028225 0.00349844 0.0055794 0.00510882 0.00702072 0.00388913 0.00332706 0.00225276 0.00253637 0.00362278 0.00270324
threshold=1.110317647457123 -0.84060490131378163 0.98682039976120006 0.7954118847846986 0.99046078324317943 1.4464410543441775 0 0.075000002980232253 0.01932183746248484 -0.39829355478286738 0.2933556735515595 0.39670705795288091 0.0059191377367824325 -0.50000001490116108 0.23097350448369983 1.0599505901336672
decision_type=2 2 2 2 2 2 1 2 2 2 2 2 2 2 2 2
left_child=3 -2 -3 -1 -5 6 7 10 -9 -10 -6 -7 -8 15 -15 -14
right_child=1 2 -4 4 5 11 12 8 9 -11 -12 -13 13 14 -16 -17
leaf_value=-0.00045785555330439824 -0.00030434494633482247 0.00084385588652103379 0.00016370709061933061 0.00038277178692161951 -0.00050784047707566062 -0.00054394790678526518 0.00017879517170031142 -0.00016890224646739363 0.00086679890498635366 0.00019786370444857673 7.6772084227713742e-05 1.9188084172806247e-05 0.00017204412533049305 -0.00027619155537689477 3.4607922352221634e-05 -0.00018946399566452672
leaf_weight=56 64 69 75 61 50 54 83 62 50 182 66 51 140 276 142 82
leaf_count=56 64 69 75 61 50 54 83 62 50 182 66 51 140 276 142 82
internal_value=1.34167e-05 0.000245317 0.000489612 -2.21813e-05 -3.39938e-06 -2.24272e-05 5.55798e-07 0.000115605 0.000234283 0.000342031 -0.000175216 -0.000270425 -6.53812e-05 -9.80694e-05 -0.000170609 3.85141e-05
internal_weight=1563 208 144 1355 1299 1238 1133 410 294 232 116 105 723 640 418 222
internal_count=1563 208 144 1355 1299 1238 1133 410 294 232 116 105 723 640 418 222
cat_boundaries=0 1
cat_threshold=26
is_linear=0
shrinkage=0.05


Tree=128
num_leaves=13
num_cat=0
split_feature=127 156 133 141 37 141 55 88 121 183 114 151
split_gain=0.00480918 0.0040364 0.007111 0.00419345 0.00340075 0.00500798 0.00559565 0.00569991 0.00455611 0.00434428 0.00490746 0.00356851
threshold=1.1578826904296877 0.22079712152481082 0.88881945610046398 0.94433805346488964 0.47499999403953558 1.041214168071747 0.56794416904449474 -0.076766557991504655 0.36290681362152105 0.020065551623702053 -0.0090372213162481767 0.7239769995212556
decision_type=2 2 2 2 2 2 2 2 2 2 2 2
left_child=1 -1 -3 -4 9 6 7 -6 -7 10 -5 -12
right_child=-2 2 3 4 5 8 -8 -9 -10 -11 11 -13
leaf_value=0.00034247727660472209 0.00043720597959691078 -0.00056693669582179209 0.00043871362621967608 0.00047767095264348696 -9.9945299453177173e-05 -0.00069780974452271494 -0.00028930685420976821 0.00059928445441817697 -0.0001141218591575515 0.00043391775271307018 -0.00043708884615625723 -1.7162032982422606e-06
leaf_weight=79 64 58 52 51 62 64 94 55 70 62 50 802
leaf_count=79 64 58 52 51 62 64 94 55 70 62 50 802
internal_value=1.27459e-05 -5.37651e-06 -2.47289e-05 -1.63933e-06 -1.9119e-05 -0.000153853 -2.04174e-06 0.000228752 -0.000392898 2.905e-05 1.25181e-06 -2.72662e-05
internal_weight=1563 1499 1420 1362 1310 345 211 117 134 965 903 852
internal_count=1563 1499 1420 1362 1310 345 211 117 134 965 903 852
is_linear=0
shrinkage=0.05


Tree=129
num_leaves=13
num_cat=0
split_feature=160 127 153 70 172 87 138 101 107 100 116 179
split_gain=0.00469454 0.00628382 0.00445086 0.00322986 0.00342061 0.00504764 0.00432334 0.00365429 0.00503598 0.00237581 0.00305697 0.0023219
threshold=0.8502715826034547 1.1578826904296877 0.1534034535288811 0.43058373034000402 83519464.000000015 0.70801299810409557 1.0018476843833926 0.8252050280570985 0.035428622737526901 0.91737568378448497 -0.0014679488958790896 6.314843177795411
decision_type=2 2 2 2 2 2 2 2 2 2 2 2
left_child=-1 2 -2 11 5 7 -6 -5 -9 -8 -11 -4
right_child=1 -3 3 4 6 -7 9 8 -10 10 -12 -13
leaf_value=-0.00042159297811546518 0.00036384582298447333 0.00052649472807269249 3.9790663757947081e-05 -0.0003827434354471118 0.00026430726230548894 0.00039840723770683369 -0.00044875003276945049 -2.1982037834310423e-05 0.00050103147840127355 -0.00050259551545605067 -7.8503942262768411e-05 0.00048653492564111595
leaf_weight=60 83 61 66 62 57 82 78 579 50 50 283 52
leaf_count=60 83 61 66 62 57 82 78 579 50 50 283 52
internal_value=1.21086e-05 2.9422e-05 8.39466e-06 -1.33143e-05 -3.70831e-05 2.75075e-05 -0.000143768 -1.65067e-05 1.9593e-05 -0.000200362 -0.000142181 0.000236661
internal_weight=1563 1503 1442 1359 1241 773 468 691 629 411 333 118
internal_count=1563 1503 1442 1359 1241 773 468 691 629 411 333 118
is_linear=0
shrinkage=0.05


Tree=130
num_leaves=15
num_cat=0
split_feature=91 173 139 158 139 157 180 99 1 120 72 6 158 90
split_gain=0.00466247 0.00701876 0.00653281 0.00503826 0.00385547 0.00458007 0.010079 0.00638073 0.00478757 0.00375255 0.00346398 0.00217735 0.00292205 0.00238141
threshold=0.54073104262352001 1.2988575696945193 0.99126872420310985 0.64957574009895336 1.1717897057533266 0.71315234899520885 329.14918518066412 1.159321188926697 0.033482812345027931 0.37062166631221777 0.50902003049850475 0.12534916400909427 1.0378071069717409 0.69476342201232921
decision_type=2 2 2 2 2 2 2 2 2 2 2 2 2 2
left_child=1 2 -1 -4 5 6 -5 8 -7 11 -3 12 -2 -13
right_child=9 10 3 4 -6 7 -8 -9 -10 -11 -12 13 -14 -15
leaf_value=0.00062766375785241297 0.00033742351655813833 -0.00064161093742586678 -0.00043628411043982856 0.00068146900784995525 -0.00024833507910465504 9.7215383005284941e-05 -8.3722705620367877e-05 0.00058766205106971592 -0.00019290811560858856 -0.00056800901063252249 -9.1654194324319047e-05 -0.00037182336520271927 -0.00016380960813775245 4.5962402235663957e-06
leaf_weight=52 54 50 50 96 83 492 78 52 200 50 67 99 63 73
leaf_count=52 54 50 50 96 83 492 78 52 200 50 67 99 63 73
internal_value=-4.03209e-06 4.1548e-05 8.06074e-05 5.35408e-05 7.80076e-05 0.000107514 0.000338452 5.35037e-05 1.33647e-05 -0.000168067 -0.000326678 -9.88724e-05 6.75288e-05 -0.000212064
internal_weight=1559 1220 1103 1051 1001 918 174 744 692 339 117 289 117 172
internal_count=1559 1220 1103 1051 1001 918 174 744 692 339 117 289 117 172
is_linear=0
shrinkage=0.05


Tree=131
num_leaves=17
num_cat=0
split_feature=121 182 170 100 138 182 118 142 121 87 1 10 92 141 179 155
split_gain=0.00527726 0.00694511 0.00598365 0.00521139 0.00613584 0.00510034 0.00426124 0.00403099 0.00496385 0.00452918 0.00419735 0.00382825 0.00370905 0.00401977 0.00357364 0.00214984
threshold=0.031956268474459655 0.031149956397712234 6181009664.000001 1.1534727215766909 1.1125794649124148 0.022316786460578445 0.019581599161028865 0.98697674274444591 0.3038813322782517 0.11015725508332254 0.041810102760791786 1.0207361578941347 0.4978757649660111 1.0210326313972475 12.224852085113527 0.4027212411165238
decision_type=2 2 2 2 2 2 2 2 2 2 2 2 2 2 2 2
left_child=1 6 3 4 7 -5 -1 8 9 -2 12 15 14 -14 -9 -8
right_child=2 -3 -4 5 -6 -7 11 10 -10 -11 -12 -13 13 -15 -16 -17
leaf_value=0.00029580446362001173 -0.00031426514089896674 -0.0007295972590800376 0.00052027457937994423 4.3159697802280483e-06 -0.00052584850009387612 0.00069797562129404571 0.00020135722632678052 0.00017078024102072588 -0.00044601380356381042 0.00030762559577688893 0.00037478551224155943 -0.00052409978955244598 -0.00057593709169304931 1.841335654744674e-05 -7.6935957582970689e-05 -0.00020723978274717655
leaf_weight=57 52 50 62 53 56 53 53 361 97 67 95 61 50 66 244 82
leaf_count=57 52 50 62 53 56 53 53 361 97 67 95 61 50 66 244 82
internal_value=-3.83049e-06 -0.000191125 4.13528e-05 1.64841e-05 -1.61208e-05 0.000351146 -8.47074e-05 1.15389e-05 -0.000180529 3.5875e-05 6.23803e-05 -0.000195366 2.12174e-05 -0.000237772 7.08749e-05 -4.68276e-05
internal_weight=1559 303 1256 1194 1088 106 253 1032 216 119 816 196 721 116 605 135
internal_count=1559 303 1256 1194 1088 106 253 1032 216 119 816 196 721 116 605 135
is_linear=0
shrinkage=0.05


Tree=132
num_leaves=17
num_cat=0
split_feature=121 182 170 100 138 182 118 10 124 91 163 179 100 114 158 68
split_gain=0.00476273 0.00626796 0.00540024 0.00470328 0.00553759 0.00460305 0.00384577 0.00345499 0.00342169 0.00312694 0.0041042 0.00792905 0.00450186 0.00273056 0.00206133 0.00148
threshold=0.031956268474459655 0.031149956397712234 6181009664.000001 1.1534727215766909 1.1125794649124148 0.022316786460578445 0.019581599161028865 1.0207361578941347 0.025257439352571968 0.57252931594848644 331.58848571777349 6.314843177795411 1.0793120265007021 0.0038812115089967851 0.96551647782325756 0.36760178208351141
decision_type=2 2 2 2 2 2 2 2 2 2 2 2 2 2 2 2
left_child=1 6 3 4 8 -5 -1 14 9 10 11 -2 -12 15 -8 -11
right_child=2 -3 -4 5 -6 -7 7 -9 -10 13 12 -13 -14 -15 -16 -17
leaf_value=0.00028101423387150197 5.5682247925910596e-05 -0.00069311739016120557 0.00049426085355545153 4.1001731143245159e-06 -0.0004995560774529752 0.00066307684770985161 -0.00026623294969933836 -0.00049789480293406627 -0.00030310635025671218 0.00018618418663240378 3.4535963941468334e-05 0.00055519768394416053 -0.00046423740755274616 -0.00038327151655908421 0.00012765922639166669 -0.00016384958975871244
leaf_weight=57 286 50 62 53 56 53 59 61 80 58 309 110 53 73 76 63
leaf_count=57 286 50 62 53 56 53 59 61 80 58 309 110 53 73 76 63
internal_value=-3.63896e-06 -0.000181569 3.92851e-05 1.56599e-05 -1.53147e-05 0.000333589 -8.0472e-05 -0.000185598 1.09619e-05 3.73542e-05 8.31978e-05 0.000194437 -3.84889e-05 -0.000141766 -4.44862e-05 3.9352e-06
internal_weight=1559 303 1256 1194 1088 106 253 196 1032 952 758 396 362 194 135 121
internal_count=1559 303 1256 1194 1088 106 253 196 1032 952 758 396 362 194 135 121
is_linear=0
shrinkage=0.05


Tree=133
num_leaves=17
num_cat=0
split_feature=121 110 170 122 4 4 36 154 67 121 108 33 164 182 68 96
split_gain=0.00429836 0.00568254 0.00487372 0.00428375 0.00357886 0.00598572 0.0057876 0.00526295 0.00450937 0.00420501 0.00347591 0.00314282 0.00296225 0.00290571 0.0027226 0.00257355
threshold=0.031956268474459655 0.053300345316529281 6181009664.000001 0.019738839939236644 0.53809869289398204 0.48100048303604132 -0.81666666269302357 0.52158510684967052 0.15028203278779986 0.24587659537792209 0.024358862079679969 -0.50000001490116108 78.422283172607436 0.017165596596896652 0.50742980837821972 -0.94824460148811329
decision_type=2 2 2 2 2 2 2 2 2 2 2 2 2 2 2 2
left_child=1 10 3 4 5 6 13 11 12 -10 14 -6 -8 -2 -1 -9
right_child=2 -3 -4 -5 7 -7 8 15 9 -11 -12 -13 -14 -15 -16 -17
leaf_value=4.6483532815881363e-05 0.00015228712071626408 -0.00048803991551525097 0.00046954782085395567 -0.00039328273662965225 -0.00062759544715210625 0.00054635268940518686 0.00014726025413244211 -0.00011360713915200905 0.00054546336461953622 -9.7534331572417504e-06 0.00029275163823975342 -0.00014879829586320319 -0.00013146397392806272 0.00065040320931495027 -0.00038767248501351469 0.00038421162672521965
leaf_weight=77 67 97 62 61 53 65 122 50 64 73 61 97 436 52 68 54
leaf_count=77 67 97 62 61 53 65 122 50 64 73 61 97 436 52 68 54
internal_value=-3.45701e-06 -0.00017249 3.73209e-05 1.48769e-05 3.6852e-05 8.46214e-05 4.7751e-05 -0.00012846 -7.4171e-06 0.000249618 -2.39061e-05 -0.000317973 -7.05243e-05 0.000369951 -0.000157121 0.000144876
internal_weight=1559 303 1256 1194 1133 879 814 254 695 137 206 150 558 119 145 104
internal_count=1559 303 1256 1194 1133 879 814 254 695 137 206 150 558 119 145 104
is_linear=0
shrinkage=0.05


Tree=134
num_leaves=17
num_cat=0
split_feature=91 173 139 131 158 121 118 179 102 136 32 112 88 53 115 10
split_gain=0.0039503 0.00622301 0.00582208 0.00548567 0.00452505 0.00379565 0.00391669 0.00412232 0.00550742 0.0044407 0.00292914 0.00254601 0.00456213 0.00353553 0.00225224 0.00196888
threshold=0.54073104262352001 1.2988575696945193 0.99126872420310985 1.145037114620209 0.64957574009895336 0.032671887427568443 0.0075843939557671556 12.480301856994631 0.99227249622344982 0.85011026263237011 0.091666668653488173 -0.00018467992049409074 0.64367303252220165 0.52195262908935558 0.0019138865754939618 1.0207361578941347
decision_type=2 2 2 2 2 2 2 2 2 2 2 2 2 2 2 2
left_child=1 2 -1 -3 -4 10 -7 8 -8 -9 -6 12 14 -13 -2 -12
right_child=11 3 4 -5 5 6 7 9 -10 -11 15 13 -14 -15 -16 -17
leaf_value=0.00059189073350493211 1.9671965532729196e-06 3.5044070727963119e-06 -0.00041431000387092358 -0.00068427595097949418 -0.0004439310432924406 -0.00021216196925096585 -0.00023813066288130358 -0.00028439945555295377 0.00031966280620898555 0.00014281280685369391 0.00013136745680078984 -0.00065748407105988298 0.00036025526601588356 -7.1576540428325714e-05 -0.00034619159750188069 -0.00024314610914838604
leaf_weight=52 90 64 50 53 52 79 50 88 385 197 94 51 50 52 96 56
leaf_count=52 90 64 50 53 52 79 50 88 385 197 94 51 50 52 96 56
internal_value=-3.28416e-06 3.86707e-05 7.54493e-05 -0.000308054 4.98975e-05 7.30847e-05 0.00012204 0.000158709 0.000255549 1.09017e-05 -0.000120555 -0.000154272 -6.37482e-05 -0.000361686 -0.000177728 -8.45094e-06
internal_weight=1559 1220 1103 117 1051 1001 799 720 435 285 202 339 236 103 186 150
internal_count=1559 1220 1103 117 1051 1001 799 720 435 285 202 339 236 103 186 150
is_linear=0
shrinkage=0.05


Tree=135
num_leaves=13
num_cat=0
split_feature=75 160 88 34 156 85 69 92 150 120 121 179
split_gain=0.00347134 0.00688865 0.00368688 0.00416816 0.00424053 0.00344137 0.00330529 0.0035591 0.0033742 0.0044516 0.00378534 0.00258902
threshold=0.57160234451293956 0.8502715826034547 0.87889048457145702 0.65000000596046459 0.22768730670213702 0.50199994444847118 0.57903605699539196 0.249748170375824 1.2756127715110781 0.034294582903385169 0.076491270214319243 6.314843177795411
decision_type=2 2 2 2 2 2 2 2 2 2 2 2
left_child=1 -1 3 4 -3 -5 8 -8 9 -6 -10 -2
right_child=11 2 -4 5 6 -7 7 -9 10 -11 -12 -13
leaf_value=-0.0005571069234342836 2.4516080588909973e-05 0.00035607657600503673 0.00036215025756973778 -4.0643482061568652e-05 0.0003565905079711229 -0.00062727548596467394 -6.3913489462557578e-06 -0.00052987603137605928 -0.00035874224691490394 1.4750571550308678e-05 -1.6257331205912336e-05 0.0004797536060576648
leaf_weight=59 64 79 65 50 125 50 67 63 101 400 401 61
leaf_count=59 64 79 65 50 125 50 67 63 101 400 401 61
internal_value=-6.21449e-06 -2.78657e-05 -5.57791e-06 -2.34689e-05 1.65172e-06 -0.000333959 -2.25484e-05 -0.00026008 7.51888e-06 9.6141e-05 -8.51637e-05 0.000246672
internal_weight=1585 1460 1401 1336 1236 100 1157 130 1027 525 502 125
internal_count=1585 1460 1401 1336 1236 100 1157 130 1027 525 502 125
is_linear=0
shrinkage=0.05


Tree=136
num_leaves=19
num_cat=0
split_feature=75 160 66 75 108 160 3 173 32 57 57 27 41 163 118 180 119 151
split_gain=0.00313289 0.00621701 0.00374798 0.00379687 0.00494217 0.00604323 0.00417765 0.00552802 0.00792641 0.00452792 0.00379933 0.00368731 0.00320008 0.00310645 0.00255569 0.00237481 0.00218749 0.00208007
threshold=0.57160234451293956 0.8502715826034547 0.31139105558395391 0.44402422010898596 0.021625010296702388 1.5584252476692202 0.011158162262290718 0.9327591359615327 0.29166667163372045 0.50934395194053661 0.49537195265293127 0.52500000596046459 0.38333334028720861 209.21924591064456 0.30820135772228247 375.77818298339849 0.12292751669883729 0.90344139933586132
decision_type=2 2 2 2 2 2 2 2 2 2 2 2 2 2 2 2 2 2
left_child=1 -1 3 4 -3 -6 9 11 -9 10 12 -8 -5 14 -11 -15 -2 -10
right_child=16 2 -4 6 5 -7 7 8 17 13 -12 -13 -14 15 -16 -17 -18 -19
leaf_value=-0.00052925157987204839 -1.3488388895683996e-05 0.0001418302148242499 0.00041545782696987012 0.00021762461609539923 -0.00084959863509720889 -7.9727748894024096e-05 0.0001918976015652253 0.00072244309298576245 -0.00017083423091189973 -0.00044123658312304487 0.0004144963108274169 -0.00028258899643654277 -9.4917582804548761e-05 0.00022632185356719596 -3.0195291351704347e-05 -0.00014674568764077138 0.00041087253580060441 0.00028300215843773914
leaf_weight=59 52 52 51 117 50 52 79 79 51 132 64 85 273 59 53 154 73 50
leaf_count=59 52 52 51 117 50 52 79 79 51 132 64 85 273 59 53 154 73 50
internal_value=-5.90377e-06 -2.64724e-05 -5.29902e-06 -2.11943e-05 -0.000254874 -0.000457115 8.89492e-06 0.000155961 0.000347281 -5.04837e-05 5.74391e-05 -5.40253e-05 -1.15492e-06 -0.000173592 -0.000323479 -4.34077e-05 0.000234338 5.38372e-05
internal_weight=1585 1460 1401 1350 154 102 1196 344 180 852 454 164 390 398 185 213 125 101
internal_count=1585 1460 1401 1350 154 102 1196 344 180 852 454 164 390 398 185 213 125 101
is_linear=0
shrinkage=0.05


Tree=137
num_leaves=24
num_cat=1
split_feature=52 182 45 26 37 88 20 124 126 88 120 120 162 116 120 140 122 186 177 122 121 174 171
split_gain=0.00284482 0.00580409 0.00608723 0.00433071 0.00633509 0.0046165 0.00854248 0.00744417 0.00466249 0.00438197 0.00407823 0.00358424 0.00354866 0.00350482 0.00314959 0.00309886 0.00287146 0.0032747 0.0080527 0.00286085 0.00276531 0.00254737 0.00209255
threshold=0.091666668653488173 0.036190010607242591 0.47499999403953558 0.25000000745058065 0.45833332836627966 0.32070945203304296 0.77925843000411998 -0.0002819705987349152 1.0000000180025095e-35 0.016887415200471882 0.019592866301536564 0.028620306402444843 98.228282928466811 -0.00042760545329656447 0.18625677376985553 1.0674201846122744 -0.010224297177046536 0 145.6386413574219 0.00086310593178495776 0.25852294266223913 17.618583679199222 78655176.000000015
decision_type=2 2 2 2 2 2 2 2 2 2 2 2 2 2 2 2 2 1 2 2 2 2 2
left_child=3 2 14 4 9 11 7 8 -7 12 -11 15 -1 -12 -2 -5 -13 18 22 -19 -21 -14 -18
right_child=1 -3 -4 5 -6 6 -8 -9 -10 10 13 16 21 -15 -16 -17 17 19 -20 20 -22 -23 -24
leaf_value=-0.00017018819580474052 -0.00050529651730375498 -0.00063394989576373323 0.00028906321688041586 5.2581682975869629e-06 -0.00062185468799297653 0.00055218270740985489 -0.00030627568423438308 0.00087021818330495235 -3.71490636911055e-06 -0.00054951785195660175 -0.00029491946744357738 -0.00033197508345364371 1.9237035695522383e-05 0.00025771784270406129 -1.8319544450724094e-05 0.00056193176680244511 -0.00028337705240449976 9.9331263953610069e-05 0.0006759334200102207 -0.00049875544229088028 -4.8893554291377467e-05 0.00040806147649506192 0.0001568742732075098
leaf_weight=81 64 51 85 50 51 63 53 61 94 62 64 74 77 52 69 50 55 91 55 65 72 93 53
leaf_count=81 64 51 85 50 51 63 53 61 94 62 64 74 77 52 69 50 55 91 55 65 72 93 53
internal_value=-5.60858e-06 -0.00015377 -4.14342e-05 2.46767e-05 -9.5026e-05 9.34055e-05 0.000263059 0.000401475 0.000219352 -3.2396e-05 -0.000222155 1.20318e-05 0.000102174 -4.71855e-05 -0.000252654 0.000283595 -4.63688e-05 7.68451e-06 0.000172861 -0.000113026 -0.000262332 0.000231947 -6.73278e-05
internal_weight=1585 269 218 1316 480 836 271 218 157 429 178 565 251 116 133 100 465 391 163 228 137 170 108
internal_count=1585 269 218 1316 480 836 271 218 157 429 178 565 251 116 133 100 465 391 163 228 137 170 108
cat_boundaries=0 1
cat_threshold=26
is_linear=0
shrinkage=0.05


Tree=138
num_leaves=21
num_cat=0
split_feature=42 161 161 1 40 114 37 91 94 128 3 109 124 58 127 132 182 101 73 84
split_gain=0.00279774 0.00839342 0.00463574 0.00922331 0.00455946 0.00399096 0.00394517 0.00658661 0.0043322 0.0040564 0.00392428 0.00350588 0.00317849 0.00697744 0.00267112 0.00247176 0.00235308 0.00226249 0.00221787 0.00207757
threshold=0.52500000596046459 1.1325897574424746 1.1325897574424746 0.031649537384510047 0.47499999403953558 0.0067579781170934447 0.4916666597127915 0.4529132097959519 0.38135994970798498 1.044652044773102 0.005018828436732293 0.0291651850566268 0.013165613636374475 0.57949447631835949 1.0828150510787966 0.98924377560615551 0.022759797982871536 1.1112312078475954 0.55633336305618297 0.6092195212841035
decision_type=2 2 2 2 2 2 2 2 2 2 2 2 2 2 2 2 2 2 2 2
left_child=2 -2 3 -1 -3 16 8 -8 12 -10 17 -12 13 -4 19 -13 -6 18 -11 -15
right_child=1 4 6 -5 5 -7 7 -9 9 10 11 15 -14 14 -16 -17 -18 -19 -20 -21
leaf_value=-6.3093229042617289e-06 -0.00072996290566516115 0.00030438444205413504 0.00047569084630277566 0.00083702017978865516 -9.6968573315609055e-05 0.00023014444672703074 -0.00050680168184199115 0.00011045617894069438 -0.00013737056888961282 0.00041546999453555603 0.00073682830758009326 0.00052911363080983948 -0.00034056702128112395 3.4966932225330666e-05 -0.00042365918799198044 9.1638056680535976e-05 -0.00047249203415897987 -0.0002337682354846038 -4.6669649452303056e-05 -0.00029712050839104151
leaf_weight=89 50 76 63 51 94 54 94 80 96 50 51 51 87 219 53 88 75 50 54 60
leaf_count=89 50 76 63 51 94 54 94 80 96 50 51 51 87 219 53 88 75 50 54 60
internal_value=-5.32815e-06 -0.000130341 2.99708e-05 0.000300904 -3.007e-05 -0.000144054 -4.63735e-06 -0.000223005 3.6573e-05 0.00015001 0.00023021 0.000382248 -6.69797e-05 -6.72123e-06 -9.82633e-05 0.000252151 -0.000263621 4.26294e-05 0.000175513 -3.64497e-05
internal_weight=1585 349 1236 140 299 223 1096 174 922 440 344 190 482 395 332 139 169 154 104 279
internal_count=1585 349 1236 140 299 223 1096 174 922 440 344 190 482 395 332 139 169 154 104 279
is_linear=0
shrinkage=0.05


Tree=139
num_leaves=16
num_cat=0
split_feature=75 160 66 75 108 160 150 62 100 183 183 123 5 168 179
split_gain=0.00277516 0.0053466 0.00349715 0.00333846 0.00414053 0.00532683 0.00376278 0.00434517 0.00373777 0.00372291 0.00631503 0.00303537 0.003566 0.00277696 0.00221855
threshold=0.57160234451293956 0.8502715826034547 0.31139105558395391 0.44402422010898596 0.021625010296702388 1.5584252476692202 1.1263820528984072 0.58755028247833263 1.1634926795959475 -0.0060443154070526353 -0.015584441833198069 0.015466149896383287 0.013229217380285265 0.015031170565634968 6.314843177795411
decision_type=2 2 2 2 2 2 2 2 2 2 2 2 2 2 2
left_child=1 -1 3 4 -3 -6 7 9 11 10 -5 12 -8 -11 -2
right_child=14 2 -4 6 5 -7 8 -9 -10 13 -12 -13 -14 -15 -16
leaf_value=-0.00049067755881894253 1.5400618326566474e-05 0.00012384931100174211 0.00040164858581585004 0.00014779172943926364 -0.00079285897193767598 -7.0059451872321707e-05 -0.00010456162065787106 -0.00025567511049461169 0.00031363450475895417 0.00022793115694600167 0.00074324089913598956 -0.00042070853810604502 0.00032977990941407583 -0.00013785632473329559 0.00043681092591542125
leaf_weight=59 64 52 51 158 50 52 518 69 59 92 62 67 52 119 61
leaf_count=59 64 52 51 158 50 52 518 69 59 92 62 67 52 119 61
internal_value=-5.06174e-06 -2.44205e-05 -4.78515e-06 -2.01393e-05 -0.000239259 -0.000424373 8.07509e-06 0.00011271 -6.7094e-05 0.000171686 0.0003156 -0.000102358 -6.49375e-05 2.1634e-05 0.000221049
internal_weight=1585 1460 1401 1350 154 102 1196 500 696 431 220 637 570 211 125
internal_count=1585 1460 1401 1350 154 102 1196 500 696 431 220 637 570 211 125
is_linear=0
shrinkage=0.05


Tree=140
num_leaves=10
num_cat=0
split_feature=159 19 15 36 37 168 26 78 122
split_gain=0.00389308 0.00401692 0.00551756 0.00542389 0.00411857 0.00327849 0.00518488 0.0050684 0.00405791
threshold=0.76814499497413646 0.79266574978828441 0.86250001192092907 0.78333333134651195 0.82499998807907116 -13.570085525512694 0.28333334624767309 0.099989347159862532 0.011548947542905809
decision_type=2 2 2 2 2 2 2 2 2
left_child=-1 2 3 4 5 -2 7 -7 -8
right_child=1 -3 -4 -5 -6 6 8 -9 -10
leaf_value=0.00041459921229505668 0.00026187272985422623 -0.00034534968397730904 0.00041163358247826978 -0.0004494345845185827 0.00040346272637448318 -6.6176521593213334e-05 9.5736278357413826e-05 -0.00043392489574390166 -0.0002472050743374056
leaf_weight=54 97 88 78 70 61 329 591 131 101
leaf_count=54 97 88 78 70 61 329 591 131 101
internal_value=-2.71647e-06 -1.72928e-05 2.50759e-06 -2.06169e-05 2.297e-06 -1.72956e-05 -4.08019e-05 -0.000170905 4.56827e-05
internal_weight=1600 1546 1458 1380 1310 1249 1152 460 692
internal_count=1600 1546 1458 1380 1310 1249 1152 460 692
is_linear=0
shrinkage=0.05


Tree=141
num_leaves=13
num_cat=0
split_feature=159 19 139 36 36 110 101 103 108 83 170 93
split_gain=0.00351351 0.00362527 0.00508245 0.0046703 0.0039631 0.00759499 0.00527479 0.00603239 0.0036895 0.00308618 0.00428483 0.00282573
threshold=0.76814499497413646 0.79266574978828441 0.99126872420310985 0.78333333134651195 0.55000001192092907 0.063153948634862914 0.84330335259437572 1.03684538602829 0.021061671897768978 0.63561543822288524 1176823616.0000002 2.1083959341049199
decision_type=2 2 2 2 2 2 2 2 2 2 2 2
left_child=-1 2 -2 4 6 8 7 -4 -6 11 -11 -8
right_child=1 -3 3 -5 5 -7 9 -9 -10 10 -12 -13
leaf_value=0.00039386925068861779 0.00046519945234282651 -0.00032808219874079281 -5.9983238131010961e-05 -0.00039242018135085413 0.00024672133018311895 0.00069310838611783227 -0.00010161806311758927 -0.00071595838666677059 -0.00019906754595661806 2.0709503397760591e-05 -0.00051707390826308145 0.00010939597057720206
leaf_weight=54 57 88 91 78 97 57 222 57 89 92 62 556
leaf_count=54 57 88 91 78 97 57 222 57 89 92 62 556
internal_value=-2.58064e-06 -1.64282e-05 2.38221e-06 -1.64476e-05 5.71857e-06 0.000188157 -3.53301e-05 -0.000312622 3.34137e-05 8.70348e-06 -0.000195801 4.91837e-05
internal_weight=1600 1546 1458 1401 1323 243 1080 148 186 932 154 778
internal_count=1600 1546 1458 1401 1323 243 1080 148 186 932 154 778
is_linear=0
shrinkage=0.05


Tree=142
num_leaves=12
num_cat=0
split_feature=159 161 119 155 69 1 68 1 161 163 13
split_gain=0.00317094 0.00348193 0.00333497 0.0041362 0.00772801 0.0040077 0.00756993 0.00550856 0.00467593 0.00358705 0.00229773
threshold=0.76814499497413646 1.016067683696747 0.0031555907335132365 0.21835277229547503 0.64739981293678295 0.049312602728605277 0.5009022355079652 0.03781064227223397 1.389787554740906 209.21924591064456 0.94999998807907116
decision_type=2 2 2 2 2 2 2 2 2 2 2
left_child=-1 -2 9 -4 5 7 -7 10 -9 -3 -5
right_child=1 2 3 4 -6 6 -8 8 -10 -11 -12
leaf_value=0.00037417578986841598 -0.00039912431827376666 -3.8196297334382381e-05 -0.0003814640857423288 -2.3409526707216435e-05 0.00058934416391443769 8.862723282488462e-05 -0.00074504855690734858 0.00060918409763539719 5.1286169721323106e-05 0.00051178470972762817 -0.00033794924492535613
leaf_weight=54 57 56 76 914 53 56 53 63 93 63 62
leaf_count=54 57 56 76 914 53 56 53 63 93 63 62
internal_value=-2.45161e-06 -1.56068e-05 -9.25442e-07 -2.29791e-05 -1.92439e-06 -2.7176e-05 -0.000316738 7.05876e-07 0.000276591 0.00025297 -4.33905e-05
internal_weight=1600 1546 1489 1370 1294 1241 109 1132 156 119 976
internal_count=1600 1546 1489 1370 1294 1241 109 1132 156 119 976
is_linear=0
shrinkage=0.05


Tree=143
num_leaves=19
num_cat=0
split_feature=159 86 6 151 31 136 141 1 19 89 140 117 71 110 160 118 69 169
split_gain=0.00286177 0.00329238 0.00712206 0.00558838 0.00660556 0.00454962 0.00619361 0.00489954 0.00462216 0.00400359 0.00538614 0.00390291 0.00340955 0.00284644 0.00267676 0.00237385 0.00356907 0.00267089
threshold=0.76814499497413646 0.63693982362747203 0.041997354477643974 0.72091567516326915 0.11666667088866235 0.82276079058647167 1.0475679039955141 0.054337373003363616 0.35888533294200903 -0.032468881458044045 1.0423309206962588 0.29124853014945989 0.5254860818386079 0.059877686202526099 1.2433035969734194 0.020382990129292015 0.49509075284004217 -0.3653398305177688
decision_type=2 2 2 2 2 2 2 2 2 2 2 2 2 2 2 2 2 2
left_child=-1 5 -3 -4 -5 6 8 12 11 -6 -11 -2 13 15 -14 16 -7 -17
right_child=1 2 3 4 9 7 -8 -9 -10 10 -12 -13 14 -15 -16 17 -18 -19
leaf_value=0.00035546700330963142 0.00040467027178879914 0.0004927566815200882 -0.00048573350921323453 0.00048922836222855778 0.00030383721254371006 -0.00049366495729754537 -0.00074196181741689217 0.00042118523097381134 -0.00042589546460658316 4.1740561761058024e-05 -0.0005609538149049816 -0.00018371428679009633 -2.1623489268677079e-05 0.00034647453840906651 -0.00051158103784213643 -0.00032579083094606181 2.0621959260638138e-05 5.8995022900489861e-05
leaf_weight=54 51 92 51 74 56 62 51 62 75 97 60 63 50 55 63 50 74 460
leaf_count=54 51 92 51 74 56 62 51 62 75 97 60 63 50 55 63 50 74 460
internal_value=-2.32903e-06 -1.48264e-05 0.000102722 -3.44089e-06 8.22627e-05 -6.01185e-05 -0.000252992 -7.27652e-06 -0.000121047 -5.91245e-05 -0.000188588 7.95104e-05 -3.99112e-05 1.17413e-06 -0.000294786 -2.82245e-05 -0.000213832 2.12709e-05
internal_weight=1600 1546 430 338 287 1116 240 876 189 213 157 114 814 701 113 646 136 510
internal_count=1600 1546 430 338 287 1116 240 876 189 213 157 114 814 701 113 646 136 510
is_linear=0
shrinkage=0.05


Tree=144
num_leaves=10
num_cat=0
split_feature=159 19 138 83 170 68 89 123 37
split_gain=0.00258275 0.00308977 0.00480141 0.00424441 0.00317087 0.00270902 0.00296046 0.00337885 0.00305096
threshold=0.76814499497413646 0.79266574978828441 1.0008822679519656 0.67123147845268261 4930363136.000001 0.74659305810928356 -0.66616037487983693 0.021367114037275318 0.69166666269302379
decision_type=2 2 2 2 2 2 2 2 2
left_child=-1 2 3 -2 5 6 -4 8 -8
right_child=1 -3 4 -5 -6 -7 7 -9 -10
leaf_value=0.00033769365030888435 0.0006633948154048994 -0.00030180230560290512 0.00027745408548739484 1.1903164020623082e-05 -0.00032470439865044034 -0.00033298510339375493 -2.270952168716585e-05 -0.0004108763089534478 0.00022997518217579435
leaf_weight=54 50 88 98 50 81 59 933 50 137
leaf_count=54 50 88 98 50 81 59 933 50 137
internal_value=-2.21258e-06 -1.40851e-05 3.28054e-06 0.000337649 -2.13416e-05 -2.09931e-06 1.39288e-05 -9.12964e-06 9.64357e-06
internal_weight=1600 1546 1458 100 1358 1277 1218 1120 1070
internal_count=1600 1546 1458 100 1358 1277 1218 1120 1070
is_linear=0
shrinkage=0.05


Tree=145
num_leaves=23
num_cat=1
split_feature=118 157 34 116 115 186 120 100 125 111 78 170 118 109 6 5 117 157 132 127 90 183
split_gain=0.00421818 0.00592664 0.00472366 0.00495616 0.0042381 0.00409637 0.00401404 0.0034786 0.00359601 0.00453233 0.00683352 0.00357251 0.00335397 0.00303799 0.00302498 0.00286806 0.00231824 0.00215866 0.0019533 0.00186148 0.00165406 0.0015631
threshold=0.079044248908758177 0.53149884939193737 -0.65000000596046437 -0.00057967522297985841 -0.0016156455967575309 0 0.12390156835317613 1.1534727215766909 -0.095409039407968507 0.045497694984078414 0.1676561310887337 2678242176.0000005 0.27942457795143133 0.019548480398952964 0.11067366600036622 0.0035521074896678333 0.20289675891399386 0.81644922494888317 0.97278508543968212 1.0332851409912112 0.24010787904262546 -0.010197841562330721
decision_type=2 2 2 2 2 1 2 2 2 2 2 2 2 2 2 2 2 2 2 2 2 2
left_child=1 -1 6 4 -4 19 -3 8 -2 12 11 17 13 -10 -7 -14 -16 21 -19 -5 -8 -11
right_child=7 2 3 5 -6 14 20 -9 9 10 -12 -13 15 -15 16 -17 -18 18 -20 -21 -22 -23
leaf_value=0.00056234170200955959 0.00029544391756644475 0.00050508408016396752 -6.4650980562393394e-05 -0.00011011805842880516 0.0005770777809884748 -0.00059276111898666831 -0.00015070356729545825 0.00023292820267394409 0.00010815205582050905 -5.9870643599424515e-05 -0.00064988842438781704 -0.00047047599736247525 -4.1034076130017641e-05 -0.00029683629841798908 -0.00040382986285895082 0.00044299209666728595 4.4884746984323666e-05 0.00029225914209382608 -6.0580901918326298e-05 0.00031502065254384296 0.00024431975745653104 -0.0004352679642595416
leaf_weight=63 55 87 53 51 50 62 53 89 87 54 77 67 55 99 53 69 63 50 182 52 53 57
leaf_count=63 55 87 53 51 50 62 53 89 87 54 77 67 55 99 53 69 63 50 182 52 53 57
internal_value=2.8401e-06 0.000101871 5.15944e-05 -4.98281e-05 0.000246868 -0.000158581 0.000253388 -6.45136e-05 -9.55844e-05 -0.000122569 -0.000217699 -0.000136532 2.68775e-05 -0.000107406 -0.00029429 0.000228303 -0.000160131 -7.13005e-05 1.54622e-05 9.5266e-05 4.68081e-05 -0.000252642
internal_weight=1581 640 577 384 103 281 193 941 852 797 487 410 310 186 178 124 116 343 232 103 106 111
internal_count=1581 640 577 384 103 281 193 941 852 797 487 410 310 186 178 124 116 343 232 103 106 111
cat_boundaries=0 1
cat_threshold=105
is_linear=0
shrinkage=0.05


Tree=146
num_leaves=22
num_cat=1
split_feature=118 157 155 34 116 119 115 186 127 112 100 77 118 109 107 161 117 73 69 5 116
split_gain=0.0038069 0.00534879 0.0045394 0.0042631 0.00447293 0.00421709 0.00382489 0.00369697 0.00351101 0.0043637 0.00647568 0.004057 0.00384396 0.00437879 0.00479592 0.00440382 0.00278799 0.00246024 0.00176996 0.00165526 0.00162555
threshold=0.079044248908758177 0.53149884939193737 0.21445644646883014 -0.65000000596046437 -0.00057967522297985841 0.048047782853245742 -0.0016156455967575309 0 1.1331510543823244 -0.013738453853875397 1.1534727215766909 0.49293284118175512 0.48907503485679632 0.0208002207800746 0.017793685197830204 1.4686051011085512 0.39131723344326025 0.49171602725982672 0.50228422880172741 0.0027937296545132999 0.0021026930771768097
decision_type=2 2 2 2 2 2 2 1 2 2 2 2 2 2 2 2 2 2 2 2 2
left_child=1 -1 -2 5 6 -3 -5 18 9 11 12 -4 13 15 -15 -11 20 -7 -6 -14 -9
right_child=2 3 8 4 7 17 -8 16 -10 10 -12 -13 19 14 -16 -17 -18 -19 -20 -21 -22
leaf_value=0.00053422460756654994 -0.00049785588817030657 0.00063597708672750747 -1.2571923725772649e-05 -6.1418434175583629e-05 -0.00011000134251719597 -0.00012149137041199015 0.00054822389617038435 -0.00059834170281716911 0.00029848415852278752 0.00038624916533454745 0.00053623501711990687 -0.00056098979680841289 -2.6231033087242395e-05 -0.00035233808517432408 4.0144397598469218e-05 -0.00014322198341901906 4.5790025372601432e-06 0.00029452403014856117 0.00030455516173770567 0.00034719906406068847 -0.00023585028770790138
leaf_weight=63 56 50 60 53 51 66 50 65 73 73 50 77 50 225 119 85 54 77 52 73 59
leaf_count=63 56 50 60 53 51 66 50 65 73 73 50 77 50 225 119 85 54 77 52 73 59
internal_value=2.69809e-06 9.67775e-05 -6.12879e-05 4.90147e-05 -4.73367e-05 0.000240719 0.000234524 -0.000150652 -3.36633e-05 -6.35238e-05 -1.13049e-05 -0.000320807 -5.51081e-05 -0.000116487 -0.000216567 0.000101407 -0.000279575 0.000102517 9.05027e-05 0.000195398 -0.000425866
internal_weight=1581 640 941 577 384 193 103 281 885 812 675 137 625 502 344 158 178 143 103 123 124
internal_count=1581 640 941 577 384 193 103 281 885 812 675 137 625 502 344 158 178 143 103 123 124
cat_boundaries=0 1
cat_threshold=105
is_linear=0
shrinkage=0.05


Tree=147
num_leaves=21
num_cat=0
split_feature=118 101 57 97 90 155 90 122 127 123 34 161 86 170 37 174 125 10 111 133
split_gain=0.00343573 0.00456885 0.00633022 0.00520017 0.00464542 0.0040968 0.00383912 0.00387073 0.00316869 0.00417088 0.00357029 0.00362384 0.00431445 0.00353602 0.00330123 0.00310696 0.00274711 0.00224908 0.00282164 0.00203142
threshold=0.079044248908758177 0.84759247303009044 0.50934395194053661 1.0235419869422915 0.35856354236602789 0.21445644646883014 -0.33627313375473017 0.003731755656190217 1.1331510543823244 -0.037994414567947381 -0.74999999999999989 1.4501407742500307 0.47837053239345556 2638577024.0000005 -0.44166666269302363 21.694730758666996 0.0002324515153304674 1.0262555480003359 0.059716369956731803 0.97639909386634838
decision_type=2 2 2 2 2 2 2 2 2 2 2 2 2 2 2 2 2 2 2 2
left_child=1 3 4 -1 6 -2 -3 15 9 -7 13 12 14 -11 -12 -8 19 18 -13 -4
right_child=5 2 16 -5 -6 8 7 -9 -10 10 11 17 -14 -15 -16 -17 -18 -19 -20 -21
leaf_value=0.00071666848063550639 -0.00047296309008483409 0.00039324118781981581 0.00018646630330476912 3.5163735738024116e-05 0.00046216640062817947 -0.00050273080938495701 0.0003953904592781328 -0.00040088463283609603 0.00028355995523831039 -7.604701264275113e-05 -0.00018934320649982561 -5.0914427549741963e-06 0.00047599933776789271 -0.0005945877780904993 0.00021609626116644777 -0.00011622553762233473 -0.00045935306891558203 0.00021342323201714374 -0.00032214183143223639 -0.00022283354110776921
leaf_weight=57 56 60 50 55 93 50 50 59 73 96 91 160 76 50 112 73 66 52 125 77
leaf_count=57 56 60 50 55 93 50 50 59 73 96 91 160 76 50 112 73 66 52 125 77
internal_value=2.56319e-06 9.19387e-05 3.04103e-05 0.000382001 0.000161817 -5.82235e-05 4.6394e-05 -6.79513e-05 -3.19801e-05 -6.03477e-05 -3.13199e-05 2.13704e-05 0.000154654 -0.000253629 3.43475e-05 9.17484e-05 -0.00019768 -8.89743e-05 -0.000144149 -6.16919e-05
internal_weight=1581 640 528 112 335 941 242 182 885 812 762 616 279 146 203 123 193 337 285 127
internal_count=1581 640 528 112 335 941 242 182 885 812 762 616 279 146 203 123 193 337 285 127
is_linear=0
shrinkage=0.05


Tree=148
num_leaves=14
num_cat=0
split_feature=27 37 170 110 126 124 3 152 1 3 26 124 72
split_gain=0.00326314 0.00780558 0.00502918 0.00451573 0.00357484 0.00405864 0.00343439 0.00338032 0.00402438 0.00369482 0.00298373 0.00245105 0.00234257
threshold=0.14166667312383655 -0.44166666269302363 5888409856.000001 0.097832113504409804 -0.13490649312734601 -0.075753938406705842 0.0091731431894004362 0.31681647896766668 0.03574370592832566 0.024011736735701564 0.41666667163372045 -0.033167798072099679 0.47463810443878179
decision_type=2 2 2 2 2 2 2 2 2 2 2 2 2
left_child=1 6 3 4 -2 -6 10 9 11 12 -1 -9 -7
right_child=2 -3 -4 -5 5 7 -8 8 -10 -11 -12 -13 -14
leaf_value=0.00029511820960679972 0.00026671506825306265 0.00054370572342827726 -0.00046051708219657975 0.00042142276486566545 -0.00049630160420201718 -0.0003256721503069122 -0.00031732528675302793 -0.00025500175627992294 0.00045633012750407773 -0.00050729336475270951 -0.00018357027832940269 9.82075822077007e-05 -2.9966550915779532e-05
leaf_weight=90 93 89 65 58 50 76 65 65 63 51 51 201 564
leaf_count=90 93 89 65 58 50 76 65 65 63 51 51 201 564
internal_value=2.43503e-06 0.000152414 -3.19692e-05 -9.15547e-06 -3.06288e-05 -5.64728e-05 -1.66388e-05 -3.49125e-05 9.70012e-05 -9.77195e-05 0.000121976 1.1897e-05 -6.50816e-05
internal_weight=1581 295 1286 1221 1163 1070 206 1020 329 691 141 266 640
internal_count=1581 295 1286 1221 1163 1070 206 1020 329 691 141 266 640
is_linear=0
shrinkage=0.05


Tree=149
num_leaves=25
num_cat=0
split_feature=75 109 162 56 127 46 172 172 152 127 177 107 11 1 28 96 178 152 177 12 110 120 167 21
split_gain=0.00308741 0.00284872 0.00588152 0.00783127 0.00407996 0.00426422 0.00371045 0.00705093 0.00797623 0.00526098 0.00500723 0.00456239 0.00337743 0.00398356 0.0027047 0.00260638 0.00241425 0.00336503 0.00227811 0.00212044 0.00211401 0.00191619 0.00184397 0.00153038
threshold=0.57554885745048534 0.019129222258925441 320.70924377441412 0.4632690846920014 1.0460852384567263 0.58333334326744091 79793636.000000015 49445294.000000007 0.26307791471481329 1.0879817605018618 181.51367187500003 0.016633716411888603 0.9819980561733247 0.041447937488555915 0.30000000447034841 -0.94824460148811329 -11.594811916351317 0.24761071801185611 1281.444274902344 0.1563663333654404 0.038377588614821441 0.18625677376985553 -1.3746345043182371 0.24688493460416797
decision_type=2 2 2 2 2 2 2 2 2 2 2 2 2 2 2 2 2 2 2 2 2 2 2 2
left_child=1 2 3 -1 5 16 7 9 -9 10 -6 -12 -8 22 -4 -2 21 20 -16 -11 -18 -3 -14 -24
right_child=15 4 14 -5 6 -7 12 8 -10 19 11 -13 13 -15 18 -17 17 -19 -20 -21 -22 -23 23 -25
leaf_value=1.1655852675528056e-05 0.00048762789708140696 -0.000309161059434094 0.00021038720768763489 0.00083125540351664483 -0.00015523184129284719 0.00015348460439929261 0.00017613583852407939 2.5128311011940242e-05 0.00090959680797263556 -0.00051471732925468432 2.3124500766466814e-05 0.0006549272659838373 -0.00031239527673059117 -0.0005016329563856031 -0.00039546538739614339 1.3614950349337645e-05 -0.00042256041391131776 -0.00063170216185714221 2.1658923532101395e-05 -7.7857275314048913e-05 3.4963640398927969e-05 7.8511109811241867e-05 0.0001992567808690982 -0.00012509313778144045
leaf_weight=62 58 60 66 55 78 74 83 50 52 51 53 62 58 74 64 58 51 79 67 61 50 68 66 81
leaf_count=62 58 60 66 55 78 74 83 50 52 51 53 62 58 74 64 58 51 79 67 61 50 68 66 81
internal_value=2.31327e-06 -1.7348e-05 0.000116142 0.000396938 -5.37649e-05 -0.00018733 1.25832e-05 0.000116164 0.000476034 -4.18647e-06 0.000154005 0.000363749 -0.000103873 -0.000187173 -5.06248e-05 0.000250621 -0.000269214 -0.00038726 -0.000182127 -0.000276785 -0.000196063 -0.00010321 -7.36611e-05 2.05334e-05
internal_weight=1581 1465 314 117 1151 382 769 407 102 305 193 115 362 279 197 116 308 180 131 112 101 128 205 147
internal_count=1581 1465 314 117 1151 382 769 407 102 305 193 115 362 279 197 116 308 180 131 112 101 128 205 147
is_linear=0
shrinkage=0.05


Tree=150
num_leaves=11
num_cat=0
split_feature=1 70 1 127 138 36 129 161 128 126
split_gain=0.00521261 0.00348105 0.00457182 0.00307282 0.00382717 0.0037782 0.00268707 0.00532393 0.003521 0.00212695
threshold=0.074095718562603011 0.55566003918647777 0.048396617174148567 1.0146754980087282 1.0015876293182375 0.78333333134651195 1.2702407240867617 1.0826959609985354 1.1914563179016116 0.0062173353508114823
decision_type=2 2 2 2 2 2 2 2 2 2
left_child=1 3 -3 9 -5 6 7 -6 -9 -1
right_child=-2 2 -4 4 5 -7 -8 8 -10 -11
leaf_value=-0.00044642151437250093 0.00048952871543588125 -2.0502510254600031e-05 -0.00058254042234318429 0.00040948717907970911 0.00047336604391492792 -0.00040070186914817899 -0.00030284255309331951 -1.4426756120233598e-05 0.00036877567179089966 -4.9406565754120622e-05
leaf_weight=62 50 85 63 60 66 56 61 946 64 74
leaf_count=62 50 85 63 60 66 56 61 946 64 74
internal_value=-1.28846e-05 -2.92286e-05 -0.000259748 -4.66638e-06 1.98345e-05 2.37544e-07 1.99848e-05 3.82863e-05 9.85538e-06 -0.000230399
internal_weight=1587 1537 148 1389 1253 1193 1137 1076 1010 136
internal_count=1587 1537 148 1389 1253 1193 1137 1076 1010 136
is_linear=0
shrinkage=0.05


Tree=151
num_leaves=17
num_cat=0
split_feature=1 70 111 107 69 175 136 126 72 181 164 103 120 6 160 41
split_gain=0.00470438 0.00314164 0.00608417 0.00294286 0.00430544 0.00653561 0.0045391 0.00403706 0.00501315 0.00398082 0.00367891 0.00334963 0.004346 0.00286069 0.00227868 0.00226897
threshold=0.074095718562603011 0.55566003918647777 0.046663139015436179 0.01645611505955458 0.39337043464183813 18.69295692443848 0.75753438472747814 0.04212018474936486 0.51601326465606701 0.021358416415750984 261.89033508300787 1.0116425752639773 0.029438832774758342 0.029549632221460346 1.3960807323455813 0.48333333432674414
decision_type=2 2 2 2 2 2 2 2 2 2 2 2 2 2 2 2
left_child=1 3 -3 7 5 -5 -6 8 9 13 -11 -8 -13 -1 -15 -14
right_child=-2 2 -4 4 6 -7 11 -9 -10 10 -12 12 15 14 -16 -17
leaf_value=-0.00038386298158729919 0.00046505229088143095 9.6266499599880566e-05 -0.00054636721483054514 2.9780614002245585e-05 -0.00029813101942430145 0.00076540451804108813 0.00037698473481727075 -0.00049305234866585791 0.00044194153591524811 -0.0006707054104044801 -6.7146073207350484e-05 0.00035491720381951135 -0.00017877912861002416 8.9870657551795448e-05 -0.00013979695009586494 0.00012452072975672007
leaf_weight=50 50 69 79 72 97 52 78 53 50 50 51 74 183 324 162 93
leaf_count=50 50 69 79 72 97 52 78 53 50 50 51 74 183 324 162 93
internal_value=-1.22404e-05 -2.77672e-05 -0.000246761 -4.43306e-06 7.32805e-05 0.000338268 1.0693e-05 -7.259e-05 -4.01526e-05 -7.79935e-05 -0.000365938 8.06835e-05 1.46506e-05 -2.37354e-05 1.33148e-05 -7.65803e-05
internal_weight=1587 1537 148 1389 649 124 525 740 687 637 101 428 350 536 486 276
internal_count=1587 1537 148 1389 649 124 525 740 687 637 101 428 350 536 486 276
is_linear=0
shrinkage=0.05


Tree=152
num_leaves=18
num_cat=0
split_feature=1 1 156 86 1 46 103 172 120 124 80 123 160 161 161 120 146
split_gain=0.0042457 0.00293052 0.00845453 0.00337545 0.00802731 0.0062464 0.00481808 0.00342906 0.00290327 0.00438398 0.00247349 0.002283 0.00292117 0.00244293 0.00467528 0.0034686 0.00117987
threshold=0.074095718562603011 0.050403060391545303 0.39483198523521429 0.59811276197433483 0.033762168139219291 0.48333333432674414 1.0822287797927859 208020304.00000003 0.12390156835317613 -0.013494667131453751 -0.14424697309732434 0.014457654673606159 1.3214298486709597 1.4686051011085512 1.389787554740906 0.057294890284538276 0.93871030211448681
decision_type=2 2 2 2 2 2 2 2 2 2 2 2 2 2 2 2 2
left_child=1 3 -3 6 7 -6 10 8 9 -5 -1 13 -13 14 -12 -15 -10
right_child=-2 2 -4 4 5 -7 -8 -9 16 -11 11 12 -14 15 -16 -17 -18
leaf_value=0.00027215717570456155 0.00044179966236697511 -0.00056030264631023302 0.00021873854741481747 0.00040274573892440043 0.0001036616307361068 0.00078434627102419311 -0.00052496671974390323 0.00029651850881424568 -0.00044904745186844815 -0.00021111747158680707 -5.2221879464607061e-06 -0.00050441934880667363 1.5038989542517812e-05 -0.00036724366659473162 0.0004951049264895523 -1.474682616846771e-05 -0.0001390744509521369
leaf_weight=63 50 85 59 52 70 65 52 63 59 66 345 59 50 100 54 231 64
leaf_count=63 50 85 59 52 70 65 52 63 59 66 345 59 50 100 54 231 64
internal_value=-1.16284e-05 -2.63788e-05 -0.000241112 -4.18096e-06 0.000110556 0.000431399 -5.69791e-05 -3.19239e-05 -0.000117782 5.93985e-05 -2.99997e-05 -5.26885e-05 -0.000266136 -2.08176e-05 6.24913e-05 -0.000121241 -0.000287761
internal_weight=1587 1537 144 1393 439 135 954 304 241 118 902 839 109 730 399 331 123
internal_count=1587 1537 144 1393 439 135 954 304 241 118 902 839 109 730 399 331 123
is_linear=0
shrinkage=0.05


Tree=153
num_leaves=20
num_cat=0
split_feature=1 133 86 130 76 169 76 147 169 70 96 168 98 19 124 157 37 121 11
split_gain=0.00383175 0.0028501 0.00346894 0.00537441 0.00462554 0.00361924 0.00285897 0.0033795 0.00410965 0.00268313 0.0024837 0.00437257 0.00311794 0.00275575 0.00512679 0.00234993 0.00214824 0.00309424 0.00224453
threshold=0.074095718562603011 0.88881945610046398 0.59811276197433483 1.2702407240867617 0.4695079773664475 -0.32312498986721033 0.57473462820053112 1.1318342089653017 -0.18796242028474805 0.49641254544258123 -2.3081635236740108 -2.6341078281402583 1.0885298252105715 0.15141547471284869 -0.018161381594836708 0.90944433212280285 0.34166666865348821 0.16805412620306018 0.99045410752296459
decision_type=2 2 2 2 2 2 2 2 2 2 2 2 2 2 2 2 2 2 2
left_child=1 -1 3 10 -4 -6 7 9 -9 -7 12 -12 16 15 -15 -13 18 -18 -3
right_child=-2 2 4 -5 5 6 -8 8 -10 -11 11 13 -14 14 -16 -17 17 -19 -20
leaf_value=-0.00035715545704291681 0.00041970968880923463 -0.00021430845679148931 0.00055694442661479121 -0.00054801635468956431 0.00043296529535305213 -0.00046316934219236194 0.0003146190557353086 -0.00024770596446316751 0.0002683141899580646 -1.1854535356784862e-05 -0.00047342414410296541 0.00025432778976862365 0.00040485673558173906 -0.00054835757867504773 -1.7785981882704954e-05 -8.2182643589042472e-05 0.00043318283428947079 -2.973221961965269e-05 8.3125600350605384e-05
leaf_weight=62 50 148 50 54 53 73 57 61 105 60 72 99 54 65 152 109 59 93 111
leaf_count=62 50 148 50 54 53 73 57 61 105 60 72 99 54 65 152 109 59 93 111
internal_value=-1.1047e-05 -2.50599e-05 -1.11006e-05 -6.26391e-05 0.00010298 4.74835e-05 -9.90568e-06 -7.17716e-05 7.86923e-05 -0.000259569 -3.53934e-05 -0.000113104 4.7665e-05 -5.20616e-05 -0.000176713 7.79834e-05 7.34747e-07 0.000149952 -8.68367e-05
internal_weight=1587 1537 1475 1016 459 409 356 299 166 133 962 497 465 425 217 208 411 152 259
internal_count=1587 1537 1475 1016 459 409 356 299 166 133 962 497 465 425 217 208 411 152 259
is_linear=0
shrinkage=0.05


Tree=154
num_leaves=15
num_cat=0
split_feature=1 119 105 156 86 30 156 136 112 75 119 7 32 16
split_gain=0.00345815 0.00284879 0.00354135 0.00459117 0.00438622 0.0100257 0.0039232 0.00357203 0.00351508 0.00356461 0.00321756 0.00317424 0.00175351 0.0020195
threshold=0.074095718562603011 0.5933227837085725 0.95211327075958263 0.41294427216053015 0.6304893195629121 0.12500000372529033 0.54652780294418346 0.81614962220191967 -0.023203819058835503 0.57160234451293956 0.42639479041099554 -0.028309353627264496 0.17500000447034839 0.15833333879709247
decision_type=2 2 2 2 2 2 2 2 2 2 2 2 2 2
left_child=1 2 3 -1 8 -6 -5 -7 -4 10 11 -10 -9 -14
right_child=-2 -3 4 6 5 7 -8 12 9 -11 -12 -13 13 -15
leaf_value=-0.0005886654472860187 0.00039872420342362602 0.00026862765673093213 -0.00035319159183888995 0.00024562030901304551 0.00070017646589390511 0.00035539420356309908 -0.0003658886033614787 -0.00031259233405132999 -0.00037756786043159781 0.00032186685685618699 0.0002926811869838275 -5.1879236412027673e-05 0.00019935320588047035 -0.00022240693503465761
leaf_weight=64 50 79 94 54 66 55 51 65 84 66 60 684 64 51
leaf_count=64 50 79 94 54 66 55 51 65 84 66 60 684 64 51
internal_value=-1.04946e-05 -2.38069e-05 -3.96521e-05 -0.00025486 -1.14363e-05 0.000155667 -5.13983e-05 2.74056e-06 -6.23452e-05 -3.1764e-05 -5.9952e-05 -8.75014e-05 -0.000105015 1.23118e-05
internal_weight=1587 1537 1458 169 1289 301 105 235 988 894 828 768 180 115
internal_count=1587 1537 1458 169 1289 301 105 235 988 894 828 768 180 115
is_linear=0
shrinkage=0.05


Tree=155
num_leaves=23
num_cat=0
split_feature=107 66 159 73 68 145 87 155 3 139 161 24 157 82 88 4 87 152 111 8 173 11
split_gain=0.00343882 0.00459027 0.00418415 0.00471094 0.00480319 0.00399625 0.00390251 0.00616869 0.00477319 0.00314083 0.00274062 0.0026105 0.00246624 0.00251005 0.00287612 0.00370598 0.00294925 0.00281332 0.00248926 0.00203744 0.00193325 0.00173038
threshold=0.018024693243205551 0.26026473939418798 1.8565800786018374 0.64564308524131786 0.23213742673397067 0.89822068810462963 0.26145771145820623 0.30320227146148687 0.014646770898252727 1.0845986604690554 1.32571017742157 1.0000000180025095e-35 1.4464410543441775 0.030880944803357128 1.0000000180025095e-35 0.54387483000755321 0.59336644411087047 0.1275642588734627 0.043374160304665572 -0.76693120598793019 0.72069281339645397 0.99265563488006603
decision_type=2 2 2 2 2 2 2 2 2 2 2 2 2 2 2 2 2 2 2 2 2 2
left_child=5 2 3 6 21 -1 10 -8 11 -6 -2 -9 13 14 17 16 18 -7 -16 -19 -21 -5
right_child=1 -3 -4 4 9 12 7 8 -10 -11 -12 -13 -14 -15 15 -17 -18 19 -20 20 -22 -23
leaf_value=-0.00047912645726076638 0.00035055517229254845 0.00054731717234244573 0.00044958069864757516 -0.00024237282667309047 0.00017267267371062192 -0.00025537417524778362 -0.0006600959179195343 7.6781171534595822e-05 0.00035718570157769139 0.00073035020089032602 -9.700712496741096e-05 -0.00033405003327814111 -0.00035480371977233255 0.00030220408994340443 -9.710142384511015e-05 -0.0004731750975585836 -0.00039171660222873125 0.0003653122458143035 0.00026895548947712607 -0.00019772690673186124 0.00013536142677600895 0.00017156158742271182
leaf_weight=54 71 50 60 50 50 59 56 58 50 51 66 116 56 59 138 68 53 67 70 58 175 51
leaf_count=54 71 50 60 50 50 59 56 58 50 51 66 116 56 59 138 68 53 67 70 58 175 51
internal_value=5.13537e-06 8.49624e-05 5.09156e-05 1.22728e-05 0.000210458 -6.27688e-05 -8.37305e-05 -0.000190724 -7.33804e-05 0.000454272 0.000134941 -0.000197106 -3.47697e-05 -1.07778e-05 -3.76178e-05 -0.000144407 -5.87513e-05 6.02477e-05 2.60908e-05 0.00012232 5.24467e-05 -3.33564e-05
internal_weight=1586 729 679 619 202 857 417 280 224 101 137 174 803 747 688 329 261 359 208 300 233 101
internal_count=1586 729 679 619 202 857 417 280 224 101 137 174 803 747 688 329 261 359 208 300 233 101
is_linear=0
shrinkage=0.05


Tree=156
num_leaves=23
num_cat=0
split_feature=107 66 182 160 70 160 109 3 94 136 136 72 181 123 6 169 6 121 51 173 47 122
split_gain=0.00310353 0.00414272 0.00365228 0.00316993 0.00490106 0.00306237 0.00323149 0.00302509 0.00284238 0.00282237 0.00346526 0.00304013 0.0043368 0.00264774 0.00237843 0.00330429 0.00500342 0.00208582 0.00200221 0.00186913 0.0018367 0.00168303
threshold=0.018024693243205551 0.26026473939418798 0.027710364200174812 1.7178064584732058 0.54598331451416027 1.4223268032073977 0.031631451100111015 0.0088329040445387381 9.1894149780273455 0.89348050951957714 0.92036867141723644 0.49822160601615911 0.011736473999917509 0.0066938407253474006 0.42124059796333319 -0.32453665137290949 0.2065265625715256 0.48940692842006689 -0.15000000596046445 0.98255494236946117 0.45833332836627966 -0.00084661779692396511
decision_type=2 2 2 2 2 2 2 2 2 2 2 2 2 2 2 2 2 2 2 2 2 2
left_child=2 3 5 4 8 6 9 -5 14 20 -11 12 -12 -8 15 -2 -17 18 -7 -20 -1 -13
right_child=1 -3 -4 7 -6 17 13 -9 -10 10 11 21 -14 -15 -16 16 -18 -19 19 -21 -22 -23
leaf_value=-2.0764068889833406e-05 0.00029729202074425608 0.00051995131564035548 -0.00038355064029065608 4.7386785861038207e-05 -0.00034380558754905496 -3.5213892287549027e-05 0.00047619326230821624 0.00055487812528471378 0.00041514245819473895 0.00041024372291888412 3.6675292793291427e-05 0.00038102293724388771 -0.00055278746387193674 -3.9323204855820366e-07 0.00025806768308679504 4.3438546230420934e-05 -0.0004016031683200596 7.0070395689553522e-05 -0.00054247807736308978 -0.00014672991114471541 -0.00043047204874140229 -2.5182390413201399e-05
leaf_weight=51 60 50 79 63 88 68 68 55 51 56 83 51 50 51 84 181 97 68 70 52 59 51
leaf_count=51 60 50 79 63 88 68 68 55 51 56 83 51 50 51 84 181 97 68 70 52 59 51
internal_value=4.8786e-06 8.07142e-05 -5.96304e-05 4.83698e-05 -1.17745e-06 -2.67387e-05 4.31355e-05 0.000283929 6.25673e-05 -2.47647e-05 5.6791e-05 -2.7436e-05 -0.000184927 0.000271942 1.99575e-05 -3.92178e-05 -0.000111846 -0.00016757 -0.000252621 -0.000373799 -0.000240517 0.00017792
internal_weight=1586 729 857 679 561 778 520 118 473 401 291 235 133 119 422 338 278 258 190 122 110 102
internal_count=1586 729 857 679 561 778 520 118 473 401 291 235 133 119 422 338 278 258 190 122 110 102
is_linear=0
shrinkage=0.05


Tree=157
num_leaves=25
num_cat=0
split_feature=107 61 159 73 68 87 155 88 182 182 159 109 87 140 64 167 4 162 102 159 71 102 109 122
split_gain=0.00280094 0.00366262 0.00341114 0.0040752 0.00431201 0.00359001 0.00542857 0.00444014 0.00329619 0.00305702 0.00280209 0.00289933 0.00383972 0.00367719 0.00276575 0.00274736 0.00374263 0.00298452 0.0026619 0.00250206 0.00221105 0.00175797 0.00155502 0.000865368
threshold=0.018024693243205551 0.37153211236000067 1.8565800786018374 0.64564308524131786 0.23213742673397067 0.26145771145820623 0.30320227146148687 0.034079011529684074 0.027710364200174812 0.02866392303258181 1.4827519059181216 0.031631451100111015 0.67491149902343761 1.1061030030250552 -0.51406645774841297 -0.015748465899378058 0.33406433463096624 334.22494506835943 1.0342342853546145 1.0483936667442324 0.50668781995773327 1.0278629064559939 0.017264012247323993 -0.0010839247261174021
decision_type=2 2 2 2 2 2 2 2 2 2 2 2 2 2 2 2 2 2 2 2 2 2 2 2
left_child=8 -2 3 5 21 18 -7 14 10 -6 11 12 15 -13 -8 16 22 -18 -3 -17 23 -5 -1 -12
right_child=1 2 -4 4 9 6 7 -9 -10 -11 20 13 -14 -15 -16 19 17 -19 -20 -21 -22 -23 -24 -25
leaf_value=0.00010416881467860478 0.00048106349898332092 -4.669212951312257e-05 0.00040885787456611104 0.00017485952057177202 0.00015383797935118864 -0.00062157587152406838 1.4008743164595217e-06 0.00025550906676971222 -0.00036437312366983921 0.00070402426304644913 -0.00023531729372202877 0.0004752130067585212 -0.00044715763129352131 -3.9460171813774273e-05 -0.00042575591955028357 -0.00030805050590706454 0.00063190662715351207 9.815943218365481e-05 0.00040432213044604636 6.0727971556064275e-05 -0.00045823246702119449 -0.00024236132233579387 -0.0002626675888747671 2.9361114502535202e-05
leaf_weight=65 52 83 59 50 51 56 72 71 79 50 53 72 50 67 80 93 50 55 54 91 56 51 52 74
leaf_count=65 52 83 59 50 51 56 72 71 79 50 53 72 50 67 80 93 50 55 54 91 56 51 52 74
internal_value=4.63467e-06 7.66785e-05 4.56179e-05 1.09397e-05 0.000195196 -7.85307e-05 -0.000181458 -7.09348e-05 -5.66488e-05 0.000426207 -2.54018e-05 2.72227e-05 -3.37149e-05 0.000227133 -0.000223418 1.72017e-05 0.000135614 0.000352325 0.00013108 -0.000125665 -0.000196503 -3.58164e-05 -5.88696e-05 -8.10952e-05
internal_weight=1586 729 677 618 202 416 279 223 857 101 778 595 456 139 152 406 222 105 137 184 183 101 117 127
internal_count=1586 729 677 618 202 416 279 223 857 101 778 595 456 139 152 406 222 105 137 184 183 101 117 127
is_linear=0
shrinkage=0.05


Tree=158
num_leaves=23
num_cat=0
split_feature=90 145 161 4 114 181 10 110 139 2 159 110 62 129 160 170 18 169 120 172 126 170
split_gain=0.0026883 0.00389198 0.00829997 0.0032421 0.00350307 0.00417726 0.00402228 0.00485876 0.00490873 0.00382913 0.00322486 0.00286123 0.00240866 0.00255493 0.00302915 0.00183819 0.00255945 0.00244805 0.00233698 0.00174555 0.00155852 0.00117356
threshold=0.53718754649162304 0.90749096870422374 1.5933300852775576 0.71486642956733715 0.00010791020031319933 0.023658705875277523 1.0149014592170718 0.024626794271171096 1.1387743353843691 -0.62401831150054921 1.0637537240982058 0.034317236393690116 0.41234500706195837 1.0401290059089663 1.7866195440292361 1176823616.0000002 0.42356693744659429 -0.099849428981542573 0.09857556596398355 81076016.000000015 0.0062173353508114823 2530908800.0000005
decision_type=2 2 2 2 2 2 2 2 2 2 2 2 2 2 2 2 2 2 2 2 2 2
left_child=1 2 -1 4 6 11 15 -8 9 -9 -2 20 -12 -14 19 16 18 21 -3 -15 -6 -17
right_child=10 3 -4 -5 5 -7 7 8 -10 -11 12 -13 13 14 -16 17 -18 -19 -20 -21 -22 -23
leaf_value=0.00069438823218940984 -0.0004290469270375924 0.00041522244923660346 -0.00013613211529965547 -0.00034004238876795791 -0.00028433760544551963 -0.00048069763888922775 0.00066470529783663223 -0.00031046409346398675 0.00043374195748749843 0.00015510201410506852 0.0002662659865633871 0.00030944508171695123 -0.00038979068094555319 2.8178148973501832e-05 0.00030835912314334846 -0.00013706387119600549 -0.00013826819765447662 -0.00032959823959593685 1.9239868852418658e-05 -0.00031218693671285615 4.3705333706124558e-05 0.00020550906750577271
leaf_weight=65 66 69 56 62 75 63 51 68 93 126 52 51 61 79 52 50 88 86 81 72 70 50
leaf_count=65 66 69 56 62 75 63 51 68 93 126 52 51 61 79 52 50 88 86 81 72 70 50
internal_value=4.40294e-06 4.107e-05 0.000310015 1.10216e-05 3.23399e-05 -0.000126518 8.6335e-05 0.000214998 0.000135085 -8.08611e-06 -0.000111165 -1.26747e-05 -4.47725e-05 -0.000106038 -2.0772e-05 -1.62312e-05 7.58033e-05 -0.000133996 0.000201392 -0.000134115 -0.000125972 3.42226e-05
internal_weight=1586 1204 121 1083 1021 259 762 338 287 194 382 196 316 264 203 424 238 186 150 151 145 100
internal_count=1586 1204 121 1083 1021 259 762 338 287 194 382 196 316 264 203 424 238 186 150 151 145 100
is_linear=0
shrinkage=0.05


Tree=159
num_leaves=21
num_cat=0
split_feature=107 56 126 159 115 68 111 101 179 17 137 157 4 3 146 178 160 161 42 161
split_gain=0.00244245 0.00401851 0.00346165 0.00387253 0.002841 0.00250368 0.00437054 0.00512174 0.00397094 0.00281347 0.00279307 0.00236815 0.00245644 0.00273209 0.00235809 0.00260498 0.00219975 0.00285288 0.00182082 0.00178854
threshold=0.01645611505955458 0.63388341665267955 0.024132696911692623 1.8565800786018374 0.0046900473535060891 0.35871255397796636 0.11221580207347871 0.86087995767593395 5.0262184143066415 0.020833333954215053 1.0440594553947451 1.4464410543441775 0.68019661307334911 0.012808640021830799 0.96216034889221203 -8.294667720794676 1.2265260815620425 1.2768164873123171 0.50833332538604747 1.4041329026222231
decision_type=2 2 2 2 2 2 2 2 2 2 2 2 2 2 2 2 2 2 2 2
left_child=4 2 3 5 11 8 7 -7 -2 -9 -10 12 13 14 15 18 17 -16 -1 -18
right_child=1 -3 -4 -5 -6 6 -8 9 10 -11 -12 -13 -14 -15 16 -17 19 -19 -20 -21
leaf_value=-0.00020492576999293474 -0.00010020677894187561 0.00049869553770986389 -0.00024988955914503544 0.00047366721731967646 -0.00039625628369635552 0.00040906316802872042 -0.00046052382699688716 0.00021795793707294958 0.00065292696560979554 -0.00013840819279418306 0.00015154376177052342 -0.00036410840214739441 -0.00033038844972502879 0.0003177252573220977 -4.5710246913231819e-05 -0.0003649163195881383 -0.00030527067515153994 0.00035746387683520528 0.00019497215640297067 4.7704309486744876e-05
leaf_weight=55 70 50 93 56 58 73 51 72 51 240 61 50 54 69 77 84 54 102 59 107
leaf_count=55 70 50 93 56 58 73 51 72 51 240 61 50 54 69 77 84 54 102 59 107
internal_value=4.18279e-06 6.4381e-05 3.60685e-05 7.55256e-05 -5.97729e-05 3.9448e-05 -2.55736e-05 3.20432e-05 0.000195214 -5.61699e-05 0.000379852 -3.23242e-05 -7.22707e-06 2.1522e-05 -1.64668e-05 -0.000153639 6.34158e-05 0.000184031 2.03895e-06 -7.06848e-05
internal_weight=1586 817 767 674 769 618 436 385 182 312 112 711 661 607 538 198 340 179 114 161
internal_count=1586 817 767 674 769 618 436 385 182 312 112 711 661 607 538 198 340 179 114 161
is_linear=0
shrinkage=0.05


Tree=160
num_leaves=17
num_cat=1
split_feature=119 186 72 170 126 24 170 47 160 147 88 24 51 116 86 91
split_gain=0.00281606 0.00308012 0.00789962 0.00371039 0.015256 0.004953 0.00486924 0.00353073 0.00298459 0.00281427 0.00333439 0.00319144 0.00372675 0.00353182 0.0025514 0.00346136
threshold=0.5933227837085725 0 0.49822160601615911 3068843904.0000005 -0.0096866264939308149 0.84999999403953563 4192794240.0000005 0.52500000596046459 1.3771386146545412 0.88930112123489391 0.7752290964126588 0.35000000894069677 0.083333335816860213 0.00084622751455754053 0.19387801736593249 0.017471992410719398
decision_type=2 1 2 2 2 2 2 2 2 2 2 2 2 2 2 2
left_child=1 2 7 5 6 9 -5 -1 -4 14 11 13 -13 -11 15 -3
right_child=-2 3 8 4 -6 -7 -8 -9 -10 10 -12 12 -14 -15 -16 -17
leaf_value=-0.00077388296210431564 0.0002987772122012118 0.00030253185502294435 -0.00012661843065870927 0.000292457461987484 0.00091129272702476425 -0.00042958212341519367 -0.00033715035662559481 -0.0002124173315418635 0.00033625894465027768 0.00015442366687063456 0.00030003370595616566 -0.00030564404851947283 0.00011172092865510626 -0.00012805425341739889 0.00036296378025757519 -0.00024925787329266313
leaf_weight=56 74 54 83 52 56 69 75 56 60 228 68 208 72 215 95 60
leaf_count=56 74 54 83 52 56 69 75 56 60 228 68 208 72 215 95 60
internal_value=-2.36077e-06 -1.71479e-05 -0.000171949 1.56297e-05 0.000223792 -1.98589e-05 -7.93582e-05 -0.00049315 6.75959e-05 8.41198e-06 -3.4704e-05 -6.61869e-05 -0.000198322 1.73294e-05 0.000171592 1.21162e-05
internal_weight=1581 1507 255 1252 183 1069 127 112 143 1000 791 723 280 443 209 114
internal_count=1581 1507 255 1252 183 1069 127 112 143 1000 791 723 280 443 209 114
cat_boundaries=0 1
cat_threshold=648
is_linear=0
shrinkage=0.05


Tree=161
num_leaves=14
num_cat=1
split_feature=85 72 186 130 170 161 168 6 98 127 169 53 120
split_gain=0.00257262 0.00315958 0.00429069 0.00370858 0.00960678 0.0102486 0.00356404 0.00292963 0.0027728 0.00257291 0.00287299 0.00170449 0.0016739
threshold=0.7967548966407777 0.52974751591682445 0 1.2702407240867617 3238302848.0000005 1.4120472669601443 -5.8722963333129874 0.13126205652952197 1.0989750623703005 1.0884655117988589 0.60997530817985546 0.14428032934665683 0.092723105102777495
decision_type=2 2 1 2 2 2 2 2 2 2 2 2 2
left_child=1 2 6 4 8 -6 -1 -2 9 10 -4 -10 -11
right_child=7 -3 3 -5 5 -7 -8 -9 11 12 -12 -13 -14
leaf_value=-0.00058037829397925001 0.00039874550635431665 -0.00038299526248261704 2.1845747084731215e-05 -0.00030788421739998741 0.00088562879488260176 -5.2945695670832018e-05 -3.5322169853435433e-05 -8.6187839623758642e-05 4.7313549805915469e-05 -5.3918019155389637e-05 -0.0003615068779945082 0.00045245009893551475 -0.00045364517117956317
leaf_weight=59 80 58 813 80 66 52 61 51 54 50 52 50 55
leaf_count=59 80 58 813 80 66 52 61 51 54 50 52 50 55
internal_value=-2.24273e-06 -2.14137e-05 -6.34777e-06 2.14983e-05 4.37849e-05 0.00047202 -0.000279977 0.000209955 -3.2651e-06 -2.95713e-05 -1.19973e-06 0.000242091 -0.000263299
internal_weight=1581 1450 1392 1272 1192 118 120 131 1074 970 865 104 105
internal_count=1581 1450 1392 1272 1192 118 120 131 1074 970 865 104 105
cat_boundaries=0 1
cat_threshold=640
is_linear=0
shrinkage=0.05


Tree=162
num_leaves=10
num_cat=1
split_feature=119 171 139 186 84 130 139 115 130
split_gain=0.00251769 0.00272018 0.00369426 0.00280299 0.00495145 0.00305962 0.00400548 0.00398161 0.00207006
threshold=0.5933227837085725 470481408.00000006 0.9763396978378297 0 0.52164605259895336 1.2702407240867617 1.1512623429298403 0.0062470971606671819 1.2222446799278261
decision_type=2 2 2 1 2 2 2 2 2
left_child=1 2 -1 4 -4 6 7 8 -5
right_child=-2 -3 3 5 -6 -7 -8 -9 -10
leaf_value=-0.00044092401464163316 0.00028260790943907503 0.00028161947932497006 -0.00046256948460293723 2.3471720299792817e-06 0.00013754075905580976 -0.00028540916017202731 0.00046839274273952471 0.00034607377800545316 -0.00029135994345210749
leaf_weight=53 74 73 89 958 56 82 50 82 64
leaf_count=53 74 73 89 958 56 82 50 82 64
internal_value=-2.1306e-06 -1.61125e-05 -3.1269e-05 -1.55472e-05 -0.000215912 9.62736e-06 3.06753e-05 1.08511e-05 -1.60454e-05
internal_weight=1581 1507 1434 1381 145 1236 1154 1104 1022
internal_count=1581 1507 1434 1381 145 1236 1154 1104 1022
cat_boundaries=0 1
cat_threshold=640
is_linear=0
shrinkage=0.05


Tree=163
num_leaves=25
num_cat=0
split_feature=119 71 170 34 119 119 82 96 83 158 170 176 114 171 99 126 146 152 26 124 6 127 18 183
split_gain=0.00227222 0.0025748 0.00731121 0.0041538 0.00928629 0.00322288 0.00430222 0.0038663 0.00315605 0.00438334 0.00384522 0.00286943 0.00348505 0.00235068 0.00230096 0.00354386 0.00346405 0.00214574 0.00264268 0.00205837 0.0037317 0.00368655 0.00197068 0.00145365
threshold=0.5933227837085725 0.48137916624546057 4669489152.000001 0.55000001192092907 0.11918964236974718 0.10017816722393037 0.022897097282111648 -2.6988149881362911 -0.47926232218742365 1.0275911688804629 3878315136.0000005 18.987526893615726 -0.0037869848310947414 60917210.000000007 1.0495415329933169 -0.015779969282448288 1.0389682650566103 0.31681647896766668 0.15000000596046451 -0.045423792675137513 0.15646601468324664 1.0490677952766421 0.35497036576271063 -0.01993507985025644
decision_type=2 2 2 2 2 2 2 2 2 2 2 2 2 2 2 2 2 2 2 2 2 2 2 2
left_child=1 8 3 5 -5 6 14 -8 9 -1 11 12 -10 22 15 -3 -16 18 -14 23 -21 -22 -13 -7
right_child=-2 2 -4 4 -6 19 7 -9 10 -11 -12 13 17 -15 16 -17 -18 -19 -20 20 21 -23 -24 -25
leaf_value=0.00048659897187391444 0.00026847751367903267 0.00051247643434679973 0.00059738428080560301 -0.00067045053637037092 0.00019674300881512144 -0.0004295383758849662 0.00012710879969779615 0.00073694240592315097 -0.00052803799490137621 -0.00011261607666567311 -0.00051305392692029277 0.00016078371224596464 -0.00049471779409661679 0.00034320745434538992 -0.00043341113405767829 -1.8337351737988308e-05 0.00011832835854571992 0.0001183050900373262 -1.1384092607430274e-05 0.00027546204527346204 -0.00033316805136484701 0.00015144482756074035 -0.00023843796311732573 -6.2411197827064567e-05
leaf_weight=51 74 51 55 66 58 52 53 51 63 76 64 56 52 51 50 82 66 71 62 92 91 69 69 56
leaf_count=51 74 51 55 66 58 52 53 51 63 76 64 56 52 51 50 82 66 71 62 92 91 69 69 56
internal_value=-2.02407e-06 -1.53068e-05 3.89607e-05 2.26622e-06 -0.000264828 4.87173e-05 0.00015607 0.000426162 -9.40168e-05 0.000128014 -0.000151799 -9.72703e-05 -0.000206846 5.71321e-05 4.326e-05 0.000185208 -0.00011949 -9.74674e-05 -0.000231852 -5.65475e-05 2.17219e-05 -0.000124179 -5.95867e-05 -0.000239176
internal_weight=1581 1507 892 837 124 713 353 104 615 127 488 424 248 176 249 133 116 185 114 360 252 160 125 108
internal_count=1581 1507 892 837 124 713 353 104 615 127 488 424 248 176 249 133 116 185 114 360 252 160 125 108
is_linear=0
shrinkage=0.05


Tree=164
num_leaves=21
num_cat=0
split_feature=86 6 1 6 84 87 1 112 138 160 88 157 75 12 98 111 131 20 127 161
split_gain=0.0022688 0.00544224 0.00457002 0.0041132 0.00376822 0.00344276 0.00338052 0.00323925 0.00416386 0.00275941 0.00361009 0.00221533 0.00203975 0.00323071 0.00222957 0.00222306 0.00305207 0.00216767 0.00188666 0.00167668
threshold=0.59811276197433483 0.041997354477643974 0.05133448168635369 0.011428944766521456 0.19983310252428058 0.57885554432868969 0.025120195001363758 -0.02461022604256868 1.0876154303550722 1.3287775516510012 -0.54309365153312672 0.78215289115905773 0.4850600957870484 0.045640138909220702 0.96691030263900768 0.071296636015176787 1.1497015357017519 0.58232221007347118 1.0600858330726626 1.6385609507560732
decision_type=2 2 2 2 2 2 2 2 2 2 2 2 2 2 2 2 2 2 2 2
left_child=5 3 4 -2 -3 7 19 -1 12 10 -7 -8 13 17 -14 16 -16 -9 -15 -6
right_child=1 2 -4 -5 6 9 11 8 -10 -11 -12 -13 14 18 15 -17 -18 -19 -20 -21
leaf_value=-0.00033989985059826831 9.084045218423853e-05 0.00039459927752684762 -0.00040367575850307159 0.00072903132006781654 -0.00042502556671388447 -4.9599300711214221e-05 -9.2146472646466773e-05 0.00029787664882153174 0.00032997562571390705 5.6945109786789148e-05 -0.0005917231137427735 0.00029437820108777835 0.00034593373365068045 -0.00042325057285937795 -4.7451259504512616e-05 -0.00023241958293965584 0.00027107176144151407 -0.00015900242995121517 -4.4105385071209943e-05 -5.6808941403856063e-05
leaf_weight=66 50 72 59 51 50 52 60 54 98 54 75 97 54 92 221 80 114 50 51 81
leaf_count=66 50 72 59 51 50 52 60 54 98 54 75 97 54 92 221 80 114 50 51 81
internal_value=-1.92287e-06 8.36346e-05 4.21807e-06 0.000413095 7.10673e-05 -4.38549e-05 -9.81564e-06 -3.00759e-06 2.4308e-05 -0.00024245 -0.000369751 0.000146662 -1.75292e-05 -0.000133819 4.37149e-05 4.39009e-06 6.09416e-05 7.82232e-05 -0.000288031 -0.00019735
internal_weight=1581 520 419 101 360 1061 288 880 814 181 127 157 716 247 469 415 335 104 143 131
internal_count=1581 520 419 101 360 1061 288 880 814 181 127 157 716 247 469 415 335 104 143 131
is_linear=0
shrinkage=0.05


Tree=165
num_leaves=9
num_cat=0
split_feature=135 100 105 181 124 9 72 74
split_gain=0.00384398 0.00363892 0.00386328 0.00399284 0.00502326 0.00263657 0.00262402 0.00250842
threshold=0.80835682153701793 0.86786416172981273 0.95211327075958263 0.04190929792821408 -0.075753938406705842 1.0270426273345949 0.45222282409667974 0.47415964305400854
decision_type=2 2 2 2 2 2 2 2
left_child=-1 -2 -3 4 -4 6 -6 -8
right_child=1 2 3 -5 5 -7 7 -9
leaf_value=-0.00029887862872280324 0.00043763503593443194 -0.00028567309337732797 -0.00045173674376133865 0.00045916987154568138 -0.0003346436815045309 0.00028978188697970948 0.00015103371124220732 -1.3763259885876495e-05
leaf_weight=94 53 99 54 54 50 98 330 769
leaf_count=94 53 99 54 54 50 98 330 769
internal_value=1.13326e-05 3.06822e-05 1.58483e-05 3.78782e-05 2.03919e-05 4.08369e-05 1.9604e-05 3.57208e-05
internal_weight=1601 1507 1454 1355 1301 1247 1149 1099
internal_count=1601 1507 1454 1355 1301 1247 1149 1099
is_linear=0
shrinkage=0.05


Tree=166
num_leaves=9
num_cat=0
split_feature=135 100 105 181 124 151 123 121
split_gain=0.00346919 0.00328413 0.00348661 0.00360353 0.00454109 0.00248772 0.0031364 0.00217471
threshold=0.80835682153701793 0.86786416172981273 0.95211327075958263 0.04190929792821408 -0.077136170119047151 0.54063904285430919 0.026793317869305614 0.12945973873138431
decision_type=2 2 2 2 2 2 2 2
left_child=-1 -2 -3 4 -4 -6 7 -7
right_child=1 2 3 -5 5 6 -8 -9
leaf_value=-0.00028393469866251565 0.00041575328093285688 -0.00027138944560188018 -0.00044309539253827458 0.00043621136805827352 0.00033699908310540417 -4.5552149332619147e-05 -0.00036197863887269601 9.5704518432528275e-05
leaf_weight=94 53 99 51 54 66 456 51 677
leaf_count=94 53 99 51 54 66 456 51 677
internal_value=1.07659e-05 2.91481e-05 1.50558e-05 3.59843e-05 1.93723e-05 3.8241e-05 2.15872e-05 3.88528e-05
internal_weight=1601 1507 1454 1355 1301 1250 1184 1133
internal_count=1601 1507 1454 1355 1301 1250 1184 1133
is_linear=0
shrinkage=0.05


end of trees

feature_importances:
obv=70
WVMA60=65
RSQR60=64
CORR30=51
volatility_20=49
CORD30=44
RSQR20=43
STD30=40
WVMA5=39
RSQR30=38
CORD5=37
volatility_10=37
BETA60=35
WVMA10=35
WVMA20=35
KLEN=34
KUP=33
CORR60=33
CORD60=33
RSQR10=33
VSUMP60=32
IMXD30=31
CORR20=31
STD60=31
MAX5=31
industry_id=30
VSUMP30=29
WVMA30=29
IMXD60=28
QTLD60=27
STD5=26
volume_ma_5=26
VSUMP20=25
CORD20=25
atr_14=25
KLOW2=24
IMAX60=24
RSQR5=24
RESI20=24
VSUMP5=23
ROC30=23
STD20=23
VSUMN20=22
CORD10=22
volume_ratio=22
KLOW=21
CORR10=20
STD10=20
BETA5=20
VSTD60=20
KUP2=19
HIGH0=19
ROC60=19
MA60=19
MIN60=19
VSTD5=19
VSTD10=19
volume_ma_20=19
return_1=19
IMAX30=18
VSUMP10=18
CORR5=18
RESI10=18
VWAP0=17
IMIN20=17
VMA60=17
kdj_d=17
CNTD30=16
RESI30=16
MAX60=16
MIN30=16
QTLU20=16
IMIN60=15
RESI5=15
VSTD30=15
SUMP60=14
BETA20=14
BETA30=14
MIN5=14
MIN20=14
QTLU10=14
sma_5=14
LOW0=13
CNTD60=13
RESI60=13
MIN10=13
QTLD10=13
VMA10=13
macd_signal=13
RSV10=12
SUMN30=12
QTLD5=12
VSTD20=12
ema_12=12
kdj_k=12
boll_std=12
KSFT=11
KSFT2=11
IMXD10=11
SUMP5=11
VSUMN60=11
low_close_spread=11
ROC10=11
MA5=11
BETA10=11
MAX10=11
QTLU60=11
VMA30=11
volume_change=11
IMAX10=10
IMAX20=10
IMXD20=10
QTLU30=10
VMA5=10
boll_mid=10
KMID2=9
IMIN30=9
high_low_spread=9
ROC20=9
MA30=9
MAX20=9
MAX30=9
sma_20=9
macd=9
RSV5=8
SUMP30=8
VSUMN5=8
VSUMN30=8
kdj_j=8
RSV20=7
QTLU5=7
QTLD20=7
OPEN0=6
CNTP20=6
CNTN10=6
CNTN60=6
SUMN60=6
SUMD30=6
VSUMN10=6
high_close_spread=6
QTLD30=6
VMA20=6
RANK60=5
CNTP30=5
CNTP60=5
CNTN30=5
SUMP10=5
SUMN5=5
SUMD60=5
VSUMD5=5
VSUMD60=5
open_close_spread=5
ema_26=5
RSV30=4
RSV60=4
IMXD5=4
CNTP5=4
CNTD10=4
VSUMD20=4
VSUMD30=4
MA10=4
MA20=4
rsi=4
return_5=4
RANK20=3
IMAX5=3
CNTD5=3
CNTD20=3
SUMP20=3
SUMD5=3
VSUMD10=3
ROC5=3
ema_60=3
RANK30=2
IMIN10=2
CNTP10=2
SUMN20=2
KMID=1
RANK5=1
RANK10=1
IMIN5=1
CNTN20=1
SUMN10=1
SUMD10=1
SUMD20=1
return_10=1

parameters:
[boosting: gbdt]
[objective: regression]
[metric: rmse]
[tree_learner: serial]
[device_type: cpu]
[data_sample_strategy: bagging]
[data: ]
[valid: ]
[num_iterations: 500]
[learning_rate: 0.05]
[num_leaves: 63]
[num_threads: 0]
[seed: 0]
[deterministic: 0]
[force_col_wise: 0]
[force_row_wise: 0]
[histogram_pool_size: -1]
[max_depth: 8]
[min_data_in_leaf: 50]
[min_sum_hessian_in_leaf: 0.001]
[bagging_fraction: 0.8]
[pos_bagging_fraction: 1]
[neg_bagging_fraction: 1]
[bagging_freq: 5]
[bagging_seed: 3]
[bagging_by_query: 0]
[feature_fraction: 0.8]
[feature_fraction_bynode: 1]
[feature_fraction_seed: 2]
[extra_trees: 0]
[extra_seed: 6]
[early_stopping_round: 0]
[early_stopping_min_delta: 0]
[first_metric_only: 0]
[max_delta_step: 0]
[lambda_l1: 0]
[lambda_l2: 0]
[linear_lambda: 0]
[min_gain_to_split: 0]
[drop_rate: 0.1]
[max_drop: 50]
[skip_drop: 0.5]
[xgboost_dart_mode: 0]
[uniform_drop: 0]
[drop_seed: 4]
[top_rate: 0.2]
[other_rate: 0.1]
[min_data_per_group: 100]
[max_cat_threshold: 32]
[cat_l2: 10]
[cat_smooth: 10]
[max_cat_to_onehot: 4]
[top_k: 20]
[monotone_constraints: ]
[monotone_constraints_method: basic]
[monotone_penalty: 0]
[feature_contri: ]
[forcedsplits_filename: ]
[refit_decay_rate: 0.9]
[cegb_tradeoff: 1]
[cegb_penalty_split: 0]
[cegb_penalty_feature_lazy: ]
[cegb_penalty_feature_coupled: ]
[path_smooth: 0]
[interaction_constraints: ]
[verbosity: -1]
[saved_feature_importance_type: 0]
[use_quantized_grad: 0]
[num_grad_quant_bins: 4]
[quant_train_renew_leaf: 0]
[stochastic_rounding: 1]
[linear_tree: 0]
[max_bin: 255]
[max_bin_by_feature: ]
[min_data_in_bin: 3]
[bin_construct_sample_cnt: 200000]
[data_random_seed: 1]
[is_enable_sparse: 1]
[enable_bundle: 1]
[use_missing: 1]
[zero_as_missing: 0]
[feature_pre_filter: 1]
[pre_partition: 0]
[two_round: 0]
[header: 0]
[label_column: ]
[weight_column: ]
[group_column: ]
[ignore_column: ]
[categorical_feature: 186]
[forcedbins_filename: ]
[precise_float_parser: 0]
[parser_config_file: ]
[objective_seed: 5]
[num_class: 1]
[is_unbalance: 0]
[scale_pos_weight: 1]
[sigmoid: 1]
[boost_from_average: 1]
[reg_sqrt: 0]
[alpha: 0.9]
[fair_c: 1]
[poisson_max_delta_step: 0.7]
[tweedie_variance_power: 1.5]
[lambdarank_truncation_level: 30]
[lambdarank_norm: 1]
[label_gain: ]
[lambdarank_position_bias_regularization: 0]
[eval_at: ]
[multi_error_top_k: 1]
[auc_mu_weights: ]
[num_machines: 1]
[local_listen_port: 12400]
[time_out: 120]
[machine_list_filename: ]
[machines: ]
[gpu_platform_id: -1]
[gpu_device_id: -1]
[gpu_use_dp: 0]
[num_gpu: 1]

end of parameters

pandas_categorical:null
